OBJECTID;ISRETIRED;STATUS;SOURCEID;GUID;ERRORMESSAGE;CREATIONDATE;LASTUPDATE;GLOBALID;ERRORCODE
1;1;8;10;{22C10CE9-7D90-4271-8EA5-43912228BF84};;2026-09-17 11:43:01;2026-09-17 11:43:01;{0DB69B0C-6949-4E8E-8A26-B31937871D1E};2
2;1;8;9;{9A8EF779-B42E-47BE-8F56-2934681B95DB};"8,10,{4EFF9729-F68B-4E60-B21B-948047B74E39};";2026-09-17 11:43:01;2026-09-17 11:43:01;{46725817-A226-4AF0-A2B2-41410729552F};256
3;1;8;9;{B50A3E11-D9E2-4E69-B196-61F5022F6664};"8,10,{012B6815-D672-48EF-83D1-FB8CD809B1B1};";2026-09-17 11:43:01;2026-09-17 11:43:01;{123C1A7E-C91A-4534-A869-13DFA0672ECD};256
4;1;8;9;{3FFFE84F-2D1E-4882-9A79-EC05111846D1};"8,10,{DB916E68-03C1-4A94-836C-9AA59BC71F59};";2026-09-17 11:43:01;2026-09-17 11:43:01;{84508EC6-249A-43C3-B8BB-0909F3E6667D};256
5;1;8;10;{3060CF88-E2AF-45F7-B93F-04244DD450C1};"8,9,{A8DCFE8F-D540-461E-ADE0-360156D833CA};8,9,{CB4908BD-2D54-4D91-BCFE-473CEB4C303B};";2026-09-17 11:43:01;2026-09-17 11:43:01;{9D4C0186-7664-43E8-9A70-D4E12BE534F3};256
6;1;8;10;{5651EA99-EE75-40DA-8E02-89A1F58041FD};"8,9,{1B457632-F356-4454-9178-09AB39FB869D};";2026-09-17 11:43:01;2026-09-17 11:43:01;{BA2C2F11-3FA3-4CDC-B629-046DB12A1625};256
7;1;8;9;{06D872B7-7BBB-48CC-BDBE-D8B023BDD9C5};"8,10,{3594E86C-CFCB-48D4-8099-37CDB5B4BFA0};";2026-09-17 11:43:01;2026-09-17 11:43:01;{D741855D-8C75-492C-BE34-5D89884B3AC6};256
8;1;8;9;{5A4E6861-3D7F-4AAF-B967-85DCA99DFC70};"8,10,{16888D13-A7E8-442A-A935-84AAE0DAA730};";2026-09-17 11:43:01;2026-09-17 11:43:01;{8053DAC7-5E71-4037-A25A-185EC7143209};256
9;1;8;10;{C3D1C380-0085-440D-9944-872711C47073};"8,9,{B3A1F99D-408F-4F4D-9509-EE67694F5029};8,9,{252ADC31-F3FD-4C7F-8A3D-E88E1C2D0AC5};8,9,{DD47D182-9355-43EF-8A1C-D842A782EB94};8,9,{654126F7-3693-42A5-A662-773FE3571041};";2026-09-17 11:43:01;2026-09-17 11:43:01;{01D3AD50-E527-4304-AB30-ED3ECCEBDAFB};256
10;1;8;9;{03C72AE7-C3BD-4D83-94F8-9FC2954F509A};"8,10,{4E522ED2-77DC-4BC0-8067-54AB5658E295};";2026-09-17 11:43:01;2026-09-17 11:43:01;{F663CC17-C945-4DD7-B8F2-813D7116C0B1};256
11;1;8;10;{6DF2E2AD-5995-411F-9B19-2B7AB017294C};"8,9,{16AD6332-B26A-4AC5-A39C-5CADC471A82C};";2026-09-17 11:43:01;2026-09-17 11:43:01;{63C44AF5-CA06-4F7D-B582-6CD68253D064};256
12;1;8;9;{09C4DE45-8B86-45C4-89C2-718ED7A9F37F};"8,10,{E2E41A7D-1D42-461F-86B0-11CA5DB73657};";2026-09-17 11:43:01;2026-09-17 11:43:01;{F9078C49-E497-4349-8744-5C8E700603DB};256
13;1;8;9;{6038C494-CCF2-4F12-8B1C-1D5D59CF3678};"8,10,{948C254D-8AA3-4D6A-850A-900E821E38CC};";2026-09-17 11:43:01;2026-09-17 11:43:01;{C987381C-271C-499B-A8F3-A531BC2A728A};256
14;1;8;9;{24E11582-FBDD-45DE-BC94-1FFAD2B079BF};"8,10,{8504BFD7-E596-41B3-9A29-DF69B1EC567D};";2026-09-17 11:43:01;2026-09-17 11:43:01;{9CB3AE29-4AAA-43CA-9A86-0BA2A9989559};256
15;1;8;10;{51C2A35D-685F-43C8-8B6D-D89D89664376};"8,9,{2738CAA5-9C4E-4569-9996-C584A6F5FB95};";2026-09-17 11:43:01;2026-09-17 11:43:01;{13B5170F-2284-4A73-9ED1-328E52D01F8D};256
16;1;8;9;{919AF175-4E30-4F14-AF66-6EE0B74D3F02};"8,10,{A06349EE-9725-4C2F-BF64-B304233A3359};";2026-09-17 11:43:01;2026-09-17 11:43:01;{BA5D0862-8229-4175-8CFF-94A5ACDC13AA};256
17;1;8;9;{E4938993-00C5-4784-AE52-7583A46CA474};"8,10,{9E038C32-2B55-402A-A6BD-EEDD81F4A173};";2026-09-17 11:43:01;2026-09-17 11:43:01;{49DF18E0-F497-400F-8C2C-ED64EBB5FAE1};256
18;1;8;10;{B23FCC02-74AA-428C-B43E-B160D7CD38ED};"8,9,{28434D0B-DA66-4AF4-9F01-439762669AF2};8,9,{E22B44CA-3F70-4B67-9145-B6D59D24CA27};";2026-09-17 11:43:01;2026-09-17 11:43:01;{09FC6715-C9FF-41AD-BC41-7C3F182AE98A};256
19;1;8;9;{F1942A17-D21D-44C9-B767-C9E5738084BD};"8,10,{9FB19F7B-93E9-45D4-A629-7F5D148F9E07};";2026-09-17 11:43:01;2026-09-17 11:43:01;{326AB657-4928-4BB2-AB7E-60DC2898274B};256
20;1;8;10;{9FF76D99-F4D0-4366-AE68-2EC5AF2A0E9C};"8,9,{8CE63EBD-9684-4FCA-A955-C33FF6F90B02};8,9,{202473D7-38D0-4ED2-A770-89057DB1E6E0};8,9,{60ECBA1A-C766-4481-83C1-77ECAE2CD286};";2026-09-17 11:43:01;2026-09-17 11:43:01;{1F6FCA88-EFF0-45D5-96F3-AF3C016FDD48};256
21;1;8;9;{27DB113D-A2EF-49D7-8956-C475688A2789};"8,10,{AF8A5CFC-5008-4E9F-84F1-7ED4FC6AC7AE};";2026-09-17 11:43:01;2026-09-17 11:43:01;{6F3CEBB1-FD95-434F-B39F-83C6E90C99A9};256
22;1;8;9;{C4990579-DB7F-4E50-B8DF-DF3FE302A48A};"8,10,{F2B45AA7-B084-470E-8941-6F39423082D5};";2026-09-17 11:43:01;2026-09-17 11:43:01;{D7523C18-75CA-4DA0-BB6D-146931E19470};256
23;1;8;9;{C421F084-74F2-4B0D-9173-A0AD745DFE2A};"8,10,{03A19D60-B845-4247-A6A7-F807059E104A};";2026-09-17 11:43:01;2026-09-17 11:43:01;{0E67417C-4315-47BF-BD34-47C612A4F2F7};256
24;1;8;10;{FA3AC99D-94EF-4A24-8F9D-C594B50E4C1A};"8,9,{3E025EEF-9E83-4427-890A-8D4E277578B7};";2026-09-17 11:43:01;2026-09-17 11:43:01;{BE48BCD9-9C68-41B1-A090-F9DD52E0529B};256
25;1;8;9;{13EEE5C6-BD2A-4ACA-9A67-187E806DE2AF};"8,10,{21102A42-03F5-4353-8EC9-66FF91B87491};8,10,{50D98AF6-65C2-462A-AB22-48D966949234};";2026-09-17 11:43:01;2026-09-17 11:43:01;{63C8896C-CF51-4FB8-8D15-EFA88EA227CC};256
26;1;8;10;{A2A65FA1-F22C-4003-9C7E-C4B74C7A1001};"8,9,{FE06B90D-81A8-4EF1-97D9-05A1A3BBA0C5};8,9,{8CC874D9-19C1-4915-9C36-68A26C213A83};8,9,{BC61AE5C-7C6B-4F4A-9772-6CA866DE0FE7};8,9,{6510A8DE-8D9E-4587-8533-DF7AD641D8AC};";2026-09-17 11:43:01;2026-09-17 11:43:01;{BD22AEFF-5440-4786-8F5A-61D1AFA1B899};256
27;1;8;9;{74011457-2652-4A1A-AFB8-95E3EDD1DEEE};"8,10,{90194FB6-E3DC-4E82-A22D-5FA72A8F7E77};";2026-09-17 11:43:01;2026-09-17 11:43:01;{FA586F05-2D72-461E-82C5-D1FB6E7A7A53};256
28;1;8;10;{D637E8CF-06A3-4671-BA68-5E74B2BA391D};"8,9,{0422467E-266B-4545-855C-C9B54D37E0DD};";2026-09-17 11:43:01;2026-09-17 11:43:01;{0B54EFFE-D3F2-4029-A236-7142F2195FEA};256
29;1;8;10;{EC8B4997-17AE-4724-ABDE-56E653CDC910};"8,9,{B1A6A1FC-1CE0-4F53-9D72-58BCF1EDAC0C};8,9,{67645607-423A-4B36-AAFC-3106C18E7B93};";2026-09-17 11:43:01;2026-09-17 11:43:01;{C0D86808-00E5-4AF0-B809-31FBFC9A4444};256
30;1;8;9;{B1A6A1FC-1CE0-4F53-9D72-58BCF1EDAC0C};"8,10,{EC8B4997-17AE-4724-ABDE-56E653CDC910};";2026-09-17 11:43:01;2026-09-17 11:43:01;{DF0A7C23-4F13-4F14-A79C-A9536EF1B57D};256
31;1;8;10;{ACE155E8-085E-41A3-84B9-B2F2037E8900};"8,9,{4257D54F-CB14-4D2F-9C1D-D00A318E8CEB};";2026-09-17 11:43:01;2026-09-17 11:43:01;{92EC59BC-15EC-446D-AFE8-AABD96CC1246};256
32;1;8;10;{14C8F327-C010-4780-9676-8D2D6E1BA3EC};"8,9,{8BDEB533-4A41-49DE-8777-8A7FE9C741F6};";2026-09-17 11:43:01;2026-09-17 11:43:01;{0687C7FD-D6DC-46E9-B233-31BD9CA99FCF};256
33;1;8;9;{3853CED8-3CEA-4A13-BCD0-CC001A896680};"8,10,{9055B1A7-8F51-4C24-8DC2-FB1C90361219};";2026-09-17 11:43:01;2026-09-17 11:43:01;{D2C6CA4A-C27C-4DFA-ACE0-576AEA70D780};256
34;1;8;9;{8BCE07CF-B746-4332-860C-E0D8B743AEB6};"8,10,{1655AD6E-9944-4DA6-A940-9C72EBBBB8F8};";2026-09-17 11:43:01;2026-09-17 11:43:01;{F1661D65-E107-461D-9F80-B52C90711128};256
35;1;8;10;{012B6815-D672-48EF-83D1-FB8CD809B1B1};"8,9,{B50A3E11-D9E2-4E69-B196-61F5022F6664};";2026-09-17 11:43:01;2026-09-17 11:43:01;{95B74888-FF8E-4A36-B0E7-32A32ADC0712};256
36;1;8;9;{49371128-83E3-4129-9136-F5239C4B594A};"8,10,{9F9DE59E-933E-4B25-A590-9B5AFE5A8523};";2026-09-17 11:43:01;2026-09-17 11:43:01;{7230E420-1BE9-4C56-8828-17B53905A112};256
37;1;8;9;{256C1396-95B2-4352-97DF-F9EBF9C4B88F};"8,10,{BD412EC3-2CDD-4278-8410-804BF996AA76};";2026-09-17 11:43:01;2026-09-17 11:43:01;{53B64BD0-53FD-422A-9DDC-72201AC93AF5};256
38;1;8;9;{054A976A-9781-47DA-A3FD-811A27523FFB};"8,10,{8C7EEF50-B2D5-4F28-84EF-AF7ABA0C700F};";2026-09-17 11:43:01;2026-09-17 11:43:01;{4ABED782-6E75-430B-AD33-97691521AF86};256
39;1;8;9;{B25EAEC9-F11E-4679-8BE2-3CEF7D82613B};"8,10,{783AF818-7486-4ECA-B27B-5C04BD926EB5};";2026-09-17 11:43:01;2026-09-17 11:43:01;{F947558A-BFC1-4F3B-9441-898DEF3E5206};256
40;1;8;9;{4257D54F-CB14-4D2F-9C1D-D00A318E8CEB};"8,10,{ACE155E8-085E-41A3-84B9-B2F2037E8900};";2026-09-17 11:43:01;2026-09-17 11:43:01;{30EF8C37-A98B-4C29-B6C1-971197A0CCAF};256
41;1;8;9;{252ADC31-F3FD-4C7F-8A3D-E88E1C2D0AC5};"8,10,{C3D1C380-0085-440D-9944-872711C47073};";2026-09-17 11:43:01;2026-09-17 11:43:01;{C6AF4972-AD96-4D3F-92F9-C01EBBEFC416};256
42;1;8;10;{70147E74-7532-4EF0-8A7A-CB41F1FDC20F};"8,9,{8F52C334-6F7B-4052-89F5-A04A500A047C};";2026-09-17 11:43:01;2026-09-17 11:43:01;{ED334080-451B-4C18-994F-5B8C091B631F};256
43;1;8;9;{BDFE9ABB-C498-4485-9C1A-852A5E658EB5};"8,10,{234D326A-1D79-4FDB-8336-4F4F31B8A340};";2026-09-17 11:43:01;2026-09-17 11:43:01;{73C695FA-810D-4613-9CD2-16099015C6CB};256
44;1;8;9;{935DDEF8-4CE8-40F5-BBA8-292BED8E5686};"8,10,{B0E8EF36-4A67-41B5-98FB-365340323332};";2026-09-17 11:43:01;2026-09-17 11:43:01;{EF7BAC4B-2794-432E-91A3-1D0A5F503767};256
45;1;8;10;{04D73FE0-6DB9-41C9-B6C2-46ED03665EA2};"8,9,{584D6DFF-AE81-4E60-80D8-DB9574AA33E6};";2026-09-17 11:43:01;2026-09-17 11:43:01;{19D0844A-085D-45A4-9072-5FD9E96DC92C};256
46;1;8;10;{75066390-7CF4-453A-B56A-AF078D545C21};"8,9,{270D0AB9-D95F-4F25-94DC-5A3D68CA400B};";2026-09-17 11:43:01;2026-09-17 11:43:01;{C93BDC85-F062-4CB2-B329-86D866C8D3E4};256
47;1;8;10;{CF3D42EA-7259-40ED-95CC-72AD1A880DFC};"8,9,{5143AC6B-89E0-4B88-8F36-63684DC75EA4};";2026-09-17 11:43:01;2026-09-17 11:43:01;{E5016E7D-BD5F-49BE-9547-38851A12C4D0};256
48;1;8;10;{9145EC37-8502-4E04-8A4D-D21D15F9AEC8};"8,9,{648FDFED-04F4-4C90-A1AD-16E378DEE2E8};8,9,{202038BA-36F6-4899-B20E-72C2B041ED7F};";2026-09-17 11:43:01;2026-09-17 11:43:01;{CF7A44D1-ABF9-4668-AC94-FAB8E306BADA};256
49;1;8;9;{D62E6BA7-EEA3-4973-86D9-371F64473A2F};"8,10,{AE82DB3E-C1FD-4EF1-9F23-8AD3F2872FE6};";2026-09-17 11:43:01;2026-09-17 11:43:01;{8302F987-6598-41B4-B8DF-1E4A0E439683};256
50;1;8;9;{1B457632-F356-4454-9178-09AB39FB869D};"8,10,{5651EA99-EE75-40DA-8E02-89A1F58041FD};";2026-09-17 11:43:01;2026-09-17 11:43:01;{67B72066-5A39-4EFB-AE7E-5F4850A51F24};256
51;1;8;9;{6D5A3FEC-F06C-4D4C-81AA-D26422581D5B};"8,10,{0AE73105-1054-497C-A4FD-DFBE6EF20AC0};";2026-09-17 11:43:01;2026-09-17 11:43:01;{8104608D-9949-4F41-86E6-024837CFE1A3};256
52;1;8;10;{F2D79AD3-E846-4082-A503-45F7D1E6C2AA};"8,9,{157E6689-79D7-4850-8879-E5DB1D9D2F91};";2026-09-17 11:43:01;2026-09-17 11:43:01;{A87EEDF2-61FA-4CCE-B229-0AF570FAF9BB};256
53;1;8;9;{12600B80-7849-49A8-9AB6-6A3905325AA8};"8,10,{59156DED-053E-431E-9192-A4E59643D6B8};";2026-09-17 11:43:01;2026-09-17 11:43:01;{14D39069-F6BE-4930-84FF-EDF1B3CF165A};256
54;1;8;9;{E06A8618-3BE7-442C-BE25-2DC21C5DB7B4};"8,10,{DE806D30-1932-4D5C-82A1-C2C913BA09CB};";2026-09-17 11:43:01;2026-09-17 11:43:01;{AEC1D891-EFEF-4B1D-A324-4F3108EE133E};256
55;1;8;10;{7727C070-B620-4AE1-9737-75E24F1F7211};"8,9,{7A43C5A6-099C-49AD-BB2D-519370EBF91E};";2026-09-17 11:43:01;2026-09-17 11:43:01;{DB30D651-0A98-45AB-A104-BDB9842978FB};256
56;1;8;10;{6B8BAC44-CA81-4764-8278-05BBFE6703A0};"8,9,{6ACE21A3-7ABA-4F6F-B1AD-13A4AEA35B17};8,9,{CBEF4C04-EC8F-4932-8386-381C79DFDE51};8,9,{579EF692-9CC2-4EB9-AD9E-E5DBB271C639};";2026-09-17 11:43:01;2026-09-17 11:43:01;{7567A9D7-865C-473C-A2C2-C367ED51CA73};256
57;1;8;9;{467FA827-2B9F-4345-B859-0C7BEA19E5E2};"8,10,{3B7E159C-4FC0-4263-B5E3-9B8C37835D36};";2026-09-17 11:43:01;2026-09-17 11:43:01;{67B02A88-2283-4E4D-87D9-9835CA352A21};256
58;1;8;9;{444804AF-DA89-4FB5-8072-F8E443AE809A};"8,10,{759FF287-5EFB-46A4-8D90-C7AB0909EDD7};";2026-09-17 11:43:01;2026-09-17 11:43:01;{9DDA079C-3D0B-44B5-B6FE-B3292A9F23A3};256
59;1;8;9;{2AEB93A8-1228-40F4-9C01-EB807F4F53DC};"8,10,{B32DF532-4AB8-40A4-9C0E-D4CF5C299B16};";2026-09-17 11:43:01;2026-09-17 11:43:01;{51898A28-64A2-4D41-B8E3-237FE94404D6};256
60;1;8;9;{55F0EBAE-A5F3-4E43-B1E5-D40EDE6F786D};"8,10,{8B78BE08-0385-4B3F-B461-135D91532F6F};";2026-09-17 11:43:01;2026-09-17 11:43:01;{AAC56C80-714A-4258-BC69-38D7C3D1E809};256
61;1;8;10;{B32DF532-4AB8-40A4-9C0E-D4CF5C299B16};"8,9,{2AEB93A8-1228-40F4-9C01-EB807F4F53DC};";2026-09-17 11:43:01;2026-09-17 11:43:01;{6A59254B-A4CD-405E-A953-39FCCB276E43};256
62;1;8;10;{5CF61C28-CFBB-49FA-9D2B-F5905F1B9852};"8,9,{446D820E-2196-4B1A-877C-24514CFE1AC3};";2026-09-17 11:43:01;2026-09-17 11:43:01;{00FD472F-3BE4-4D36-A51B-F09DBE025A59};256
63;1;8;9;{79874CB3-1389-4573-A207-6C4080D4B140};"8,10,{C6C07B9C-6F67-4885-B917-71887BB7D7F1};";2026-09-17 11:43:01;2026-09-17 11:43:01;{65B3E05F-38CD-4487-8DDA-B0C59BF5BB37};256
64;1;8;10;{21102A42-03F5-4353-8EC9-66FF91B87491};"8,9,{13EEE5C6-BD2A-4ACA-9A67-187E806DE2AF};";2026-09-17 11:43:01;2026-09-17 11:43:01;{82AA3832-D4F1-480D-A728-5F173A957F9C};256
65;1;8;10;{6A3D2C81-489C-4512-A50A-4E944B84DF13};"8,9,{D4C31A55-103B-4E79-9DDA-61F59DC28861};8,9,{CDB227BE-1C28-4D8F-AD2D-278CAA0B3424};8,9,{0955DA35-3252-40B0-93A4-2B1A6A5DC23D};8,9,{E76BCC18-A0DB-456A-BE4A-01CE86FE05F7};";2026-09-17 11:43:01;2026-09-17 11:43:01;{226994B3-D8F9-4DEE-8AF1-AF36BF696110};256
66;1;8;9;{270D0AB9-D95F-4F25-94DC-5A3D68CA400B};"8,10,{75066390-7CF4-453A-B56A-AF078D545C21};";2026-09-17 11:43:01;2026-09-17 11:43:01;{DFFC3142-8702-4BB0-8F24-102390B70F6C};256
67;1;8;9;{9909ACDD-1FD7-49FD-BCD1-CBF67E6341B7};"8,10,{0743460D-2483-4D6F-BDF1-717FA44D626E};";2026-09-17 11:43:01;2026-09-17 11:43:01;{21A5B924-BF81-4CE9-8F58-D75E279BF63A};256
68;1;8;10;{90320A6A-64C0-4BC0-89B4-CA202FF5B33D};"8,9,{6CAFBE6F-4AE0-4D96-9E50-275A944C1EEB};";2026-09-17 11:43:01;2026-09-17 11:43:01;{A8F3A3E7-6187-4C43-AAAA-26DB5A5D4803};256
69;1;8;10;{7D6C81D6-861A-40B5-8537-EBC70FF851F4};"8,9,{677A3E26-C6C1-42EB-95F9-F24CAF09A252};";2026-09-17 11:43:01;2026-09-17 11:43:01;{E75202D3-598E-4EDE-A9AC-5EB852C6BAC7};256
70;1;8;9;{93FC93F3-03F2-427D-B841-98C13B5D6119};"8,10,{D09CE6C4-F707-4617-9D59-4E6E29A1D73C};";2026-09-17 11:43:01;2026-09-17 11:43:01;{373FE186-F06D-4ED0-A4F1-66FF671520FE};256
71;1;8;9;{1C827997-2FF4-4E20-AEE8-E17AA1214A20};"8,10,{88E26DF6-D0C6-44D4-854D-3D6CA06C069B};";2026-09-17 11:43:01;2026-09-17 11:43:01;{E8DB109C-6838-4C5A-AE04-B2F75AA47B53};256
72;1;8;10;{8331AB6F-71BA-4C2D-92C0-DF40462792D5};"8,9,{44D6F235-E923-404C-B3CC-365E3F64ADA5};";2026-09-17 11:43:01;2026-09-17 11:43:01;{8481DFD8-F861-48B6-B5A1-5A70F2949F4D};256
73;1;8;9;{BBA24DCE-9B9B-4D98-A8F6-BF9CDE5B1B29};"8,10,{0D71900E-D9C8-4C1D-9683-69143080EB97};";2026-09-17 11:43:01;2026-09-17 11:43:01;{B39F45B8-5189-417A-88A1-BCD9AAB1C9B1};256
74;1;8;9;{B7978A11-E62C-4ABF-AF32-69E9A4AA82D1};"8,10,{2E176236-09F0-4104-8394-2187630F7407};";2026-09-17 11:43:01;2026-09-17 11:43:01;{725143F9-05C8-4BA7-A8FB-00637353BE1A};256
75;1;8;9;{3E025EEF-9E83-4427-890A-8D4E277578B7};"8,10,{FA3AC99D-94EF-4A24-8F9D-C594B50E4C1A};";2026-09-17 11:43:01;2026-09-17 11:43:01;{2277002B-D194-4FB4-B5F2-32854019727B};256
76;1;8;10;{6D657974-CC61-437B-8540-A2EF2FEC3970};"8,9,{0B4EB34B-97FC-4E99-B742-D96562CF6CFB};";2026-09-17 11:43:01;2026-09-17 11:43:01;{232713D9-0386-4E75-B0A3-8D852E4B8DDE};256
77;1;8;9;{9686AD69-3E37-478C-BB2E-EECD28AE849A};"8,10,{A8A26CD0-8F47-4E05-AE33-CCAC8534DA34};";2026-09-17 11:43:01;2026-09-17 11:43:01;{A7E2A999-EFE0-4CB1-9EF2-1F6F0623ABD6};256
78;1;8;9;{47361FEF-3652-4D5F-81B6-AEE8A675E95F};"8,10,{82927273-F494-4373-BF6D-B18797695F05};";2026-09-17 11:43:01;2026-09-17 11:43:01;{0EBBD26F-FD33-45BD-BA3C-8D3A25880F8F};256
79;1;8;9;{43D647C8-1C78-4597-8655-9501C49477B0};"8,10,{3C282366-59E3-439B-92C5-342EB33A5179};";2026-09-17 11:43:01;2026-09-17 11:43:01;{E9567F9C-D7B8-4B32-BEAF-C05D6A8278A8};256
80;1;8;10;{CDEDC1B9-B9D2-438B-B0E4-B3DA5DA942DD};"8,9,{598BD556-13CD-48B8-93E5-B3FF1037ABA5};";2026-09-17 11:43:01;2026-09-17 11:43:01;{439E555D-FC08-425F-90AF-3F8C112819E7};256
81;1;8;10;{926D11CB-71FC-4B28-88FA-88FFA7778A0C};"8,9,{B7680A9B-DC88-4C09-857C-8722CF84118D};8,9,{A87339F4-5C62-4CFE-8EA2-62C759BBAC83};8,9,{957E043B-0965-470F-B32C-E71E5E3700F7};8,9,{56D86294-5BA7-4FC0-B467-645B47AFDE90};8,9,{061231CE-74E2-4D68-AAAE-5887EFEAD8CF};8,9,{FC8FCAFB-322D-4B8D-A49E-73F6206394BD};";2026-09-17 11:43:01;2026-09-17 11:43:01;{64103B2C-6DCE-45D9-9ACC-11AACCDF6DB4};256
82;1;8;9;{08A1BB4E-8394-410F-965B-1703B2638DAE};"8,10,{5899A91D-89ED-499F-9CD1-130272E22333};";2026-09-17 11:43:01;2026-09-17 11:43:01;{2D12EA37-801C-4C78-98DC-FAFF2681A4EE};256
83;1;8;10;{90ACAA8E-9F32-40C9-8F4D-F7DD325860A8};"8,9,{CBCC2B09-2566-41B7-B274-9EEA46085391};8,9,{64E47873-E2AD-4946-A815-D64EBB51D1C3};";2026-09-17 11:43:01;2026-09-17 11:43:01;{1E677E9F-7FD6-46B8-A336-87ED5FE79487};256
84;1;8;10;{EC8851D2-7F1E-475D-96B4-143AB3B99460};"8,9,{4F3E3A79-837A-4DA2-B7C3-75795FCDEA19};";2026-09-17 11:43:01;2026-09-17 11:43:01;{13AF40F9-3EB2-42C0-B0EE-CA9536033A12};256
85;1;8;10;{9C7EE114-3D02-4791-8D9C-05A40CAD9E6A};"8,9,{4A7983FA-7403-4B43-8590-B052271FB7BD};";2026-09-17 11:43:01;2026-09-17 11:43:01;{D2B7883D-2A1D-4A94-B46C-75EE0F0F712C};256
86;1;8;10;{D09CE6C4-F707-4617-9D59-4E6E29A1D73C};"8,9,{AE2AFB84-7561-4401-B011-60814493908A};8,9,{14CEB45C-C36F-4A85-931A-46E04947494E};8,9,{93FC93F3-03F2-427D-B841-98C13B5D6119};8,9,{C562396A-BE4E-4873-BCC0-0C521A33DA26};";2026-09-17 11:43:01;2026-09-17 11:43:01;{9198411A-2F20-4495-B8C8-A3E82327D1B8};256
87;1;8;9;{A2F26AA3-3A74-4103-8B21-C7ED2A1DC8A2};"8,10,{71DB59BA-0BD1-461E-8E6D-BE993C29BB50};8,10,{50D98AF6-65C2-462A-AB22-48D966949234};";2026-09-17 11:43:01;2026-09-17 11:43:01;{3489E78B-2A71-4244-A043-DF40C6CBB9D5};256
88;1;8;9;{D070A643-E425-4D8F-802E-89976E9AA3CE};"8,10,{ADE50D1B-7985-4394-965F-86FB06888AFC};";2026-09-17 11:43:01;2026-09-17 11:43:01;{84E36550-57E7-45D3-BBE1-5B7A3485DC50};256
89;1;8;9;{13FC01C3-F0E9-4E8E-BEBB-F062F874604F};"8,10,{3992B4A1-7C3F-43FD-8401-9428CEBDC92E};";2026-09-17 11:43:01;2026-09-17 11:43:01;{B0CA13EC-01C5-4174-AC50-51AD31797E50};256
90;1;8;9;{07946BAB-1C2C-4443-ADCB-0D0BBBE85BEA};"8,10,{A4E31113-52FC-49F4-B084-FCB702F12190};";2026-09-17 11:43:01;2026-09-17 11:43:01;{DE3D0336-C8D3-4CBE-A4EA-68D14BA62FDD};256
91;1;8;9;{6AE67BAC-06A2-4032-B513-05F1B0996E5C};"8,10,{B3F787CD-D94D-4504-B05A-85323D265247};";2026-09-17 11:43:01;2026-09-17 11:43:01;{B88B8513-4744-4458-A476-51482BA46B65};256
92;1;8;9;{4F3E3A79-837A-4DA2-B7C3-75795FCDEA19};"8,10,{EC8851D2-7F1E-475D-96B4-143AB3B99460};";2026-09-17 11:43:01;2026-09-17 11:43:01;{2659E0A1-2719-454C-97AA-C88B466F79D2};256
93;1;8;9;{CFD031ED-99E0-42B4-B124-357827F22E54};"8,10,{4C7C7D72-1043-4F53-BB5C-6CFEF77EC8EC};";2026-09-17 11:43:01;2026-09-17 11:43:01;{7F457986-B8A2-4FD6-B334-F1BFBEDC2920};256
94;1;8;9;{52A4F606-018B-45DE-BDDF-912EDD3AD5D5};"8,10,{4D07F2C6-7C16-4C36-99E3-F6F2C6319873};";2026-09-17 11:43:01;2026-09-17 11:43:01;{7B4C5364-835C-4BF6-9194-22A56D836EE6};256
95;1;8;9;{3F284F6F-D82D-4CF4-B65E-59789511A896};"8,10,{4B577890-2C3C-407F-B045-8C3C698C79E5};";2026-09-17 11:43:01;2026-09-17 11:43:01;{770D2653-D744-4275-8F30-EB1FBED7E031};256
96;1;8;10;{F3BD4825-F2E3-4B9F-8C68-618858969AB7};"8,9,{306EAB87-8017-492E-BCBF-84667F123594};";2026-09-17 11:43:01;2026-09-17 11:43:01;{4971B602-FF30-4CD7-91BA-DF831BFCFA58};256
97;1;8;9;{CC8C876E-8E79-4C88-B880-57E296BCE7EB};"8,10,{8E4C7BDB-1D4C-4ABF-9596-C48AD592F44C};";2026-09-17 11:43:01;2026-09-17 11:43:01;{EB606A16-0DD4-4CA5-9384-1DBF607570F4};256
98;1;8;9;{28434D0B-DA66-4AF4-9F01-439762669AF2};"8,10,{B23FCC02-74AA-428C-B43E-B160D7CD38ED};";2026-09-17 11:43:01;2026-09-17 11:43:01;{AF99EFD1-603F-4F20-ABC0-EF048F4746FB};256
99;1;8;10;{3393D050-0A01-4745-812F-9B833E141918};"8,9,{83676288-98F8-43E1-98EA-7AAECED654BF};";2026-09-17 11:43:01;2026-09-17 11:43:01;{5E054141-ADDD-4567-9497-A2CD0B31550A};256
100;1;8;10;{E031BC21-DB2D-4202-84EA-A6FAFB6CDAEE};"8,9,{A976A5F5-0B15-4211-A122-4A20F565CC3A};8,9,{5EACCD90-BF8F-46A7-8A62-DB51CDD7CAC6};";2026-09-17 11:43:01;2026-09-17 11:43:01;{2164B3E1-338C-4D03-9D1C-C3B36308639E};256
101;1;8;9;{B35A3CC0-554C-426B-948B-B03D65458066};"8,10,{A26EB590-D9D6-4D53-B70B-20C45B62B9B6};";2026-09-17 11:43:01;2026-09-17 11:43:01;{1670968A-29BF-4775-9AF9-D80D78970BDD};256
102;1;8;9;{E0A6B8B8-9FD3-46D6-9BF1-E2C829F7EFA3};"8,10,{4CFD1F10-82BB-4101-AF57-D91969775ED7};";2026-09-17 11:43:01;2026-09-17 11:43:01;{BC8663A4-6F8E-4128-AB72-2C41282B22A8};256
103;1;8;10;{4C7C7D72-1043-4F53-BB5C-6CFEF77EC8EC};"8,9,{2A1C8703-6A23-4D45-9EFC-CBE5A5117DD5};8,9,{CFD031ED-99E0-42B4-B124-357827F22E54};8,9,{3714E619-3DAC-4D98-A77D-66826733B8C2};";2026-09-17 11:43:01;2026-09-17 11:43:01;{E63F9D6A-5C56-413A-A3FC-3792324E7716};256
104;1;8;10;{AF8A5CFC-5008-4E9F-84F1-7ED4FC6AC7AE};"8,9,{27DB113D-A2EF-49D7-8956-C475688A2789};";2026-09-17 11:43:01;2026-09-17 11:43:01;{5DC1922B-6DE5-48CF-BD1D-980EEA292948};256
105;1;8;9;{250D9445-1B04-42CB-8F79-4CD013E67881};"8,10,{3A544022-4554-45C9-9373-3468458193F6};";2026-09-17 11:43:01;2026-09-17 11:43:01;{045ACD90-0693-4C38-B6DF-A53CB562FD5E};256
106;1;8;10;{B01B11D4-30DC-478C-9236-73BC0D472D57};"8,9,{D0B95855-FB81-4769-866E-BA0258A65FA7};";2026-09-17 11:43:01;2026-09-17 11:43:01;{FAC0D26A-3186-4A45-8A63-934D18030F18};256
107;1;8;10;{30BC81EE-6DEB-4F4F-A739-4A0982B17AAE};"8,9,{CFE54FB4-6D17-4630-8443-AA56B776AE59};";2026-09-17 11:43:01;2026-09-17 11:43:01;{18F579A5-4625-4314-8CAA-FA6B09E9BC7E};256
108;1;8;9;{1604E1CF-8AB8-432C-8BFB-84095B672FEC};"8,10,{14631903-80C0-4C1B-8B1E-DD992F3B689D};";2026-09-17 11:43:01;2026-09-17 11:43:01;{3B54EC06-61A8-47B0-8695-D0C4771CEC89};256
109;1;8;9;{AF88CDBF-DCCA-4F55-98C3-1CC01527D7E5};"8,10,{2FE7E27E-4569-4B65-90E5-B7CD1FA095F2};";2026-09-17 11:43:01;2026-09-17 11:43:01;{4F69922F-77FA-4281-A3C8-42949FD91300};256
110;1;8;10;{6673E9CD-EF89-4059-8EB6-87051117A34F};"8,9,{107DE88A-0A3E-4EBF-8397-D8005A1805A8};";2026-09-17 11:43:01;2026-09-17 11:43:01;{172B6CF8-04F2-4E26-863A-6A82AB1CBB07};256
111;1;8;9;{86ECC8F2-1CDA-41C0-AC75-867FA94372E9};"8,10,{32515294-D4FA-4F06-8CBA-D63A0D0D4801};";2026-09-17 11:43:01;2026-09-17 11:43:01;{0C415EFB-8243-4489-A42B-2BDDABFB5EE7};256
112;1;8;9;{16AD6332-B26A-4AC5-A39C-5CADC471A82C};"8,10,{6DF2E2AD-5995-411F-9B19-2B7AB017294C};";2026-09-17 11:43:01;2026-09-17 11:43:01;{DBBFED33-37C2-4283-AF48-87FE48BF05C8};256
113;1;8;10;{93319843-817E-4F93-918D-6654872E870B};"8,9,{98E9AF04-3116-4131-8628-2CF396395757};";2026-09-17 11:43:01;2026-09-17 11:43:01;{2A8E4347-AF5E-4058-8BAA-C6806C4AC6CF};256
114;1;8;10;{ABE26E71-0346-49ED-811E-A1C89334A947};"8,9,{89E8E7AE-538F-4527-9D80-94587088FC80};8,9,{E5B1AD39-1CFA-4F57-A9AD-E7B28A81BF41};";2026-09-17 11:43:01;2026-09-17 11:43:01;{AE7C7E8C-E24B-4DDD-8466-8BF11A119F3C};256
115;1;8;9;{4945A8AC-D1D4-4F11-AC2A-DC8CA93D2166};"8,10,{80600355-2718-44F4-BC3B-CED93971AF90};";2026-09-17 11:43:01;2026-09-17 11:43:01;{3190264C-18D4-457C-BFE9-64AED62C2100};256
116;1;8;10;{9E40D052-7FEE-4A3B-A68E-C83EB41BAB32};"8,9,{07CC1FE3-5F9D-4B32-80AC-DAE887ECA36F};";2026-09-17 11:43:01;2026-09-17 11:43:01;{406B0D54-C125-45B2-BAF1-F7B26E71619C};256
117;1;8;10;{5F83BA4B-B681-402F-A790-14E648A16B3F};"8,9,{FED67943-5FBE-4BDE-AEB3-ADDA5668DCED};";2026-09-17 11:43:01;2026-09-17 11:43:01;{90A342C5-A5CD-44FD-B7C5-9594F923D163};256
118;1;8;9;{E98E8547-1C3C-47A7-ADEA-03AEDA17E9BB};"8,10,{3B9AF675-29D5-4F5E-AB2B-7C225F7CF6C1};";2026-09-17 11:43:01;2026-09-17 11:43:01;{2F29794B-2829-4761-AC9D-238F35724A81};256
119;1;8;9;{34E205DB-9EAF-47F1-A5DA-3AADFBEC5271};"8,10,{014170B4-0833-4015-83F7-57C984C59237};";2026-09-17 11:43:01;2026-09-17 11:43:01;{3EC8FB2C-A3F6-4FA1-B1A4-60A2926EFDB8};256
120;1;8;9;{1EDBDA65-5BDF-483A-88FC-D2E56D37F204};"8,10,{C7BF42E6-2DFF-4CF0-B59B-AE9387A35CB0};";2026-09-17 11:43:01;2026-09-17 11:43:01;{923B72DD-7587-4D30-A67B-B07041246E42};256
121;1;8;9;{D0B95855-FB81-4769-866E-BA0258A65FA7};"8,10,{B01B11D4-30DC-478C-9236-73BC0D472D57};";2026-09-17 11:43:01;2026-09-17 11:43:01;{08955168-5CBE-4563-9E78-0DDF0384AF21};256
122;1;8;9;{5BCB7D18-BC13-42C6-85C7-E36C32F0CD45};"8,10,{11510CB7-8C67-4B8B-9B69-7E423900C1CA};";2026-09-17 11:43:01;2026-09-17 11:43:01;{021B9781-292E-405F-9725-A39CA0147B28};256
123;1;8;9;{54EEBD24-09AD-4847-A3AE-C205557FC9F8};"8,10,{EA9065D6-A756-49A7-B7E8-BEA370F94E54};";2026-09-17 11:43:01;2026-09-17 11:43:01;{069A785B-F8E4-45DC-9C5A-8E2119E23E5C};256
124;1;8;9;{7CF1078B-023A-42D7-9987-FC392F9ED8C7};"8,10,{9F9DE59E-933E-4B25-A590-9B5AFE5A8523};";2026-09-17 11:43:01;2026-09-17 11:43:01;{090141F7-AA15-4EE5-9CC1-680EAA7A8ECF};256
125;1;8;10;{4D6AA7D7-B005-461D-B8DA-952186665351};"8,9,{FFAA182A-78F6-4797-8445-422D1C8B3BE6};";2026-09-17 11:43:01;2026-09-17 11:43:01;{B5D4C767-5CFC-4346-84EE-060A55A86E1B};256
126;1;8;9;{A1B788A2-9023-4134-A2C4-FF397B030F0D};"8,10,{B17AB166-512E-474E-843D-55924A28AD98};";2026-09-17 11:43:01;2026-09-17 11:43:01;{143BC8BA-020F-4238-ABBB-707747B53C8F};256
127;1;8;9;{0139482A-44B4-41AA-8F0F-5B80AFA2B81B};"8,10,{9FCA816A-19EB-4DB8-A415-36026527C14B};";2026-09-17 11:43:01;2026-09-17 11:43:01;{263E129F-611C-40F3-8EA7-E31FE5268178};256
128;1;8;9;{2B713E56-5C22-477A-909F-49FF783F40B7};"8,10,{A06349EE-9725-4C2F-BF64-B304233A3359};";2026-09-17 11:43:01;2026-09-17 11:43:01;{A626B8BF-1E62-4EB8-A6EF-1399B8C5B908};256
129;1;8;9;{BEBFD8A6-219B-4183-9C71-582D835A44BE};"8,10,{B527D4C8-8F64-431D-A71D-6F168A1D012D};";2026-09-17 11:43:01;2026-09-17 11:43:01;{0A158A49-08FF-48A5-A518-622DA25B4895};256
130;1;8;9;{26FB17FD-C6A9-4EFC-B251-7FD9D176E49A};"8,10,{8488FC0C-216E-4AE2-8B8D-F4F5FBBBE7D6};";2026-09-17 11:43:01;2026-09-17 11:43:01;{1C785FFF-44B4-4F69-9461-7F2AF5DD236B};256
131;1;8;9;{ACC33157-97EE-46CB-AD28-AE0FDE7F0789};"8,10,{2CCA4C6E-1EAB-40E7-9DEC-ECB8B4CB670B};";2026-09-17 11:43:01;2026-09-17 11:43:01;{1412C154-D5F0-45EB-8762-66428A2EE141};256
132;1;8;9;{DAF72ACB-B995-4D66-BB9A-405C35E3C1B8};"8,10,{77C8F802-AA89-4EAE-97F0-02C35D754898};";2026-09-17 11:43:01;2026-09-17 11:43:01;{4A9250FD-BD3F-4266-B877-65FFA02B70FA};256
133;1;8;10;{9AF7D632-F073-4578-81BC-453EF1ACF75F};"8,9,{1A2F106C-1463-4CEC-9E94-14B3249C57C7};";2026-09-17 11:43:01;2026-09-17 11:43:01;{EC49DC50-FC9F-4BFD-8357-6B7EAEB94EA8};256
134;1;8;9;{6FE3BA48-59CA-491E-B0B2-7C95BF88EE43};"8,10,{C378BA68-703F-4D34-A634-75456F44DAD4};";2026-09-17 11:43:01;2026-09-17 11:43:01;{84754CF9-375A-4591-9D6F-21162E9BC739};256
135;1;8;10;{73150B4C-FB91-4BBC-9113-3887702FEDE5};"8,9,{EB6C4336-3457-48D2-834B-DFB58A8B1FAD};";2026-09-17 11:43:01;2026-09-17 11:43:01;{4AD729C6-CEBA-4DB6-ACD2-6F82386E27A9};256
136;1;8;10;{45A38401-2BD4-44B3-A28A-DD5E6B715FA7};"8,9,{1BFC70EC-4784-44A1-B216-510AF9379079};";2026-09-17 11:43:01;2026-09-17 11:43:01;{9CB6C26F-EF57-4D35-9006-147DD02D8236};256
137;1;8;9;{7A43C5A6-099C-49AD-BB2D-519370EBF91E};"8,10,{7727C070-B620-4AE1-9737-75E24F1F7211};";2026-09-17 11:43:01;2026-09-17 11:43:01;{C348C926-515F-43C1-8397-28365DE70EED};256
138;1;8;9;{F9DD624F-EC74-44AD-A589-EF3D0FAA69F7};"8,10,{948C254D-8AA3-4D6A-850A-900E821E38CC};";2026-09-17 11:43:01;2026-09-17 11:43:01;{9486090E-8756-4809-BEBC-D427923FA306};256
139;1;8;9;{34D59CF0-241F-4E35-9F20-D6B9C797C620};"8,10,{0887C16E-6738-4BFB-9D4E-7AEC01B12448};";2026-09-17 11:43:01;2026-09-17 11:43:01;{5ECEAF3B-7DB7-4FC1-8565-9928D22D070E};256
140;1;8;10;{76D5A792-74FD-442B-B68F-FAA5F0C0801C};"8,9,{2A6B75CA-FF79-4F57-8B73-BD3B13716916};8,9,{0306320C-ACE0-4E70-9822-ADE143A93E96};8,9,{A0F33D5C-C979-4652-B6C5-70FC383DCC51};8,9,{41F6A359-04E6-40D7-82F4-2813988E6C6E};";2026-09-17 11:43:01;2026-09-17 11:43:01;{98445B32-4684-4ACA-9F9A-FD244D24D40C};256
141;1;8;10;{93884519-3064-4619-BFD0-FB57C25605A5};"8,9,{5CABA6AD-F221-4573-BD35-8A5EED98D2D0};";2026-09-17 11:43:01;2026-09-17 11:43:01;{B97ED8B5-460A-4FFA-924C-4FE222FB515B};256
142;1;8;9;{B020BDA1-7286-4EE7-8C93-C38984AAFBE3};"8,10,{35331FC3-60AF-46A6-BE31-AC05F9A38235};";2026-09-17 11:43:01;2026-09-17 11:43:01;{89CDE866-F757-4D11-A5AE-EEE8316872CE};256
143;1;8;10;{C04B1742-E25B-4C6E-9395-518DA68EC889};"8,9,{B3C8101F-D4F5-4F57-BB19-2BDB6C02F986};";2026-09-17 11:43:01;2026-09-17 11:43:01;{96CCDDC0-E242-4582-8547-566A6FCA7C1D};256
144;1;8;10;{016D33A0-1F5F-4860-A5DB-0B58C8C09465};"8,9,{938BBE97-9E74-4249-8E6E-51F0C9FC64B0};";2026-09-17 11:43:01;2026-09-17 11:43:01;{5F440AAE-26F1-4A20-AFC0-8E7A61E0F8DE};256
145;1;8;10;{45444317-133F-48E5-ACD1-5D09D9BCA457};"8,9,{16468F0E-7DD2-49B5-8E29-D518C6AE99D7};8,9,{E8EA9F67-CA22-4369-8A52-744D22136087};";2026-09-17 11:43:01;2026-09-17 11:43:01;{97BA809C-509C-4875-B1AA-5B03AEABDB33};256
146;1;8;9;{09A287E5-AE75-4E1C-9576-995F62796615};"8,10,{F3AFA5E0-C80B-4950-9F6C-033BEF3708B1};";2026-09-17 11:43:01;2026-09-17 11:43:01;{20719D00-9337-4CDE-BDF1-D96B3C89449D};256
147;1;8;9;{5960B1AA-2784-40F3-AD45-FB5C259ED2B5};"8,10,{6D1DC441-0C26-4772-99F5-0D809996AE94};8,10,{F213AB4E-E75F-4B60-A765-D208FA6D492D};";2026-09-17 11:43:01;2026-09-17 11:43:01;{C9B21842-8AF9-4CF7-B3CD-1DA9B5C00D75};256
148;1;8;10;{F21BF6BD-0ABF-4740-AC0D-82838BF80611};"8,9,{D6D47059-04AB-4774-9CEF-35EAE7FE5B03};";2026-09-17 11:43:01;2026-09-17 11:43:01;{C3BF9F88-BBE3-475D-8DCD-D15410C3B622};256
149;1;8;9;{829B6EB8-CDAA-4315-953D-61E003BF2541};"8,10,{DDE8A7D8-2A80-4506-94B1-AA12FC567622};";2026-09-17 11:43:01;2026-09-17 11:43:01;{75E2BB07-F854-4635-A3DE-6310C22E0746};256
150;1;8;9;{F0DD13E8-C13C-465B-9E99-EAD4C26EFB5F};"8,10,{95778F3D-9B56-46FD-AF0A-5165E7174C66};";2026-09-17 11:43:01;2026-09-17 11:43:01;{C288F4EA-C652-4389-BCA2-E399F9A3A4E9};256
151;1;8;10;{C98F16E6-74C5-433C-959B-66C6C5903C36};"8,9,{B62EF07E-281B-4A4C-9B91-D116F8AB4CE6};";2026-09-17 11:43:01;2026-09-17 11:43:01;{2481790D-6F54-40E0-A657-B5A15BDA7756};256
152;1;8;9;{868F697D-2AA2-4CFF-928E-11F9749E836E};"8,10,{DB4DEA95-F119-43B2-AC89-3590E71C8EA9};";2026-09-17 11:43:01;2026-09-17 11:43:01;{1B4F3B1C-03A3-4CE4-A0CA-B5876465F4C7};256
153;1;8;9;{E71E3E24-164D-4D7C-8465-E17F2FE879B4};"8,10,{4AA79BDA-0EA5-4234-B1FE-D1C2B5607AE1};";2026-09-17 11:43:01;2026-09-17 11:43:01;{8D615C6C-1896-4224-93C5-CFE51D0512EC};256
154;1;8;9;{700A0E5E-2342-4DE4-8BCD-85029BB79656};"8,10,{6670A43A-A34C-47E9-B88E-C42CD6198FA3};";2026-09-17 11:43:01;2026-09-17 11:43:01;{A2D7214E-3AA1-48D6-90BF-537DB8991A75};256
155;1;8;9;{F421DFA2-3CF9-405D-A821-CE1C6B2CD213};"8,10,{277378DE-95D7-4CB8-AE8B-C535C3E0A7E5};";2026-09-17 11:43:01;2026-09-17 11:43:01;{845AE2A3-982B-47FC-AC30-DA21E7521130};256
156;1;8;10;{E7434BF4-09F3-4C4B-B7C6-E59D0D17A053};"8,9,{7368BE84-E110-411D-AE64-AAF1796FC20C};";2026-09-17 11:43:01;2026-09-17 11:43:01;{451C0E06-A245-4B79-AA45-15506853F8DE};256
157;1;8;9;{9EF8ED14-6E47-4A66-9064-00442C82C69E};"8,10,{9CF94F75-52FD-4983-AE23-17853A7965BB};";2026-09-17 11:43:01;2026-09-17 11:43:01;{B3419EFB-D42A-427E-91B8-A6B038E478C6};256
158;1;8;9;{A32D055A-F2E5-4251-B618-3D51F2C232E7};"8,10,{8B2267A0-429F-44A9-B623-4B8C80EB9766};";2026-09-17 11:43:01;2026-09-17 11:43:01;{264BF90E-D4A9-4E1B-B5B0-6CC036F05442};256
159;1;8;9;{AC93567A-BEE2-41D8-A9EB-E54E76FD8F4E};"8,10,{E4446C2D-04AD-4816-A0E3-2387C6B00EAB};";2026-09-17 11:43:01;2026-09-17 11:43:01;{01A6BB97-ADF3-4540-8849-74FE5F9FAB1D};256
160;1;8;9;{3E8EFC07-8D8E-4B79-8541-2C4F07785D92};"8,10,{9269824E-5263-4481-A227-7A05156F9BC3};";2026-09-17 11:43:01;2026-09-17 11:43:01;{F00B0FB3-4BA1-4237-90E0-92F85C216A5A};256
161;1;8;10;{0E2EDA6A-AA02-4B89-B446-C2A45B7A794F};"8,9,{0422467E-266B-4545-855C-C9B54D37E0DD};";2026-09-17 11:43:01;2026-09-17 11:43:01;{412CD1E9-3DFB-4742-A2B6-9B228861C30E};256
162;1;8;9;{5E0AB54C-DF10-4C09-ACEA-9BBACEFBA5E9};"8,10,{C0D584EA-B602-4D08-B5DD-674AC5EED8D2};";2026-09-17 11:43:01;2026-09-17 11:43:01;{59A33DFB-6B8D-47AA-B174-D0696F65C5EF};256
163;1;8;9;{3A705829-8103-416D-95DD-6985FD9B69E8};"8,10,{C7B38736-E455-41E4-A3F4-1F681D49EC15};";2026-09-17 11:43:01;2026-09-17 11:43:01;{8F73F083-409A-400E-91EE-459512FBF41F};256
164;1;8;10;{EC513262-4EE6-401D-8734-3CBFAE1B6C13};"8,9,{EDB520D6-D3E0-4E2E-B37A-D80F257D59F3};";2026-09-17 11:43:01;2026-09-17 11:43:01;{8E399A3C-20AB-4032-AFDD-C377E133591E};256
165;1;8;10;{857619E2-B671-4FFF-870C-228EC7AEE171};"8,9,{1C59D664-D4DD-4C18-811E-2FC337F709BE};8,9,{AEA5DD61-BFF7-4FFB-87BE-159A9FDA1196};";2026-09-17 11:43:01;2026-09-17 11:43:01;{21AE8459-D6E2-4E9F-A92E-8836E0BE7AC2};256
166;1;8;9;{54D692D9-F64F-4466-AFB6-ACA387D351D3};"8,10,{9879D063-4C97-47CC-8207-C1DDA6215949};";2026-09-17 11:43:01;2026-09-17 11:43:01;{CFEA281F-0490-413F-BCB8-F4EF7D730305};256
167;1;8;9;{16468F0E-7DD2-49B5-8E29-D518C6AE99D7};"8,10,{45444317-133F-48E5-ACD1-5D09D9BCA457};";2026-09-17 11:43:01;2026-09-17 11:43:01;{E7C1EABB-DB45-44AE-AD96-31ED2A4A83AB};256
168;1;8;9;{9BC48EB2-3F54-4092-8DF7-F0A6FA50B04C};"8,10,{7F70ACD4-6515-4514-8AFF-03DC5A45EDAB};";2026-09-17 11:43:01;2026-09-17 11:43:01;{3FA05A6A-25D0-4B74-A0AE-C171453ABC56};256
169;1;8;9;{E2E98EBB-FBAA-40A3-BCC1-32B0A2BCA474};"8,10,{11510CB7-8C67-4B8B-9B69-7E423900C1CA};";2026-09-17 11:43:01;2026-09-17 11:43:01;{50CDFFE1-0320-4302-A496-A0A4BAF8567A};256
170;1;8;9;{E8EA9F67-CA22-4369-8A52-744D22136087};"8,10,{45444317-133F-48E5-ACD1-5D09D9BCA457};";2026-09-17 11:43:01;2026-09-17 11:43:01;{BA3C375C-764D-4E01-8831-0B1856FF2F5C};256
171;1;8;9;{368E176B-965A-4B55-96BD-347E7FBAE4B7};"8,10,{DFB934F1-B118-4960-A4B5-C50898949F9A};";2026-09-17 11:43:01;2026-09-17 11:43:01;{86F87321-B301-4BCF-B878-ED4D3F09E0B8};256
172;1;8;10;{149B77D3-714D-4BD1-A62E-E6EA46597E45};"8,9,{799B1477-AA21-4D8D-B686-5B744F32284E};8,9,{0FD350C7-B118-4F47-9494-D2E12E6F20C6};";2026-09-17 11:43:01;2026-09-17 11:43:01;{977E3E40-0BE9-4B31-93A6-01F5B36BAEB8};256
173;1;8;9;{1A2F106C-1463-4CEC-9E94-14B3249C57C7};"8,10,{9AF7D632-F073-4578-81BC-453EF1ACF75F};";2026-09-17 11:43:01;2026-09-17 11:43:01;{2B181E64-1C47-41BD-BFBF-9D2150394CEB};256
174;1;8;10;{86AA5F07-F538-4385-A577-2EE5807800C5};"8,9,{55E3567E-99D7-4275-8DFF-FBA8EC2F4431};";2026-09-17 11:43:01;2026-09-17 11:43:01;{4A970F2A-B9B6-4D99-8796-6941824CDDA3};256
175;1;8;9;{70619EEE-2BE0-4416-A24C-DE19F5E4FCBF};"8,10,{6D5E09FC-1347-4233-A86F-CD534C6AFCCF};";2026-09-17 11:43:01;2026-09-17 11:43:01;{8CE3887F-55CC-49C6-A95E-EB6DFBC7435D};256
176;1;8;9;{2AC4DD7E-540D-4FC4-B9C2-630E7599DFFD};"8,10,{67233D5C-FB1D-4272-93B3-EDBBA21A589F};";2026-09-17 11:43:01;2026-09-17 11:43:01;{4B2DCEE2-37CC-4B03-9277-76E1DDA4CFFD};256
177;1;8;10;{4E522ED2-77DC-4BC0-8067-54AB5658E295};"8,9,{03C72AE7-C3BD-4D83-94F8-9FC2954F509A};";2026-09-17 11:43:01;2026-09-17 11:43:01;{7152C5DE-9092-4129-A8CD-998F7AEBCCE1};256
178;1;8;9;{67D13C81-273F-41BA-AC09-089BDEF5F5BC};"8,10,{68F85214-3B80-4611-B04D-299DD714C7D8};";2026-09-17 11:43:01;2026-09-17 11:43:01;{64E2CAC8-CB6A-483C-8360-946C5AC7BE60};256
179;1;8;9;{D6D47059-04AB-4774-9CEF-35EAE7FE5B03};"8,10,{F21BF6BD-0ABF-4740-AC0D-82838BF80611};";2026-09-17 11:43:01;2026-09-17 11:43:01;{FD459B0F-1004-44F0-B85A-0100BB02CB06};256
180;1;8;9;{38D1AC74-F3AF-43FC-9B4A-2372E1B800A6};"8,10,{B3F787CD-D94D-4504-B05A-85323D265247};";2026-09-17 11:43:01;2026-09-17 11:43:01;{B32CAD2C-93CB-4116-A1CF-80CC2A426E8F};256
181;1;8;9;{8C2343DB-7AA0-4C3F-AEEA-3AA73D5179CA};"8,10,{B6F2344C-4054-4DF9-8B33-B147E5B09F09};";2026-09-17 11:43:01;2026-09-17 11:43:01;{E95FB9CB-663A-4718-B672-1AEAF73EA201};256
182;1;8;9;{69A6E799-94F4-4A66-9298-D4A3DEB9ACD1};"8,10,{FFDB4961-D41D-4BFF-A6EC-3187B4F7E48D};";2026-09-17 11:43:01;2026-09-17 11:43:01;{056F1494-F91E-4ED4-8E4A-AD87E6247701};256
183;1;8;9;{1FD45EF9-9BE8-43F2-B7A3-6F86E9521925};"8,10,{10D329DB-2582-4C5D-8737-89B14A529A8C};";2026-09-17 11:43:01;2026-09-17 11:43:01;{1A1896F4-54E7-4FFC-A670-B7D003FFA14F};256
184;1;8;10;{EA6835AA-66B1-4C83-8965-AA2866FE9007};"8,9,{CDBFB98F-DD67-40B6-88BA-73029C2C6770};";2026-09-17 11:43:01;2026-09-17 11:43:01;{D44E5704-96E7-4487-9900-876D9813158A};256
185;1;8;9;{CA2FBB87-23FB-45EC-9144-C384B08FE61B};"8,10,{4DE1878E-3518-4842-AED0-B0DEEFD9628C};";2026-09-17 11:43:01;2026-09-17 11:43:01;{C00D7091-1B07-4597-8FB5-D86C8D176AE1};256
186;1;8;9;{A1774C8B-5AE9-42F2-BCEF-35F154F1A109};"8,10,{5E902C0E-6EEB-47E5-86E4-E1B1CE560FDF};";2026-09-17 11:43:01;2026-09-17 11:43:01;{E8CE2CC5-1D8D-4761-9D44-9A450E4B23F2};256
187;1;8;10;{5B34ED08-C96E-43D2-9967-F6DDE12AF7AA};"8,9,{9F2D9EC8-546E-46FB-B8ED-642072C1698C};8,9,{00A30167-B4BB-41D2-9299-3085E99DC545};";2026-09-17 11:43:01;2026-09-17 11:43:01;{2C2BB01A-3FB3-4EFA-8A3D-ADFE076403E9};256
188;1;8;10;{EF87E310-F170-4DF8-8823-1CF9CEC24798};"8,9,{C96AE45B-23D0-45D7-9375-BA645EC50B41};";2026-09-17 11:43:01;2026-09-17 11:43:01;{9BBBF667-5A17-43A8-A61A-E5441E7F5D27};256
189;1;8;9;{FED67943-5FBE-4BDE-AEB3-ADDA5668DCED};"8,10,{5F83BA4B-B681-402F-A790-14E648A16B3F};";2026-09-17 11:43:01;2026-09-17 11:43:01;{C61C0CCD-4366-4FFC-92AC-BDE1FAD851AD};256
190;1;8;9;{6A0217E8-9093-4437-8918-AD926F261806};"8,10,{92CDFDAD-BA0D-4B6A-A12A-3DF5A1C9C5F1};";2026-09-17 11:43:01;2026-09-17 11:43:01;{67A085AD-0908-4089-A8E8-A54E40C39B55};256
191;1;8;12;{0F533E70-6329-4D0C-BDB9-A35707C844A5};"25,9,{24154C2D-8682-41C4-BDAA-82465FF57E49};9,[RuleID(s) 1473,2098],10,{D9A5B14F-68FF-408D-AB6F-95F112E319D0};";2026-09-17 11:43:01;2026-09-17 11:43:01;{F6D4B026-03C2-4E76-91F4-739F1D4A1879};33554944
192;1;8;10;{9D7F669E-0A73-4D40-A8C3-932614A6EF07};"8,9,{D024B717-CA9E-473E-AD3A-0FEE5441D62A};";2026-09-17 11:43:01;2026-09-17 11:43:01;{4D34D172-5ECB-417F-B3D5-3A5E7AE22F8F};256
193;1;8;9;{319603F0-18EE-443E-B13E-1167AF5E4217};"8,10,{3C0B4095-FB32-445C-9FE2-7620922AE589};";2026-09-17 11:43:01;2026-09-17 11:43:01;{B1732C7F-D3D0-4628-A700-156BFFEBABB5};256
194;1;8;9;{2738CAA5-9C4E-4569-9996-C584A6F5FB95};"8,10,{51C2A35D-685F-43C8-8B6D-D89D89664376};";2026-09-17 11:43:01;2026-09-17 11:43:01;{F2D8DA4A-815B-4267-A3AA-AAB83BBBB63F};256
195;1;8;9;{F20B1FDD-19A0-46F3-8787-301C465D1B77};"8,10,{AB2D1DB3-ABE8-4A0B-996B-7F5DFDF504F8};";2026-09-17 11:43:01;2026-09-17 11:43:01;{B65E23C4-2029-4AD4-8BAC-BCCC10D59BFC};256
196;1;8;9;{9309C61A-0ADF-4F2E-B98A-A1426712EF6D};"8,10,{A8E0B03E-0D98-4A5E-8268-924B43468508};";2026-09-17 11:43:01;2026-09-17 11:43:01;{2E77764E-43DE-4151-957A-DB222CB2BC03};256
197;1;8;9;{F42EC3B5-9D69-425E-896A-111A118030B2};"8,10,{0A0C891C-46D4-40C6-8FBB-0D9FE9BEB661};";2026-09-17 11:43:01;2026-09-17 11:43:01;{704F71FA-314C-48EA-912A-FE7CDCBDCDF2};256
198;1;8;9;{FFA93575-B219-4468-B284-784180836E44};"8,10,{E12FD387-5CE5-4791-950E-5E32995A59B9};";2026-09-17 11:43:01;2026-09-17 11:43:01;{EB14B643-B015-436A-AF19-E0DE6F20A1CD};256
199;1;8;10;{15D51A93-0995-4BA8-9746-F6D167EF5462};"8,9,{54131F33-650E-4CD4-821B-2839FD6D111E};";2026-09-17 11:43:01;2026-09-17 11:43:01;{41B4BD98-FDA7-4614-902D-6C287C27879B};256
200;1;8;10;{2F93BE45-E0AB-4F82-9E21-B214318C2D9E};"8,9,{477696EB-A137-484B-8788-2DE9A13EC51E};";2026-09-17 11:43:01;2026-09-17 11:43:01;{272E58CC-5870-4428-AE8E-D99C62CD09B3};256
201;1;8;9;{112CAF28-5225-4551-9C2C-C4444BE0A794};"8,10,{9C80A8D0-9062-47DE-87DA-B3F47CB48A59};";2026-09-17 11:43:01;2026-09-17 11:43:01;{8EC3C683-26DF-48C2-AC57-2EFEBB65A129};256
202;1;8;10;{2DBDE469-359C-4E26-8D99-F33455B43AA2};"8,9,{6286FA13-F323-48D0-A2EB-FFB83F586A0B};";2026-09-17 11:43:01;2026-09-17 11:43:01;{5FCB5523-E95E-4AD5-B7A0-772FDD532B0D};256
203;1;8;10;{84E9FA86-617F-400F-B72C-6361134C8D64};"8,9,{3C6035CD-2018-4B38-BAFE-8B81667A40C9};";2026-09-17 11:43:01;2026-09-17 11:43:01;{CCE5C2BE-F4F4-4DE5-9B6B-6B5E77F6D4CB};256
204;1;8;9;{2804FDC4-2F64-4F0B-B619-79181C8203F3};"8,10,{2DF75EA3-F3ED-4EFD-82E1-363542CC3B94};";2026-09-17 11:43:01;2026-09-17 11:43:01;{56264A20-D468-41A9-88D3-79EF6C2FBAF7};256
205;1;8;10;{2476FD13-E0C8-4F76-B612-74B274714A59};"8,9,{C5B80CB7-5D27-4DBA-B7A0-2691E6945B3C};";2026-09-17 11:43:01;2026-09-17 11:43:01;{16DCFFC6-FAD6-49B9-8DE9-D5F430B7906A};256
206;1;8;9;{3C6035CD-2018-4B38-BAFE-8B81667A40C9};"8,10,{84E9FA86-617F-400F-B72C-6361134C8D64};";2026-09-17 11:43:01;2026-09-17 11:43:01;{5DF408AA-1ECE-4387-9361-00173AF1887C};256
207;1;8;9;{CEDA86D1-D966-48FF-BBEB-2D24CA51D412};"8,10,{7E80CB95-F021-4DE3-9D63-A77A3654A9A8};";2026-09-17 11:43:01;2026-09-17 11:43:01;{8989E1C6-6096-46F9-9A29-91CDECDF69BD};256
208;1;8;9;{313C3B47-AE46-45E9-962F-7B70D6694173};"8,10,{7D5FC754-8009-41E9-8857-0B71BEAD996D};";2026-09-17 11:43:01;2026-09-17 11:43:01;{1057D8B6-54DE-4AE7-B214-F799523E47CB};256
209;1;8;9;{CE4430EE-C9F5-4ECB-9240-8E6E758D54F8};"8,10,{BD3234B1-4685-47CC-91AC-898FC0072DFE};";2026-09-17 11:43:01;2026-09-17 11:43:01;{23F403E4-33F0-4529-B017-73BBCAEC45DC};256
210;1;8;10;{6683BAA6-70A0-4060-8B37-DC111958161B};"8,9,{26609CA0-FCAE-4662-A897-2538CABB8A87};8,9,{DAF7C8F8-0F45-41A2-B2F1-C87FF83DE36A};8,9,{5BCE69CD-398B-44D7-A540-240C42B475B2};";2026-09-17 11:43:01;2026-09-17 11:43:01;{DEC1A7CA-1FD8-4D55-A3A5-DCFD92940BE2};256
211;1;8;10;{875636EE-BF39-4CC1-9AA0-6E44AD762EF2};"8,9,{D7EC413D-E3D2-47A0-A4EA-1E0CCD1C53D7};8,9,{74EFD542-7E48-4870-9DFF-64E591B79E69};8,9,{4ED819B6-A447-47B6-A8E1-300EAC96892D};8,9,{03E29B53-2C8A-4B4A-A907-4813664947B8};8,9,{5E2B0637-FB1D-40F3-BEE3-D9CA51FF3B2C};8,9,{CEAA251A-AA55-4FEF-A914-4DBE924ACB26};8,9,{BBAD8BE6-99C8-4683-8006-149A6D567EFF};";2026-09-17 11:43:01;2026-09-17 11:43:01;{0D9DE126-13C2-45F3-B73F-6D19A03AB018};256
212;1;8;10;{0887C16E-6738-4BFB-9D4E-7AEC01B12448};"8,9,{34D59CF0-241F-4E35-9F20-D6B9C797C620};";2026-09-17 11:43:01;2026-09-17 11:43:01;{EA366257-3C14-4A4F-A619-ABEB285B3712};256
213;1;8;10;{47A58039-6670-404A-839D-ED6BFEB5E8AE};"8,9,{E976F67F-0A05-4EA2-8B24-FC71FAB35D85};";2026-09-17 11:43:01;2026-09-17 11:43:01;{CEB800E1-F433-4557-BB03-E5E22E984C9A};256
214;1;8;10;{5A5CE5CC-2A58-456C-B92D-95300125027D};"8,9,{663217BF-7231-4590-A37B-3A5676253A0F};";2026-09-17 11:43:01;2026-09-17 11:43:01;{7F196321-4301-426A-8B67-54DB69E5D9FB};256
215;1;8;9;{5D3B5616-98AC-46ED-BC20-5BB5F6509126};"8,10,{3B7E159C-4FC0-4263-B5E3-9B8C37835D36};";2026-09-17 11:43:01;2026-09-17 11:43:01;{3D60BDB4-0DE1-4DF2-B23F-688A2F37B24E};256
216;1;8;10;{66CA52B5-7816-4ABF-9683-A7E8B72F19D7};"8,9,{6702D49D-B0EA-408C-B400-4658F966BB79};";2026-09-17 11:43:01;2026-09-17 11:43:01;{6AAEF768-E054-4B9F-85DE-A4212F630413};256
217;1;8;9;{DC5523BD-8F1B-4B3B-8E59-8B311E6D675B};"8,10,{5FE94F79-4DEF-43B5-81D8-771ED9132D5C};";2026-09-17 11:43:01;2026-09-17 11:43:01;{80967EA8-F4D5-4551-9843-AB03C83F9A10};256
218;1;8;9;{FBDF3148-D48A-4E7C-96E9-9D5F7F6857BE};"8,10,{8A40E96B-2142-4FA3-9E1A-DBDD0D6167D0};";2026-09-17 11:43:01;2026-09-17 11:43:01;{A8646104-B149-4EF4-9863-5859EF88B94E};256
219;1;8;9;{E22B44CA-3F70-4B67-9145-B6D59D24CA27};"8,10,{B23FCC02-74AA-428C-B43E-B160D7CD38ED};";2026-09-17 11:43:01;2026-09-17 11:43:01;{A9C9723E-8D40-463C-85E2-CE4FDDB0E0B9};256
220;1;8;9;{4B454BAE-5587-4685-B22F-2B57408504A1};"8,10,{AF487445-378F-4E19-B39D-C684385944A4};";2026-09-17 11:43:01;2026-09-17 11:43:01;{FDC9EA17-5A38-4DE6-B440-033AB2B9988A};256
221;1;8;10;{9E256E83-A341-43CA-8383-A4C562E9EFAB};"8,9,{EFDEA7BE-39C2-43FA-BB1B-B2FBE94D8FBD};";2026-09-17 11:43:01;2026-09-17 11:43:01;{32DE6953-95FE-4974-B8E0-953F96B6FD85};256
222;1;8;9;{AC136F71-2FDA-42CB-99FF-C910E0AED658};"8,10,{610A2041-4F85-4855-94A6-DFBB4D26025A};";2026-09-17 11:43:01;2026-09-17 11:43:01;{F05E6E6E-94B7-4488-BC53-8581B41AA664};256
223;1;8;10;{07C0C299-B2D4-4CBB-9F1D-2FA33D104CDB};"8,9,{0B1D4A61-9A90-4BCA-8273-C2176F45EDCE};8,9,{E75C0468-BDA6-4088-B807-744399564BC2};8,9,{A1563415-34E9-41CF-A470-334B8BAE25F9};";2026-09-17 11:43:01;2026-09-17 11:43:01;{0E460147-9135-4D19-9146-0F94657F6D95};256
224;1;8;10;{1A9F3EFB-EB63-4802-B68C-10820B85D200};"8,9,{A6901B46-8B6B-4C8B-BF6E-8D9D06396EB7};";2026-09-17 11:43:01;2026-09-17 11:43:01;{72F54CC9-ED17-4A08-8778-6550F2C12044};256
225;1;8;9;{B3A1F99D-408F-4F4D-9509-EE67694F5029};"8,10,{C3D1C380-0085-440D-9944-872711C47073};";2026-09-17 11:43:01;2026-09-17 11:43:01;{D8D6DDCA-1CBF-4E1E-B833-AEB5CF3DFB23};256
226;1;8;9;{32C4B4A0-697F-4694-A285-DBE259EEB0CD};"8,10,{8C93080D-E305-42B0-96C5-E89722F94013};8,10,{95B128CA-6E6B-43B8-B8CC-B6AE8E3876B8};";2026-09-17 11:43:01;2026-09-17 11:43:01;{90732F55-FF42-419B-B817-9F4EFFB8743F};256
227;1;8;9;{DD47D182-9355-43EF-8A1C-D842A782EB94};"8,10,{C3D1C380-0085-440D-9944-872711C47073};";2026-09-17 11:43:01;2026-09-17 11:43:01;{20485C1E-7892-4CB1-B2B4-9F4EA62424BE};256
228;1;8;9;{D12C40E2-31C4-4AEA-8721-06CDD5F0EFF1};"8,10,{A6A2C96C-79A4-4C99-B811-4846FE6D90E2};";2026-09-17 11:43:01;2026-09-17 11:43:01;{5304AEB7-25DB-4138-B522-5FB4BEE528F4};256
229;1;8;9;{EFDEA7BE-39C2-43FA-BB1B-B2FBE94D8FBD};"8,10,{9E256E83-A341-43CA-8383-A4C562E9EFAB};";2026-09-17 11:43:01;2026-09-17 11:43:01;{AE72529E-7A97-43F0-850E-9C965D7FA7BB};256
230;1;8;9;{32290FEC-7D34-43E2-BBC0-9CD8F52077F7};"8,10,{562132DC-587E-4B89-A7AD-71BA6CBD7EEC};";2026-09-17 11:43:01;2026-09-17 11:43:01;{CE279567-DB4B-4F3E-A31C-DF5E4FEDB00A};256
231;1;8;9;{F5BDABF8-D82D-4796-A1B4-B12EE41CD697};"8,10,{3C0B4095-FB32-445C-9FE2-7620922AE589};";2026-09-17 11:43:01;2026-09-17 11:43:01;{27808855-B64E-404C-9FEF-14C0DFAB206E};256
232;1;8;9;{157E6689-79D7-4850-8879-E5DB1D9D2F91};"8,10,{F2D79AD3-E846-4082-A503-45F7D1E6C2AA};";2026-09-17 11:43:01;2026-09-17 11:43:01;{64BDAF8D-732F-4865-9F3C-A7D409B56AC0};256
233;1;8;9;{81D53535-2C1F-438A-85D2-9E3C84D06EF7};"8,10,{A15184F7-7943-429F-93C1-6FADF19F863B};";2026-09-17 11:43:01;2026-09-17 11:43:01;{3E64E681-9701-4D1B-95C5-97BF447FD91E};256
234;1;8;9;{D288881A-97DF-4CA4-B8C2-F55846C758F6};"8,10,{EAEC4A39-619F-47F3-B0D4-A4D7A8CAAF7B};";2026-09-17 11:43:01;2026-09-17 11:43:01;{9EBD951B-4FE2-49EC-9468-63A727C885DC};256
235;1;8;9;{221410C1-CADE-4C12-B14B-4664C7FCF79B};"8,10,{9055B1A7-8F51-4C24-8DC2-FB1C90361219};";2026-09-17 11:43:01;2026-09-17 11:43:01;{C72DFB6B-3265-41E0-AF9B-F33440DE9B0C};256
236;1;8;9;{091D7CDE-3CC4-4025-AE5F-DD1B8AD0B3B3};"8,10,{BF8EB609-961B-45DC-9E2C-09E66873F9C3};";2026-09-17 11:43:01;2026-09-17 11:43:01;{7DB49E34-1FCD-4D3D-9FCE-2AB48D058BC2};256
237;1;8;9;{A97BF7F6-0E34-478E-B313-42EB03670930};"8,10,{948C254D-8AA3-4D6A-850A-900E821E38CC};";2026-09-17 11:43:01;2026-09-17 11:43:01;{0A4053A6-0193-44A3-BCFA-1695DBF986ED};256
238;1;8;10;{24AD77E7-EFB0-47AD-B814-201918030402};"8,9,{4D56DC23-5992-46A2-9D27-CDB93C831B8C};";2026-09-17 11:43:01;2026-09-17 11:43:01;{3361F19C-1F55-44FE-8672-4B33F242E596};256
239;1;8;9;{71B54DC2-119A-4DBC-A0F3-F017056FF136};"8,10,{C08B3363-595E-4CD3-AFAA-FD4ED108BC34};";2026-09-17 11:43:01;2026-09-17 11:43:01;{9A1890DC-16D9-41F1-8737-D4EC70F15AE2};256
240;1;8;10;{99619E03-B1FB-4660-B26A-B08E4CF4FA2B};"8,9,{E2125A85-1340-433E-8B71-EBD813219723};8,9,{224DE9D7-8723-461E-9553-CD88E889B20F};8,9,{A72E26BB-618D-4EF4-974D-8F0AB8AEA499};";2026-09-17 11:43:01;2026-09-17 11:43:01;{B3DA9C8C-56E1-4067-A503-FB1F21E7B362};256
241;1;8;9;{60F830EA-90BD-4B55-B1B2-AE9E69DB234B};"8,10,{71665BAE-E428-4FCA-AD21-50BEE07E2C41};";2026-09-17 11:43:01;2026-09-17 11:43:01;{FF46B5D2-465F-47F8-9602-D5F1A0DE6DC2};256
242;1;8;9;{28203DC0-6F2D-4649-82F8-C52787478C7D};"8,10,{DB916E68-03C1-4A94-836C-9AA59BC71F59};";2026-09-17 11:43:01;2026-09-17 11:43:01;{5A2B8DA4-D484-4DF9-A6EE-5549C7E09981};256
243;1;8;10;{D5F02122-8306-424E-8234-1503B2752398};"8,9,{BAC0C126-4D50-4736-88FD-72B7D381AD92};";2026-09-17 11:43:01;2026-09-17 11:43:01;{EB7E65B0-5A8D-44B4-8643-3EE2864FB864};256
244;1;8;9;{91D92817-B917-4BCA-AA84-8B54E3538629};"8,10,{CC0BC1EC-767C-42DA-B91F-D78A2DBD0535};";2026-09-17 11:43:01;2026-09-17 11:43:01;{151A1C77-568F-4B1C-9EEC-2D13EB29F7D2};256
245;1;8;9;{93A2AE0C-4883-4D4F-B714-58703B7EE4B7};"8,10,{8B056DB9-24FC-46CB-B514-065C1377CE64};";2026-09-17 11:43:01;2026-09-17 11:43:01;{7FB60E33-A074-4CEC-94C7-B884A76FACFC};256
246;1;8;9;{5D65AE87-E8B7-4D21-8D70-8E0BBBEEA352};"8,10,{9F1350DE-23C0-46B4-BCB7-B18CDED6F884};";2026-09-17 11:43:01;2026-09-17 11:43:01;{71C8362D-E118-42F9-9DE3-5592F706BE0C};256
247;1;8;9;{4DC0AFEE-9812-4877-ACA3-12476549346D};"8,10,{C12AE738-052E-4955-96B1-E3B4033FC55A};";2026-09-17 11:43:01;2026-09-17 11:43:01;{A92A2C66-D7D3-478F-81ED-FA5340129687};256
248;1;8;10;{39329179-FC9F-4677-85C9-D9843C749DFA};"8,9,{16712FA6-6F31-4FAA-8E05-22E74FF8B057};";2026-09-17 11:43:01;2026-09-17 11:43:01;{F74CA4F8-5B65-4E7F-B254-7BA059065266};256
249;1;8;10;{71DB59BA-0BD1-461E-8E6D-BE993C29BB50};"8,9,{A2F26AA3-3A74-4103-8B21-C7ED2A1DC8A2};";2026-09-17 11:43:01;2026-09-17 11:43:01;{378BEFD8-841A-40EE-8021-50C730017E81};256
250;1;8;10;{EC0E503C-C001-4000-BCF4-64A79E8D69D4};"8,9,{3963035F-C84D-49FC-8562-8D442C7026A7};";2026-09-17 11:43:01;2026-09-17 11:43:01;{03AD13F3-E5E9-42E0-9737-FE5E88EDC19A};256
251;1;8;9;{3DA2422E-7C61-4A09-AB38-5D2CE74799CF};"8,10,{AAE461DC-65A8-4C90-8A4D-C9B538F7D543};";2026-09-17 11:43:01;2026-09-17 11:43:01;{39F31FE2-22A9-4215-9978-5C7639CAAE49};256
252;1;8;9;{4F9BCC46-740B-4028-95A9-8E914C34C386};"8,10,{7748F412-190A-46A0-80F8-4448F423FC6A};";2026-09-17 11:43:01;2026-09-17 11:43:01;{17CA9C54-4F87-4388-A77E-3DC74FE1CA89};256
253;1;8;10;{50D98AF6-65C2-462A-AB22-48D966949234};"8,9,{A2F26AA3-3A74-4103-8B21-C7ED2A1DC8A2};8,9,{13EEE5C6-BD2A-4ACA-9A67-187E806DE2AF};";2026-09-17 11:43:01;2026-09-17 11:43:01;{EF2603ED-CE41-4595-8191-900F816A3B0D};256
254;1;8;10;{A356C855-D7B7-44A1-BA6D-CFE75268B51C};"8,9,{E4DFB8F9-18A9-40F6-9C63-FF3A72773924};";2026-09-17 11:43:01;2026-09-17 11:43:01;{7D61F826-4182-4082-87D3-452C5BDF0097};256
255;1;8;10;{A7EFB4B0-3A41-4011-A226-C75E268F8849};"8,9,{A74A4811-65B6-44DB-9C8B-686B804CE019};8,9,{24F59888-369A-4832-A7F0-319F02EDFFD9};";2026-09-17 11:43:01;2026-09-17 11:43:01;{510798F8-B30B-4007-8F56-C3FD275C3717};256
256;1;8;9;{7EA96F5C-F943-4B7B-A852-1F4FC63BB3CF};"8,10,{8248AA4F-695B-4F1E-BFD8-A73417071D86};";2026-09-17 11:43:01;2026-09-17 11:43:01;{5E9F15FA-E30A-4887-9026-09D062C1AA36};256
257;1;8;9;{DC5BA509-FC3C-41C3-861D-008E63586622};"8,10,{4686BF6B-A7F8-4321-B498-A6BDBFE1AA5B};";2026-09-17 11:43:01;2026-09-17 11:43:01;{523619CC-3DA9-402F-A23C-24BEE2250126};256
258;1;8;9;{B03A3519-FB6A-4108-B4EF-0608525E4415};"8,10,{94301B05-1B15-4ADE-A0CB-3B1A6866416E};8,10,{F62A617E-8918-433D-9A0E-0BB9194101F5};";2026-09-17 11:43:01;2026-09-17 11:43:01;{1E5D99FE-65AA-415D-ABFD-4153D3746892};256
259;1;8;9;{8BC2B102-C7D4-4D23-B4C6-2D4DE14F94E5};"8,10,{E56C41B7-1847-4561-9FE5-E7726EC7DF58};";2026-09-17 11:43:01;2026-09-17 11:43:01;{96D0BD16-D008-4C9A-A5A5-463004052509};256
260;1;8;10;{4036D34E-DAF9-4F3A-BD27-9248920192B0};"8,9,{524A571F-83A8-42DC-901C-56027F4999B4};";2026-09-17 11:43:01;2026-09-17 11:43:01;{49AEDE3A-BAC1-4E20-AFF4-85D675EF400F};256
261;1;8;9;{3C781C36-6A3B-40CE-A616-644639C9E93C};"8,10,{30BDB35C-3401-4C41-9AE3-28E511C9A699};";2026-09-17 11:43:01;2026-09-17 11:43:01;{E9FB90E7-698D-44AA-91DC-353BB73E676C};256
262;1;8;9;{A93F4746-AF4B-425C-AA8D-32829C416A6D};"8,10,{B6E9404D-9489-42D6-9657-4E11CD1B6DEF};";2026-09-17 11:43:01;2026-09-17 11:43:01;{9983D1B1-2579-40F6-82AA-BC70E7AAEA68};256
263;1;8;9;{DC896A32-9C0F-4F42-BEE1-B10A64EAA307};"8,10,{88C960AC-389A-4D76-88ED-5659E4FD457A};";2026-09-17 11:43:01;2026-09-17 11:43:01;{2B28B59D-F758-4591-A6FA-4C98416DBADA};256
264;1;8;9;{959F0D4C-60C0-486B-AA23-43D4C77D4D50};"8,10,{10D329DB-2582-4C5D-8737-89B14A529A8C};";2026-09-17 11:43:01;2026-09-17 11:43:01;{284B4433-4166-48E9-9E32-B90933FA065A};256
265;1;8;9;{524A571F-83A8-42DC-901C-56027F4999B4};"8,10,{4036D34E-DAF9-4F3A-BD27-9248920192B0};8,10,{C77B72A0-1440-4C8B-A9F2-D6B90DF8B634};";2026-09-17 11:43:01;2026-09-17 11:43:01;{A895EB2E-A771-4121-AFBF-098FDDC48B78};256
266;1;8;10;{79497693-D28F-4B31-AFEA-D3878CD5F1D5};"8,9,{FBC7C97C-0CF6-403A-937E-8DEFC5FDB5ED};";2026-09-17 11:43:01;2026-09-17 11:43:01;{459384DC-3DD9-4077-8BFC-053B684156CC};256
267;1;8;10;{FA17D68A-656E-4855-B0C6-C0D5E5E0E4C0};"8,9,{A208C97F-D6D3-4294-B0EF-A9C9C748C9CB};8,9,{FD3633AB-AAB2-4713-973D-28DDF4396843};8,9,{DDDE6DA8-C91F-4970-890A-5E2DA5D159B3};";2026-09-17 11:43:01;2026-09-17 11:43:01;{56EA8EAF-710F-41E0-82BF-43CD36CBA929};256
268;1;8;10;{C77B72A0-1440-4C8B-A9F2-D6B90DF8B634};"8,9,{524A571F-83A8-42DC-901C-56027F4999B4};";2026-09-17 11:43:01;2026-09-17 11:43:01;{57DED873-251B-4DA0-8EEB-EE1539B71E16};256
269;1;8;9;{3EDEEFEB-4B84-4174-BA68-FBC9463AAA80};"8,10,{C0D838FE-6F5D-42D5-BACF-3B580437557C};";2026-09-17 11:43:01;2026-09-17 11:43:01;{A2536072-6DEE-4A13-9A84-62871BD09124};256
270;1;8;9;{94D01ED7-FFB5-4D7E-BCA7-DC6050CBF94F};"8,10,{EB7A4259-18EF-4862-BC84-5CFE3CC0345A};";2026-09-17 11:43:01;2026-09-17 11:43:01;{7FCB29AB-88EF-4E66-98A7-8B0E049C83A6};256
271;1;8;9;{0422467E-266B-4545-855C-C9B54D37E0DD};"8,10,{0E2EDA6A-AA02-4B89-B446-C2A45B7A794F};8,10,{D637E8CF-06A3-4671-BA68-5E74B2BA391D};";2026-09-17 11:43:01;2026-09-17 11:43:01;{E1019CB7-A5BF-4A3D-AA03-CAE4E71CCCDA};256
272;1;8;9;{EBFD1007-6C65-4B6B-ABF4-581454F6A68A};"8,10,{528F31FB-0D24-4F63-A35E-FEE6C9FA4B24};";2026-09-17 11:43:01;2026-09-17 11:43:01;{05D06861-385F-4D09-9B90-9F344DD31C98};256
273;1;8;9;{9B2F4421-5A0E-472A-823E-691B0120AEAC};"8,10,{7B901C27-E121-4660-9A89-1C48D45C7A2A};";2026-09-17 11:43:01;2026-09-17 11:43:01;{B43C7764-8AAB-4778-B04D-FF10B2276828};256
274;1;8;10;{6D1DC441-0C26-4772-99F5-0D809996AE94};"8,9,{5960B1AA-2784-40F3-AD45-FB5C259ED2B5};";2026-09-17 11:43:01;2026-09-17 11:43:01;{8FABA272-9F86-460A-B987-261F24E25F6C};256
275;1;8;9;{4B91CB41-8C28-485D-9B20-7C6A526371BB};"8,10,{24F00D40-DC8E-47D5-A248-67B169B8EEA5};";2026-09-17 11:43:01;2026-09-17 11:43:01;{78C6FEC7-158A-434E-8B59-82EEDDD9E894};256
276;1;8;10;{09D25362-04F4-407B-AE9F-ADD45DACC8BE};"8,9,{21A6FFEA-122C-4592-BE9B-57C7904EFAB4};8,9,{1048B36A-71C0-4777-A6F2-89846D0020EB};8,9,{A9D2C37C-712E-4BA2-9B72-0F8F636EF8DE};8,9,{BEC12460-651F-46B6-B88C-BC4FA6B4A977};8,9,{90FF1A07-D150-4760-BD62-6D11047565B3};";2026-09-17 11:43:01;2026-09-17 11:43:01;{3689CA4E-64B8-47E9-8245-80958A6B0CFF};256
277;1;8;10;{F213AB4E-E75F-4B60-A765-D208FA6D492D};"8,9,{5960B1AA-2784-40F3-AD45-FB5C259ED2B5};";2026-09-17 11:43:01;2026-09-17 11:43:01;{FB0CC46A-269D-4BDA-A05F-AE1D79BA53A8};256
278;1;8;9;{57AFD7D0-3EC8-47BA-8A0D-46A209096169};"8,10,{4FE23B9C-B0A3-4EF0-84F4-8559ED6D1156};";2026-09-17 11:43:01;2026-09-17 11:43:01;{FEDB5FA7-7BEE-401B-BCAC-220A70CD076F};256
279;1;8;9;{D024B717-CA9E-473E-AD3A-0FEE5441D62A};"8,10,{9D7F669E-0A73-4D40-A8C3-932614A6EF07};";2026-09-17 11:43:01;2026-09-17 11:43:01;{39CA6D1C-D6BD-4604-8C38-269D51E6E99E};256
280;1;8;10;{88C960AC-389A-4D76-88ED-5659E4FD457A};"8,9,{DC896A32-9C0F-4F42-BEE1-B10A64EAA307};";2026-09-17 11:43:01;2026-09-17 11:43:01;{BF2BE67B-BB63-478A-B725-37B7C282B586};256
281;1;8;9;{24154C2D-8682-41C4-BDAA-82465FF57E49};"25,12,{0F533E70-6329-4D0C-BDB9-A35707C844A5};9,[RuleID(s) 1473,2098],10,{D9A5B14F-68FF-408D-AB6F-95F112E319D0};";2026-09-17 11:43:01;2026-09-17 11:43:01;{D8D55634-F7A1-4C4F-B31C-87EAFB2099C6};33554944
282;1;8;9;{21F8B234-F305-4B41-9793-E6A3F59F82D5};"8,10,{7B901C27-E121-4660-9A89-1C48D45C7A2A};";2026-09-17 11:43:01;2026-09-17 11:43:01;{1FE5469B-FB27-4F57-9560-98D4833F3835};256
283;1;8;10;{EC1FDDF0-DB44-4479-8268-A472D62B7529};"8,9,{54F38C1A-10AD-4C06-AD08-E8995FE803C9};8,9,{2EC000CB-A0DE-462F-B57B-9C6547CAA07C};";2026-09-17 11:43:01;2026-09-17 11:43:01;{9E4E3C02-8637-4E81-B498-B3A83DA07494};256
284;1;8;9;{079E97C2-948A-44B8-B0FA-2CD1A36266DA};"8,10,{3E5EB119-8429-4F31-86B6-F9021BD25A89};";2026-09-17 11:43:01;2026-09-17 11:43:01;{9F5BBF47-A6EA-4B7B-B43D-8C680AFD13A3};256
285;1;8;10;{E0BEE777-708E-4C6E-A9FD-394377EAD0B9};"8,9,{2BD07275-6816-4B28-8821-C2C579A64957};";2026-09-17 11:43:01;2026-09-17 11:43:01;{7431006F-24FD-419A-99D0-5364C81B756D};256
286;1;8;9;{A205BB10-ADD6-4065-86EA-A09302D2BBD5};"8,10,{DB4B4028-6059-42DB-8A9F-F29193B282A7};";2026-09-17 11:43:01;2026-09-17 11:43:01;{27478655-3F9E-4A48-BD57-3BAA22012E16};256
287;1;8;10;{388DD01F-C2C7-415D-B952-40478B00EC50};"8,9,{00E5D7DD-55DD-4671-B52B-6BE19694F1ED};";2026-09-17 11:43:01;2026-09-17 11:43:01;{DF93C280-C871-4A3D-8EA7-7D563CD22912};256
288;1;8;10;{D9A5B14F-68FF-408D-AB6F-95F112E319D0};"9,[RuleID(s) 1473,2098],9,{24154C2D-8682-41C4-BDAA-82465FF57E49};9,[RuleID(s) 1473,2098],12,{0F533E70-6329-4D0C-BDB9-A35707C844A5};";2026-09-17 11:43:01;2026-09-17 11:43:01;{C8A39139-2F3C-4383-84CD-E07D83ACCE57};512
289;1;8;10;{684A9F63-1F4A-4E8C-9741-ADD98D9E72FD};"8,9,{12F08541-FBE3-4377-BEC7-7590EC99F427};";2026-09-17 11:43:01;2026-09-17 11:43:01;{C810572A-0C39-481E-A391-B5B03E83B3CE};256
290;1;8;10;{94301B05-1B15-4ADE-A0CB-3B1A6866416E};"8,9,{B03A3519-FB6A-4108-B4EF-0608525E4415};";2026-09-17 11:43:01;2026-09-17 11:43:01;{3E49310D-C331-4296-BB88-4B6B27DBC118};256
291;1;8;10;{5852DAB3-5E7A-4BD6-8D3C-28ADA6D365D0};"8,9,{2438A9CF-8FAD-4B35-A3D5-92F92EBCB628};8,9,{33992C87-7D0A-49B2-9374-7CC91CEA6785};8,9,{F56AA159-FD74-4A80-856A-7C99D2D5217D};";2026-09-17 11:43:01;2026-09-17 11:43:01;{1C83771D-F88F-46A3-8D2C-440DE4FD4AF4};256
292;1;8;10;{B79970BF-E725-4E22-BB96-A24638002F2B};"8,9,{EF44E159-A353-4287-BBA7-9433ED886FB2};";2026-09-17 11:43:01;2026-09-17 11:43:01;{23FB32B7-09DC-454B-B597-A4F372ABEF56};256
293;1;8;9;{0489D8E2-16AA-46D5-8A55-61A59B7A6F81};"8,10,{A4A49537-637C-4EC6-8193-D9949C3B68C5};";2026-09-17 11:43:01;2026-09-17 11:43:01;{B17DA8B1-3B48-4E93-9E5F-9E6B1BC2B78D};256
294;1;8;10;{1D50FEAF-7BFB-4C76-9819-5032AEDD606F};"8,9,{9D2567CC-6703-48B5-9267-26AF6946932D};";2026-09-17 11:43:01;2026-09-17 11:43:01;{7F8D6063-CFB4-4A7A-A54E-E4AF525B1429};256
295;1;8;10;{F62A617E-8918-433D-9A0E-0BB9194101F5};"8,9,{B03A3519-FB6A-4108-B4EF-0608525E4415};8,9,{173DFC41-0DDB-4652-AEC1-DF944636F982};";2026-09-17 11:43:01;2026-09-17 11:43:01;{8492D61C-F4E4-4005-8704-09A3786D551E};256
296;1;8;9;{173DFC41-0DDB-4652-AEC1-DF944636F982};"8,10,{F62A617E-8918-433D-9A0E-0BB9194101F5};";2026-09-17 11:43:01;2026-09-17 11:43:01;{C3C437D8-74C7-4D90-BD5B-D393CB005808};256
297;1;8;9;{91C22372-463B-4F5A-AB01-ADB73FF90AB9};"8,10,{6F3E08BD-79CB-4FBF-AA01-4C7516E871EA};";2026-09-17 11:43:01;2026-09-17 11:43:01;{F9AB7B10-D22C-4699-B15E-706D02597363};256
298;1;8;9;{392E82A4-01E1-4E32-AC29-20C787270807};"8,10,{9B326A45-5F1F-4419-997F-96F0C42EE112};";2026-09-17 11:43:01;2026-09-17 11:43:01;{1854C3E3-58E3-4E1C-9D6D-9CAC4D760672};256
299;1;8;9;{5085CA99-B9B9-46EC-AA44-55171919B5E4};"8,10,{BB7E8B38-C394-4BF6-AD82-6756242EB7C9};";2026-09-17 11:43:01;2026-09-17 11:43:01;{2037A5BC-7BF3-41DB-BC53-2CBF59379474};256
300;1;8;9;{8FE8C976-AB29-4585-B2B5-FCFA47A3AF62};"8,10,{591CEC0B-23C5-4B87-822E-51AE2C86B4A1};";2026-09-17 11:43:01;2026-09-17 11:43:01;{BE478425-3FCE-481F-B6CF-F603CE57BC08};256
301;1;8;10;{1E84145A-8049-4030-88C9-C4443F27932B};"8,9,{446AEDE7-5D2F-4D41-8E70-A491D79E9134};";2026-09-17 11:43:01;2026-09-17 11:43:01;{BB856CD3-8229-40AE-95E3-1537E77E9781};256
302;1;8;9;{943229AD-C053-45D7-B9D2-EDEFC1DD693B};"8,10,{E3E355F3-7EF9-463E-BC0F-A73D491BF899};";2026-09-17 11:43:01;2026-09-17 11:43:01;{ACE0266B-E987-47E1-93B4-3F27C7F7FAB3};256
303;1;8;9;{14392EE0-4DAB-428C-8179-F644E3D1FC2D};"8,10,{4D021BBC-4B7F-4B23-BD24-C9A215AA383C};";2026-09-17 11:43:01;2026-09-17 11:43:01;{70CBAB90-E4B7-4199-A454-7456A81FEFC4};256
304;1;8;9;{4D519B95-DA26-4D77-8EBD-EB6134737FA3};"8,10,{08B241A9-8615-4737-BCDE-E56B5259E9DA};";2026-09-17 11:43:01;2026-09-17 11:43:01;{A627F07C-435F-4A4A-905C-A6DE02123650};256
305;1;8;9;{2334FF1C-EEB4-4990-92B5-0CEE5DA1EBCD};"8,10,{0D71900E-D9C8-4C1D-9683-69143080EB97};";2026-09-17 11:43:01;2026-09-17 11:43:01;{0FFBEB13-A2D2-419D-9BA5-AD1F5CCC91B4};256
306;1;8;9;{64EFBEEF-55CC-4C09-A0A3-14C3C19E4274};"8,10,{3B7E159C-4FC0-4263-B5E3-9B8C37835D36};";2026-09-17 11:43:01;2026-09-17 11:43:01;{B6960059-CB7F-44B7-AE9C-BC74F38D7540};256
307;1;8;9;{446AEDE7-5D2F-4D41-8E70-A491D79E9134};"8,10,{1E84145A-8049-4030-88C9-C4443F27932B};";2026-09-17 11:43:01;2026-09-17 11:43:01;{F8B43465-71D3-4BDD-97AB-60D950FDF60D};256
308;1;8;10;{FDE77184-C0D9-414B-B3F9-62EB0FC6FC5D};"8,9,{7E2C412F-3E1F-454F-9D65-D4EEA7E1831A};8,9,{DA7E83C4-2C86-419C-961B-3B5DF2204ACC};8,9,{8883A43B-F9F3-4D76-A2DC-15CE90F7EF4C};8,9,{8381A3A0-A4F4-4F54-B1BE-E5D690F7EDB1};8,9,{B4DC19A1-2604-48A6-ADA9-52B5D3DE6130};8,9,{BFF90E9B-C976-4C20-8DBC-29B5C0EC3948};";2026-09-17 11:43:01;2026-09-17 11:43:01;{C176948D-FF13-471D-B111-DC1ED6DBE739};256
309;1;8;10;{C0F52FBA-6D96-4B2D-9BED-94ED7D82A705};"8,9,{283F26AB-E030-4E6C-85FF-A1C02001E589};8,9,{6C7D2CE4-AF5C-45AC-8997-D9006E59A522};8,9,{43915FB0-B62E-4C10-8E8F-915267156386};";2026-09-17 11:43:01;2026-09-17 11:43:01;{74753134-ED67-4B2D-B064-BDA6DDD0145B};256
310;1;8;9;{6A9B3F80-125C-448C-8A64-940DA693B488};"8,10,{D33D46DD-BBE9-484C-93CE-A4C48D8EB7BC};";2026-09-17 11:43:01;2026-09-17 11:43:01;{FAE36A66-F110-4581-BDB1-443F81EC2B52};256
311;1;8;10;{CF3740D4-2616-4BBE-B43F-6DCBACC79FEE};"8,9,{7E2AD48A-B35A-4E7C-BFD3-038B3F763217};";2026-09-17 11:43:01;2026-09-17 11:43:01;{7674919F-506C-4EB3-9853-C5D6C4C7139C};256
312;1;8;9;{F5D9124E-A85C-4548-B6DD-094923DA2182};"8,10,{1BF4CD6E-861A-4E69-B778-065998F0F169};";2026-09-17 11:43:01;2026-09-17 11:43:01;{6E8B7FE1-EA70-4D17-955B-1F448D637B51};256
313;1;8;9;{DCB615DA-9037-42B1-AA0E-FE145FBE1EEF};"8,10,{D33D46DD-BBE9-484C-93CE-A4C48D8EB7BC};";2026-09-17 11:43:01;2026-09-17 11:43:01;{E26BFEB8-890E-465C-AE0A-2945BAA9EC87};256
314;1;8;10;{30BDB35C-3401-4C41-9AE3-28E511C9A699};"8,9,{3C781C36-6A3B-40CE-A616-644639C9E93C};8,9,{368999C3-D668-4ABD-A12B-3408E9A67A5B};8,9,{9D0AE6AA-876B-497B-93F2-621E087AED93};8,9,{09896042-22FB-4585-8EAC-742A587AE4D4};8,9,{DB724649-381E-4DBD-AF74-09B4AE7FE45C};8,9,{B59B9421-A0AA-44C0-AA51-1C3719036CC5};8,9,{E6A8001E-BD90-4B86-B6F7-5A4C520CC9D0};8,9,{7B333801-4E83-4774-B830-F8D903E07828};8,9,{0872C2CA-0B9D-4725-8A64-C9FFCAB7B564};8,9,{09C3B0DF-677C-4F2A-9CEB-E4A2F76B507E};8,9,{1A3DB08E-139E-4705-AA13-15BF94B553D8};Additional rule violations exist.";2026-09-17 11:43:01;2026-09-17 11:43:01;{143FFC46-E8F3-49F6-AC14-CD5CB61E187F};256
315;1;8;10;{C08B3363-595E-4CD3-AFAA-FD4ED108BC34};"8,9,{CD74AE39-58FF-4104-96D1-17C36640F027};8,9,{A88022CC-266B-4015-995B-85D0D7337D89};8,9,{71B54DC2-119A-4DBC-A0F3-F017056FF136};8,9,{7EF9EB3A-5CF4-4BB4-914B-C10EA295789A};";2026-09-17 11:43:01;2026-09-17 11:43:01;{3F450C2E-2235-43F3-AFD0-C6F5B48AC1AB};256
316;1;8;9;{368999C3-D668-4ABD-A12B-3408E9A67A5B};"8,10,{30BDB35C-3401-4C41-9AE3-28E511C9A699};";2026-09-17 11:43:01;2026-09-17 11:43:01;{75EA9827-5517-4EC8-A20F-51BDE31BDC0F};256
317;1;8;9;{9D248FAA-D5E2-4440-87D1-0D80EE3193CF};"8,10,{8C830C94-443D-4630-A8D7-C7722ACA108C};";2026-09-17 11:43:01;2026-09-17 11:43:01;{FD0035CA-40A9-4C34-B958-C7AF373AAEDA};256
318;1;8;9;{D190FE94-F5E3-45CC-B0D3-ADDC7D45B77D};"8,10,{97E7C5E2-B6C5-4A37-BE8A-E7CD6F02CEEB};";2026-09-17 11:43:01;2026-09-17 11:43:01;{66F946EC-7FF0-46BC-B977-EB06F43CE8DC};256
319;1;8;9;{5D7B52B9-411F-493B-8543-E676A195ABA7};"8,10,{6A882E0F-1654-412C-956E-62460E456AAC};";2026-09-17 11:43:01;2026-09-17 11:43:01;{6C4851A7-84FC-49D4-9540-C777153CC596};256
320;1;8;9;{736DDBED-B7F4-44AB-9089-C7CA6BB99404};"8,10,{F69416EE-F371-40DB-A633-EE16FB59359A};";2026-09-17 11:43:01;2026-09-17 11:43:01;{69DD7708-CB62-45E8-B47E-3321ABF90EEB};256
321;1;8;9;{9D0AE6AA-876B-497B-93F2-621E087AED93};"8,10,{30BDB35C-3401-4C41-9AE3-28E511C9A699};";2026-09-17 11:43:01;2026-09-17 11:43:01;{3F1E70AF-3F6D-4087-A3B0-EBD74B8055E4};256
322;1;8;10;{3551B921-8BCE-4C4B-A11B-BC23E78E0079};"8,9,{C39A4B53-E40D-4B6F-B527-4170E0BCE45A};";2026-09-17 11:43:01;2026-09-17 11:43:01;{01456B35-F3A5-4A5C-918F-18C9D2905055};256
323;1;8;9;{09896042-22FB-4585-8EAC-742A587AE4D4};"8,10,{30BDB35C-3401-4C41-9AE3-28E511C9A699};";2026-09-17 11:43:01;2026-09-17 11:43:01;{71112A27-CD6D-42D7-BCD1-27B762670973};256
324;1;8;9;{B1B32AAF-0B58-4D3D-A507-976E73B28581};"8,10,{ADC83B35-E91B-4684-8C30-9853DE6EFC7A};";2026-09-17 11:43:01;2026-09-17 11:43:01;{AEB0656B-C687-4192-936A-8915AAE773B6};256
325;1;8;9;{E3AC55DE-3D23-4AAD-AA17-DDCD55A1A660};"8,10,{5D2433D4-BF88-44DB-8F9A-B9DA173F4A6E};";2026-09-17 11:43:01;2026-09-17 11:43:01;{C77CBD64-8857-4359-948B-3FAB7784F471};256
326;1;8;9;{390D9534-1B84-4AD8-9C8D-3A0D84E088FF};"8,10,{A15184F7-7943-429F-93C1-6FADF19F863B};";2026-09-17 11:43:01;2026-09-17 11:43:01;{0AA5F2BD-B3BD-4AE6-A33B-EECFCF4CE2F0};256
327;1;8;9;{009CB3B2-EFF0-4C67-B9CB-15EABDA8D5C6};"8,10,{6EBC6AFB-56C4-4D1E-A4BD-9143FF5DAF70};";2026-09-17 11:43:01;2026-09-17 11:43:01;{5EF34098-567A-4957-ADC1-242A80E1107B};256
328;1;8;9;{DB724649-381E-4DBD-AF74-09B4AE7FE45C};"8,10,{30BDB35C-3401-4C41-9AE3-28E511C9A699};";2026-09-17 11:43:01;2026-09-17 11:43:01;{86F7E664-D891-416E-A8D3-D704FF5B23F9};256
329;1;8;9;{6E102004-61EC-480E-8942-A8CC49E4D92E};"8,10,{3C0B4095-FB32-445C-9FE2-7620922AE589};";2026-09-17 11:43:01;2026-09-17 11:43:01;{CCB710CB-80BD-4CF0-B67C-8B50E8D24D75};256
330;1;8;10;{177325C0-C7E4-4D5D-AC2C-9DF3BE709AB9};"8,9,{8DE104F9-D142-4FD7-89B2-245559942229};";2026-09-17 11:43:01;2026-09-17 11:43:01;{BD91C9EF-B85E-4EEB-A9F6-3497EE196DE3};256
331;1;8;9;{E2A8B0A5-926E-409E-A530-DC70B875651F};"8,10,{68392226-E8C3-4389-850B-0ACDF88734AC};";2026-09-17 11:43:01;2026-09-17 11:43:01;{5A18DCC7-E901-4C09-9F98-656F64B14313};256
332;1;8;9;{B59B9421-A0AA-44C0-AA51-1C3719036CC5};"8,10,{30BDB35C-3401-4C41-9AE3-28E511C9A699};";2026-09-17 11:43:01;2026-09-17 11:43:01;{C418820C-AEDC-485D-A17D-F9C512FC2664};256
333;1;8;9;{492FA5AD-BA06-45D2-9FBD-D16821F1625B};"8,10,{8B056DB9-24FC-46CB-B514-065C1377CE64};";2026-09-17 11:43:01;2026-09-17 11:43:01;{D8B59A5E-E3B2-4A47-AEB2-9E7A0497BB17};256
334;1;8;9;{56727BC9-E73B-4860-BF43-F698B49187E1};"8,10,{DF726DBE-7E92-446C-8872-336D670F4C61};";2026-09-17 11:43:01;2026-09-17 11:43:01;{A8488E77-8E78-485F-9D78-C0149A537381};256
335;1;8;9;{5D5011F7-0FB0-4AF9-B036-B22CAC078946};"8,10,{729CB372-1269-490D-A496-0003D692CCFA};";2026-09-17 11:43:01;2026-09-17 11:43:01;{92C96F48-C406-4F75-99CE-A6F3A0C093E2};256
336;1;8;9;{FB4612F6-B212-4965-A64F-28556CDD8ADB};"8,10,{5637C389-FBF8-4107-A9A5-AC78F48E47E7};";2026-09-17 11:43:01;2026-09-17 11:43:01;{70438CD5-CB00-4723-A7A9-C7CDBC14F48F};256
337;1;8;10;{E380938A-C006-48DB-B239-689150C72219};"8,9,{D32E7D0E-C967-4DF3-9DA1-5E600063B64F};";2026-09-17 11:43:01;2026-09-17 11:43:01;{24034777-47DA-49AD-91A5-81CA4BCBB2B5};256
338;1;8;9;{E6A8001E-BD90-4B86-B6F7-5A4C520CC9D0};"8,10,{30BDB35C-3401-4C41-9AE3-28E511C9A699};";2026-09-17 11:43:01;2026-09-17 11:43:01;{98338EFF-7823-4C1A-A127-9C0C365BDEC8};256
339;1;8;9;{951BB92C-EA40-4607-B2AA-A9ED04439976};"8,10,{D5422991-B119-4C4B-B817-7E21B5DC85DC};";2026-09-17 11:43:01;2026-09-17 11:43:01;{E7AD721C-ACC1-4B14-821B-0DDC492DD0BA};256
340;1;8;9;{B5B29880-D990-47CE-93DE-482E4EA08F13};"8,10,{51E3DFF2-87EF-4A38-B3EC-F7273F0CFDCD};";2026-09-17 11:43:01;2026-09-17 11:43:01;{9468986E-F080-43B0-ACF0-4E1D1D3341CB};256
341;1;8;9;{7B333801-4E83-4774-B830-F8D903E07828};"8,10,{30BDB35C-3401-4C41-9AE3-28E511C9A699};";2026-09-17 11:43:01;2026-09-17 11:43:01;{A5F56EA5-2801-43BB-A3FE-0B91CE4B4F48};256
342;1;8;9;{47F72FAC-C37E-4EA8-B27F-0FBA10793A59};"8,10,{5E957661-4F5C-4FBE-8D97-BB6D8A6E8F03};";2026-09-17 11:43:01;2026-09-17 11:43:01;{2BC4822A-F3F1-4A8A-9699-28B69183558E};256
343;1;8;10;{A102080F-79E8-49FD-92A9-C350795482AF};"8,9,{97436511-B402-4309-82A3-B613F1B9BE1F};";2026-09-17 11:43:01;2026-09-17 11:43:01;{BCCC5379-C944-44CC-A445-8E3B2C952125};256
344;1;8;9;{ECE30031-9EA4-4197-8876-283E29943EFB};"8,10,{8E4C7BDB-1D4C-4ABF-9596-C48AD592F44C};";2026-09-17 11:43:01;2026-09-17 11:43:01;{2DA3091B-8067-4F71-9CBF-B376CBCC1574};256
345;1;8;9;{1006111A-BBF7-4083-83E2-B7691754DDC4};"8,10,{3BE59568-3A16-4FAA-B824-64CB7A0B1D7B};";2026-09-17 11:43:01;2026-09-17 11:43:01;{829E4F18-EF91-46E9-BB58-13608B60CD98};256
346;1;8;9;{098F2C4E-8A76-4DFE-9321-220E43E5353B};"8,10,{DF726DBE-7E92-446C-8872-336D670F4C61};";2026-09-17 11:43:01;2026-09-17 11:43:01;{9FCCD216-7234-4029-B1B0-55C2B4EF50C0};256
347;1;8;9;{0872C2CA-0B9D-4725-8A64-C9FFCAB7B564};"8,10,{30BDB35C-3401-4C41-9AE3-28E511C9A699};";2026-09-17 11:43:01;2026-09-17 11:43:01;{63C47BBC-A544-4E73-92BA-2AC0A416F1FE};256
348;1;8;9;{7A3817C1-ADD7-4201-AB79-A15588035D4B};"8,10,{68696DD3-F1A9-4FFF-98B4-D5226DF480C8};";2026-09-17 11:43:01;2026-09-17 11:43:01;{4BC544FC-86C6-42B6-938B-43DE85A01049};256
349;1;8;9;{F3ED48EE-222B-4FC7-ABED-8D19228ADEA2};"8,10,{3C282366-59E3-439B-92C5-342EB33A5179};";2026-09-17 11:43:01;2026-09-17 11:43:01;{D13ACEE0-3137-42BB-961B-CF34F0606BCB};256
350;1;8;9;{09C3B0DF-677C-4F2A-9CEB-E4A2F76B507E};"8,10,{30BDB35C-3401-4C41-9AE3-28E511C9A699};";2026-09-17 11:43:01;2026-09-17 11:43:01;{C3300A86-FDA5-4A0B-9D88-12F759E352A8};256
351;1;8;9;{A139D639-BC17-49C9-95B8-4EB04EFB49A3};"8,10,{8488FC0C-216E-4AE2-8B8D-F4F5FBBBE7D6};";2026-09-17 11:43:01;2026-09-17 11:43:01;{AAE23711-390F-4B74-8104-2E855B49B990};256
352;1;8;10;{0BEDE384-12F0-44DC-8FAD-D1E54CFB390B};"8,9,{CCEB414D-1F46-4B83-91D5-DB1BEB0C4DC2};8,9,{17ACE493-F638-4A21-89B4-D7AB30371C71};";2026-09-17 11:43:01;2026-09-17 11:43:01;{53AC6658-1E74-4961-B79A-72B7CD5FCE38};256
353;1;8;9;{1A3DB08E-139E-4705-AA13-15BF94B553D8};"8,10,{30BDB35C-3401-4C41-9AE3-28E511C9A699};";2026-09-17 11:43:01;2026-09-17 11:43:01;{D08A51CE-AFC8-4417-AC12-C279715C074E};256
354;1;8;10;{20D173D8-24EE-4455-A9ED-E55900922FDE};"8,9,{6FE23DD0-ACC8-472D-B6FD-6AA03A453376};";2026-09-17 11:43:01;2026-09-17 11:43:01;{5C63421C-8FD1-4F0E-99E2-CBEA658C2085};256
355;1;8;9;{5464678D-9360-4B53-9250-69BA5FAF005F};"8,10,{36F78461-82F2-402C-917F-451F1DE09C91};";2026-09-17 11:43:01;2026-09-17 11:43:01;{1B55B7D8-1350-451D-8079-182C752CFE0F};256
356;1;8;9;{DCF5A757-06EC-4755-9AF4-E40592597583};"8,10,{30BDB35C-3401-4C41-9AE3-28E511C9A699};";2026-09-17 11:43:01;2026-09-17 11:43:01;{4CF66B79-5BEB-422D-B7D3-8893C0F02C5A};256
357;1;8;9;{608288E9-3D65-4767-B4BC-418ECF21C96A};"8,10,{30BDB35C-3401-4C41-9AE3-28E511C9A699};";2026-09-17 11:43:01;2026-09-17 11:43:01;{954D329D-0D06-42C1-A622-D2EBFF58E597};256
358;1;8;9;{170B9D66-0A92-4A17-8D17-5E863C2DAE95};"8,10,{286ECF4E-3982-4CE5-81C4-1E9DA46BCE29};";2026-09-17 11:43:01;2026-09-17 11:43:01;{3B073860-0AC7-4486-A68C-C3B32E8DBB5C};256
359;1;8;9;{6C0D3395-F175-44D7-90B1-956CE363AAA6};"8,10,{96497F61-3506-4CA2-B225-9F5FB0587BE9};";2026-09-17 11:43:01;2026-09-17 11:43:01;{50BC2872-CE22-4F4A-8714-ED6844EAF6B8};256
360;1;8;9;{B292C1F6-8F36-4613-9ADC-3615F6432201};"8,10,{A6A2C96C-79A4-4C99-B811-4846FE6D90E2};";2026-09-17 11:43:01;2026-09-17 11:43:01;{02070B0D-0447-4BCA-9CB6-12BAC482C6FF};256
361;1;8;10;{A15184F7-7943-429F-93C1-6FADF19F863B};"8,9,{81D53535-2C1F-438A-85D2-9E3C84D06EF7};8,9,{CE6A77A6-6A16-4B90-8D78-F1BDE68AFE84};8,9,{418F5646-F730-4BCA-8EE1-75A85D25F605};8,9,{A2908C50-4F36-415A-8D07-4E4185C8905E};8,9,{759E2089-C116-49C6-9627-F3F5CB0D7D79};8,9,{6232E990-FDC5-4669-BE94-56AC64265FC4};8,9,{31588C4E-FF4F-43BE-83C2-B9617623F4E8};8,9,{9125D7BC-270F-4275-A4BA-553D5F440899};8,9,{390D9534-1B84-4AD8-9C8D-3A0D84E088FF};8,9,{440A7FEC-3946-44D5-9E6A-E9760A2C2701};8,9,{8BBF5DBB-304F-44F6-9FFD-3276B1D3B472};Additional rule violations exist.";2026-09-17 11:43:01;2026-09-17 11:43:01;{69EC7863-7394-4636-822C-BE2A3627ABDB};256
362;1;8;10;{01498D4E-E4D8-4148-AEAE-296418C345B4};"8,9,{2B3CF58E-8D75-4FA4-8E32-9AB27B1A2FA1};";2026-09-17 11:43:01;2026-09-17 11:43:01;{93D2F73C-AF3A-4791-96EE-37B140D3E95E};256
363;1;8;9;{CE6A77A6-6A16-4B90-8D78-F1BDE68AFE84};"8,10,{A15184F7-7943-429F-93C1-6FADF19F863B};";2026-09-17 11:43:01;2026-09-17 11:43:01;{BC2A71B0-DCF1-4E4C-94B6-10C6E09CBA05};256
364;1;8;10;{036EA3C5-42AB-4BE5-A40B-6DCCC121F692};"8,9,{58F1CD20-56E7-4DCB-83C5-BDC156BC9843};";2026-09-17 11:43:01;2026-09-17 11:43:01;{26F1DF99-BF6F-469B-B524-933F9C014AE1};256
365;1;8;10;{D46EEB5D-4A17-43C4-84A3-81A410D7272B};"8,9,{01CEB2BF-DDA1-4CC5-81DD-474C12608D37};";2026-09-17 11:43:01;2026-09-17 11:43:01;{ED78B3DB-4FA5-4EE3-8410-2C334A4DA6E9};256
366;1;8;9;{F364A9C5-E9DC-414F-BA90-967356373138};"8,10,{9CEFBA11-7AEA-4467-9FFF-D9EC08AF496E};";2026-09-17 11:43:01;2026-09-17 11:43:01;{17BCCC76-0B59-4DB1-96D8-CB39AB93A4FF};256
367;1;8;10;{B2F9A900-0040-494D-8BDD-9E6642F3D8FF};"8,9,{24598B10-4250-4EB8-B5F1-80EB80116F84};";2026-09-17 11:43:01;2026-09-17 11:43:01;{CEDA80C7-29E6-4B29-A1F4-AF711E938E3E};256
368;1;8;9;{D32E7D0E-C967-4DF3-9DA1-5E600063B64F};"8,10,{E380938A-C006-48DB-B239-689150C72219};";2026-09-17 11:43:01;2026-09-17 11:43:01;{A91BCD36-97D0-4671-8FA0-C44CDC609250};256
369;1;8;9;{A87339F4-5C62-4CFE-8EA2-62C759BBAC83};"8,10,{926D11CB-71FC-4B28-88FA-88FFA7778A0C};";2026-09-17 11:43:01;2026-09-17 11:43:01;{5CCA9326-35E8-499C-89DB-63A7A1E45401};256
370;1;8;10;{AFD0FA53-030D-4F54-88EF-CE37C76E098E};"8,9,{3472D8EC-E70D-4367-8FCB-BE4F29DF29E4};";2026-09-17 11:43:01;2026-09-17 11:43:01;{E1EBCA87-F41B-4CD3-9311-95AC25A76C93};256
371;1;8;9;{418F5646-F730-4BCA-8EE1-75A85D25F605};"8,10,{A15184F7-7943-429F-93C1-6FADF19F863B};";2026-09-17 11:43:01;2026-09-17 11:43:01;{C2318C26-5220-4092-83E3-D9FFB06EC9C8};256
372;1;8;10;{EFB3D21F-6B8D-4FCA-98AC-AF2A36E9095C};"8,9,{6A34D2DD-3DE9-457C-8C04-BB704A20DCC0};8,9,{01A21C8A-1239-486F-A846-594A2F358AE2};";2026-09-17 11:43:01;2026-09-17 11:43:01;{450420DD-D83C-4AFF-8EFC-1945D7E90A96};256
373;1;8;9;{C5BB4081-23EF-432A-B902-3A9041B05222};"8,10,{EAEC4A39-619F-47F3-B0D4-A4D7A8CAAF7B};";2026-09-17 11:43:01;2026-09-17 11:43:01;{FD7309BB-92DB-4C26-8719-A97E9753DE4D};256
374;1;8;10;{DFB42826-8F41-4F57-A9FF-209E41F542F8};"8,9,{FD4090B8-B39B-49F8-9638-A408421A2B07};";2026-09-17 11:43:01;2026-09-17 11:43:01;{D92CC797-840E-4035-863B-8AF9A79B3BF8};256
375;1;8;9;{3A8CADFE-B166-4AEE-A6A5-2B1A4A084199};"8,10,{0DD184DF-1129-4D53-9474-393E0F961349};";2026-09-17 11:43:01;2026-09-17 11:43:01;{42371D30-3726-43A5-AD75-3444A9BE1834};256
376;1;8;9;{F09287E3-940A-48DF-B83B-E878B63269B5};"8,10,{94CDCFA4-FFE8-440D-A904-4C56D98F1F3C};";2026-09-17 11:43:01;2026-09-17 11:43:01;{E01818C3-7938-4BAA-8A65-D0207678A5AD};256
377;1;8;9;{D6734B94-A3A5-4439-A2D4-020E1DD33924};"8,10,{CA8AC2FC-88E1-4E50-A634-5AA471901C8B};";2026-09-17 11:43:01;2026-09-17 11:43:01;{97DFE92C-ADA4-4719-94FF-85B3824C29D9};256
378;1;8;10;{A06349EE-9725-4C2F-BF64-B304233A3359};"8,9,{9219F2DF-71E2-44BA-8792-15BE7F5DB025};8,9,{8D365448-DCB5-48D6-B9F0-3EA911A03BF1};8,9,{6D6749B2-99D0-4837-ACBC-6D709E38F94B};8,9,{2B713E56-5C22-477A-909F-49FF783F40B7};8,9,{7BAA442D-D650-4C0C-BFE4-D2E3DACF7789};8,9,{919AF175-4E30-4F14-AF66-6EE0B74D3F02};8,9,{7D9B4CCA-2BF8-4FFB-B0A5-05682057852B};8,9,{AC322266-403B-416A-9467-51FE19C74577};8,9,{DA2C436E-505D-481C-B720-96BEAE87A1DC};8,9,{E2CB65A5-BE51-402B-B124-F6A58EA09BBF};8,9,{B90AC342-9999-4960-81E0-80EA0830D56B};Additional rule violations exist.";2026-09-17 11:43:01;2026-09-17 11:43:01;{FA97A3B0-EC7C-4776-9F90-549634B1BE17};256
379;1;8;10;{2FA68ACF-FE44-4F6B-9C08-B4B425D0743C};"8,9,{CE6F29FD-5E57-475F-9251-FCE326F31EDE};";2026-09-17 11:43:01;2026-09-17 11:43:01;{C6B1AAA2-E2AE-4880-A5B7-19090D11797B};256
380;1;8;10;{9D5854D6-E19E-4DF2-A980-6E48A44EB6BC};"8,9,{A8AC9E2C-3AA6-4F2C-B805-4EDA06275F89};";2026-09-17 11:43:01;2026-09-17 11:43:01;{6B749894-D742-4A5A-855E-276D77F326DD};256
381;1;8;10;{FF7DB905-5D32-4099-9F2A-C982DB5ADF04};"8,9,{498A71E0-5E47-4A78-AFAF-393DD937319C};";2026-09-17 11:43:01;2026-09-17 11:43:01;{4D232D4C-2E57-4641-8357-92B626B47167};256
382;1;8;9;{D2227361-CBF5-4A4A-BA70-BEBC3F71FEB3};"8,10,{B17695EF-0DAC-4367-971A-AD985D83BB00};";2026-09-17 11:43:01;2026-09-17 11:43:01;{A0DF19A1-BF0C-4AE5-BB72-AEAE37587F89};256
383;1;8;9;{E2125A85-1340-433E-8B71-EBD813219723};"8,10,{99619E03-B1FB-4660-B26A-B08E4CF4FA2B};";2026-09-17 11:43:01;2026-09-17 11:43:01;{ED867454-A97F-4A75-BE12-0A7E304F7D96};256
384;1;8;10;{5FF5C7DB-291D-413D-BF85-0AD1DAD5BBA6};"8,9,{2A1D2A67-B6B1-47A0-BE11-A6B48698AB97};";2026-09-17 11:43:01;2026-09-17 11:43:01;{F9C59B2F-56BB-46CE-8989-393EDD553682};256
385;1;8;9;{9219F2DF-71E2-44BA-8792-15BE7F5DB025};"8,10,{A06349EE-9725-4C2F-BF64-B304233A3359};";2026-09-17 11:43:01;2026-09-17 11:43:01;{BE0869CF-F529-4012-A3A1-77D1BAF81601};256
386;1;8;10;{5B48471D-364C-49FE-90D1-D9BF329BD8A3};"8,9,{8F12270A-E500-42FE-B6F0-280CBDB6A698};";2026-09-17 11:43:01;2026-09-17 11:43:01;{C8A2D50C-9332-4B16-8A5F-87A17BC3BD72};256
387;1;8;9;{672F4581-10D4-4BE0-B674-734FFF465721};"8,10,{ED1AF2BA-DDC5-4BC1-A967-1C7076E604DA};";2026-09-17 11:43:01;2026-09-17 11:43:01;{B6704EDB-A4CD-43CE-8142-EE61EDE01DD0};256
388;1;8;9;{7ECABA4D-AD80-44F2-B652-CE779E3D54FF};"8,10,{DEF73C89-9F7E-46E7-B049-1F1CBCDE78C9};";2026-09-17 11:43:01;2026-09-17 11:43:01;{C4F00719-8173-4E46-9D9E-25D9631C51F3};256
389;1;8;9;{D49B47B5-B070-43EB-93A3-34511280651E};"8,10,{E38E3EA3-9BAC-4357-B7C2-68F3C88A0AFB};";2026-09-17 11:43:01;2026-09-17 11:43:01;{63186841-EB03-4DA2-AFCF-6FF8BCD00970};256
390;1;8;10;{3C0B4095-FB32-445C-9FE2-7620922AE589};"8,9,{5E169CB4-4838-4AD2-90CA-4DBB8C49571D};8,9,{BBA583FE-FD2A-4AC2-A755-DF4DCB28BE3B};8,9,{A4E3C710-1546-4916-909B-6052C15AF559};8,9,{6E102004-61EC-480E-8942-A8CC49E4D92E};8,9,{B6CEA65F-AABB-41C5-8959-6C222A6C2209};8,9,{FA0F6CAD-6346-4F59-AA10-B3DB00DE3BBD};8,9,{C1B1A7DA-BC88-4FC6-99A7-FA974289CD19};8,9,{319603F0-18EE-443E-B13E-1167AF5E4217};8,9,{F5BDABF8-D82D-4796-A1B4-B12EE41CD697};";2026-09-17 11:43:01;2026-09-17 11:43:01;{FE1B374F-4FEF-431B-842C-61900C9CA42C};256
391;1;8;9;{B87A35B1-5261-41A5-AEB5-1B42C5DAF254};"8,10,{F9D05A8B-8E3A-498B-8BE4-36D61F589E5E};";2026-09-17 11:43:01;2026-09-17 11:43:01;{8DDDF002-D019-4447-8806-2D6A6B267636};256
392;1;8;9;{9D2850BB-C44A-4809-9847-6B04D1ABABF2};"8,10,{C3B595FF-24C3-4851-9C5A-D75A0E1826BE};";2026-09-17 11:43:01;2026-09-17 11:43:01;{32965780-1C16-4182-A184-E6E016E8C80E};256
393;1;8;9;{A2908C50-4F36-415A-8D07-4E4185C8905E};"8,10,{A15184F7-7943-429F-93C1-6FADF19F863B};";2026-09-17 11:43:01;2026-09-17 11:43:01;{7A0FE6A8-4D3B-4395-9C64-8E7E19B17496};256
394;1;8;9;{829B3288-2F4A-4505-B50B-15C58E9CF1D9};"8,10,{3440E4C9-30BE-4F8F-8C2B-25F0BC09F59C};";2026-09-17 11:43:01;2026-09-17 11:43:01;{AFC00405-9DCA-4123-8DC2-C510E8B0162C};256
395;1;8;9;{D5DD2918-4538-4EEE-8C58-F6FA709F11A2};"8,10,{B6F1F699-16EF-4F1E-99CE-B16622669EDF};";2026-09-17 11:43:01;2026-09-17 11:43:01;{9998C6AB-41E2-4914-8D55-81752D3C0A5D};256
396;1;8;9;{9B5A8E36-868D-49FA-BD36-1E45BBEB9B98};"8,10,{1783F00C-9A7A-4587-A829-B77599BD0FB3};";2026-09-17 11:43:01;2026-09-17 11:43:01;{A8A2A392-038B-46FF-A2F4-A1184C031FF6};256
397;1;8;9;{2780D599-2340-4A9A-87BC-106255C58657};"8,10,{A05D80B0-C2C8-4A04-80F6-6F30CA0E0522};";2026-09-17 11:43:01;2026-09-17 11:43:01;{54436751-2BF7-42BD-B951-D4267DC0750F};256
398;1;8;9;{9D2567CC-6703-48B5-9267-26AF6946932D};"8,10,{1D50FEAF-7BFB-4C76-9819-5032AEDD606F};";2026-09-17 11:43:01;2026-09-17 11:43:01;{7DBC363F-EF83-42A5-AFD2-4C7A244076F4};256
399;1;8;9;{6614684C-E96C-4B23-B130-CB99434D523B};"8,10,{0566E88E-90AC-4061-95B4-27ED954BEB70};";2026-09-17 11:43:01;2026-09-17 11:43:01;{08D97152-7754-47EB-A9D4-3DF57880722C};256
400;1;8;9;{FEF603ED-9524-405F-A6D7-F9C82F8A55E6};"8,10,{E6F00C7E-1229-494F-9726-E076DAF1C40C};";2026-09-17 11:43:01;2026-09-17 11:43:01;{7644B3BD-1879-479C-A316-4B2CAED3DAED};256
401;1;8;9;{92E8D441-FC8D-47A7-BFD3-27992156A2B2};"8,10,{F145CCD6-001B-4FB5-88A3-05FDB4DD5055};";2026-09-17 11:43:01;2026-09-17 11:43:01;{588D715E-E94C-4B18-91FC-1227FCB956D2};256
402;1;8;10;{E3E355F3-7EF9-463E-BC0F-A73D491BF899};"8,9,{943229AD-C053-45D7-B9D2-EDEFC1DD693B};8,9,{554F0808-3718-44CF-8CF2-937E5BD82F74};";2026-09-17 11:43:01;2026-09-17 11:43:01;{B2249721-A8C1-4485-B3AE-49F4FE2BF85C};256
403;1;8;9;{8D365448-DCB5-48D6-B9F0-3EA911A03BF1};"8,10,{A06349EE-9725-4C2F-BF64-B304233A3359};";2026-09-17 11:43:01;2026-09-17 11:43:01;{FC474CB9-B46A-4FFB-800A-F5B8BBA35885};256
404;1;8;10;{DA9879AA-6BF7-42F3-BBEB-5FA182DEA35A};"8,9,{5B3A399E-03B4-4910-A2CE-3C697A374351};";2026-09-17 11:43:01;2026-09-17 11:43:01;{59A31495-0FAC-4ECA-AADA-45DA94BCA5DA};256
405;1;8;10;{CC0BC1EC-767C-42DA-B91F-D78A2DBD0535};"8,9,{904756D8-5F11-454C-805B-F8754537371C};8,9,{91D92817-B917-4BCA-AA84-8B54E3538629};8,9,{69DBD23E-D155-469A-89A9-436030E3C029};";2026-09-17 11:43:01;2026-09-17 11:43:01;{DF45A449-0396-49AC-B5DD-7C3D8D82CD7F};256
406;1;8;10;{7545FFB1-E90B-4C4E-8CD8-0607146572FC};"8,9,{CB97CC21-D74A-4E7B-8189-4BEABC9FB302};8,9,{3A92BE1D-C69C-43E7-B3FF-0BDE59DB7468};";2026-09-17 11:43:01;2026-09-17 11:43:01;{6229892F-2FEA-404A-835C-BA39A884C725};256
407;1;8;9;{5B3A399E-03B4-4910-A2CE-3C697A374351};"8,10,{DA9879AA-6BF7-42F3-BBEB-5FA182DEA35A};";2026-09-17 11:43:01;2026-09-17 11:43:01;{20E2E2E9-FAB5-42AE-8899-C091AE4C2DE2};256
408;1;8;9;{5802C6D4-33B3-4E21-ACBF-7AE8798A242A};"8,10,{24D12AFE-F1CB-41C9-98D4-AAFA9DD424EA};";2026-09-17 11:43:01;2026-09-17 11:43:01;{0649A4F3-F7F1-4CBB-AE5E-E7227F98DFE5};256
409;1;8;9;{97A9D508-F6B3-4DFD-B778-272A0845F22A};"8,10,{E1BC9C75-0ACE-41DF-A0D7-ADD1FB5484C5};";2026-09-17 11:43:01;2026-09-17 11:43:01;{9326EB1E-8FFC-467D-97A4-CD3A424B34F4};256
410;1;8;10;{0A85DADE-3C3F-4905-B70A-72CD73DD5AED};"8,9,{290E8A87-1203-453D-B903-C94C747A96DF};";2026-09-17 11:43:01;2026-09-17 11:43:01;{A7E2A00C-AFAD-43BE-856A-115470379821};256
411;1;8;9;{3804CB00-61B3-48BE-9957-CD53301D7788};"8,10,{3E5EB119-8429-4F31-86B6-F9021BD25A89};";2026-09-17 11:43:01;2026-09-17 11:43:01;{92E3284A-0B82-4293-A7B9-0F8181436193};256
412;1;8;10;{F145CCD6-001B-4FB5-88A3-05FDB4DD5055};"8,9,{92E8D441-FC8D-47A7-BFD3-27992156A2B2};8,9,{E8580D53-9DE4-4757-8B92-58D127D5E250};8,9,{2A226A4C-593C-4B2D-932D-73FB04FDCE57};8,9,{CE0BD98A-BA79-416D-BED5-CF9528C1853C};8,9,{EE6FCE95-F14F-4B20-B2F3-DD256E0C8460};8,9,{E3512002-8023-49A8-9266-75282516E347};8,9,{17B68728-BEAE-4F03-B966-D9E7FBEC3D18};8,9,{F4322AA3-82B5-4E54-A9D3-AFAD7F03B52B};8,9,{6CDFC6D6-9A7B-4DD0-840E-D8B64412C508};";2026-09-17 11:43:01;2026-09-17 11:43:01;{6FA58DAE-C15A-4565-BED0-31D0463E4CDC};256
413;1;8;9;{BFAAA26F-C073-41C5-9E16-AB53A946909C};"8,10,{D33D46DD-BBE9-484C-93CE-A4C48D8EB7BC};";2026-09-17 11:43:01;2026-09-17 11:43:01;{525278FB-54E7-46FF-B4F2-2A9B121E2055};256
414;1;8;9;{759E2089-C116-49C6-9627-F3F5CB0D7D79};"8,10,{A15184F7-7943-429F-93C1-6FADF19F863B};";2026-09-17 11:43:01;2026-09-17 11:43:01;{CC9862C0-EAF5-4A5D-ADC7-7CEF982179EA};256
415;1;8;9;{2A226A4C-593C-4B2D-932D-73FB04FDCE57};"8,10,{F145CCD6-001B-4FB5-88A3-05FDB4DD5055};";2026-09-17 11:43:01;2026-09-17 11:43:01;{5EC39F90-3A01-411E-9C6F-2E659A5FD788};256
416;1;8;10;{C484BB39-79FE-4E4C-A8E5-2871C88871BB};"8,9,{C2EA7F0E-0E38-43E7-854B-B89D725D555D};";2026-09-17 11:43:01;2026-09-17 11:43:01;{7A9316CD-BF1A-4EDD-9E92-CD681232720F};256
417;1;8;9;{F4FE6D77-2037-48F3-B012-56B08407CC4A};"8,10,{C510DEAD-5A9F-4E06-81AE-B5DDAFC170B6};";2026-09-17 11:43:01;2026-09-17 11:43:01;{26FC1497-7EE0-4413-8ED3-44CC858D46E7};256
418;1;8;9;{6D6749B2-99D0-4837-ACBC-6D709E38F94B};"8,10,{A06349EE-9725-4C2F-BF64-B304233A3359};";2026-09-17 11:43:01;2026-09-17 11:43:01;{5BA28BD4-BCFC-4F24-B074-485AA32AC413};256
419;1;8;10;{25D468B5-240D-4768-9E04-B75707A944E0};"8,9,{6BEB08B9-89AC-4099-806C-71DF9C78F7C2};8,9,{BCB6D2D5-131E-42C5-857F-EA7886F92108};";2026-09-17 11:43:01;2026-09-17 11:43:01;{04D8A3D4-4EC5-4C58-905E-FA18BB87AFA6};256
420;1;8;9;{6232E990-FDC5-4669-BE94-56AC64265FC4};"8,10,{A15184F7-7943-429F-93C1-6FADF19F863B};";2026-09-17 11:43:01;2026-09-17 11:43:01;{A71E2363-6660-4552-A237-162B3E4DAE60};256
421;1;8;9;{BA6FFA95-3A5A-4577-82BD-97BF664A09DF};"8,10,{0F5471CB-284B-4EAC-AD69-12B0CF719080};";2026-09-17 11:43:01;2026-09-17 11:43:01;{69646804-7939-405B-B804-8CF2D3453526};256
422;1;8;9;{1097B2B5-5B24-41F9-890D-1D5873F52671};"8,10,{BFB8052C-9175-4112-A5A0-5AF3B859C1E8};";2026-09-17 11:43:01;2026-09-17 11:43:01;{7C1EDC38-0677-4F3B-A6B1-8AA41E1FED07};256
423;1;8;10;{1CF73A5E-FD9B-4915-AD0D-7BA9574A3276};"8,9,{26726110-4B8B-40C0-A2AF-2119E0B77D94};8,9,{06454270-1CF5-4674-B021-95D5027294B3};";2026-09-17 11:43:01;2026-09-17 11:43:01;{A312333F-EA7F-419F-BFF9-13046C96F680};256
424;1;8;9;{E3C62D98-91A2-49B7-983D-36335E543279};"8,10,{D1DE9397-97BE-4F4E-84B1-02713D8428A6};";2026-09-17 11:43:01;2026-09-17 11:43:01;{33D787EF-0B75-4865-A60E-2599E48D740D};256
425;1;8;10;{D67FD9BE-2725-4D1F-8DF1-2BD53E0DA8F7};"8,9,{E5441A15-9ADB-4BAB-B50B-FDF53F26490D};";2026-09-17 11:43:01;2026-09-17 11:43:01;{792C1271-6ABE-4AB2-8DA1-3DD0FDF37391};256
426;1;8;9;{9F16AAAE-E1EF-48E3-9FF1-EBC81891751B};"8,10,{F8FB4A07-73A6-4182-8C87-88EE0B3ED08D};";2026-09-17 11:43:01;2026-09-17 11:43:01;{4CFEE924-B4BF-4674-9E90-36DD801E971B};256
427;1;8;10;{DF726DBE-7E92-446C-8872-336D670F4C61};"8,9,{D32B3418-13B2-4040-9CCE-F918FFE6A438};8,9,{D128E255-A969-40E3-8B08-6C51688E7080};8,9,{0C75ACCB-16EA-44B5-9FC0-3449C8D1FD98};8,9,{098F2C4E-8A76-4DFE-9321-220E43E5353B};8,9,{56727BC9-E73B-4860-BF43-F698B49187E1};";2026-09-17 11:43:01;2026-09-17 11:43:01;{E6360AFE-6D19-430C-B9D7-7FCCDE2B2A7C};256
428;1;8;9;{238111DB-BC4F-400E-960E-CA4D31BE4E66};"8,10,{F36E7CA6-5D5C-4B32-85A7-2CE5FB55D8BE};";2026-09-17 11:43:01;2026-09-17 11:43:01;{D08B6723-5EDF-4BC4-93A3-C919358E7885};256
429;1;8;9;{E5441A15-9ADB-4BAB-B50B-FDF53F26490D};"8,10,{D67FD9BE-2725-4D1F-8DF1-2BD53E0DA8F7};";2026-09-17 11:43:01;2026-09-17 11:43:01;{1F703175-E7E0-4125-806D-345E89016D27};256
430;1;8;9;{C471BD53-7BFD-4027-A539-53DB2380FFC7};"8,10,{283B798E-9526-4D10-8D26-4D8B6980AD37};";2026-09-17 11:43:01;2026-09-17 11:43:01;{AE2821E2-8487-44D5-B035-E51C13ED5909};256
431;1;8;9;{86D511E3-F743-4CC5-8061-8F2819E8C895};"8,10,{992C4022-C18D-4A4F-8935-29E2BBC12086};";2026-09-17 11:43:01;2026-09-17 11:43:01;{58A0C379-4B21-4DE3-9CBA-AB16A42CC671};256
432;1;8;9;{7BAA442D-D650-4C0C-BFE4-D2E3DACF7789};"8,10,{A06349EE-9725-4C2F-BF64-B304233A3359};";2026-09-17 11:43:01;2026-09-17 11:43:01;{2EB7B4FB-90AB-439D-8F5C-2E9E65B1A65E};256
433;1;8;9;{596457C6-0341-4F02-BEA9-3E62008B5A6C};"8,10,{F042E4D3-C78B-45E9-8DF6-428B46E65B31};";2026-09-17 11:43:01;2026-09-17 11:43:01;{111B39D6-8858-4C0E-B43A-876C5D08E7FE};256
434;1;8;9;{C8C9CCFC-5E45-43A8-8449-1491B7F4B74C};"8,10,{8413ADC4-E528-4279-B4C5-A43353C84968};";2026-09-17 11:43:01;2026-09-17 11:43:01;{85F7B441-C982-4A5A-A8BE-98CC643B6B1E};256
435;1;8;9;{31588C4E-FF4F-43BE-83C2-B9617623F4E8};"8,10,{A15184F7-7943-429F-93C1-6FADF19F863B};";2026-09-17 11:43:01;2026-09-17 11:43:01;{DE32F81D-4A00-4B5B-91CD-599B25671470};256
436;1;8;9;{3950BC52-9345-4B6D-ADAE-F9DFAF14B727};"8,10,{384CD41B-7E10-4FBE-AFF3-DEF474F5EEB2};";2026-09-17 11:43:01;2026-09-17 11:43:01;{7F0B22FA-3280-4AB4-85BB-ABF9C15E1C0F};256
437;1;8;10;{25F6C058-A1E5-4371-A247-470ADBE81331};"8,9,{9F11946C-A0CF-41F6-984C-B6501FED30C2};";2026-09-17 11:43:01;2026-09-17 11:43:01;{65E3D17F-414A-4521-A591-2BD2FA47163F};256
438;1;8;10;{9CB51322-005C-40FD-ABA2-222E75F54EC7};"8,9,{9EB5B587-5DD4-4972-B13B-C7212C4F8782};";2026-09-17 11:43:01;2026-09-17 11:43:01;{75DD9B83-8E7A-4A31-867E-D95C4F174581};256
439;1;8;9;{B0785A5D-70D6-49F2-82E2-D0086B46A9B7};"8,10,{F06C12AA-43C2-44F1-8911-EF9B220679C7};";2026-09-17 11:43:01;2026-09-17 11:43:01;{EC7A8425-1229-4AEA-ACAE-DC0531153C4E};256
440;1;8;10;{8BBEC2A3-CC6C-49C4-BB8C-7E17C0B8417F};"8,9,{B35FC613-D564-4D8C-AFAC-F58A710D94A5};";2026-09-17 11:43:01;2026-09-17 11:43:01;{B8A97A4C-E939-4DE3-A287-73DC283DF85F};256
441;1;8;10;{9F1453DF-6BCD-4AAA-935D-B216EAC4E125};"8,9,{D613D7BB-9D4C-45C3-ABF0-2D53B3040A92};8,9,{DC1CC11A-D00C-4880-ADEB-DA7143FE720C};";2026-09-17 11:43:01;2026-09-17 11:43:01;{4E7B11C7-6AC6-4152-9B18-184C1ECB17CB};256
442;1;8;10;{35331FC3-60AF-46A6-BE31-AC05F9A38235};"8,9,{3F01198D-5A32-43F0-B605-33039649F0AE};8,9,{521B053B-1A23-43D3-B13A-4F17D2DD52DB};8,9,{0443093F-2139-473A-A811-79F771E9E3C1};8,9,{5047B669-0643-4434-A4CF-D6E7650FF6D3};8,9,{353E5C6C-AFC1-41B3-A311-B6E047B3C4B0};8,9,{A9B8B36E-E86C-4C50-B15E-822646B0844F};8,9,{B020BDA1-7286-4EE7-8C93-C38984AAFBE3};8,9,{7300EF1F-4D41-4EEF-86BF-8A5193175B8A};8,9,{246C3A62-DE32-4076-8102-BF2DEB432471};8,9,{31C7D57F-9A6F-4D88-95D1-75C072AE68DC};8,9,{5609C53D-0F72-4BF2-852C-035FAA5C13D5};Additional rule violations exist.";2026-09-17 11:43:01;2026-09-17 11:43:01;{6F46AB9E-AA78-4981-9BAC-4E5DAED7D161};256
443;1;8;10;{392599F5-AC48-484D-AAD6-65E33D5B4CE8};"8,9,{CB0A4405-9E51-4A5B-B538-DC15AC80C97F};";2026-09-17 11:43:01;2026-09-17 11:43:01;{A2095EF0-B4AB-4C8A-8991-E645E3F8E5CE};256
444;1;8;9;{750A9CD1-3A11-4DEA-AAE3-BBCFE34D146B};"8,10,{4A3C781B-129C-4D34-8ED8-F490BED97057};";2026-09-17 11:43:01;2026-09-17 11:43:01;{4FB040CC-6AD6-468D-8021-6F3D329F343B};256
445;1;8;9;{57F3CB81-CC08-4AA3-BB64-8B9202069D72};"8,10,{9C182C9E-2C1B-44F2-B73C-C9412E1B307E};";2026-09-17 11:43:01;2026-09-17 11:43:01;{E4B2F244-5641-4459-9B6B-AF016B841424};256
446;1;8;9;{4C08E91D-9C49-4CE9-86CB-945CF64130A4};"8,10,{942DFB39-8E84-4639-ABD4-8511D2722C15};";2026-09-17 11:43:01;2026-09-17 11:43:01;{80A1CDDC-0C57-4F61-8C72-3AA11AAC5431};256
447;1;8;9;{9125D7BC-270F-4275-A4BA-553D5F440899};"8,10,{A15184F7-7943-429F-93C1-6FADF19F863B};";2026-09-17 11:43:01;2026-09-17 11:43:01;{7AC0C72F-BBDC-4BDA-9D64-97AD6484D456};256
448;1;8;9;{2A1D2A67-B6B1-47A0-BE11-A6B48698AB97};"8,10,{5FF5C7DB-291D-413D-BF85-0AD1DAD5BBA6};";2026-09-17 11:43:01;2026-09-17 11:43:01;{E9578134-40D8-465B-9273-675A0D2EDAA7};256
449;1;8;10;{02D7CE73-5500-4388-A79D-5EE4B7C6B6AB};"8,9,{0CEDBA7C-DD4B-4B8C-8FE7-46E493F2356E};";2026-09-17 11:43:01;2026-09-17 11:43:01;{805A0665-78ED-4A95-8AC0-F4DD62B0D6BF};256
450;1;8;9;{01771E58-2588-4905-A140-265D5589250D};"8,10,{FF9C02FB-76F7-4C7D-9CE8-439111D289D9};";2026-09-17 11:43:01;2026-09-17 11:43:01;{E337BD85-E7E1-40E3-BB46-636932962DBE};256
451;1;8;9;{A3B764AA-6ED2-47F6-94A3-D449DD13DB0C};"8,10,{DB4B4028-6059-42DB-8A9F-F29193B282A7};";2026-09-17 11:43:01;2026-09-17 11:43:01;{731E7DC0-1500-49F1-B076-EF165687D6E4};256
452;1;8;9;{44B6B3C2-531F-40C6-8297-7A8BACA8CC54};"8,10,{A8ED5CC9-ADFB-40E1-84F1-7F64FFF89801};";2026-09-17 11:43:01;2026-09-17 11:43:01;{F2C307D4-006E-44AB-9F52-097B9D74062B};256
453;1;8;10;{8E4C7BDB-1D4C-4ABF-9596-C48AD592F44C};"8,9,{0D307085-8404-4372-A79F-AE7D54054FFF};8,9,{8C2B3494-4EF8-42C9-A633-AA3F63DBC23F};8,9,{1F9051EF-036E-47B8-AD6B-E326EDDDA6F7};8,9,{CC8C876E-8E79-4C88-B880-57E296BCE7EB};8,9,{B8F0FFD4-7115-4D90-8137-9E20EAF16754};8,9,{57C06F82-FB4C-468C-B75C-C27182EEF54B};8,9,{ECE30031-9EA4-4197-8876-283E29943EFB};8,9,{D8F635E2-6287-4168-B39D-8669F0A167F4};8,9,{2AD705D2-48B2-4264-8289-0CC927E6AA1F};8,9,{15AF83BD-FD35-45F1-A03E-176092CE62F9};8,9,{97A8457A-82AD-4C67-B97F-9B0B665BF4B2};Additional rule violations exist.";2026-09-17 11:43:01;2026-09-17 11:43:01;{BBE83C1D-9109-40A8-9BD4-3EEBBFA377C5};256
454;1;8;9;{0D307085-8404-4372-A79F-AE7D54054FFF};"8,10,{8E4C7BDB-1D4C-4ABF-9596-C48AD592F44C};";2026-09-17 11:43:01;2026-09-17 11:43:01;{9EE57FF0-8D31-4518-8EF1-F4285AA00E01};256
455;1;8;10;{13909B62-161C-4047-989E-6E67A01EAB2D};"8,9,{F36A85CC-3E03-4402-B491-26442B5106A2};8,9,{2A2902C2-8BEF-4072-9DD4-B2F6C7335ADD};";2026-09-17 11:43:01;2026-09-17 11:43:01;{B6C8F209-7B77-40B9-A028-5C71B8C7DA6C};256
456;1;8;10;{C104A229-6B09-49EB-9E22-CC5DF80B51CA};"8,9,{AE1BD670-8704-4DA6-8D82-31D23BA04801};8,9,{1069C8DA-91A7-4EBE-AFB3-CA1964757299};";2026-09-17 11:43:01;2026-09-17 11:43:01;{BA16B4C6-3BD4-4580-BB5E-A2A17E68BF5A};256
457;1;8;10;{F8FB4A07-73A6-4182-8C87-88EE0B3ED08D};"8,9,{9F16AAAE-E1EF-48E3-9FF1-EBC81891751B};";2026-09-17 11:43:01;2026-09-17 11:43:01;{AD3A02B3-1615-44C4-A1C2-DC136E105017};256
458;1;8;10;{4B1AD718-B2CD-42DE-8EF4-A67CDC47CDFC};"8,9,{169D27AF-836A-4A96-BCF6-202E8BC331F5};";2026-09-17 11:43:01;2026-09-17 11:43:01;{ED5EDD15-C3D0-4BB2-AFC7-04A19415A814};256
459;1;8;10;{4FE23B9C-B0A3-4EF0-84F4-8559ED6D1156};"8,9,{07EBC0D8-F3A8-4E86-83A7-60B04272B96E};8,9,{C89B0260-9F57-4B00-B009-517F1EA4D493};8,9,{7C9825E2-8252-4EC1-8F54-1942EB114801};8,9,{FE16858D-9C75-47DA-B766-7E2022375140};8,9,{B57A7A67-C637-4CF2-8914-1D28937F616A};8,9,{57AFD7D0-3EC8-47BA-8A0D-46A209096169};8,9,{194A305A-B2B7-4B21-AA91-785372084418};8,9,{7CDD26CE-8AD8-4CAF-8ECF-DC03F3121F9D};";2026-09-17 11:43:01;2026-09-17 11:43:01;{D11E3296-2CBD-4B54-88C1-C0185D9D001F};256
460;1;8;9;{07EBC0D8-F3A8-4E86-83A7-60B04272B96E};"8,10,{4FE23B9C-B0A3-4EF0-84F4-8559ED6D1156};";2026-09-17 11:43:01;2026-09-17 11:43:01;{CDEDCBBB-C414-446F-AA0A-21AB62355318};256
461;1;8;10;{4B004626-1280-4854-A52B-57CA51C0EC42};"8,9,{D2E6B3F6-2531-4CD9-8407-53EBDE05A965};8,9,{3BC46F70-50C0-43F5-8377-4CA16B142CF3};8,9,{CEF662B9-9B30-43A4-9290-FCC2B9240C53};";2026-09-17 11:43:01;2026-09-17 11:43:01;{2D79FA38-4B34-427A-B458-C9F9ECA8D4DC};256
462;1;8;9;{CBCCEC82-40D3-422D-A1DD-D90B99E8869F};"8,10,{B7C502F1-A182-42EC-ABCE-EC7C14216264};";2026-09-17 11:43:01;2026-09-17 11:43:01;{BACE9013-4E34-4A6E-9F8F-37167DC51F5C};256
463;1;8;9;{E9294261-AA53-44D6-9D7F-C2724502DC87};"8,10,{C6C07B9C-6F67-4885-B917-71887BB7D7F1};";2026-09-17 11:43:01;2026-09-17 11:43:01;{486C2655-38DD-44DD-9E0D-DC5DE8F4B727};256
464;1;8;9;{C9C40327-FD1F-411A-B1A2-E9B9198F115F};"8,10,{AE94F40E-5055-4CA1-A404-6B9F71021559};";2026-09-17 11:43:01;2026-09-17 11:43:01;{29937D84-6B55-45FC-BCB0-DBC3A9B74F18};256
465;1;8;9;{DE23DF65-C277-4D64-BBEA-76D38F6EA963};"8,10,{78546A6D-A0BF-490E-9BFA-0CCD176A86D7};";2026-09-17 11:43:01;2026-09-17 11:43:01;{29A8BF76-7538-4836-8BBA-ECDB60C9F5EA};256
466;1;8;9;{8C2B3494-4EF8-42C9-A633-AA3F63DBC23F};"8,10,{8E4C7BDB-1D4C-4ABF-9596-C48AD592F44C};";2026-09-17 11:43:01;2026-09-17 11:43:01;{AA8A4E30-3837-43A1-9FE7-13F223F08D51};256
467;1;8;9;{4E53A8B8-44D6-416C-B104-5239B63B7727};"8,10,{243DFE70-7B95-4DFD-AA84-E055DF6E5432};";2026-09-17 11:43:01;2026-09-17 11:43:01;{7C3296B1-F66E-49A6-B25C-FC34FF081109};256
468;1;8;9;{C89B0260-9F57-4B00-B009-517F1EA4D493};"8,10,{4FE23B9C-B0A3-4EF0-84F4-8559ED6D1156};";2026-09-17 11:43:01;2026-09-17 11:43:01;{678D0EB3-9C6F-4372-A041-134693714400};256
469;1;8;9;{7265AF52-E150-46C9-8EFB-75F78B345D68};"8,10,{EDB18A26-999F-40F3-B69B-13C20CFE7426};";2026-09-17 11:43:01;2026-09-17 11:43:01;{D632EC7F-12C0-4EEA-B4B0-22FFEB256FF1};256
470;1;8;10;{A366F031-44D2-4908-93D4-31C32D9E20CA};"8,9,{0BB5AB06-6400-4ACE-ACA9-627990D68723};";2026-09-17 11:43:01;2026-09-17 11:43:01;{C46EB561-DFA8-495D-B4F2-DDA7921E895F};256
471;1;8;9;{805D8422-B960-498E-BBAF-732C8A53845F};"8,10,{B2595560-91C1-4B43-A552-DE4B5F2675D2};";2026-09-17 11:43:01;2026-09-17 11:43:01;{3B59497C-E284-4E89-8D03-B8F7DE381242};256
472;1;8;9;{A2B84EE5-E354-4B20-8DA6-390B9DF9D436};"8,10,{2C23EBD4-7597-41E2-B694-884D4556512A};";2026-09-17 11:43:01;2026-09-17 11:43:01;{A1C4AADB-5113-4267-9068-408F34DD9331};256
473;1;8;9;{03E598C6-72B7-4D81-B2F2-0A3A3D71EFB4};"8,10,{3E898BB2-44D4-4EE3-B410-2E27187E1580};";2026-09-17 11:43:01;2026-09-17 11:43:01;{5EA2F001-BD1C-43A7-A25C-B903DC913B2B};256
474;1;8;10;{08EF5B8F-80C0-4091-BBFE-5BF694391D3C};"8,9,{056A5284-773F-4207-8C73-163E68C8F15D};8,9,{1A904DD6-42AF-4B50-BA0F-2D1B9DAD4AF4};";2026-09-17 11:43:01;2026-09-17 11:43:01;{3D4000B0-8F73-4B3A-B68A-02A8944BAC05};256
475;1;8;9;{7C9825E2-8252-4EC1-8F54-1942EB114801};"8,10,{4FE23B9C-B0A3-4EF0-84F4-8559ED6D1156};";2026-09-17 11:43:01;2026-09-17 11:43:01;{D4DFBA0E-B329-4065-9E61-97BDAFC8375A};256
476;1;8;9;{A01B78DC-50A9-4B15-9F2D-DCCC61611ED3};"8,10,{E7E6D7B7-53EA-4DEE-A839-7890D1CB16F1};";2026-09-17 11:43:01;2026-09-17 11:43:01;{9D73C11C-C78C-4A44-9290-32732B53D407};256
477;1;8;10;{19B01A6F-0022-49C2-933C-FFCC469804B7};"8,9,{AFB8A991-808D-4690-94DE-29312D29D0B3};8,9,{F761761E-A80E-485E-B17E-261E241EC9D0};";2026-09-17 11:43:01;2026-09-17 11:43:01;{AB2548AD-6EC2-47C7-9577-63C235485622};256
478;1;8;9;{8F52C334-6F7B-4052-89F5-A04A500A047C};"8,10,{70147E74-7532-4EF0-8A7A-CB41F1FDC20F};";2026-09-17 11:43:01;2026-09-17 11:43:01;{0941D8C6-069B-48B6-BECD-E682851B6A34};256
479;1;8;9;{7D9B4CCA-2BF8-4FFB-B0A5-05682057852B};"8,10,{A06349EE-9725-4C2F-BF64-B304233A3359};";2026-09-17 11:43:01;2026-09-17 11:43:01;{CAEF9F37-CDAA-40E0-B50C-D5C23F6278AC};256
480;1;8;9;{0492F2F6-5E8E-410F-83C7-B9022EFDA8C1};"8,10,{E6806322-62CA-4535-8917-3A68777FC7F3};";2026-09-17 11:43:01;2026-09-17 11:43:01;{D151A40C-E0A5-4FF2-9239-14286DB004B0};256
481;1;8;9;{DDC1DB0A-4B75-4844-A3B8-3ED4805B8476};"8,10,{F9F9742B-4214-4DF3-BC97-019FEA308D10};";2026-09-17 11:43:01;2026-09-17 11:43:01;{5A7FBEE1-CE97-47A3-BBC8-E846C5E02C5E};256
482;1;8;9;{D30F914C-08C9-4A45-94B5-BE05BD70ED31};"8,10,{992C4022-C18D-4A4F-8935-29E2BBC12086};";2026-09-17 11:43:01;2026-09-17 11:43:01;{ECA4B91A-22AF-4194-9522-9E0DDFD47011};256
483;1;8;9;{440A7FEC-3946-44D5-9E6A-E9760A2C2701};"8,10,{A15184F7-7943-429F-93C1-6FADF19F863B};";2026-09-17 11:43:01;2026-09-17 11:43:01;{58635446-9F01-4735-95CF-E3799803E8F6};256
484;1;8;10;{ADBBFF70-F1F8-44A8-89D1-70F0594FB8E0};"8,9,{90108C24-68B8-468A-91AA-4CDD264E3545};";2026-09-17 11:43:01;2026-09-17 11:43:01;{05FCF0C1-E1D9-4491-B570-3B0992FA405E};256
485;1;8;9;{A0ADBA14-5936-4F1B-AA47-3212B7FAF737};"8,10,{FA5D2729-CCCA-45B4-8CB4-37AF82E02195};";2026-09-17 11:43:01;2026-09-17 11:43:01;{AE92F992-35D4-4288-A844-6549F9F39D1F};256
486;1;8;10;{1783F00C-9A7A-4587-A829-B77599BD0FB3};"8,9,{E5EB80A5-0864-4242-A796-0DCD6BF2BD11};8,9,{50EDA156-DDCD-418F-AFF1-3F1526AEB2A7};8,9,{5771E33F-5006-4F8E-8C8E-590669E97F33};8,9,{9B5A8E36-868D-49FA-BD36-1E45BBEB9B98};";2026-09-17 11:43:01;2026-09-17 11:43:01;{EBC36421-98A5-49D7-AA15-02A4BC1D079A};256
487;1;8;9;{96A9AF62-E737-4290-8DAB-63BB0FEF68CA};"8,10,{80600355-2718-44F4-BC3B-CED93971AF90};";2026-09-17 11:43:01;2026-09-17 11:43:01;{3D80F5DC-9CF5-4658-81F6-60D3C2589F64};256
488;1;8;10;{C992DC8B-A158-4D54-B3BF-FA2635AF1AE7};"8,9,{AE037D51-40F3-4FDB-B3ED-A0D8EF38BB3A};";2026-09-17 11:43:01;2026-09-17 11:43:01;{DCC8553D-D391-4806-A542-738E35BF0245};256
489;1;8;9;{1F9051EF-036E-47B8-AD6B-E326EDDDA6F7};"8,10,{8E4C7BDB-1D4C-4ABF-9596-C48AD592F44C};";2026-09-17 11:43:01;2026-09-17 11:43:01;{B7526ACF-06FC-491B-B271-351A4E30F9FA};256
490;1;8;9;{C62C94C5-1921-4216-9192-97019E9BA073};"8,10,{26A1B230-C201-4F7D-85B2-62E07CDDB3F9};";2026-09-17 11:43:01;2026-09-17 11:43:01;{A7DCF9B5-ACC0-41B6-B55C-FA0AFAC69206};256
491;1;8;9;{72FAF756-E204-4155-AC4B-B381B392D7A3};"8,10,{11510CB7-8C67-4B8B-9B69-7E423900C1CA};";2026-09-17 11:43:01;2026-09-17 11:43:01;{7E632D25-8897-4357-A676-6CC4FB39805E};256
492;1;8;10;{C8AEB757-CF60-419B-B451-7DB4122FC56C};"8,9,{EE915736-0AEF-4408-8347-A0175BDB9381};";2026-09-17 11:43:01;2026-09-17 11:43:01;{B4D06D64-948F-4551-B56C-5572978CEF12};256
493;1;8;9;{05CE7297-6ABE-46F9-AF43-703B4AA788CE};"8,10,{BB7E8B38-C394-4BF6-AD82-6756242EB7C9};";2026-09-17 11:43:01;2026-09-17 11:43:01;{6C2F2671-21B4-4C83-AB46-41D7CC9E32A0};256
494;1;8;9;{16C1156A-0E4C-41E8-8E7F-21E75B0AA022};"8,10,{8B2267A0-429F-44A9-B623-4B8C80EB9766};";2026-09-17 11:43:01;2026-09-17 11:43:01;{D01EE7C2-C406-4C33-8EAA-39B56C80F7CE};256
495;1;8;9;{99B276A9-879E-4C64-948D-E3990EAB14DA};"8,10,{B2603A79-EDC0-4D7D-9278-272B07083589};";2026-09-17 11:43:01;2026-09-17 11:43:01;{E0F0D17D-F469-48DF-B7AA-89352A22FFB7};256
496;1;8;9;{012A1437-1E60-4E26-8DF5-23F76C2B4F06};"8,10,{35331FC3-60AF-46A6-BE31-AC05F9A38235};";2026-09-17 11:43:01;2026-09-17 11:43:01;{C439F8DE-172B-4C6D-8B49-94E6B8610C71};256
497;1;8;9;{FE16858D-9C75-47DA-B766-7E2022375140};"8,10,{4FE23B9C-B0A3-4EF0-84F4-8559ED6D1156};";2026-09-17 11:43:01;2026-09-17 11:43:01;{07BE2041-E007-40AD-BBF1-5051CCA586C9};256
498;1;8;9;{130676F6-5BE7-415A-994D-C9BFD6C08AD7};"8,10,{AD181196-6B18-42B8-B371-C45EFC5B2851};";2026-09-17 11:43:01;2026-09-17 11:43:01;{E9B3D5C0-3F47-4A9B-AE59-17EF3171265D};256
499;1;8;9;{AD731ED5-F24D-410B-919A-CDF295A32FA5};"8,10,{422050E5-E6B7-498B-AAFF-4C5A348E6CE6};";2026-09-17 11:43:01;2026-09-17 11:43:01;{367A2978-4C67-40D9-BF1B-B838B6715B89};256
500;1;8;9;{8B429B0A-6BC5-440B-8425-27B2E1C2257A};"8,10,{42FE2C21-645E-44BD-982C-857DC38D4187};";2026-09-17 11:43:01;2026-09-17 11:43:01;{5EA7D3AA-7037-488B-B5DE-1DB375321DCB};256
501;1;8;9;{6260F4BF-D864-4B45-AF6C-01992D83D281};"8,10,{4CFD1F10-82BB-4101-AF57-D91969775ED7};";2026-09-17 11:43:01;2026-09-17 11:43:01;{9D1C9315-D7EC-40FF-A2F4-15048CDB7C2E};256
502;1;8;9;{4C6E0B8B-C9A8-44AF-9DE0-3838BC07DA5F};"8,10,{1B494530-0365-47B5-8072-E6752EF50E1A};";2026-09-17 11:43:01;2026-09-17 11:43:01;{0B7B2C87-2DB8-4936-B482-EA5E588ADA2B};256
503;1;8;9;{AC322266-403B-416A-9467-51FE19C74577};"8,10,{A06349EE-9725-4C2F-BF64-B304233A3359};";2026-09-17 11:43:01;2026-09-17 11:43:01;{07AA2605-4156-439E-B3BE-BEA49E16F540};256
504;1;8;9;{DA2C436E-505D-481C-B720-96BEAE87A1DC};"8,10,{A06349EE-9725-4C2F-BF64-B304233A3359};";2026-09-17 11:43:01;2026-09-17 11:43:01;{A251AAA9-596A-4FA9-8652-F9426C5396F1};256
505;1;8;10;{54871F70-1C4A-46DD-B2D0-F9306C802D92};"8,9,{EE25EE34-06D7-4F8B-A798-F4826B06CC67};";2026-09-17 11:43:01;2026-09-17 11:43:01;{4B1DCE40-AB5C-40D2-BC08-A261E3017E58};256
506;1;8;9;{8BBF5DBB-304F-44F6-9FFD-3276B1D3B472};"8,10,{A15184F7-7943-429F-93C1-6FADF19F863B};";2026-09-17 11:43:01;2026-09-17 11:43:01;{DE95E5CA-08C7-4457-BF37-D7BE38CF7879};256
507;1;8;9;{C562396A-BE4E-4873-BCC0-0C521A33DA26};"8,10,{D09CE6C4-F707-4617-9D59-4E6E29A1D73C};";2026-09-17 11:43:01;2026-09-17 11:43:01;{6AA2129A-CE05-4C6E-86D6-77ECA7B970D7};256
508;1;8;9;{7D485B7D-C6C1-4868-8997-3D3BC009962A};"8,10,{A8ED5CC9-ADFB-40E1-84F1-7F64FFF89801};";2026-09-17 11:43:01;2026-09-17 11:43:01;{7AED6B3C-B0DF-49BA-9BDD-25AA293F9C5C};256
509;1;8;9;{D3C72B1B-AB56-48DB-B3FF-F900EEC6D6FF};"8,10,{308F5FC7-94D8-4A41-9D4D-1072BA1DAC89};";2026-09-17 11:43:01;2026-09-17 11:43:01;{347B6601-7BC2-4B26-897B-128E32957D69};256
510;1;8;9;{DA8262F0-1A66-4C6A-896A-60AE0919D68A};"8,10,{9AB4C12C-606D-4BEF-9009-B1836AB85A94};";2026-09-17 11:43:01;2026-09-17 11:43:01;{B2A1F161-9536-48E0-92CA-CA9FF405223B};256
511;1;8;9;{067E3585-66B7-43E1-B49B-4FA397CF6874};"8,10,{8DF79DD3-7F12-44EB-A785-08FC3F589DD7};";2026-09-17 11:43:01;2026-09-17 11:43:01;{351B94F5-EA9A-443B-AADE-995EC83F5432};256
512;1;8;9;{FB31C6AF-5A7C-4434-8DAD-F31EFC4BB78B};"8,10,{D57E2C24-C3B7-4FAB-9A8F-9F087A3D71D8};";2026-09-17 11:43:01;2026-09-17 11:43:01;{4857D4DC-A414-4098-B43D-F7ACE49AF5ED};256
513;1;8;9;{B8F0FFD4-7115-4D90-8137-9E20EAF16754};"8,10,{8E4C7BDB-1D4C-4ABF-9596-C48AD592F44C};";2026-09-17 11:43:01;2026-09-17 11:43:01;{BE2E7F6A-D1B2-4977-A94F-6763230A1DA1};256
514;1;8;9;{B663D091-F494-4274-99CC-6D4829B42FF5};"8,10,{A8EE1D2F-F47B-473B-84B1-E66D8EF3858A};";2026-09-17 11:43:01;2026-09-17 11:43:01;{88056D09-C6A4-4F68-96B9-52B99E5B3AAF};256
515;1;8;9;{1053F7D2-E19C-4EB2-A69C-E878B4579925};"8,10,{ED051470-BBA5-493F-85E1-E093A4C46CBE};";2026-09-17 11:43:01;2026-09-17 11:43:01;{68E5B825-1B27-4E4B-8922-E019290A1275};256
516;1;8;9;{57C06F82-FB4C-468C-B75C-C27182EEF54B};"8,10,{8E4C7BDB-1D4C-4ABF-9596-C48AD592F44C};";2026-09-17 11:43:01;2026-09-17 11:43:01;{92EB2B64-EFCB-46CD-AC0C-041495575610};256
517;1;8;9;{81664C4F-DAAD-4954-8F82-78606CB10E5E};"8,10,{23DE9A56-79FC-4829-A32C-DC8C6B9C6108};";2026-09-17 11:43:01;2026-09-17 11:43:01;{958BF31E-FBA3-4CA5-BE63-C9BB3E34C954};256
518;1;8;9;{EFA4151B-452F-4021-BC1C-3D0EAD74737F};"8,10,{992C4022-C18D-4A4F-8935-29E2BBC12086};";2026-09-17 11:43:01;2026-09-17 11:43:01;{A2A497DA-8461-4812-9CA1-B3438704D1D9};256
519;1;8;9;{7F302373-F62B-4511-A2B0-86798762539D};"8,10,{E6EBC16C-96D3-44F5-92BE-E8B93F9425ED};";2026-09-17 11:43:01;2026-09-17 11:43:01;{948ECE12-0F84-4459-BE07-D711333BA8B2};256
520;1;8;10;{77781E58-3D01-4832-B1AA-5BAA88F35A95};"8,9,{6266C78E-C5E2-4746-8D19-6781B69B294A};";2026-09-17 11:43:01;2026-09-17 11:43:01;{9776A230-B465-48C7-8DBD-8882492A8091};256
521;1;8;9;{B57A7A67-C637-4CF2-8914-1D28937F616A};"8,10,{4FE23B9C-B0A3-4EF0-84F4-8559ED6D1156};";2026-09-17 11:43:01;2026-09-17 11:43:01;{2CE79D5F-EE37-4A04-B763-C158B8294DA5};256
522;1;8;9;{FA91EE17-D017-490E-979A-2E0192B55E28};"8,10,{B7DBA62E-077F-4925-B14B-3F9057CB004A};";2026-09-17 11:43:01;2026-09-17 11:43:01;{0D3CD767-9E6B-4821-BCC8-B039588AF163};256
523;1;8;10;{80600355-2718-44F4-BC3B-CED93971AF90};"8,9,{4945A8AC-D1D4-4F11-AC2A-DC8CA93D2166};8,9,{D8812F7D-9CE5-4718-B348-B12EED356012};8,9,{96A9AF62-E737-4290-8DAB-63BB0FEF68CA};";2026-09-17 11:43:01;2026-09-17 11:43:01;{10157B6E-5CD9-4DBA-B29C-738CCD94AB78};256
524;1;8;9;{16CE6FE0-ECE8-4831-88C4-79999657DFE0};"8,10,{52318E4C-19CC-41FD-9961-23241C7D0444};";2026-09-17 11:43:01;2026-09-17 11:43:01;{C74A414B-70A7-495F-82F8-1BA75AEDF48D};256
525;1;8;9;{E2CB65A5-BE51-402B-B124-F6A58EA09BBF};"8,10,{A06349EE-9725-4C2F-BF64-B304233A3359};";2026-09-17 11:43:01;2026-09-17 11:43:01;{DD333816-E66F-4FB1-B646-8FF29D4B4FA2};256
526;1;8;9;{D7C2C754-3B15-4DFE-93B4-7F2775F0AE3E};"8,10,{1CF7992B-A6A3-4968-92C8-B1EC8E610888};";2026-09-17 11:43:01;2026-09-17 11:43:01;{0F4DDFB1-2973-480D-B22E-297E288546AC};256
527;1;8;10;{484C4EA9-98D3-4430-8B1E-963E7ED1AB0D};"8,9,{D5B6E139-EC5A-4243-9F71-FD3C0D402D66};";2026-09-17 11:43:01;2026-09-17 11:43:01;{F6EB075B-05CE-46FC-88FD-C2C2D627EC14};256
528;1;8;10;{4FB869BB-B1F0-437B-A917-E61608D68654};"8,9,{D80CB979-FB49-4555-9578-74E55C06510D};8,9,{6CB39FB2-468D-450B-8EFB-1C2667C3604E};";2026-09-17 11:43:01;2026-09-17 11:43:01;{8549A7DC-2F4F-4A89-AF56-39F7FB9D02AD};256
529;1;8;9;{DA7E83C4-2C86-419C-961B-3B5DF2204ACC};"8,10,{FDE77184-C0D9-414B-B3F9-62EB0FC6FC5D};";2026-09-17 11:43:01;2026-09-17 11:43:01;{6411B3C9-F6FC-4693-8C74-312EEEEBCFB3};256
530;1;8;9;{0EA254BE-C5A9-4632-BC3F-D85B3A50D418};"8,10,{A15184F7-7943-429F-93C1-6FADF19F863B};";2026-09-17 11:43:01;2026-09-17 11:43:01;{B6B85F72-FBCB-4160-B321-2FE0A68FEE58};256
531;1;8;9;{2EF3501F-90DE-42CB-BD9F-3CAC0E33C040};"8,10,{E8D1C025-9CAB-4144-AEAC-47042128AE89};";2026-09-17 11:43:01;2026-09-17 11:43:01;{A19B49CE-5383-4269-A004-A824A0F1777D};256
532;1;8;10;{F188F67A-BFC7-480B-892C-7F62BC50F0C0};"8,9,{381B797B-6B40-45DA-9CA7-CECE48867241};8,9,{7328731B-95E0-4024-8355-D088E2A01D7E};8,9,{457AAFA9-4517-4227-BD7D-A86ADE353092};";2026-09-17 11:43:01;2026-09-17 11:43:01;{39DAC01E-AA95-4BFE-AE9C-3EE093C93D40};256
533;1;8;10;{1945E352-56EA-4D94-A921-3F6563BF8877};"8,9,{CF8C1E2A-D958-4A2E-85DB-664565CD8AB8};";2026-09-17 11:43:01;2026-09-17 11:43:01;{15053FA6-366F-481A-8AE8-A81C8CDCC794};256
534;1;8;10;{B0E8EF36-4A67-41B5-98FB-365340323332};"8,9,{935DDEF8-4CE8-40F5-BBA8-292BED8E5686};8,9,{81BABFE1-BFDC-4BE6-BC95-C30F04E9E6B7};";2026-09-17 11:43:01;2026-09-17 11:43:01;{A1D4B559-48C4-4A9B-B10A-FBAD59ABE105};256
535;1;8;10;{D7E3220F-97CA-4C94-9858-D3740D2FFB2A};"8,9,{117540BD-A20C-41DC-86AE-BDEA59719936};";2026-09-17 11:43:01;2026-09-17 11:43:01;{4377C749-9376-45F2-B1B5-6B59D5806732};256
536;1;8;9;{E3D54A39-9C16-48DF-9055-595802877857};"8,10,{910565FF-4892-49C7-AC3E-F93E1268C33A};";2026-09-17 11:43:01;2026-09-17 11:43:01;{22A36054-4581-4D90-BF70-C55C0D3F1616};256
537;1;8;9;{E020400E-34E3-42F6-ACBC-DBD165A43E49};"8,10,{A56ED7A2-D238-4EB5-9871-A3DF0EE850DC};";2026-09-17 11:43:01;2026-09-17 11:43:01;{5E0EFE74-EF75-476E-8C8B-DE88DDA35C00};256
538;1;8;9;{ACC3156A-037C-4772-A0FE-463D55CC57A9};"8,10,{E14E5B71-A610-430B-9D19-996DFB9AF635};";2026-09-17 11:43:01;2026-09-17 11:43:01;{A0973CEF-4A54-47CE-B1A6-9E715D7D2BCD};256
539;1;8;10;{EACB149E-E207-4E21-861E-3EFC7830D56A};"8,9,{925DE952-534B-4DBC-A428-714F9A54F7FF};";2026-09-17 11:43:01;2026-09-17 11:43:01;{0E8469DE-A802-4548-823C-D173680E99FB};256
540;1;8;9;{A43CBECB-7B33-4E74-B91A-C96D29B9E76A};"8,10,{A15184F7-7943-429F-93C1-6FADF19F863B};";2026-09-17 11:43:01;2026-09-17 11:43:01;{F48C885B-F1B9-4950-8044-BFE72C67328A};256
541;1;8;9;{54F38C1A-10AD-4C06-AD08-E8995FE803C9};"8,10,{EC1FDDF0-DB44-4479-8268-A472D62B7529};";2026-09-17 11:43:01;2026-09-17 11:43:01;{95FCE4E9-6478-4FE1-80D0-7CD0E7740B84};256
542;1;8;10;{1A80A9D8-5E6B-4962-A912-01DBF51CB76F};"8,9,{692EBEA3-8197-4F47-9F75-B18B49103977};";2026-09-17 11:43:01;2026-09-17 11:43:01;{11D7BBED-4FAF-4840-BFA3-69953960505D};256
543;1;8;9;{D8F635E2-6287-4168-B39D-8669F0A167F4};"8,10,{8E4C7BDB-1D4C-4ABF-9596-C48AD592F44C};";2026-09-17 11:43:01;2026-09-17 11:43:01;{7EA88AB7-C349-4260-BFC5-0E47A57BD1F7};256
544;1;8;9;{59E3E9E1-79E7-4D85-8119-D242A3C8491A};"8,10,{799FDBF6-F46F-4A36-9081-0B93E548C91E};";2026-09-17 11:43:01;2026-09-17 11:43:01;{06D29C89-8ECF-4BD1-85A0-2EBAD3A8802A};256
545;1;8;9;{3876AD38-412B-4D03-ADCB-E0788C48D445};"8,10,{68696DD3-F1A9-4FFF-98B4-D5226DF480C8};";2026-09-17 11:43:01;2026-09-17 11:43:01;{07763316-92D4-4D96-831E-D5B2A7956EA8};256
546;1;8;9;{50EDA156-DDCD-418F-AFF1-3F1526AEB2A7};"8,10,{1783F00C-9A7A-4587-A829-B77599BD0FB3};";2026-09-17 11:43:01;2026-09-17 11:43:01;{03C0D8D5-8B57-474E-BDF5-29747E8AD471};256
547;1;8;9;{DD0C2C0C-D1CA-4E34-8113-01051D193371};"8,10,{68F85214-3B80-4611-B04D-299DD714C7D8};";2026-09-17 11:43:01;2026-09-17 11:43:01;{BA38DB52-5A63-4EF3-9C11-A7940824E741};256
548;1;8;9;{B90AC342-9999-4960-81E0-80EA0830D56B};"8,10,{A06349EE-9725-4C2F-BF64-B304233A3359};";2026-09-17 11:43:01;2026-09-17 11:43:01;{7EE7B065-938D-42C4-9802-9C9D981A8A87};256
549;1;8;9;{8C6660C5-696E-4A36-A8A4-7B58DB29A6BA};"8,10,{6D368BFA-C2EA-4DAB-8CBB-47C9BD51B24A};";2026-09-17 11:43:01;2026-09-17 11:43:01;{41964446-0A80-4073-906C-6B950F63ABF7};256
550;1;8;9;{2AD705D2-48B2-4264-8289-0CC927E6AA1F};"8,10,{8E4C7BDB-1D4C-4ABF-9596-C48AD592F44C};";2026-09-17 11:43:01;2026-09-17 11:43:01;{41D690D5-6EDB-48B1-B281-6A2E56CCD73F};256
551;1;8;10;{7A2EC232-330A-45BB-8A87-29FCC45F1920};"8,9,{CD85FE6D-E369-4246-AF0C-061C1F060EF6};8,9,{C876D6D0-0B73-4A2B-93CF-20965CD6A286};";2026-09-17 11:43:01;2026-09-17 11:43:01;{D702716C-99FB-48C1-BCA6-45EA7F394BC3};256
552;1;8;10;{2E619816-C8E5-4786-A914-5A4DCAFDC539};"8,9,{4094A9F6-41A5-472D-A507-65FF93DF41E8};";2026-09-17 11:43:01;2026-09-17 11:43:01;{0053F317-C31F-49E4-BAFF-5BA0CA88D7CD};256
553;1;8;9;{93D71AF3-3076-4912-9CF8-5092494B1048};"8,10,{7F378F05-A9BA-4DDC-A669-3218B1C6B1C4};";2026-09-17 11:43:01;2026-09-17 11:43:01;{85FD0DCE-0C2C-4B40-89AE-42218AC97B76};256
554;1;8;9;{043E21D1-8D92-4AD0-B23F-776B5D90B0A8};"8,10,{AE94F40E-5055-4CA1-A404-6B9F71021559};";2026-09-17 11:43:01;2026-09-17 11:43:01;{5827CFFA-651E-471F-802E-54DA0905A881};256
555;1;8;9;{08614166-12E2-421B-9DB1-A99AADC9E91E};"8,10,{35B13F48-8928-44A6-B954-D7DBA41B1BFA};";2026-09-17 11:43:01;2026-09-17 11:43:01;{A7AC6400-80D2-4A4C-B479-6B2FD079E5B1};256
556;1;8;9;{194A305A-B2B7-4B21-AA91-785372084418};"8,10,{4FE23B9C-B0A3-4EF0-84F4-8559ED6D1156};";2026-09-17 11:43:01;2026-09-17 11:43:01;{97BE9142-8F41-4906-97A4-7B2F60FA9088};256
557;1;8;9;{251EDFFD-5A6D-446B-9040-7D76882A84F5};"8,10,{0A881C61-9AF4-4DBF-BDD2-37F182C1D603};";2026-09-17 11:43:01;2026-09-17 11:43:01;{9B33A07E-1C7A-4E84-9021-54DA98627E5F};256
558;1;8;9;{15AF83BD-FD35-45F1-A03E-176092CE62F9};"8,10,{8E4C7BDB-1D4C-4ABF-9596-C48AD592F44C};";2026-09-17 11:43:01;2026-09-17 11:43:01;{942287C0-BE43-4D1B-B1CF-26542FFF55D3};256
559;1;8;9;{22995CBD-42C4-4A40-87C3-35874AE0DB48};"8,10,{DCFC8177-9976-4D43-ADEF-6BB979443B1B};";2026-09-17 11:43:01;2026-09-17 11:43:01;{5B0F1F0B-AA41-4669-B400-ED2B570F87D1};256
560;1;8;10;{9F28DCDC-080F-42DD-8F69-0C90E984D9B4};"8,9,{E4B82A27-D94A-41E6-8D25-EC4153946F31};8,9,{EF72860B-6418-4848-BD02-A1211AA514BD};8,9,{9948D9CA-F2B2-47A0-B633-D40884703DEE};8,9,{811B8CA8-E302-46E2-B8B7-45CAF275169D};8,9,{73457FB2-47A3-462F-9AB2-F6DEDEBEE7CA};";2026-09-17 11:43:01;2026-09-17 11:43:01;{09093E5B-AF43-4C62-BBD5-AF128B01076F};256
561;1;8;10;{8B9ECEFD-FD99-47AD-B8AB-D1AE2F7C2AFF};"8,9,{E71B4707-47F0-4A45-8E96-5D8506749811};";2026-09-17 11:43:01;2026-09-17 11:43:01;{AFDE63E0-DA61-4DE4-ABE4-AF70F717CCC3};256
562;1;8;9;{97A8457A-82AD-4C67-B97F-9B0B665BF4B2};"8,10,{8E4C7BDB-1D4C-4ABF-9596-C48AD592F44C};";2026-09-17 11:43:01;2026-09-17 11:43:01;{A2B8618D-EF60-42E4-99A1-94C63EEB0BC2};256
563;1;8;10;{9A0D7A73-FE23-45B6-8726-7A7C577BCC0C};"8,9,{617197F2-F3BE-4676-8AA8-5C81B953241D};";2026-09-17 11:43:01;2026-09-17 11:43:01;{A3564D53-B0AB-4B7B-B116-7D7516029337};256
564;1;8;9;{3AB9A992-9C36-4611-8191-9CBB918BAF4A};"8,10,{F7F3C361-EA20-45A3-8942-285E5B580FC4};";2026-09-17 11:43:01;2026-09-17 11:43:01;{D516873A-727B-4A7B-8524-C768387C2EBF};256
565;1;8;9;{5BC906E2-2911-4999-9825-6A078D5E73B2};"8,10,{109640A8-04DC-49E3-AAE4-946730A5B468};";2026-09-17 11:43:01;2026-09-17 11:43:01;{BFF74A1D-8B7C-45D0-A088-721ACA24127E};256
566;1;8;10;{3B7E159C-4FC0-4263-B5E3-9B8C37835D36};"8,9,{64EFBEEF-55CC-4C09-A0A3-14C3C19E4274};8,9,{6E9A0799-1AD2-45E5-B2BD-5B5EB0DFE77B};8,9,{F2CB6EA9-0900-4767-84EB-111288D84812};8,9,{83DE0BD9-C937-402F-BD7C-4071709A469B};8,9,{AD2EA6C4-0E83-4476-8CB2-26CA13438D2F};8,9,{145CDA3F-92F6-4547-A404-822FBE8977EC};8,9,{467FA827-2B9F-4345-B859-0C7BEA19E5E2};8,9,{5D3B5616-98AC-46ED-BC20-5BB5F6509126};";2026-09-17 11:43:01;2026-09-17 11:43:01;{482F9584-3A7A-4BF2-9A7C-282E9E2B1895};256
567;1;8;9;{33E0CFE2-AFB6-486C-ABFF-F600AB52E147};"8,10,{E1F1C56F-4A4E-4105-83F9-9F0E14CE02D9};";2026-09-17 11:43:01;2026-09-17 11:43:01;{F90126ED-2A95-4952-ADF5-7ECC80BD144C};256
568;1;8;9;{4940C4F6-E5FB-4369-9A58-76AD76DB5256};"8,10,{2146DF38-117D-4E1C-8DE0-C0B6FA525527};";2026-09-17 11:43:01;2026-09-17 11:43:01;{DD3C8F88-3572-4AD9-8939-32EA9164F1CE};256
569;1;8;9;{AE501515-9632-4410-9AB5-486D5722DEFA};"8,10,{A06349EE-9725-4C2F-BF64-B304233A3359};";2026-09-17 11:43:01;2026-09-17 11:43:01;{B90829CA-2CFE-4F1F-A417-6961E4029106};256
570;1;8;9;{65808322-7C36-42D7-BA44-31DC69B5C20A};"8,10,{2D9A11CC-4238-4356-AB2A-017BBFC46A1E};";2026-09-17 11:43:01;2026-09-17 11:43:01;{65FD7CE7-48D9-4EDD-AC80-4C7A00A262FA};256
571;1;8;10;{F240EE55-7BE8-429F-857A-5E5FAAA9DB36};"8,9,{3DA9CF5F-2B70-4596-9DE9-1180BCAD3460};8,9,{14C14272-0D70-4FD0-832E-4A6A74D09742};";2026-09-17 11:43:01;2026-09-17 11:43:01;{E14589C6-6473-464A-9D6C-46B9E3B92982};256
572;1;8;10;{2933F5ED-2966-4946-8B17-7D4A551A5E57};"8,9,{4DA94334-8B2D-4109-9FD0-7F67B5C20B1E};";2026-09-17 11:43:01;2026-09-17 11:43:01;{C56C36C9-9ADC-45A9-B43E-844E1B0E95EF};256
573;1;8;9;{2D86198C-CC6F-4531-AB93-ECA46FB7C241};"8,10,{A1EC2B12-C454-43BC-86EA-3342559239D9};";2026-09-17 11:43:01;2026-09-17 11:43:01;{20108A57-359B-45E6-90B5-E83C954F8CEC};256
574;1;8;9;{5051B4CD-CE7F-4621-8472-A4438785B910};"8,10,{BAE43623-A027-4C7C-8DFB-2EC8BDB0A77F};";2026-09-17 11:43:01;2026-09-17 11:43:01;{FD0AD06C-DE47-4009-94EC-C21DF1A20BCB};256
575;1;8;10;{DDE8A7D8-2A80-4506-94B1-AA12FC567622};"8,9,{04AE39FC-A15E-4E72-9B51-3DA35BFF9F76};8,9,{9B5A569E-8A02-4961-8546-6FD45D411183};8,9,{829B6EB8-CDAA-4315-953D-61E003BF2541};8,9,{B0BEE6DB-6E0E-453C-A830-533BFC3AEF88};8,9,{4B96F353-3C10-4E3C-AB5B-3C428DEC8F37};";2026-09-17 11:43:01;2026-09-17 11:43:01;{9FEB45F0-8772-4453-81B9-DB91DCE826F6};256
576;1;8;9;{7CDD26CE-8AD8-4CAF-8ECF-DC03F3121F9D};"8,10,{4FE23B9C-B0A3-4EF0-84F4-8559ED6D1156};";2026-09-17 11:43:01;2026-09-17 11:43:01;{BB93E16F-19E7-4039-B24C-ED647E1C5B3C};256
577;1;8;9;{B32A577D-363A-4DC8-B77E-7C6B21874649};"8,10,{5A5C02D1-4EBF-4992-8021-AEA0C9A6FD21};";2026-09-17 11:43:01;2026-09-17 11:43:01;{4D1E9239-E0D0-446D-AAF2-05DC4EEE0CB5};256
578;1;8;10;{BB7E8B38-C394-4BF6-AD82-6756242EB7C9};"8,9,{03331CDC-F113-49CE-9AB8-A2A81D3F8909};8,9,{5085CA99-B9B9-46EC-AA44-55171919B5E4};8,9,{88B04275-9019-4A19-AE8D-1CA7D81BE1C1};8,9,{77D563CB-10CF-46E2-9BA2-B85B4ED4EB76};8,9,{EAA761D6-F99F-4CAE-B3B1-F623FEEB9DAD};8,9,{60EEF42F-27FC-4EAB-9041-6F8C4C4124FD};8,9,{E2031B35-97E4-4390-AC3C-6B7351DB4A72};8,9,{140DAC91-FBFC-4FA9-A799-D7DF83EA6876};8,9,{FF2A1FA3-BBE2-488D-9A64-8A074DB2E137};8,9,{05CE7297-6ABE-46F9-AF43-703B4AA788CE};";2026-09-17 11:43:01;2026-09-17 11:43:01;{7FC1139C-6253-4A1B-9BB5-3627233FBF3C};256
579;1;8;9;{4E213BBA-BDCB-4B9D-A677-568E03028320};"8,10,{308F5FC7-94D8-4A41-9D4D-1072BA1DAC89};";2026-09-17 11:43:01;2026-09-17 11:43:01;{76AC9BA0-33B0-43CD-A646-E32D6D01939D};256
580;1;8;9;{B774FD38-A019-4D78-9985-B83905672E47};"8,10,{CE2F06FE-9C7C-46A9-92A8-4F9BA38D6DF7};";2026-09-17 11:43:01;2026-09-17 11:43:01;{0BF977F4-61A6-4523-A2C7-AAD6263CF7F8};256
581;1;8;9;{6E9A0799-1AD2-45E5-B2BD-5B5EB0DFE77B};"8,10,{3B7E159C-4FC0-4263-B5E3-9B8C37835D36};";2026-09-17 11:43:01;2026-09-17 11:43:01;{B9DBF983-6E07-4F5F-A54C-9C0DB9CDDEEF};256
582;1;8;9;{5B5DDCFA-FC46-42A0-94CD-E215F8A1865D};"8,10,{2DF75EA3-F3ED-4EFD-82E1-363542CC3B94};";2026-09-17 11:43:01;2026-09-17 11:43:01;{5E330E98-97A5-4A62-A68C-41D71F15D7D3};256
583;1;8;10;{E995FB45-5E8E-498C-A6D1-CDB8423EF679};"8,9,{4FBB6AB1-EEAD-48A4-B8DF-7B70A14C3EAA};8,9,{A0033965-F54C-425C-88D2-50D08F94ECE5};8,9,{9C70DC63-4C80-4368-B6DA-E69BC172C48D};8,9,{84AA6B04-073B-44F8-9321-706625107A09};";2026-09-17 11:43:01;2026-09-17 11:43:01;{CABD8328-6828-4AAD-9983-8DA8CE11AA45};256
584;1;8;9;{AE037D51-40F3-4FDB-B3ED-A0D8EF38BB3A};"8,10,{C992DC8B-A158-4D54-B3BF-FA2635AF1AE7};";2026-09-17 11:43:01;2026-09-17 11:43:01;{C06F92A2-3860-43C3-BD3D-F49C5FF7CC6E};256
585;1;8;9;{81BABFE1-BFDC-4BE6-BC95-C30F04E9E6B7};"8,10,{B0E8EF36-4A67-41B5-98FB-365340323332};";2026-09-17 11:43:01;2026-09-17 11:43:01;{E6F9EC57-E719-42B4-9AB1-E8A8FB84EB47};256
586;1;8;9;{1B074477-AFF9-4EA9-8EAD-B957B3710E1B};"8,10,{B2595560-91C1-4B43-A552-DE4B5F2675D2};";2026-09-17 11:43:01;2026-09-17 11:43:01;{EB50068F-DBC6-4D31-BA8E-A486538B5611};256
587;1;8;10;{7EB922EC-9E7F-40FB-B64A-2464E425EAD2};"8,9,{18A28D78-6BD3-46DA-9FEF-3631CA9C67F0};8,9,{A46A6EF2-EFCE-471C-8FB5-164CA2AEA8EB};";2026-09-17 11:43:01;2026-09-17 11:43:01;{204A69BE-5F38-4FCB-AAB9-9844E70E4087};256
588;1;8;9;{0520088B-3FFD-442C-AC37-1A097D33B962};"8,10,{8E4C7BDB-1D4C-4ABF-9596-C48AD592F44C};";2026-09-17 11:43:01;2026-09-17 11:43:01;{91B2D852-1AAA-4A08-8E11-481CBDD10871};256
589;1;8;10;{1AD82306-F0FE-4386-86CE-DD63AACC7245};"8,9,{20E6DD78-5E88-4047-89A5-59A098B4A4B3};";2026-09-17 11:43:01;2026-09-17 11:43:01;{2B5D2D63-9066-42B1-A5B6-E250C9AA0C0E};256
590;1;8;9;{31090A93-EEA6-4AFF-8D3B-8A9CF44660A9};"8,10,{3D54150F-0CD1-4100-8BCB-4C566EDE902E};";2026-09-17 11:43:01;2026-09-17 11:43:01;{128C4637-33CA-4ABA-AEDD-E2A28974E824};256
591;1;8;9;{11A32728-5C56-4356-A194-C3C24103C62A};"8,10,{318A7760-B89C-4A87-9572-2CC3F1C8BF32};";2026-09-17 11:43:01;2026-09-17 11:43:01;{8210D214-6805-478B-9EE1-ABDAE856A126};256
592;1;8;10;{FEEB45AB-7510-4D3B-9194-0F5784E038C4};"8,9,{8DC26C37-FEBE-41C7-9DFB-F3A9A27E2846};";2026-09-17 11:43:01;2026-09-17 11:43:01;{9C59C3B8-4234-4299-8B19-178079019DCB};256
593;1;8;9;{E2316E70-6AD3-465C-B2A9-72646524E878};"8,10,{3E5EB119-8429-4F31-86B6-F9021BD25A89};";2026-09-17 11:43:01;2026-09-17 11:43:01;{98793375-27A1-43DF-A5C4-C1F27226F94A};256
594;1;8;10;{DB4B4028-6059-42DB-8A9F-F29193B282A7};"8,9,{A205BB10-ADD6-4065-86EA-A09302D2BBD5};8,9,{472211E3-297C-4384-AE80-419F463C709A};8,9,{A3B764AA-6ED2-47F6-94A3-D449DD13DB0C};8,9,{132815B1-D2DC-4AEC-ACB1-6ABFB5457DC1};8,9,{78DE0ECA-CEC7-4648-A6D4-DD570648A61C};";2026-09-17 11:43:01;2026-09-17 11:43:01;{94ED1E03-B8A3-4F11-8321-6DE04E639C52};256
595;1;8;9;{E8580D53-9DE4-4757-8B92-58D127D5E250};"8,10,{F145CCD6-001B-4FB5-88A3-05FDB4DD5055};";2026-09-17 11:43:01;2026-09-17 11:43:01;{090D55B0-83D3-4B06-9493-ADB50593B664};256
596;1;8;9;{D63C0AC5-0584-40F3-9671-78766BDB6562};"8,10,{EAEC4A39-619F-47F3-B0D4-A4D7A8CAAF7B};";2026-09-17 11:43:01;2026-09-17 11:43:01;{A81F9BAD-7A8E-40A4-8321-ACA44518BEC0};256
597;1;8;10;{CA6CF650-06C1-4426-9BC6-59AFEA35802E};"8,9,{384E6830-A52E-4F0F-8DEE-E1680E2B2419};";2026-09-17 11:43:01;2026-09-17 11:43:01;{C679E100-708E-47F3-80BA-EFA81F53DC3F};256
598;1;8;9;{CB97CC21-D74A-4E7B-8189-4BEABC9FB302};"8,10,{7545FFB1-E90B-4C4E-8CD8-0607146572FC};";2026-09-17 11:43:01;2026-09-17 11:43:01;{F97EF5C6-5F1A-4AD2-B8BA-3A8F67D887D5};256
599;1;8;9;{B222A5C4-E5B6-4B6F-B457-3FE5FF98E7F3};"8,10,{D33D46DD-BBE9-484C-93CE-A4C48D8EB7BC};";2026-09-17 11:43:01;2026-09-17 11:43:01;{90E84901-8AD0-411F-BDCE-BF5E0A683215};256
600;1;8;9;{E5C3BC87-4308-4282-B875-249DBD85DF5D};"8,10,{A8231E31-9705-47AA-B278-A44C5465B1E0};";2026-09-17 11:43:01;2026-09-17 11:43:01;{5EBC3912-F857-466D-9C7E-4157CF7040E5};256
601;1;8;9;{D04595BB-4863-4BFF-9F3B-E85E43B2B71C};"8,10,{E12FD387-5CE5-4791-950E-5E32995A59B9};";2026-09-17 11:43:01;2026-09-17 11:43:01;{6988163E-0638-48F0-ABFB-8F4091B5E4FF};256
602;1;8;10;{5C7FDE73-B8F4-4000-92FB-5F6B42AB3A2B};"8,9,{FC1196EB-7181-416A-80C4-BA5C633405C9};";2026-09-17 11:43:01;2026-09-17 11:43:01;{5851A546-7D6A-4D56-8B20-091E8652E1A2};256
603;1;8;10;{32F4D0B0-6836-4FE1-B0A0-1845E383D08D};"8,9,{4EAEC42D-7DC9-4531-B86F-4F037D2D7C3D};";2026-09-17 11:43:01;2026-09-17 11:43:01;{BD0E81C0-18B1-4252-8526-A69F2E10F828};256
604;1;8;9;{B82DC3B2-719F-4CFB-BD97-74C7F94B9795};"8,10,{CA7BCFAE-F112-4541-A84D-A79751F37B08};";2026-09-17 11:43:01;2026-09-17 11:43:01;{6B464DC7-D9C7-4017-9E71-EAB5EED648BC};256
605;1;8;9;{2871683E-A66E-4755-BC7C-00D34A0A4EB7};"8,10,{E56E9154-89CE-4CAA-AB2B-E6BA3FDE1F20};";2026-09-17 11:43:01;2026-09-17 11:43:01;{ACCDDF2E-FFF5-4525-A3AD-94DD20D50010};256
606;1;8;9;{A0033965-F54C-425C-88D2-50D08F94ECE5};"8,10,{E995FB45-5E8E-498C-A6D1-CDB8423EF679};";2026-09-17 11:43:01;2026-09-17 11:43:01;{2AA8E55B-385D-4FA8-9555-23790CE8B567};256
607;1;8;10;{1C3BE44B-0603-4F15-ABD8-94AB12231B82};"8,9,{DCB1ADE0-743C-4F4C-9574-F99379920005};8,9,{C6B50145-7C83-4B83-9734-6864BF71FF0F};8,9,{BFB19D9F-03B0-402F-B3CF-1B99AF0C82CF};8,9,{9A5E705B-1A9E-44BE-830F-9BC366B6B5D9};8,9,{F3F34AD7-1CEB-4425-80EF-CD0473F09907};";2026-09-17 11:43:01;2026-09-17 11:43:01;{8E6075E7-6F73-439E-B5F2-A1B9D839372E};256
608;1;8;9;{F2CB6EA9-0900-4767-84EB-111288D84812};"8,10,{3B7E159C-4FC0-4263-B5E3-9B8C37835D36};";2026-09-17 11:43:01;2026-09-17 11:43:01;{313EC5F5-6644-4475-9A65-1E0EF39A8F6B};256
609;1;8;10;{5E957661-4F5C-4FBE-8D97-BB6D8A6E8F03};"8,9,{47F72FAC-C37E-4EA8-B27F-0FBA10793A59};8,9,{E979C7E2-62ED-4104-BB3A-A5F061F832BA};";2026-09-17 11:43:01;2026-09-17 11:43:01;{7E9508DA-B9B5-4C5A-9D1E-79DC326CF476};256
610;1;8;10;{5267DEC3-2A4D-4B81-976E-A799E082CDD0};"8,9,{5EEFF589-0A57-4C37-917F-10FF7730EC82};";2026-09-17 11:43:01;2026-09-17 11:43:01;{7A8DB0D7-ED3B-49B0-9EB6-0C23EBDB8DF1};256
611;1;8;9;{E4C0B50A-D070-4096-A268-38650C5B530E};"8,10,{A688E6F5-F78A-4A1E-B1F3-6C3C33325157};";2026-09-17 11:43:01;2026-09-17 11:43:01;{5D07C8AB-607E-4795-872D-D16530DD74DE};256
612;1;8;10;{865D44BB-8E3C-4149-AF5F-5EFBAE37CA60};"8,9,{46138DEE-743A-4DF0-BC3F-F5AD02F37E4E};";2026-09-17 11:43:01;2026-09-17 11:43:01;{B806BCAC-D425-444C-8F6C-8E5CA3C8E6F1};256
613;1;8;9;{3A92BE1D-C69C-43E7-B3FF-0BDE59DB7468};"8,10,{7545FFB1-E90B-4C4E-8CD8-0607146572FC};";2026-09-17 11:43:01;2026-09-17 11:43:01;{EC9F3AD4-4434-4B30-A435-AC9FBCFC7D4A};256
614;1;8;10;{DEA88920-B8BF-483B-AB8B-899E0D667A0F};"8,9,{A3EE7B61-9C14-472F-A03A-92D5B65A9DB4};";2026-09-17 11:43:01;2026-09-17 11:43:01;{B77E25E8-431E-499E-8DDC-C3B83C660606};256
615;1;8;9;{A3EE7B61-9C14-472F-A03A-92D5B65A9DB4};"8,10,{DEA88920-B8BF-483B-AB8B-899E0D667A0F};";2026-09-17 11:43:01;2026-09-17 11:43:01;{7B59CF2A-A18D-4080-94ED-23FD78191431};256
616;1;8;9;{901793A4-80C6-4670-98BE-5CEB11613F6F};"8,10,{F6C1A9A6-5338-44FA-BE2F-F073249A7917};";2026-09-17 11:43:01;2026-09-17 11:43:01;{52762086-0BAE-4FE0-B2C1-6A5E48F06646};256
617;1;8;9;{E76EE24C-FE48-475B-A2E6-7D1D710054AC};"8,10,{D6BC4C61-4A72-4FC9-9640-B5AFC09DAE1B};";2026-09-17 11:43:01;2026-09-17 11:43:01;{D783E292-0294-4D5E-8920-07201BCEA139};256
618;1;8;10;{E9D1A55B-357A-401C-B50D-D23BA75084FC};"8,9,{142F2622-0E3C-461B-B58F-7A1B0C2D05D5};";2026-09-17 11:43:01;2026-09-17 11:43:01;{6BD4C292-9898-4B77-B55A-0C4620F35AA2};256
619;1;8;9;{2C558740-982E-47CB-81AC-82F63ED15667};"8,10,{B0E374FE-745F-4A0F-BBAB-2CDE18CCF1A7};";2026-09-17 11:43:01;2026-09-17 11:43:01;{BC837E2C-880B-4812-9354-A9400CF76DF2};256
620;1;8;9;{142F2622-0E3C-461B-B58F-7A1B0C2D05D5};"8,10,{E9D1A55B-357A-401C-B50D-D23BA75084FC};";2026-09-17 11:43:01;2026-09-17 11:43:01;{82991A40-3848-4543-AC24-44C30EAA7B36};256
621;1;8;9;{E6730DFB-4232-4DD0-8756-821354AD9BC7};"8,10,{1DFF8750-51A1-4F4B-8F5B-183AAAC159FE};";2026-09-17 11:43:01;2026-09-17 11:43:01;{4DF1CB6E-9DED-42CC-8655-33F9E8C8A5C5};256
622;1;8;9;{DBD20A14-0058-4298-84AD-D1B998C3EE57};"8,10,{80CFB5FF-323D-43DB-9E92-5C0812CE1A2C};";2026-09-17 11:43:01;2026-09-17 11:43:01;{0D909387-15EC-431B-82A8-95EC95AA927B};256
623;1;8;9;{CE0BD98A-BA79-416D-BED5-CF9528C1853C};"8,10,{F145CCD6-001B-4FB5-88A3-05FDB4DD5055};";2026-09-17 11:43:01;2026-09-17 11:43:01;{4420AF44-F06A-489C-82D7-52881114BB93};256
624;1;8;10;{DA40E81A-0A9F-4FD4-87BC-2719E803DB27};"8,9,{95A7E009-3641-431F-8948-DEFC144BAE31};8,9,{2CB9916C-6AB3-4E01-B931-1B776251FB03};8,9,{4603F4A0-D675-479D-88D6-C23A06167467};";2026-09-17 11:43:01;2026-09-17 11:43:01;{76B59FF9-6EC5-4289-8C46-746A238DD86F};256
625;1;8;9;{82C9D583-9625-4A2B-B032-10436FD5EF41};"8,10,{AE94F40E-5055-4CA1-A404-6B9F71021559};";2026-09-17 11:43:01;2026-09-17 11:43:01;{96A0F8FC-1229-43FB-8E49-9687B43BFAEE};256
626;1;8;9;{FD73AC0B-8132-4DEA-965B-FE0FF862D708};"8,10,{B6F2344C-4054-4DF9-8B33-B147E5B09F09};";2026-09-17 11:43:01;2026-09-17 11:43:01;{0D1381DE-26CD-4C04-8351-1D3DD498E81C};256
627;1;8;10;{2FE7E27E-4569-4B65-90E5-B7CD1FA095F2};"8,9,{734C4098-86FB-44C7-A1B9-7355CF94AFDC};8,9,{DE05C5C3-23E0-429D-8EEF-0EB14111DC31};8,9,{AF88CDBF-DCCA-4F55-98C3-1CC01527D7E5};8,9,{82F07C5A-C0E4-4382-9CD8-D74675A8BD79};";2026-09-17 11:43:01;2026-09-17 11:43:01;{64E02801-8E82-4C84-A0D6-97A15E6DB22D};256
628;1;8;9;{BE0206AA-3D69-4FAF-9292-0758B0B260EC};"8,10,{C3E9F905-C1DA-4ECC-88EA-11093E74F941};";2026-09-17 11:43:01;2026-09-17 11:43:01;{778A9C05-316D-40CE-835A-7C961B65BBAB};256
629;1;8;9;{95D54A65-62C5-4397-B253-969C5731811B};"8,10,{DB0C56FC-B57C-46DC-B0E4-E06B7AA6772B};";2026-09-17 11:43:01;2026-09-17 11:43:01;{60859D3E-D18E-48B8-B623-5F04EFE9F3C1};256
630;1;8;9;{3E2D7133-0740-45F3-B57B-4A9E3C90D143};"8,10,{B6BD5E84-6115-4818-89C4-6125F51D2592};";2026-09-17 11:43:01;2026-09-17 11:43:01;{A37ADF53-3E4F-404A-A150-CFE24D298BBB};256
631;1;8;10;{277378DE-95D7-4CB8-AE8B-C535C3E0A7E5};"8,9,{50409D68-7F70-4F23-BB7F-46D7BC859092};8,9,{F421DFA2-3CF9-405D-A821-CE1C6B2CD213};8,9,{DBEC4B48-70E9-443E-B992-61FCDB6FB5BE};";2026-09-17 11:43:01;2026-09-17 11:43:01;{906E52FC-C133-4F81-AE40-9F863A609CE7};256
632;1;8;9;{734C4098-86FB-44C7-A1B9-7355CF94AFDC};"8,10,{2FE7E27E-4569-4B65-90E5-B7CD1FA095F2};";2026-09-17 11:43:01;2026-09-17 11:43:01;{DAAD2993-C864-4684-94C3-48E7D3201627};256
633;1;8;10;{022896B0-B859-4C12-A8A9-E1F2CDE8AD21};"8,9,{6F1B271A-45DD-4648-B9E3-2144126D7327};";2026-09-17 11:43:01;2026-09-17 11:43:01;{084DFD4A-7A85-45C9-A0B6-8878DDD5FAC6};256
634;1;8;9;{5F229602-EACB-44D4-8BEA-81FF55CE4255};"8,10,{D6798864-94F1-47C7-9418-6265BAB302CA};";2026-09-17 11:43:01;2026-09-17 11:43:01;{DCD79C9A-5F49-46B9-8531-D60526FDFAD6};256
635;1;8;10;{4F6E5DC6-1DCB-4F51-8851-3078DD76F314};"8,9,{E0D79368-C30E-42FD-80D1-FC94641DE95E};";2026-09-17 11:43:01;2026-09-17 11:43:01;{471E4B39-BB99-4F10-A94B-C4E9EE674891};256
636;1;8;9;{83DE0BD9-C937-402F-BD7C-4071709A469B};"8,10,{3B7E159C-4FC0-4263-B5E3-9B8C37835D36};";2026-09-17 11:43:01;2026-09-17 11:43:01;{850F806F-F0B4-4411-B270-E69E2511733C};256
637;1;8;9;{18D751D0-0317-4A5C-90C4-D1B8E0B3FAE1};"8,10,{1063A945-00F8-4365-8C0E-4DBC813736F8};";2026-09-17 11:43:01;2026-09-17 11:43:01;{DD11B917-2E72-4787-B10E-AFD17896217A};256
638;1;8;9;{E13B609A-6A5D-481D-8B1B-F17488F9341A};"8,10,{DD26AA13-4DB4-46F5-8D79-FE9971DCCA59};";2026-09-17 11:43:01;2026-09-17 11:43:01;{5E024CD3-E076-4472-BC37-E2762815662C};256
639;1;8;9;{BC6A2577-0363-4DD7-B19F-5E607A44AA3D};"8,10,{94D72B6B-2E0B-4FE1-ABD1-6EC09E3CA1B9};";2026-09-17 11:43:01;2026-09-17 11:43:01;{AAA137BA-6774-4F0D-BB80-DCA02B93516A};256
640;1;8;10;{27079F95-D5A1-47C7-8795-4C7456CE92CF};"8,9,{783435D5-0B84-4C2C-8429-CEECCB3C679E};";2026-09-17 11:43:01;2026-09-17 11:43:01;{C653AFFA-D5D1-4963-9DFA-73B55CBDB738};256
641;1;8;9;{4AFA8F6B-2070-4F8C-893A-DD0AC20EA97A};"8,10,{D6101C6B-D976-485B-9CBD-9F1961F9303D};";2026-09-17 11:43:01;2026-09-17 11:43:01;{687FC54F-C5BE-4CA4-B54A-702DF883BC25};256
642;1;8;9;{52F59AED-E332-4A5D-8DB5-0C82E202802D};"8,10,{B36B2E3E-4047-4AFD-AADF-79D18C795F0F};";2026-09-17 11:43:01;2026-09-17 11:43:01;{93E8FDB6-4DAC-412A-82E1-861B0212EE3B};256
643;1;8;9;{AD2EA6C4-0E83-4476-8CB2-26CA13438D2F};"8,10,{3B7E159C-4FC0-4263-B5E3-9B8C37835D36};";2026-09-17 11:43:01;2026-09-17 11:43:01;{ACF6D6E5-B70B-40DB-B27A-BAC19CBC8F47};256
644;1;8;10;{E8279D28-59D7-4F33-B8A0-37AC959E9C86};"8,9,{898D7525-148D-46D7-B45F-34C62F7FE8B6};";2026-09-17 11:43:01;2026-09-17 11:43:01;{2C3C8785-6DA3-4FCB-8464-B2E5203E2DF3};256
645;1;8;9;{C8D04A29-B980-41AB-BEBB-8AC2CCA256ED};"8,10,{24F00D40-DC8E-47D5-A248-67B169B8EEA5};";2026-09-17 11:43:01;2026-09-17 11:43:01;{D97569EA-0B92-4B63-8957-A772807FFB4E};256
646;1;8;9;{372F1443-72AC-4F57-AADC-BBC59FD4FB7B};"8,10,{53DADB14-8408-4999-96DC-DD8CA3012C64};";2026-09-17 11:43:01;2026-09-17 11:43:01;{1DED5CFB-8210-4C27-9316-293046E2CD54};256
647;1;8;9;{3472D8EC-E70D-4367-8FCB-BE4F29DF29E4};"8,10,{AFD0FA53-030D-4F54-88EF-CE37C76E098E};";2026-09-17 11:43:01;2026-09-17 11:43:01;{9F807EEA-0566-45B7-B4CC-5137BD54766B};256
648;1;8;10;{8B2267A0-429F-44A9-B623-4B8C80EB9766};"8,9,{16C1156A-0E4C-41E8-8E7F-21E75B0AA022};8,9,{5AF03B75-0984-47EB-A260-8E28AB62D74F};8,9,{60DBCF08-CBA2-489C-95AD-934E959E3C42};8,9,{A57394BB-ADDC-4B1F-81F8-259CD65E8E6A};8,9,{ECA1A28A-44BD-4EEB-BF9E-26B41B35CF08};8,9,{A32D055A-F2E5-4251-B618-3D51F2C232E7};";2026-09-17 11:43:01;2026-09-17 11:43:01;{853D7120-3C8C-4DCD-B15F-969FE95F0679};256
649;1;8;9;{B0BEE6DB-6E0E-453C-A830-533BFC3AEF88};"8,10,{DDE8A7D8-2A80-4506-94B1-AA12FC567622};";2026-09-17 11:43:01;2026-09-17 11:43:01;{5DC7A454-BFA1-489D-9CB2-AB5CA25A442C};256
650;1;8;9;{E6C5E444-E4D0-475F-A593-7599186C2574};"8,10,{47030910-0FE5-484C-9B3B-36DE374B64DA};";2026-09-17 11:43:01;2026-09-17 11:43:01;{0C120408-1999-46C8-944A-BF15ED98F17B};256
651;1;8;9;{716D9DAB-D550-4282-8A44-2AAE5D3B4146};"8,10,{FC6F4E9A-794B-4910-9965-88DD3850BA76};";2026-09-17 11:43:01;2026-09-17 11:43:01;{8D7EF2E9-C0AF-4471-AF43-6411DFCAA900};256
652;1;8;10;{A006D9FA-9F17-4677-BEA7-1A514A9060E2};"8,9,{CC53EAA3-4B66-4EAE-A5EB-74A6C1685271};8,9,{BCD86463-4B17-4AF4-85D8-B5510EB86DB1};";2026-09-17 11:43:01;2026-09-17 11:43:01;{846E8F52-BCA0-40F9-A01A-E2649238F0A0};256
653;1;8;9;{A4611023-4C51-4720-B488-55493BE6076C};"8,10,{F574144C-A4FC-49E5-AD7F-6AED363467AC};";2026-09-17 11:43:01;2026-09-17 11:43:01;{EE323990-AFE9-4862-AC06-12D156009909};256
654;1;8;9;{DE05C5C3-23E0-429D-8EEF-0EB14111DC31};"8,10,{2FE7E27E-4569-4B65-90E5-B7CD1FA095F2};";2026-09-17 11:43:01;2026-09-17 11:43:01;{124DBEF0-7932-48EF-AFB9-1B89FB5E6E42};256
655;1;8;9;{E340F1F8-3AB7-409E-8E35-DF1EBC26E509};"8,10,{A80DD8E7-040A-43EC-B3E8-A3EE14F58259};";2026-09-17 11:43:01;2026-09-17 11:43:01;{81282285-8278-47AC-95C3-33F5B41F6C4B};256
656;1;8;10;{7F614A4D-CFA7-4BC0-8A95-1669FFB3F0E2};"8,9,{6150EC70-7BDF-436A-B7B3-95C0E80D7770};";2026-09-17 11:43:01;2026-09-17 11:43:01;{4DB8DEAB-160D-4CE5-B2A5-ECDF645F71C2};256
657;1;8;10;{C283A277-A076-4F7E-8407-6CF16CD99566};"8,9,{0FE1684D-112E-4E3B-8CA5-1E343D2E6DAD};8,9,{B463FBF2-990E-43E1-B465-46324E6CD3AA};";2026-09-17 11:43:01;2026-09-17 11:43:01;{402B1B6E-30FC-4F5D-8551-283C543FE1B0};256
658;1;8;10;{E1BC9C75-0ACE-41DF-A0D7-ADD1FB5484C5};"8,9,{97A9D508-F6B3-4DFD-B778-272A0845F22A};";2026-09-17 11:43:01;2026-09-17 11:43:01;{4062EB43-6C23-4E9A-9135-3B6A726E6920};256
659;1;8;9;{353E5C6C-AFC1-41B3-A311-B6E047B3C4B0};"8,10,{35331FC3-60AF-46A6-BE31-AC05F9A38235};";2026-09-17 11:43:01;2026-09-17 11:43:01;{581ECD5A-D216-42EC-B7F5-8DE0BEC7F561};256
660;1;8;10;{948C254D-8AA3-4D6A-850A-900E821E38CC};"8,9,{21E098BA-4E98-48B8-9799-67F23E2755BE};8,9,{D0C26F8A-899C-44D2-B850-BA9E8CAB9756};8,9,{F9DD624F-EC74-44AD-A589-EF3D0FAA69F7};8,9,{3EC48F11-21A7-4593-9A68-F5FDD41BA89B};8,9,{A97BF7F6-0E34-478E-B313-42EB03670930};8,9,{C261BC48-36E9-41D2-9679-864513205671};8,9,{95CEBF93-8701-482C-9A17-21B63D9E3FB3};8,9,{DAAC468D-8A33-4C09-ACEE-04C682D9118F};8,9,{F7040F03-97EF-4DE4-B74A-23858F629C9D};8,9,{619FA67C-EF48-485C-8533-DD83CD363BE8};8,9,{6038C494-CCF2-4F12-8B1C-1D5D59CF3678};Additional rule violations exist.";2026-09-17 11:43:01;2026-09-17 11:43:01;{CCAFD8E0-2300-4E1B-995E-7E1996848B11};256
661;1;8;9;{21E098BA-4E98-48B8-9799-67F23E2755BE};"8,10,{948C254D-8AA3-4D6A-850A-900E821E38CC};";2026-09-17 11:43:01;2026-09-17 11:43:01;{75E92538-9070-4802-93D8-10C6FD6DEC05};256
662;1;8;9;{44BF3792-A0ED-4726-A6DA-379689482A08};"8,10,{AEFCCF18-1C0C-4900-B992-0F10F77FBD0E};";2026-09-17 11:43:01;2026-09-17 11:43:01;{B4995982-0BE6-49BE-AEC7-D62313D4B7C1};256
663;1;8;9;{7AF2C4EE-EF90-44A1-9DF9-ED7FCE7FE1F3};"8,10,{2D3457AF-C34B-4056-8443-FB787534A5EF};";2026-09-17 11:43:01;2026-09-17 11:43:01;{8C99A462-3699-4185-A6B6-C0800863BF16};256
664;1;8;10;{25BBABD7-653D-4B2B-B517-A65FF056B040};"8,9,{1B598B1D-8BDD-431E-A4BC-15F856CB83D6};";2026-09-17 11:43:01;2026-09-17 11:43:01;{B7001E4F-D384-49E3-B64D-83FC045F2C89};256
665;1;8;9;{ADE7B04E-7C9C-4D02-97FE-41D103DD7199};"8,10,{A56ED7A2-D238-4EB5-9871-A3DF0EE850DC};";2026-09-17 11:43:01;2026-09-17 11:43:01;{3D990B25-C697-404F-9798-35142E3743F9};256
666;1;8;10;{318A7760-B89C-4A87-9572-2CC3F1C8BF32};"8,9,{11A32728-5C56-4356-A194-C3C24103C62A};8,9,{B98E408D-7601-4312-A806-F22CFFAE2406};8,9,{F18CE235-73F0-468F-A51B-64698189C9E8};8,9,{CC83AA12-3AF9-4597-A501-73AA25652057};";2026-09-17 11:43:01;2026-09-17 11:43:01;{F84A4133-CCB9-40B4-A2F5-E6CD19C4AB46};256
667;1;8;9;{EAA761D6-F99F-4CAE-B3B1-F623FEEB9DAD};"8,10,{BB7E8B38-C394-4BF6-AD82-6756242EB7C9};";2026-09-17 11:43:01;2026-09-17 11:43:01;{2FBCC164-7437-48F9-A219-2DAA148C99B0};256
668;1;8;9;{EE6FCE95-F14F-4B20-B2F3-DD256E0C8460};"8,10,{F145CCD6-001B-4FB5-88A3-05FDB4DD5055};";2026-09-17 11:43:01;2026-09-17 11:43:01;{298B5324-19A2-4BC8-93CB-23ABEF624040};256
669;1;8;9;{7F94E143-0B25-4CEA-9DDC-9AD4C008DA3D};"8,10,{FE1DDA4C-4702-4218-BBD8-9BA8237A156D};";2026-09-17 11:43:01;2026-09-17 11:43:01;{021F14CA-B635-412B-8ABD-F489CDF96BBA};256
670;1;8;10;{FFA3C38F-D470-4E2C-9488-ECDA5A405A37};"8,9,{2023B24E-8318-47A7-B113-3F004CD68C77};8,9,{6C525C0D-E427-4882-B301-69D57F4C58EA};";2026-09-17 11:43:01;2026-09-17 11:43:01;{39E32125-1DCB-4D07-888B-89DE4EE06964};256
671;1;8;9;{C9F0BD8E-AFD9-4A5A-B4AE-096486EC2440};"8,10,{C47F72FC-9541-4491-97EC-0662795417FD};";2026-09-17 11:43:01;2026-09-17 11:43:01;{5EAB2134-0888-4B62-8EFA-1B6CF6B291FB};256
672;1;8;9;{145CDA3F-92F6-4547-A404-822FBE8977EC};"8,10,{3B7E159C-4FC0-4263-B5E3-9B8C37835D36};";2026-09-17 11:43:01;2026-09-17 11:43:01;{045DA93F-D3A9-4FA3-94A9-391B95DC32CF};256
673;1;8;9;{19DC1CB7-92D5-4320-A9D7-B2E672A42A03};"8,10,{6670A43A-A34C-47E9-B88E-C42CD6198FA3};";2026-09-17 11:43:01;2026-09-17 11:43:01;{1A2E7498-2707-4D74-BECB-45B02D1F1DA2};256
674;1;8;9;{F32C37C5-E97B-4C0C-942D-8306A87A865D};"8,10,{936045A5-1381-49BD-85D7-623928E2CAE7};";2026-09-17 11:43:01;2026-09-17 11:43:01;{BD2450CD-FE70-40B7-99C7-4658C7AF1F91};256
675;1;8;9;{E3512002-8023-49A8-9266-75282516E347};"8,10,{F145CCD6-001B-4FB5-88A3-05FDB4DD5055};";2026-09-17 11:43:01;2026-09-17 11:43:01;{6B28182C-C9AA-4712-812D-5803DEECAC6D};256
676;1;8;9;{F530C307-0372-484B-8667-F0F3D4A388ED};"8,10,{B2595560-91C1-4B43-A552-DE4B5F2675D2};";2026-09-17 11:43:01;2026-09-17 11:43:01;{F4F40822-9D5C-400E-91F7-4377747D22D6};256
677;1;8;9;{9545E5EC-A107-4E1D-B969-69943B986D50};"8,10,{9C574776-652D-4736-8D26-30EAB9E56B6E};";2026-09-17 11:43:01;2026-09-17 11:43:01;{B67E4F0A-45CC-46D5-B670-30517368B707};256
678;1;8;9;{8145989F-B70D-4382-9A3C-2F41D0DBC9BC};"8,10,{ADFDBCF9-35E2-4801-96D5-A91CDB570D71};";2026-09-17 11:43:01;2026-09-17 11:43:01;{080A3D9D-AD47-4AE7-AF6D-A9BB7369BD5C};256
679;1;8;9;{DBBE5086-7BA8-4363-A377-A8A658BE3E44};"8,10,{1A1E9A68-1293-4ACF-91DC-338F14F8E231};";2026-09-17 11:43:01;2026-09-17 11:43:01;{493E7ECB-59C7-4A07-AE5B-44B16E18608C};256
680;1;8;9;{BCD8F1EE-4C69-428D-A38C-C9F9785DF0C2};"8,10,{2AC6A284-95CC-4195-A673-A3437B160C16};";2026-09-17 11:43:01;2026-09-17 11:43:01;{B2267FF6-4E13-432E-885F-EB4B582D3E8D};256
681;1;8;9;{CF08AFE1-DB3B-4CDB-993A-999C0E0A309B};"8,10,{442A185B-7EE1-452B-896C-14081D43D934};";2026-09-17 11:43:01;2026-09-17 11:43:01;{B8C42A1B-7953-466D-B209-6BB7CFE5771B};256
682;1;8;10;{070EEC6B-02DA-4FFC-A4D8-4F744D95C336};"8,9,{C13E4C93-A84E-4AA2-8565-6AFC7BAF2D9A};";2026-09-17 11:43:01;2026-09-17 11:43:01;{89EA2C9C-B675-43E7-BB64-314A5C9C5FCE};256
683;1;8;9;{82F07C5A-C0E4-4382-9CD8-D74675A8BD79};"8,10,{2FE7E27E-4569-4B65-90E5-B7CD1FA095F2};";2026-09-17 11:43:01;2026-09-17 11:43:01;{F7F13319-0105-41D2-A995-E008C4237C97};256
684;1;8;10;{E83C2D62-BC34-42A1-8928-C640D6E66E62};"8,9,{375C0CCF-620E-4C9C-925D-0F2C2D4C83D7};";2026-09-17 11:43:01;2026-09-17 11:43:01;{8B78BEEF-25A4-4767-8F33-74A46950E950};256
685;1;8;9;{595765C2-D27F-4ADD-A851-63327A4059BE};"8,10,{D9675DF6-6AFB-40CE-A38F-A7FBA63A6C76};";2026-09-17 11:43:01;2026-09-17 11:43:01;{68E30BBF-2A5E-40DC-979C-6E2C2011788A};256
686;1;8;10;{94D72B6B-2E0B-4FE1-ABD1-6EC09E3CA1B9};"8,9,{D2E17D3D-586A-4EF4-A042-2F2C0FEA2EA5};8,9,{BC6A2577-0363-4DD7-B19F-5E607A44AA3D};";2026-09-17 11:43:01;2026-09-17 11:43:01;{86B89709-D4C6-4203-937E-72465052A7B3};256
687;1;8;9;{B49A9B06-2322-4FE4-9F53-08B2CD6684D1};"8,10,{63107BB4-7299-411E-A4BB-65C47B221B7A};";2026-09-17 11:43:01;2026-09-17 11:43:01;{5EC81DE2-3080-4A6D-94A2-DC5D52F1049A};256
688;1;8;10;{2AC2CE29-AB2A-46BB-9B7F-956DCFC115A1};"8,9,{8ED9965B-15F2-44E6-A9DC-7BC7AADE70DA};";2026-09-17 11:43:01;2026-09-17 11:43:01;{2717760F-FFD8-4BF9-AD93-C6AE9C2E9B37};256
689;1;8;9;{17B68728-BEAE-4F03-B966-D9E7FBEC3D18};"8,10,{F145CCD6-001B-4FB5-88A3-05FDB4DD5055};";2026-09-17 11:43:01;2026-09-17 11:43:01;{83407001-B148-4F84-93FD-19B611AA59C5};256
690;1;8;9;{B289A51B-0110-4467-AF99-E4101D4EF872};"8,10,{C97D1945-1E76-4460-B2E6-9AFCD9A324C0};";2026-09-17 11:43:01;2026-09-17 11:43:01;{CFFD79B2-0095-43DE-8BD2-75CF43D24C94};256
691;1;8;9;{B2941326-FB58-4A16-83E5-FD96E338E63E};"8,10,{B90063F9-B8EA-491C-86D0-A7E7EE755958};";2026-09-17 11:43:01;2026-09-17 11:43:01;{2F4AEB26-8723-4317-8CF4-62E47A067527};256
692;1;8;9;{6B62A5B8-6AA8-4E00-B237-227AA7FA35B6};"8,10,{6A3883B6-8568-4237-A68F-CB31127C5BCB};";2026-09-17 11:43:01;2026-09-17 11:43:01;{D359BCD5-3027-4EDF-9E09-8F0F1731723E};256
693;1;8;9;{6CDFC6D6-9A7B-4DD0-840E-D8B64412C508};"8,10,{F145CCD6-001B-4FB5-88A3-05FDB4DD5055};";2026-09-17 11:43:01;2026-09-17 11:43:01;{460E897D-818F-4F35-B41B-A63E4DC0BD7B};256
694;1;8;9;{D0C26F8A-899C-44D2-B850-BA9E8CAB9756};"8,10,{948C254D-8AA3-4D6A-850A-900E821E38CC};";2026-09-17 11:43:01;2026-09-17 11:43:01;{962642ED-2B14-46C1-9907-FB922312CDA8};256
695;1;8;9;{3745620B-BB0B-4791-BE6B-A091FDB45312};"8,10,{790B7261-A1A8-47A7-B60B-B74BA6FAECAF};";2026-09-17 11:43:01;2026-09-17 11:43:01;{77C889DA-72E6-4823-ADAD-F18559A6BB66};256
696;1;8;9;{33F68110-330F-443E-BEB9-441669DB0BA6};"8,10,{DB916E68-03C1-4A94-836C-9AA59BC71F59};";2026-09-17 11:43:01;2026-09-17 11:43:01;{F57EB0E6-7DED-489C-ACBE-5DD9A5579DC8};256
697;1;8;10;{F7321FF3-EEA6-409A-A9F3-C257D261B4E1};"8,9,{61FC0537-0052-4A63-B167-AD0196C9A31E};";2026-09-17 11:43:01;2026-09-17 11:43:01;{C9F862EB-5EB3-4891-9E05-7F792162719F};256
698;1;8;9;{2DC706AF-CA52-4938-9939-EEB880CA5B1F};"8,10,{45427813-8830-4B54-A1DD-FF9A04192F5E};";2026-09-17 11:43:01;2026-09-17 11:43:01;{AAF9EFAB-DFA9-424F-ACA7-E01CB0AD5414};256
699;1;8;10;{C378BA68-703F-4D34-A634-75456F44DAD4};"8,9,{6FE3BA48-59CA-491E-B0B2-7C95BF88EE43};";2026-09-17 11:43:01;2026-09-17 11:43:01;{13A42173-3183-47E3-8C98-2021AA2BBDF2};256
700;1;8;10;{C3E9F905-C1DA-4ECC-88EA-11093E74F941};"8,9,{2C00439A-190F-4D0D-AF1F-74D196329555};8,9,{BE0206AA-3D69-4FAF-9292-0758B0B260EC};";2026-09-17 11:43:01;2026-09-17 11:43:01;{32C311E6-6833-4F28-806A-7E453F5AB4D5};256
701;1;8;10;{85BB2289-706E-45C7-B253-20FC98A7D0C6};"8,9,{EAD1BEC8-66BF-4E76-9877-A771F603B41A};";2026-09-17 11:43:01;2026-09-17 11:43:01;{27ADC49C-1868-480C-A5AF-CDEE145C0C4A};256
702;1;8;10;{47D3E704-DC04-4ECE-95D6-79A72FE5B180};"8,9,{ABEEFC86-A50D-43C3-8C4B-C223783F5146};";2026-09-17 11:43:01;2026-09-17 11:43:01;{057CE983-4C9A-4655-9CC7-94F55256F1AF};256
703;1;8;9;{C93DB608-8A58-4F1D-A0C2-5F1B8108975F};"8,10,{0D71900E-D9C8-4C1D-9683-69143080EB97};";2026-09-17 11:43:01;2026-09-17 11:43:01;{DEFCFCFF-5FC1-4B89-8465-299A49960B6B};256
704;1;8;9;{BE133C45-01A0-45E8-9B95-2EAA38C7AFE7};"8,10,{1D8E87FB-904C-4AEA-AF35-D7A22893073D};";2026-09-17 11:43:01;2026-09-17 11:43:01;{27B38F4E-43EA-4C09-BF4A-FF2A30058DDA};256
705;1;8;10;{691B7F76-EE8F-46D0-A44B-F575931966EC};"8,9,{0EEFCCE6-E435-4EB8-98D2-E308922A81D2};";2026-09-17 11:43:01;2026-09-17 11:43:01;{1C65CE2D-4307-46B4-9B27-8241166B85C2};256
706;1;8;9;{70D55F19-3AEA-40D9-8D9B-6E318D16B08A};"8,10,{F2D6223F-A838-4516-9315-818A83C734AA};";2026-09-17 11:43:01;2026-09-17 11:43:01;{FFF5102B-36E6-46CC-A50D-BE9B5A52076D};256
707;1;8;9;{D2E6B3F6-2531-4CD9-8407-53EBDE05A965};"8,10,{4B004626-1280-4854-A52B-57CA51C0EC42};";2026-09-17 11:43:01;2026-09-17 11:43:01;{606094BC-AAD9-4BC9-AF59-BE913E6CE325};256
708;1;8;10;{DC79C1E0-3128-4E79-9CEE-968F3D8C4CD3};"8,9,{F5855708-0D90-4270-A48A-13557EDB5BD9};";2026-09-17 11:43:01;2026-09-17 11:43:01;{861252F6-F040-44C1-8D41-8EAA3252CA3F};256
709;1;8;9;{61FC0537-0052-4A63-B167-AD0196C9A31E};"8,10,{F7321FF3-EEA6-409A-A9F3-C257D261B4E1};";2026-09-17 11:43:01;2026-09-17 11:43:01;{DF538FDC-3893-44D0-8BC1-CC47F5F11937};256
710;1;8;10;{E2CCA2B9-75F5-49D5-A930-0B48F1FE2C26};"8,9,{2D9541B0-9D37-4179-A6A1-5824A11BF53E};";2026-09-17 11:43:01;2026-09-17 11:43:01;{E8E3365A-20CB-4B4C-9B26-193F43781C42};256
711;1;8;10;{3E9430C1-B948-4B8C-8881-568BF75BD307};"8,9,{21EB1914-A539-42DC-87A9-A9C901955EAD};8,9,{6F374978-8469-4F58-9C75-8F4A2B25D939};";2026-09-17 11:43:01;2026-09-17 11:43:01;{48C2303F-235B-4952-874F-1C06A79A488D};256
712;1;8;9;{5AD53BBB-A090-40EF-AD50-1A72F5CAC41E};"8,10,{2DF75EA3-F3ED-4EFD-82E1-363542CC3B94};";2026-09-17 11:43:01;2026-09-17 11:43:01;{A255D95A-D447-48C8-A721-858E1239BE4E};256
713;1;8;10;{F252C895-DBA0-4BED-AF7B-098C5B2F4632};"8,9,{09B59B5B-2B52-4F33-A1F9-90B6667C0EDE};";2026-09-17 11:43:01;2026-09-17 11:43:01;{7F38DA54-9F66-406E-B70F-D9AE8FD377FD};256
714;1;8;9;{F2E37F1B-AA47-4C7B-85D6-48272F3C192A};"8,10,{7D5A1E62-A7A7-435A-9C0A-06DF168AB60C};";2026-09-17 11:43:01;2026-09-17 11:43:01;{6B9B0FD5-68C1-4CB3-A208-A561E5F4D4D8};256
715;1;8;9;{491EE29E-7FBB-414F-98C0-1BC2091670F6};"8,10,{A688E6F5-F78A-4A1E-B1F3-6C3C33325157};";2026-09-17 11:43:01;2026-09-17 11:43:01;{3A9F1463-1EDC-41F0-90EA-7CAC0D506989};256
716;1;8;9;{95A7E009-3641-431F-8948-DEFC144BAE31};"8,10,{DA40E81A-0A9F-4FD4-87BC-2719E803DB27};";2026-09-17 11:43:01;2026-09-17 11:43:01;{611E7BBB-F18A-454A-AD65-222AAB5C1E1C};256
717;1;8;10;{DEBA4FB5-7CF4-4C5C-9BEE-ED746B4E3ACE};"8,9,{D5B0F88C-82DE-4926-A66E-140E00480477};";2026-09-17 11:43:01;2026-09-17 11:43:01;{D5EF8222-B345-4256-9665-E85A76BFC89E};256
718;1;8;9;{55C6C5E0-4A5F-4736-AFFA-18B3E64D050A};"8,10,{BA01F7F3-BCCA-479A-8906-2F06583BFA5A};";2026-09-17 11:43:01;2026-09-17 11:43:01;{EC73408A-EE4C-4FD2-91BB-FB96A9C082ED};256
719;1;8;9;{48DB368D-0143-44ED-9FDE-C0BFBD7638BC};"8,10,{A3DEADCC-602D-4DF1-821D-69A149FDAC2D};";2026-09-17 11:43:01;2026-09-17 11:43:01;{6D0E36E9-CE1A-4296-9863-B94938B0C334};256
720;1;8;9;{44D6F235-E923-404C-B3CC-365E3F64ADA5};"8,10,{8331AB6F-71BA-4C2D-92C0-DF40462792D5};";2026-09-17 11:43:01;2026-09-17 11:43:01;{D3259C7C-3B4A-4E57-9B6F-9E55CA604C72};256
721;1;8;9;{6BE53E13-C46E-4C43-A3BE-40432DE54F8C};"8,10,{DE52EFBC-D843-4BFA-85D3-2A41ACDD432A};";2026-09-17 11:43:01;2026-09-17 11:43:01;{452637DC-6920-4826-AF7C-BA492FA6F8F2};256
722;1;8;9;{7FC1FC2F-7637-46B4-A652-6AAAA82A7B47};"8,10,{8B78BE08-0385-4B3F-B461-135D91532F6F};";2026-09-17 11:43:01;2026-09-17 11:43:01;{C2A24C50-39DA-4E9D-B8D1-8472D6C186C6};256
723;1;8;9;{5C682FB5-8DB7-4523-B0C8-EC3169C92E4A};"8,10,{96497F61-3506-4CA2-B225-9F5FB0587BE9};";2026-09-17 11:43:01;2026-09-17 11:43:01;{8BDC85AF-08A8-401B-97B0-255806DF0A30};256
724;1;8;9;{A613BFAF-60A5-4107-B23D-D2CF6733E374};"8,10,{D33D46DD-BBE9-484C-93CE-A4C48D8EB7BC};";2026-09-17 11:43:01;2026-09-17 11:43:01;{2EC30C9B-5E7B-45FC-A828-6FEB02BCFE39};256
725;1;8;9;{E9DA7C5C-4A07-42F9-B030-E9F79D19A579};"8,10,{BFF72526-BE40-41A5-ACAC-FE4C690E9394};";2026-09-17 11:43:01;2026-09-17 11:43:01;{3599EB63-273C-4627-B3D6-C474B882A91B};256
726;1;8;9;{294EE97B-4089-49DC-B643-A9EA95A67E7B};"8,10,{8DF79DD3-7F12-44EB-A785-08FC3F589DD7};";2026-09-17 11:43:01;2026-09-17 11:43:01;{0F8288D4-EE19-447E-BB62-D3851238395B};256
727;1;8;9;{F4322AA3-82B5-4E54-A9D3-AFAD7F03B52B};"8,10,{F145CCD6-001B-4FB5-88A3-05FDB4DD5055};";2026-09-17 11:43:01;2026-09-17 11:43:01;{44686295-F443-4BCC-952D-93B07E82C6C0};256
728;1;8;10;{36F78461-82F2-402C-917F-451F1DE09C91};"8,9,{5464678D-9360-4B53-9250-69BA5FAF005F};8,9,{4DCE73D2-F042-4C2E-859C-B1351F371CF7};";2026-09-17 11:43:01;2026-09-17 11:43:01;{DDA65A14-A130-47C1-AA74-3C0BA21F4F04};256
729;1;8;9;{02735ACE-DB92-4E90-9A74-043BB6DD1782};"8,10,{92B59A8E-8745-4673-9F7B-56F5360D20B6};";2026-09-17 11:43:01;2026-09-17 11:43:01;{C5F58994-45B2-46DF-8A34-89CE13379C89};256
730;1;8;9;{0D21A883-62D9-4DD0-820A-379E43FD7A3D};"8,10,{0D71900E-D9C8-4C1D-9683-69143080EB97};";2026-09-17 11:43:01;2026-09-17 11:43:01;{C8AF11DE-6381-4A24-97C1-8280CACF4742};256
731;1;8;10;{6D1FCD73-1109-485F-8720-2599E7245642};"8,9,{AB246427-B4DB-413A-99DA-6AB81EA8D0EA};8,9,{7018FDD9-50BE-4EBB-84E6-1F0DE8990624};";2026-09-17 11:43:01;2026-09-17 11:43:01;{50E4A61B-569B-40EC-9E85-0762F7779D86};256
732;1;8;9;{2CB9916C-6AB3-4E01-B931-1B776251FB03};"8,10,{DA40E81A-0A9F-4FD4-87BC-2719E803DB27};";2026-09-17 11:43:01;2026-09-17 11:43:01;{A75ADCE3-5364-492F-8E13-771602CF4FFD};256
733;1;8;9;{30C1AF2E-DFF5-40EF-9B07-64B71EE1E7AF};"8,10,{0A881C61-9AF4-4DBF-BDD2-37F182C1D603};";2026-09-17 11:43:01;2026-09-17 11:43:01;{ECE95159-71DB-4349-A760-88F1428688FE};256
734;1;8;9;{C459D886-4614-4B60-9339-B1FE5D456D88};"8,10,{D56702DE-E0E8-41DC-B557-88C489E124E2};";2026-09-17 11:43:01;2026-09-17 11:43:01;{E7EE90B5-B0E0-42A8-A1F4-A52214CA1184};256
735;1;8;9;{10B4D827-DD22-4BFA-95BC-27E3C6E8A4B3};"8,10,{22A72732-6F80-48DC-986D-8776D96CA924};";2026-09-17 11:43:01;2026-09-17 11:43:01;{6046D6F6-E13E-4765-BDB6-495C45901D42};256
736;1;8;10;{1BF4CD6E-861A-4E69-B778-065998F0F169};"8,9,{F5D9124E-A85C-4548-B6DD-094923DA2182};";2026-09-17 11:43:01;2026-09-17 11:43:01;{29B78F9E-94BD-4EE7-B099-29167B4B25AC};256
737;1;8;10;{9549B88A-660B-4597-9892-42918F29C0EA};"8,9,{2AAE9F0A-545E-48DE-AA42-BAF079F7C6F7};";2026-09-17 11:43:01;2026-09-17 11:43:01;{C7F86AE5-BEB8-4667-A39C-DA84EF864847};256
738;1;8;10;{39289A16-6212-474F-B3DC-A39EE0E444AE};"8,9,{E5870E27-1918-4252-8A11-1A5ADD29040F};";2026-09-17 11:43:01;2026-09-17 11:43:01;{9727BB54-9304-427A-B140-76890BED15F7};256
739;1;8;9;{2AAE9F0A-545E-48DE-AA42-BAF079F7C6F7};"8,10,{9549B88A-660B-4597-9892-42918F29C0EA};";2026-09-17 11:43:01;2026-09-17 11:43:01;{E548FCA9-DC4C-4772-9BF9-7ECADB24BF1E};256
740;1;8;9;{3086FDCE-4E38-442E-B238-C1F0E17C056F};"8,10,{67A734C1-4537-4F35-B4F4-E95F95652EEB};";2026-09-17 11:43:01;2026-09-17 11:43:01;{DE1A601A-8D03-4694-8A88-30FAB1B6ABF9};256
741;1;8;10;{6A882E0F-1654-412C-956E-62460E456AAC};"8,9,{5D7B52B9-411F-493B-8543-E676A195ABA7};8,9,{4D2C2E06-2421-46C9-947F-85655472FE92};8,9,{E9A3C852-87A9-47E9-B2B5-A66F7FF9816D};8,9,{9589F373-496C-4D3B-9845-9DA3959D75C5};8,9,{12F2BD76-207A-4E6A-B4EF-6D0A7699D5E9};";2026-09-17 11:43:01;2026-09-17 11:43:01;{BF673F3F-0262-4AC0-B67D-E76C7FDC0928};256
742;1;8;9;{9C59756B-21F8-4EEF-B97F-11008C13490B};"8,10,{6D5E09FC-1347-4233-A86F-CD534C6AFCCF};";2026-09-17 11:43:01;2026-09-17 11:43:01;{F0CF9948-309E-45F7-A5BF-95D960F8C330};256
743;1;8;9;{6F374978-8469-4F58-9C75-8F4A2B25D939};"8,10,{3E9430C1-B948-4B8C-8881-568BF75BD307};";2026-09-17 11:43:01;2026-09-17 11:43:01;{94B8F427-562B-4925-B7D6-9DA42702493F};256
744;1;8;10;{8504BFD7-E596-41B3-9A29-DF69B1EC567D};"8,9,{24E11582-FBDD-45DE-BC94-1FFAD2B079BF};";2026-09-17 11:43:01;2026-09-17 11:43:01;{FF6D8E4C-B9D5-44D9-924D-C52985462466};256
745;1;8;9;{3EC48F11-21A7-4593-9A68-F5FDD41BA89B};"8,10,{948C254D-8AA3-4D6A-850A-900E821E38CC};";2026-09-17 11:43:01;2026-09-17 11:43:01;{30C56F96-E16E-40D8-95CF-45B77A9653F7};256
746;1;8;10;{32FEB3F1-A44D-4C6E-805E-63158A468AC5};"8,9,{C5CBF930-3C1A-4061-920E-C803EBE8282C};";2026-09-17 11:43:01;2026-09-17 11:43:01;{1EC42A6B-53A0-44B2-BFC1-D8A3FCD50AFC};256
747;1;8;9;{2A6FE7F1-3909-48CC-B9C1-61FEAE111B67};"8,10,{78546A6D-A0BF-490E-9BFA-0CCD176A86D7};";2026-09-17 11:43:01;2026-09-17 11:43:01;{BC0B6C16-76E9-472F-824A-46450CB6372F};256
748;1;8;9;{229DC3C3-CFFB-4C34-AAB7-D8AF954699AD};"8,10,{9FB19F7B-93E9-45D4-A629-7F5D148F9E07};";2026-09-17 11:43:01;2026-09-17 11:43:01;{38684A8A-20C1-45CC-A53D-E7FB1A89D33E};256
749;1;8;9;{4603F4A0-D675-479D-88D6-C23A06167467};"8,10,{DA40E81A-0A9F-4FD4-87BC-2719E803DB27};";2026-09-17 11:43:01;2026-09-17 11:43:01;{D363BEB3-8D36-4C9D-82E1-3DAF1DD7B956};256
750;1;8;9;{4D2C2E06-2421-46C9-947F-85655472FE92};"8,10,{6A882E0F-1654-412C-956E-62460E456AAC};";2026-09-17 11:43:01;2026-09-17 11:43:01;{78D163D9-A048-4D39-8449-DBEAFF328893};256
751;1;8;9;{60DBCF08-CBA2-489C-95AD-934E959E3C42};"8,10,{8B2267A0-429F-44A9-B623-4B8C80EB9766};";2026-09-17 11:43:01;2026-09-17 11:43:01;{492BAA4F-A385-42B3-8898-05DB3357ECF6};256
752;1;8;9;{E9A3C852-87A9-47E9-B2B5-A66F7FF9816D};"8,10,{6A882E0F-1654-412C-956E-62460E456AAC};";2026-09-17 11:43:01;2026-09-17 11:43:01;{453651BB-5150-41FA-AC5B-9BD2C73D9AB7};256
753;1;8;9;{F5F54070-20A2-4BD4-92C3-001AE3555B72};"8,10,{442A185B-7EE1-452B-896C-14081D43D934};";2026-09-17 11:43:01;2026-09-17 11:43:01;{672C5674-E6FF-4609-A9C5-86C388F1566F};256
754;1;8;9;{A9D068E6-45B1-431E-BE6F-1FF7BBE5762E};"8,10,{96497F61-3506-4CA2-B225-9F5FB0587BE9};";2026-09-17 11:43:01;2026-09-17 11:43:01;{CAFDBE6B-E7AD-465B-9A75-9D626657EC0D};256
755;1;8;9;{910C50F5-93E5-4DE5-A0BA-DAD021C784FB};"8,10,{53B498E5-2E1A-4342-9298-9DE57A48A992};";2026-09-17 11:43:01;2026-09-17 11:43:01;{07B1E7AD-82DD-45AF-B020-A9D3F66138BE};256
756;1;8;9;{C261BC48-36E9-41D2-9679-864513205671};"8,10,{948C254D-8AA3-4D6A-850A-900E821E38CC};";2026-09-17 11:43:01;2026-09-17 11:43:01;{2B6A6A48-52A5-4FE0-AEEC-8A1AD2F902B4};256
757;1;8;10;{DD34260A-A6D4-4FC5-AC22-D88629509324};"8,9,{39BB940C-66AE-4045-B073-DA74E0157D62};";2026-09-17 11:43:01;2026-09-17 11:43:01;{9A4D3C6C-0831-4F87-911F-2F47A18C8D70};256
758;1;8;9;{C4F88522-55CC-4CA7-8B1E-8EC013A7746E};"8,10,{910565FF-4892-49C7-AC3E-F93E1268C33A};";2026-09-17 11:43:01;2026-09-17 11:43:01;{18D35F2A-4A3B-43D9-B981-BE71B4E149DD};256
759;1;8;9;{B0319338-4AC2-4A98-AE6F-008E971F4F4B};"8,10,{09833DE8-AA6E-47E6-8FB9-3DC23BE68072};";2026-09-17 11:43:01;2026-09-17 11:43:01;{EC9D5709-7B38-43F5-AD99-982D7F728465};256
760;1;8;9;{30F22D0B-64B8-4CED-9AA4-0C9FAD509B0D};"8,10,{6670A43A-A34C-47E9-B88E-C42CD6198FA3};";2026-09-17 11:43:01;2026-09-17 11:43:01;{09748DD8-C7A5-4405-A612-CC5B0E443E45};256
761;1;8;9;{0BB5AB06-6400-4ACE-ACA9-627990D68723};"8,10,{A366F031-44D2-4908-93D4-31C32D9E20CA};";2026-09-17 11:43:01;2026-09-17 11:43:01;{E5E1877B-6CA6-4EBE-B324-9E1975B0117D};256
762;1;8;9;{5917767F-5579-406B-8E2F-0C91ACEC7799};"8,10,{A56ED7A2-D238-4EB5-9871-A3DF0EE850DC};";2026-09-17 11:43:01;2026-09-17 11:43:01;{752E5F59-9762-49C4-8842-B0A3ED856605};256
763;1;8;9;{432D2995-F575-4F74-AC97-43F3C9B11D6C};"8,10,{28FBCA4F-21A4-4954-A875-BB9EF7D589D0};";2026-09-17 11:43:01;2026-09-17 11:43:01;{FA381416-0CBA-4D21-8158-67CF08AFF203};256
764;1;8;9;{9589F373-496C-4D3B-9845-9DA3959D75C5};"8,10,{6A882E0F-1654-412C-956E-62460E456AAC};";2026-09-17 11:43:01;2026-09-17 11:43:01;{C4318C9A-5FF2-4E41-8803-9171F148383C};256
765;1;8;9;{92FD2680-58C9-4CBA-94DB-D011E77046B7};"8,10,{2AC6A284-95CC-4195-A673-A3437B160C16};";2026-09-17 11:43:01;2026-09-17 11:43:01;{58CBBAE6-8C37-43A5-8E5A-68F99D1A6CF9};256
766;1;8;9;{D8FAC98D-95AF-4343-B1EE-9C8615732C43};"8,10,{80A9A2D6-5469-4CC1-8732-B10BCAEF1D53};";2026-09-17 11:43:01;2026-09-17 11:43:01;{5C04E4E5-6FEC-4A72-86B4-DCF81D7BC62C};256
767;1;8;10;{099EA110-C52E-4BAD-875E-706D43AA60C4};"8,9,{C4363A77-19D6-4D28-8649-F7B7464170A8};8,9,{DEA498FE-D556-4E53-B2FA-60EA5A15B694};";2026-09-17 11:43:01;2026-09-17 11:43:01;{3D0D5F3F-8115-45A5-8E0F-1DC61B394228};256
768;1;8;9;{DA7B9EB1-EE29-44ED-891D-7D51EBFDB425};"8,10,{B7DBA62E-077F-4925-B14B-3F9057CB004A};";2026-09-17 11:43:01;2026-09-17 11:43:01;{4B7A4534-8DAB-4976-AEF1-61C3F4E56470};256
769;1;8;9;{60EEF42F-27FC-4EAB-9041-6F8C4C4124FD};"8,10,{BB7E8B38-C394-4BF6-AD82-6756242EB7C9};";2026-09-17 11:43:01;2026-09-17 11:43:01;{93FB16FE-0836-45D1-8D74-5551CBFB4FD9};256
770;1;8;10;{17D04F92-A16E-4D38-B9BA-F3A879C611D3};"8,9,{27C302B3-FB24-41DE-84F0-A3D07B833CC0};";2026-09-17 11:43:01;2026-09-17 11:43:01;{B4B69F23-2EE0-4D4E-A0A7-7B042CF2EC16};256
771;1;8;9;{27C302B3-FB24-41DE-84F0-A3D07B833CC0};"8,10,{17D04F92-A16E-4D38-B9BA-F3A879C611D3};";2026-09-17 11:43:01;2026-09-17 11:43:01;{F2C03620-8321-4D94-A6E6-09F4F68C2435};256
772;1;8;9;{95CEBF93-8701-482C-9A17-21B63D9E3FB3};"8,10,{948C254D-8AA3-4D6A-850A-900E821E38CC};";2026-09-17 11:43:01;2026-09-17 11:43:01;{CEA8A706-5BB5-4536-A9FA-4DE7C4F13887};256
773;1;8;10;{109B57DB-CAB6-4853-B43F-8B8C53A1BA7D};"8,9,{598AAEFA-11DF-4680-BB33-41A14F52AC8F};";2026-09-17 11:43:01;2026-09-17 11:43:01;{FB731C8F-28A4-4CF4-8BB8-2BF533EE1D83};256
774;1;8;9;{84AA6B04-073B-44F8-9321-706625107A09};"8,10,{E995FB45-5E8E-498C-A6D1-CDB8423EF679};";2026-09-17 11:43:01;2026-09-17 11:43:01;{10525D61-D6BD-4562-A098-B76EB6EA94BE};256
775;1;8;9;{D66AA596-7AC6-4AF9-81CC-1DAF23C3AF9A};"8,10,{F8E699FE-F224-412B-BB5E-FF0B96CCDFEB};";2026-09-17 11:43:01;2026-09-17 11:43:01;{CBD4349E-28DB-4D8C-AE52-D050DF36C3C1};256
776;1;8;10;{52318E4C-19CC-41FD-9961-23241C7D0444};"8,9,{16CE6FE0-ECE8-4831-88C4-79999657DFE0};";2026-09-17 11:43:01;2026-09-17 11:43:01;{AC3AC53A-7818-4725-AC4D-CE7E83000B44};256
777;1;8;9;{12F2BD76-207A-4E6A-B4EF-6D0A7699D5E9};"8,10,{6A882E0F-1654-412C-956E-62460E456AAC};";2026-09-17 11:43:01;2026-09-17 11:43:01;{9CD8E778-62C2-40FE-9342-F75833BF77BB};256
778;1;8;10;{F220F0B4-4AFA-43FF-A5F3-67C4B18D65BE};"8,9,{B6105CC4-D2A6-4B06-8CBE-FB7034B7EC7C};";2026-09-17 11:43:01;2026-09-17 11:43:01;{650A0144-7DB8-4321-9035-CAF50EDEBE1C};256
779;1;8;10;{3EE2CC39-1615-4F5D-98E2-361CB4E74F91};"8,9,{E5B7F768-8DD6-4082-A022-7757DB8B178B};";2026-09-17 11:43:01;2026-09-17 11:43:01;{39232086-1B30-4B10-900B-C327DDCC191A};256
780;1;8;10;{023C34D5-91CE-40A5-BD4F-61061EBAAB42};"8,9,{5A6A5F8C-75E4-462E-893A-57497DF0E918};";2026-09-17 11:43:01;2026-09-17 11:43:01;{129AFBDA-821A-4032-8AC0-E94DE93BA52F};256
781;1;8;10;{8AB85849-D141-4449-8EBE-8F67A824F832};"8,9,{1C27825F-0896-4D5F-9910-6C562CE489FD};";2026-09-17 11:43:01;2026-09-17 11:43:01;{1C4B241A-4F68-46B4-80FB-4F83A7A75BCC};256
782;1;8;9;{CEFDB325-1F99-4F6B-8C99-7CD7C3C0197C};"8,10,{F870BFF6-D1E3-49B3-9A18-7AE348ADA62D};";2026-09-17 11:43:01;2026-09-17 11:43:01;{C19E3670-F450-4C4B-B42E-2C3F7C96EE9F};256
783;1;8;9;{4434AA1E-BAA0-46B3-9DFC-A6DA4012159F};"8,10,{E8774A51-5AC4-454E-9C7B-E1485D58ED81};";2026-09-17 11:43:01;2026-09-17 11:43:01;{62927007-6FE0-4E51-B8C5-C5BCF70C0B18};256
784;1;8;9;{36EDF4B4-7B2F-44EE-B8D1-8B2E4875D368};"8,10,{910565FF-4892-49C7-AC3E-F93E1268C33A};";2026-09-17 11:43:01;2026-09-17 11:43:01;{78F4F7AD-D5E2-4DC4-94C9-9A9080E375B0};256
785;1;8;9;{A731995B-C9E1-4134-872A-4FCF0C41CC5D};"8,10,{F3754C6C-84B9-4DB9-AFBA-9BD638EA65A4};";2026-09-17 11:43:01;2026-09-17 11:43:01;{4E49A252-79E6-4FF3-A621-686C31EE6B81};256
786;1;8;10;{4545021B-DA3A-4AE3-BC5F-67B8B8C53CCA};"8,9,{E69FF39F-0DE0-4A83-B742-E0FBFD98EDFC};";2026-09-17 11:43:01;2026-09-17 11:43:01;{0CD42863-6E4B-4185-978A-5BE7EEB45977};256
787;1;8;9;{14C14272-0D70-4FD0-832E-4A6A74D09742};"8,10,{F240EE55-7BE8-429F-857A-5E5FAAA9DB36};";2026-09-17 11:43:01;2026-09-17 11:43:01;{9CBA4BDF-ADC3-4F09-B188-898E14790825};256
788;1;8;10;{368ED561-9076-4C88-BA75-F007F66CF109};"8,9,{333D7F8B-A1E6-479A-A012-8DE82DF760B1};";2026-09-17 11:43:01;2026-09-17 11:43:01;{127D1D50-114A-49AB-9105-2ED3E9498F68};256
789;1;8;9;{E69FF39F-0DE0-4A83-B742-E0FBFD98EDFC};"8,10,{4545021B-DA3A-4AE3-BC5F-67B8B8C53CCA};";2026-09-17 11:43:01;2026-09-17 11:43:01;{6892EE9F-7BCB-4928-9E95-F5C396BCCF6F};256
790;1;8;10;{7FB61DD9-77CA-4408-88B8-93F6D8F15E31};"8,9,{861B3CC0-48B8-4311-8291-37E060A4008A};";2026-09-17 11:43:01;2026-09-17 11:43:01;{6ACE181C-B461-4603-A6FE-883F6E7A522B};256
791;1;8;9;{DAAC468D-8A33-4C09-ACEE-04C682D9118F};"8,10,{948C254D-8AA3-4D6A-850A-900E821E38CC};";2026-09-17 11:43:01;2026-09-17 11:43:01;{3A88E64F-2F46-4563-B4BE-5DD16921D618};256
792;1;8;9;{EDB520D6-D3E0-4E2E-B37A-D80F257D59F3};"8,10,{EC513262-4EE6-401D-8734-3CBFAE1B6C13};";2026-09-17 11:43:01;2026-09-17 11:43:01;{CAD11898-82B2-448F-9C3B-598456444CFB};256
793;1;8;10;{0DD184DF-1129-4D53-9474-393E0F961349};"8,9,{3A8CADFE-B166-4AEE-A6A5-2B1A4A084199};8,9,{67811F45-A78E-45D9-B58C-58710705A062};";2026-09-17 11:43:01;2026-09-17 11:43:01;{4CDAE6CF-9B96-4955-9B61-2C4E1A3CC640};256
794;1;8;9;{83BAF643-E75A-4737-9B79-2A984E0CE7B1};"8,10,{70339181-C236-4787-A888-DBEC47396EBD};";2026-09-17 11:43:01;2026-09-17 11:43:01;{BC188B24-7C6D-4559-8A3B-41236B5E5198};256
795;1;8;10;{C01E045F-BC6D-45D8-89F6-BAC02E47FB42};"8,9,{884F04D3-E127-4F29-94E9-356DF05D3246};";2026-09-17 11:43:01;2026-09-17 11:43:01;{85CD2B11-B318-4D35-A169-79A3E21E0AAC};256
796;1;8;9;{F7040F03-97EF-4DE4-B74A-23858F629C9D};"8,10,{948C254D-8AA3-4D6A-850A-900E821E38CC};";2026-09-17 11:43:01;2026-09-17 11:43:01;{14DB90BA-DB0A-4C8E-877F-8A7B3093A54F};256
797;1;8;10;{9CD0A379-D26A-4931-A8C7-41C10B64D6B6};"8,9,{1A686938-E988-426C-B698-41160DED7991};";2026-09-17 11:43:01;2026-09-17 11:43:01;{1BBA638D-2CAC-453C-BA58-38F118C54D40};256
798;1;8;9;{67811F45-A78E-45D9-B58C-58710705A062};"8,10,{0DD184DF-1129-4D53-9474-393E0F961349};";2026-09-17 11:43:01;2026-09-17 11:43:01;{4B156AD5-4CEB-49E3-B2CA-50214438C764};256
799;1;8;9;{FF893BFF-A8AE-41AA-90A6-326F58CE16AB};"8,10,{38FC8187-2FC4-4A03-925E-D32B027BEC40};";2026-09-17 11:43:01;2026-09-17 11:43:01;{22433026-B415-4ED0-AA3F-3050B56CA22B};256
800;1;8;9;{EF72860B-6418-4848-BD02-A1211AA514BD};"8,10,{9F28DCDC-080F-42DD-8F69-0C90E984D9B4};";2026-09-17 11:43:01;2026-09-17 11:43:01;{F3BA082D-DCEF-45E5-8D5B-8F1A61C6DFF2};256
801;1;8;9;{402E62C6-768B-4CC8-BBC7-0394D52208F0};"8,10,{80814660-93F3-4735-93B3-CE1A2C76D503};";2026-09-17 11:43:01;2026-09-17 11:43:01;{FAC24CA3-3F02-4F29-8789-458DBB8CF7D4};256
802;1;8;10;{3962F296-B029-44EE-BA83-56EE8F613186};"8,9,{4D7E8B2A-F2C0-45D5-BEC8-F60CBE40B205};";2026-09-17 11:43:01;2026-09-17 11:43:01;{87CAD7E0-921E-46F5-B719-DA83C964D7C3};256
803;1;8;10;{6060AAD2-9555-41BB-AC20-B11A025DC920};"8,9,{50077C3B-61DD-4AFC-9876-8788FEFD40BD};";2026-09-17 11:43:01;2026-09-17 11:43:01;{A0156BDF-FC2E-4271-A00D-03AC34420E57};256
804;1;8;9;{7CB24C97-F0C3-47DA-814A-9AA82B8CF704};"8,10,{DB916E68-03C1-4A94-836C-9AA59BC71F59};";2026-09-17 11:43:01;2026-09-17 11:43:01;{D2511E38-AF09-446B-A81A-CC7BD01EB4A2};256
805;1;8;9;{EB6C4336-3457-48D2-834B-DFB58A8B1FAD};"8,10,{73150B4C-FB91-4BBC-9113-3887702FEDE5};";2026-09-17 11:43:01;2026-09-17 11:43:01;{8D6433C0-E1D0-45EE-AED9-01AB7622193D};256
806;1;8;10;{B8520E36-2814-4D74-A1E0-F105E8323A0B};"8,9,{BE1B2846-7F16-4F61-9989-08E5C08D5B51};";2026-09-17 11:43:01;2026-09-17 11:43:01;{537756A0-CEE7-4E0B-9D1F-0FF19457647C};256
807;1;8;9;{FA0F6CAD-6346-4F59-AA10-B3DB00DE3BBD};"8,10,{3C0B4095-FB32-445C-9FE2-7620922AE589};";2026-09-17 11:43:01;2026-09-17 11:43:01;{7AAC1868-27D4-41C9-8644-281D51ECD333};256
808;1;8;10;{A386D37A-DDD3-4A6F-B084-2A990F58285C};"8,9,{1F455CFF-4891-4F9A-8274-54ADCF5748D0};";2026-09-17 11:43:01;2026-09-17 11:43:01;{E50AFDD1-8213-435E-8C32-167AB4950846};256
809;1;8;9;{4B2A1569-DC46-4CB6-86F8-EB8489D82696};"8,10,{ADFD7158-9CD3-4EB0-97B8-0A285DF362FC};";2026-09-17 11:43:01;2026-09-17 11:43:01;{CDE06AA7-8658-4ECC-AD8E-4F62FF700A50};256
810;1;8;9;{CDBFB98F-DD67-40B6-88BA-73029C2C6770};"8,10,{EA6835AA-66B1-4C83-8965-AA2866FE9007};";2026-09-17 11:43:01;2026-09-17 11:43:01;{7A42408F-D82D-400B-8B98-5D9764A6EA75};256
811;1;8;10;{FA95EAD0-90F3-4312-BBE4-741BE33AF88B};"8,9,{A370C52F-057C-453F-9A8A-A817E1A34755};8,9,{47F5AF88-1FCF-469D-A225-5B0A067C0A85};8,9,{9CBAC044-9D10-4FDF-A88E-A7E7AA0DC9D2};";2026-09-17 11:43:01;2026-09-17 11:43:01;{B3E2062E-9E17-4D20-8D33-8B35FD4388C2};256
812;1;8;9;{868A0C6B-C81B-4D62-827A-F1055BAA3340};"8,10,{A76CB12A-C900-404E-A2B3-B21789C3D3B6};";2026-09-17 11:43:01;2026-09-17 11:43:01;{030A2913-6D07-4F58-BBDC-0AEE8008A261};256
813;1;8;9;{37023D37-487E-4C9B-A4DD-FB7496A103E5};"8,10,{11510CB7-8C67-4B8B-9B69-7E423900C1CA};";2026-09-17 11:43:01;2026-09-17 11:43:01;{23ABDAE5-A35E-4356-8121-497A628ED9F7};256
814;1;8;9;{CE8A7942-8A6E-4811-9E64-3E257293591A};"8,10,{878F1689-EA3B-463B-808B-49B83A38FF85};";2026-09-17 11:43:01;2026-09-17 11:43:01;{37558F30-902C-4922-BB0E-8384FFD4C740};256
815;1;8;9;{BAE5994C-38E1-483D-B026-8353963A1D38};"8,10,{6BB3484D-8C89-4F68-BFBA-C52D1045F1CA};";2026-09-17 11:43:01;2026-09-17 11:43:01;{23DF14AC-3785-4A18-82FC-5F469C307567};256
816;1;8;10;{94E7C452-C371-417A-96B0-1C451EF58EB5};"8,9,{A106CDBF-1136-4206-8A70-2604BA475CA3};";2026-09-17 11:43:01;2026-09-17 11:43:01;{384B0F84-BCFE-46EB-B9F1-EB4DB9563B7B};256
817;1;8;10;{068F2B83-FBAE-4EEB-B347-34DF7B0DC9F5};"8,9,{9C02C07D-0FFD-4F64-8EE0-9DE8161CFD05};";2026-09-17 11:43:01;2026-09-17 11:43:01;{68CFDE6B-4AB4-47C9-B344-47B65AF32D38};256
818;1;8;10;{0C2CDAC2-567E-4799-BA68-1A617896C8C6};"8,9,{78749747-C3B8-4B32-8EB0-CA1ABFA65E4B};8,9,{57482AFB-6D42-479B-9638-065A36CE6F64};";2026-09-17 11:43:01;2026-09-17 11:43:01;{D4AD3502-D2B0-4F56-9A53-8A5805EC7B5C};256
819;1;8;9;{E6AB19DC-4451-466F-8621-111E3098FD2E};"8,10,{9F1350DE-23C0-46B4-BCB7-B18CDED6F884};";2026-09-17 11:43:01;2026-09-17 11:43:01;{7F9947C9-DD30-4188-916A-115FC43B5F14};256
820;1;8;9;{54D3ACF9-C758-4B2D-82A8-A82E63069E49};"8,10,{44702EA5-C38E-434B-AD89-E721E6666DA2};";2026-09-17 11:43:01;2026-09-17 11:43:01;{943E0CD5-31C5-4EF5-9D94-1BA49CEAC7E7};256
821;1;8;10;{929C2C79-32A4-4B3A-B410-1ECF3E0AFADE};"8,9,{8CE68DFF-2A75-4A27-AFF2-FA0ACEF80136};";2026-09-17 11:43:01;2026-09-17 11:43:01;{785188F2-A1BE-46B8-9145-D1DD96D1AD01};256
822;1;8;9;{D1A72467-FF39-47CF-B5CD-C2C0A96F4D35};"8,10,{6EAC6A95-A38E-4353-97C4-BE2E28978421};";2026-09-17 11:43:01;2026-09-17 11:43:01;{5BAFBD90-1DAF-485B-A205-7D439FA758D3};256
823;1;8;9;{9FFD8366-E9AB-402E-A032-3266794693D5};"8,10,{39F6F8CC-017F-46D9-BFDD-E6061518FB4F};";2026-09-17 11:43:01;2026-09-17 11:43:01;{6EAE78A2-0509-473E-84FF-E571F0D985F7};256
824;1;8;9;{943CE759-D582-4497-8C24-5213923EC053};"8,10,{D8AF5A47-FC03-41B0-9DAA-58F9A97B9344};";2026-09-17 11:43:01;2026-09-17 11:43:01;{E0952570-85ED-4B03-A990-6C0C31D6CB7D};256
825;1;8;10;{72FF5F17-3BAA-4CC9-8829-5A76D39EAF43};"8,9,{11C9C915-DCFD-44CF-A8C7-F77BE2B8541D};";2026-09-17 11:43:01;2026-09-17 11:43:01;{67E25250-8423-4338-A659-4EEAC4F16F1E};256
826;1;8;9;{A0297E25-7395-4D2B-830A-0AD1D8817D93};"8,10,{45EB7253-045A-4108-87E6-E5CC14834473};";2026-09-17 11:43:01;2026-09-17 11:43:01;{59495B2F-388E-40CB-A30E-C59165837E43};256
827;1;8;9;{78749747-C3B8-4B32-8EB0-CA1ABFA65E4B};"8,10,{0C2CDAC2-567E-4799-BA68-1A617896C8C6};";2026-09-17 11:43:01;2026-09-17 11:43:01;{875441A8-4D3C-468A-B051-5FC901485283};256
828;1;8;9;{AC2D6980-6288-45EC-9C35-0FE506B5CC52};"8,10,{3532464E-9771-4169-B25B-BB35885E4B50};";2026-09-17 11:43:01;2026-09-17 11:43:01;{5A3D3843-AB4D-4A66-9447-8926530E8CE5};256
829;1;8;9;{65625DD0-72B3-45DB-9B54-C39D968A8E35};"8,10,{22A72732-6F80-48DC-986D-8776D96CA924};";2026-09-17 11:43:01;2026-09-17 11:43:01;{CD547A94-F173-40B9-89DE-AB5EA48B85A0};256
830;1;8;10;{F8E699FE-F224-412B-BB5E-FF0B96CCDFEB};"8,9,{8A35CD4A-7C22-4342-8429-EBA3023C1026};8,9,{D66AA596-7AC6-4AF9-81CC-1DAF23C3AF9A};";2026-09-17 11:43:01;2026-09-17 11:43:01;{A1EB1697-B039-4B06-8A03-744869AD5306};256
831;1;8;9;{CB38B718-ACB5-4F13-966B-FFE78589F335};"8,10,{A385031E-0994-48C9-842A-C686DA471F9A};";2026-09-17 11:43:01;2026-09-17 11:43:01;{087947D4-1315-4404-AB00-CBB16F9AB592};256
832;1;8;10;{D8490DD9-1F1C-4EE7-B4F5-4730D75A3F21};"8,9,{FFAAF672-E83F-4060-ABD1-513F9752506A};";2026-09-17 11:43:01;2026-09-17 11:43:01;{4890F183-078D-4D98-B573-B7DEB683957A};256
833;1;8;10;{B45E2EFE-738D-4D52-A69D-6C7E53DF76B3};"8,9,{658DBC7D-CD63-4604-9B53-C49EFE352E9F};";2026-09-17 11:43:01;2026-09-17 11:43:01;{903065BB-6B58-4EBD-B71C-2082DDCE3246};256
834;1;8;10;{67A734C1-4537-4F35-B4F4-E95F95652EEB};"8,9,{A7EB6869-8E5F-4BB4-895B-6F156CADFC61};8,9,{3086FDCE-4E38-442E-B238-C1F0E17C056F};";2026-09-17 11:43:01;2026-09-17 11:43:01;{784B269D-C70C-4851-B9A6-A991A9B20D51};256
835;1;8;10;{A143A201-952C-4933-842D-060645CB5E2D};"8,9,{AD8CEAF2-D442-4DF0-883F-0F19BA84457B};8,9,{7FFCE633-44FD-4DD6-BE5D-69B55A7B92A1};";2026-09-17 11:43:01;2026-09-17 11:43:01;{08EFB2FF-6DE5-425A-BFDE-83DA1F70C330};256
836;1;8;9;{658DBC7D-CD63-4604-9B53-C49EFE352E9F};"8,10,{B45E2EFE-738D-4D52-A69D-6C7E53DF76B3};";2026-09-17 11:43:01;2026-09-17 11:43:01;{3C212123-0CAE-4E45-A651-A23DEA82F49E};256
837;1;8;9;{F8AF1D20-21FF-473F-BD70-10B0A446DAF9};"8,10,{A8ED5CC9-ADFB-40E1-84F1-7F64FFF89801};";2026-09-17 11:43:01;2026-09-17 11:43:01;{195CCD2D-C7A2-4C6E-AF8B-F186F57CC0D0};256
838;1;8;9;{B1508DF4-94D7-479E-B5D2-F83E145B028C};"8,10,{7F1C40F1-223E-4BB1-85B2-2B3BC2E9625E};";2026-09-17 11:43:01;2026-09-17 11:43:01;{897813A2-A576-484C-BE24-C1D3FD71622F};256
839;1;8;9;{CFE54FB4-6D17-4630-8443-AA56B776AE59};"8,10,{30BC81EE-6DEB-4F4F-A739-4A0982B17AAE};";2026-09-17 11:43:01;2026-09-17 11:43:01;{5F84E881-AF13-4F04-A095-34618E55EF4D};256
840;1;8;10;{CEC6D994-161E-48D9-9D21-D5419FF50B90};"8,9,{3016DA5C-5612-4530-A5ED-FD3280D3A600};";2026-09-17 11:43:01;2026-09-17 11:43:01;{063E0E72-1766-4074-A769-C809BE2B2700};256
841;1;8;10;{0A881C61-9AF4-4DBF-BDD2-37F182C1D603};"8,9,{30C1AF2E-DFF5-40EF-9B07-64B71EE1E7AF};8,9,{251EDFFD-5A6D-446B-9040-7D76882A84F5};";2026-09-17 11:43:01;2026-09-17 11:43:01;{1D1F2758-0FBB-4430-8891-1433D9A586C4};256
842;1;8;9;{D5B0F88C-82DE-4926-A66E-140E00480477};"8,10,{DEBA4FB5-7CF4-4C5C-9BEE-ED746B4E3ACE};";2026-09-17 11:43:01;2026-09-17 11:43:01;{2118537D-B54F-49FA-BC42-D5D078380AB4};256
843;1;8;9;{36A42329-A0B4-44C4-8D09-9D699F6FC281};"8,10,{B17695EF-0DAC-4367-971A-AD985D83BB00};";2026-09-17 11:43:01;2026-09-17 11:43:01;{BDD2172F-E4B3-4A21-AFCB-9AFF4278F6FE};256
844;1;8;10;{688C75D5-F97D-425C-AFA5-284191FFC3E5};"8,9,{6DA7950C-2980-4B1C-9CA2-51EAA2F176F4};";2026-09-17 11:43:01;2026-09-17 11:43:01;{44E7ADCA-1D22-4FA5-A352-2DF2BD1451C4};256
845;1;8;10;{E9499FE3-9ECE-48F9-BD09-B98D66DC8076};"8,9,{10242F24-C545-4F21-9378-37BBFB3C4344};8,9,{A2D8BE9B-8939-4CE3-8E7D-DFE9F63BDCA7};8,9,{15B2BF0F-095E-4698-9CE1-CECA0DE3BE5C};";2026-09-17 11:43:01;2026-09-17 11:43:01;{4CFED48D-3989-411F-AF48-87F1EA16905C};256
846;1;8;9;{0FB3FB6D-6187-4C4F-97AA-460B6691F94E};"8,10,{DF243DE0-E849-4814-B97B-5CAA6A31B841};";2026-09-17 11:43:01;2026-09-17 11:43:01;{AD71785A-22F4-499B-9C7A-1C91F0579268};256
847;1;8;9;{3016DA5C-5612-4530-A5ED-FD3280D3A600};"8,10,{CEC6D994-161E-48D9-9D21-D5419FF50B90};";2026-09-17 11:43:01;2026-09-17 11:43:01;{F9400F87-23FB-430C-928A-B67E5385B3BC};256
848;1;8;9;{D2E17D3D-586A-4EF4-A042-2F2C0FEA2EA5};"8,10,{94D72B6B-2E0B-4FE1-ABD1-6EC09E3CA1B9};";2026-09-17 11:43:01;2026-09-17 11:43:01;{32AF9B84-CC02-48D1-B3CC-C0AA626D35E8};256
849;1;8;9;{EF44E159-A353-4287-BBA7-9433ED886FB2};"8,10,{B79970BF-E725-4E22-BB96-A24638002F2B};";2026-09-17 11:43:01;2026-09-17 11:43:01;{77E49A72-3AC0-4775-891A-6BA16A3F3F78};256
850;1;8;10;{B991026A-E304-4987-8064-21906FCA6081};"8,9,{37B17DFF-5FA4-4601-A50C-50D709600DA6};";2026-09-17 11:43:01;2026-09-17 11:43:01;{24380520-F985-4EE9-A033-6DE309336157};256
851;1;8;10;{F870BFF6-D1E3-49B3-9A18-7AE348ADA62D};"8,9,{A4669636-2616-4968-9036-5A63B843D969};8,9,{842ED5C8-6341-467E-8630-36CF0CC78220};8,9,{CEFDB325-1F99-4F6B-8C99-7CD7C3C0197C};8,9,{D271CA4A-A357-4EC1-802B-B9E545295A4D};";2026-09-17 11:43:01;2026-09-17 11:43:01;{5C9D182B-36E4-4F1A-B1BA-165F19AD2C4F};256
852;1;8;10;{A05248EA-D065-4AD9-A330-F69149D51C5B};"8,9,{CA7A77B5-88A3-46B7-A725-39367530658B};";2026-09-17 11:43:01;2026-09-17 11:43:01;{3986C98F-AD27-4D6A-B6AA-ED4CCCE7A6B6};256
853;1;8;10;{C501126F-304E-4856-BCF8-36DEE77AAB51};"8,9,{F0BF378E-FC0D-4D8D-8BAD-12BBA040D47B};";2026-09-17 11:43:01;2026-09-17 11:43:01;{FE7A3AF3-5567-49ED-9FDD-E33377835456};256
854;1;8;10;{A8E0B03E-0D98-4A5E-8268-924B43468508};"8,9,{9309C61A-0ADF-4F2E-B98A-A1426712EF6D};";2026-09-17 11:43:01;2026-09-17 11:43:01;{D29C273F-EBE5-4C14-8B86-794A901475EE};256
855;1;8;9;{DB288B46-99A0-4CC3-B45A-EC7806A09BB2};"8,10,{156AAD7C-765E-4775-B25D-8EC4CFE46A57};";2026-09-17 11:43:01;2026-09-17 11:43:01;{9BC37735-B567-41D8-9337-4ED957FA9787};256
856;1;8;9;{A4669636-2616-4968-9036-5A63B843D969};"8,10,{F870BFF6-D1E3-49B3-9A18-7AE348ADA62D};";2026-09-17 11:43:01;2026-09-17 11:43:01;{CACAD6D9-C084-492E-AB15-09A1EE7D581B};256
857;1;8;9;{0325F25D-09DF-44DF-BEE1-E814C6534F4A};"8,10,{F09EF35A-070C-4F60-AF4B-539F8C061816};";2026-09-17 11:43:01;2026-09-17 11:43:01;{916EB7DD-B6DC-4300-B68A-E58853E2EEDF};256
858;1;8;10;{E4D377D5-D4F5-4107-B028-D3527DF4201A};"8,9,{2AECE3F9-25A8-47A7-8D11-2E86BDFDB96F};8,9,{7531DDFC-858B-424F-A0F6-BAF43B23765B};";2026-09-17 11:43:01;2026-09-17 11:43:01;{D5C0985F-7D83-4B1B-8652-A1B2F4787806};256
859;1;8;9;{619FA67C-EF48-485C-8533-DD83CD363BE8};"8,10,{948C254D-8AA3-4D6A-850A-900E821E38CC};";2026-09-17 11:43:01;2026-09-17 11:43:01;{9F47A66F-38C6-4254-AECE-60F2FAB8DB18};256
860;1;8;9;{933082B9-C2D5-4C53-8D14-CF231B957C22};"8,10,{75D9138D-6A1F-4A97-956E-693B1A5E2D31};";2026-09-17 11:43:01;2026-09-17 11:43:01;{91D14794-2686-42E3-A4B7-60D1F2C567E9};256
861;1;8;9;{1F028CAB-875C-46E7-89A8-67DF89771C84};"8,10,{442A185B-7EE1-452B-896C-14081D43D934};";2026-09-17 11:43:01;2026-09-17 11:43:01;{7280504E-9614-4395-8C10-DE67B694FBE5};256
862;1;8;10;{C3983997-76F9-4B6C-85A0-15E8E4D87333};"8,9,{D8E46C17-00C9-4742-B8EA-17DD6733BC0D};";2026-09-17 11:43:01;2026-09-17 11:43:01;{12C63E45-6EEF-44A9-9B1D-88D08F963A57};256
863;1;8;9;{6286FA13-F323-48D0-A2EB-FFB83F586A0B};"8,10,{2DBDE469-359C-4E26-8D99-F33455B43AA2};";2026-09-17 11:43:01;2026-09-17 11:43:01;{DE48A4B7-0042-4DC3-8EC0-6DDFAADADA6E};256
864;1;8;9;{349F3D2F-4047-4FEC-B01A-A85819E83D0B};"8,10,{E2D123B0-708F-4CF0-9A1F-F1DB726389D2};";2026-09-17 11:43:01;2026-09-17 11:43:01;{DDB99D22-7391-4AB4-AD67-5F07E5554291};256
865;1;8;10;{B2595560-91C1-4B43-A552-DE4B5F2675D2};"8,9,{288E5090-2A87-49A8-8590-59C4017B3D37};8,9,{CEF558B8-6EA2-427C-8F28-648BB3774AFB};8,9,{B4EA4093-73EF-46DC-A349-A36A6F1B458E};8,9,{A70505FC-2AC0-40F9-B921-18A71139390C};8,9,{F530C307-0372-484B-8667-F0F3D4A388ED};8,9,{95878D45-DA35-4C43-BC59-F12E6FDC662B};8,9,{A2B25DBF-03BD-4F09-9F6D-B277EEDA7AE3};8,9,{805D8422-B960-498E-BBAF-732C8A53845F};8,9,{1B074477-AFF9-4EA9-8EAD-B957B3710E1B};8,9,{5B350C31-93B8-4F9A-A1C3-49FC789716FC};8,9,{0914DAAA-BDD7-4056-A0C1-2D31BA44CFDB};Additional rule violations exist.";2026-09-17 11:43:01;2026-09-17 11:43:01;{41DFFB57-6EF6-40A6-B1C2-B5A91089F813};256
866;1;8;10;{DDE70DD0-8630-47B8-A691-0195E2330099};"8,9,{8762CE31-DFF6-40EB-A633-4CC4B1902846};";2026-09-17 11:43:01;2026-09-17 11:43:01;{FAE00064-462E-4B1F-A9E2-2071977D0EA7};256
867;1;8;9;{B253C02B-ECC7-4AA8-A7C7-677DA0F98972};"8,10,{2DF75EA3-F3ED-4EFD-82E1-363542CC3B94};";2026-09-17 11:43:01;2026-09-17 11:43:01;{B85746F8-F47F-4BBE-9FD4-966A4F4777DA};256
868;1;8;9;{231C223B-D9A1-4823-A865-0E64EFCB69E9};"8,10,{2E64F11C-E9F2-40C6-8166-622A62278C2A};";2026-09-17 11:43:01;2026-09-17 11:43:01;{A3598844-D521-447E-A556-03D49BD12860};256
869;1;8;9;{AE2AFB84-7561-4401-B011-60814493908A};"8,10,{D09CE6C4-F707-4617-9D59-4E6E29A1D73C};";2026-09-17 11:43:01;2026-09-17 11:43:01;{95D46DB8-9087-4226-A0F4-D2484B33F468};256
870;1;8;9;{4142281E-40BE-4FD6-8DBD-AB43453FABC7};"8,10,{84E17740-8F11-40A0-A807-6D7A71177C08};";2026-09-17 11:43:01;2026-09-17 11:43:01;{313A7010-9B3F-4275-9044-D6AC1A23A119};256
871;1;8;9;{F3A74724-44EE-408D-A1AA-E477D79D7EA6};"8,10,{AEFCCF18-1C0C-4900-B992-0F10F77FBD0E};";2026-09-17 11:43:01;2026-09-17 11:43:01;{D28D631B-6483-4B86-9297-66519B0E12F2};256
872;1;8;10;{E41BAAA4-B8BD-43BC-B647-A1C9802BC617};"8,9,{AB68B563-9B42-4443-87D8-C8B1E46D6BD8};";2026-09-17 11:43:01;2026-09-17 11:43:01;{F9FC816A-47FB-418B-813F-A8FFAB8EB758};256
873;1;8;9;{288E5090-2A87-49A8-8590-59C4017B3D37};"8,10,{B2595560-91C1-4B43-A552-DE4B5F2675D2};";2026-09-17 11:43:01;2026-09-17 11:43:01;{32675218-39B6-4FC4-B7F0-5BF5925D4E8B};256
874;1;8;10;{4AA79BDA-0EA5-4234-B1FE-D1C2B5607AE1};"8,9,{E71E3E24-164D-4D7C-8465-E17F2FE879B4};";2026-09-17 11:43:01;2026-09-17 11:43:01;{47800E06-070F-4797-B281-1C458EAAC2F6};256
875;1;8;10;{5AD5A2E1-FC50-431A-B326-215AF84DCBF4};"8,9,{AF8E4143-0AA4-4124-9715-CFDE8C805221};";2026-09-17 11:43:01;2026-09-17 11:43:01;{7D42C741-C7E8-4D46-83F4-1F86FAEE09C6};256
876;1;8;9;{0C720250-CA97-4AA2-BC5A-3EB264C05E5F};"8,10,{47CE443B-67AE-4F08-9CCD-4F6C953C99A9};";2026-09-17 11:43:01;2026-09-17 11:43:01;{CD50985C-6370-4382-9FE1-8C6789159C61};256
877;1;8;9;{88B04275-9019-4A19-AE8D-1CA7D81BE1C1};"8,10,{BB7E8B38-C394-4BF6-AD82-6756242EB7C9};";2026-09-17 11:43:01;2026-09-17 11:43:01;{627A5853-8CAA-472A-9026-8DA4965E7C28};256
878;1;8;9;{C8BEF891-66C2-4019-A345-0EAD2129FE25};"8,10,{09146569-1E11-41BF-843E-13F0AC6F2123};";2026-09-17 11:43:01;2026-09-17 11:43:01;{68278C95-21CA-4FF1-B6C5-5A8763AFBAA4};256
879;1;8;9;{1FDCFA0E-AA4A-4218-990A-E99460779ABB};"8,10,{085C2ADB-DA4F-4675-9162-9CE38E0828E3};";2026-09-17 11:43:01;2026-09-17 11:43:01;{321AE8FC-5BE8-47F2-8700-AD06303D5719};256
880;1;8;10;{F97D5F08-81B5-413F-812A-F0344ACA939A};"8,9,{74FDBB94-566E-4097-957A-507F900527FA};8,9,{FA34140E-B2B3-44F6-A38E-E1CB313D019E};8,9,{F00CDE13-2407-4666-B4D9-692B1E15B02E};8,9,{A91DF6C9-1AE5-489C-BA3D-98D7BA6D222E};8,9,{2BDD746F-2195-401C-BB8A-27D6D520393E};8,9,{70AF3F77-CED0-43F7-88B2-6C5CE9923F99};";2026-09-17 11:43:01;2026-09-17 11:43:01;{253A39C8-4B65-4FC0-8F23-667327F385F6};256
881;1;8;9;{C26D2E59-2884-48B7-AEBD-029388062B43};"8,10,{948C254D-8AA3-4D6A-850A-900E821E38CC};";2026-09-17 11:43:01;2026-09-17 11:43:01;{DA0FB7A8-0317-4682-8466-D380CF3176C4};256
882;1;8;9;{144DAD70-8A63-4B18-9963-B0FF62E33CC5};"8,10,{F2E89E63-F6D8-47C6-9BD1-26AB71C755A0};";2026-09-17 11:43:01;2026-09-17 11:43:01;{DC177B5F-BB32-4C2C-BC7C-77967336CEE6};256
883;1;8;9;{57482AFB-6D42-479B-9638-065A36CE6F64};"8,10,{0C2CDAC2-567E-4799-BA68-1A617896C8C6};";2026-09-17 11:43:01;2026-09-17 11:43:01;{0FEF1FE3-22E3-48E4-A529-EBEEC3DFC9A7};256
884;1;8;9;{94BC8371-8753-4EC9-85CA-52A4D9F24DBC};"8,10,{ADC83B35-E91B-4684-8C30-9853DE6EFC7A};";2026-09-17 11:43:01;2026-09-17 11:43:01;{EE8CA2CD-81AA-4760-8CAC-6682AC4D1C8B};256
885;1;8;10;{937903EF-ED02-4E3B-BB6C-EE937F127AD0};"8,9,{F379C10F-6971-467B-B5AE-998CD5AD84D2};8,9,{96EF8A4D-3B74-485B-B5E9-92A2DE1C8599};8,9,{90EBA707-A51C-45F5-AF15-828C62BE8AD2};8,9,{F4B08A95-95AB-436A-85FD-02EB3DB8757C};";2026-09-17 11:43:01;2026-09-17 11:43:01;{9D3294B0-8BC4-4296-A15D-E101A0693B27};256
886;1;8;10;{9ECFD259-2591-4F75-B486-63A5B5DDD028};"8,9,{FD83FBDC-3397-4023-A6D8-50912C5A3547};";2026-09-17 11:43:01;2026-09-17 11:43:01;{47F0A549-D5CF-4255-90C6-7B5A78EB9C64};256
887;1;8;10;{6F04D085-9ABB-4D40-9EE8-AD66F0886AC1};"8,9,{C31A3C79-C2CE-470B-A977-BC56D6E595F5};";2026-09-17 11:43:01;2026-09-17 11:43:01;{CD4656D9-F400-4EE0-AFC1-A270841D008D};256
888;1;8;10;{EEB3DB0A-9C31-41CE-860A-1CEE3DB632FB};"8,9,{134F6F82-7729-49FD-8C8D-17156764F2E8};8,9,{D6AC56AB-C3E7-436D-9C5C-92287AF4468B};";2026-09-17 11:43:01;2026-09-17 11:43:01;{CC6BCDFF-CACF-4483-AAA1-2B587CB7B53F};256
889;1;8;9;{CEF558B8-6EA2-427C-8F28-648BB3774AFB};"8,10,{B2595560-91C1-4B43-A552-DE4B5F2675D2};";2026-09-17 11:43:01;2026-09-17 11:43:01;{B461512A-A4D7-495F-A629-AB5D917726A3};256
890;1;8;9;{D8BED4F7-9098-4E68-B2A7-9718740051A0};"8,10,{B1CAC787-8897-48B0-B3DA-06733F3CC260};";2026-09-17 11:43:01;2026-09-17 11:43:01;{9FD6AE6B-2B3A-4186-AFDE-79F8A35E2750};256
891;1;8;10;{207B73E2-D823-485A-90FD-CC3DFE5E572E};"8,9,{D423BAAA-97FB-4DC9-BBAE-981EA54061C5};8,9,{DB406A84-B093-44BE-A96A-170A34DAF513};";2026-09-17 11:43:01;2026-09-17 11:43:01;{E4926CB3-5604-4DCA-9404-DAF024AFDB4D};256
892;1;8;9;{842ED5C8-6341-467E-8630-36CF0CC78220};"8,10,{F870BFF6-D1E3-49B3-9A18-7AE348ADA62D};";2026-09-17 11:43:01;2026-09-17 11:43:01;{57FF97E7-0737-492C-9B0F-AC366FBC7E92};256
893;1;8;9;{5C0D6A1B-4351-4942-9A12-C03CC15928CF};"8,10,{856713F3-4214-4412-9BDF-9E2B385307B3};";2026-09-17 11:43:01;2026-09-17 11:43:01;{864E7339-0539-4000-96DC-A7663DD64521};256
894;1;8;9;{A0B4BFB7-C751-4BCF-B0E4-05AD4CB05C80};"8,10,{E39FF719-0841-4456-A8DD-4140A9C57EDC};";2026-09-17 11:43:01;2026-09-17 11:43:01;{1289ECA2-45B7-4210-949F-69A11DD6096D};256
895;1;8;10;{D272E58E-9597-4F66-BA67-B0CD773DF410};"8,9,{72C8ACB3-3455-41F3-841E-C83F0AC57574};";2026-09-17 11:43:01;2026-09-17 11:43:01;{3D010F1E-8A90-4260-800B-964614D07C70};256
896;1;8;10;{AF487445-378F-4E19-B39D-C684385944A4};"8,9,{1E080BBF-285E-4108-9FA1-C0032444017E};8,9,{4B454BAE-5587-4685-B22F-2B57408504A1};8,9,{0062D163-FB36-4A62-BFAA-D6F611388B74};";2026-09-17 11:43:01;2026-09-17 11:43:01;{67C011F3-864A-418E-91A8-06E1DDDEDBF6};256
897;1;8;9;{1874720A-7031-4843-90B5-BC70CA0C1FB1};"8,10,{C7BF42E6-2DFF-4CF0-B59B-AE9387A35CB0};";2026-09-17 11:43:01;2026-09-17 11:43:01;{E05BB1A2-148D-424E-930E-76BBF94A60E4};256
898;1;8;10;{29047F29-5F01-459D-B4F6-F4FBA0C5954C};"8,9,{331FFBC9-ECCB-4362-A307-017632E4E417};8,9,{0007DDAD-13D9-42E2-BD4C-064A46826B24};";2026-09-17 11:43:01;2026-09-17 11:43:01;{4258450C-10F6-49D8-AA0B-DA8F10741CE3};256
899;1;8;9;{78EF05C5-7BDA-4BCE-A8E7-34446D7584C2};"8,10,{0D71900E-D9C8-4C1D-9683-69143080EB97};";2026-09-17 11:43:01;2026-09-17 11:43:01;{4A55DE9E-2D60-43BB-BF2D-16204F65810B};256
900;1;8;9;{707E254E-407C-4FFA-B921-83173A91787D};"8,10,{8631A0FB-6607-4C92-B6E4-FDC4616ECD98};";2026-09-17 11:43:01;2026-09-17 11:43:01;{47FBA118-F17D-4B06-9E94-E23930E3DE6C};256
901;1;8;9;{1E080BBF-285E-4108-9FA1-C0032444017E};"8,10,{AF487445-378F-4E19-B39D-C684385944A4};";2026-09-17 11:43:01;2026-09-17 11:43:01;{8DDE642E-EADD-4AF5-A880-69EBDBCF98C9};256
902;1;8;9;{C6B50145-7C83-4B83-9734-6864BF71FF0F};"8,10,{1C3BE44B-0603-4F15-ABD8-94AB12231B82};";2026-09-17 11:43:01;2026-09-17 11:43:01;{35D43249-F79E-428B-B28D-60B95934C68C};256
903;1;8;9;{B4EA4093-73EF-46DC-A349-A36A6F1B458E};"8,10,{B2595560-91C1-4B43-A552-DE4B5F2675D2};";2026-09-17 11:43:01;2026-09-17 11:43:01;{D74C2760-980E-4564-A79B-FF948692AB91};256
904;1;8;10;{996FBC5E-81D7-4A67-9F51-2A7056288CF8};"8,9,{965DF1B7-B3F7-4F63-9B23-9127FCCDBEAB};";2026-09-17 11:43:01;2026-09-17 11:43:01;{E01A6538-036E-4456-B904-B4B6AA0DF1D4};256
905;1;8;9;{5C005B02-58B1-4DFF-9491-582FD9EBC23C};"8,10,{589B2252-683E-471E-9A20-E8C3FFBC5DFF};";2026-09-17 11:43:01;2026-09-17 11:43:01;{7D57A896-7F79-4B6E-AA8D-7C135F1FCE58};256
906;1;8;9;{D776E713-16F5-492C-B120-E1F095755BFE};"8,10,{D4541190-0174-4152-92A3-760A52CCF346};";2026-09-17 11:43:01;2026-09-17 11:43:01;{A6A095CA-465C-4BD4-9B9E-9BEC30AE0D5D};256
907;1;8;9;{2BADDE4F-E9D2-4432-AC25-CF6CF95963BC};"8,10,{ADC83B35-E91B-4684-8C30-9853DE6EFC7A};";2026-09-17 11:43:01;2026-09-17 11:43:01;{66958389-7CFA-48B7-9BA7-03BAEABB79FA};256
908;1;8;9;{A70505FC-2AC0-40F9-B921-18A71139390C};"8,10,{B2595560-91C1-4B43-A552-DE4B5F2675D2};";2026-09-17 11:43:01;2026-09-17 11:43:01;{A4931482-8FE7-4D33-BE3B-73A7D53CEDB7};256
909;1;8;9;{8A790E99-F050-4B1A-B5ED-3FC537EA928A};"8,10,{C0D584EA-B602-4D08-B5DD-674AC5EED8D2};";2026-09-17 11:43:01;2026-09-17 11:43:01;{205427FC-DB22-41C1-878C-10A955B40A87};256
910;1;8;9;{A203EE31-BD5E-4793-A949-94B994C9FEAB};"8,10,{25A93D25-2884-4562-A648-4A9252B9356A};";2026-09-17 11:43:01;2026-09-17 11:43:01;{AF1617B4-123F-43ED-AC41-38111387A4B1};256
911;1;8;10;{16888D13-A7E8-442A-A935-84AAE0DAA730};"8,9,{5A4E6861-3D7F-4AAF-B967-85DCA99DFC70};";2026-09-17 11:43:01;2026-09-17 11:43:01;{EFF9805C-2653-41E6-8827-CC3603D81426};256
912;1;8;9;{FABEA4BC-AE4B-4D22-A9DF-581C8C3B9297};"8,10,{8B13CED6-2FED-4B4B-B742-94E08C1AA5FF};";2026-09-17 11:43:01;2026-09-17 11:43:01;{FFF71154-9EC2-4B48-BF5F-EF7FBDBEA96B};256
913;1;8;10;{C4F74668-7F1E-4F25-B3F0-4C4532BDB844};"8,9,{5F45FDD1-CFA2-4CE0-B8BB-693002DF088A};";2026-09-17 11:43:01;2026-09-17 11:43:01;{6A58C651-875C-4867-BF2F-426DA0F3BDBB};256
914;1;8;9;{93773650-D0E2-4F5A-8383-DEABFE794F03};"8,10,{2E64F11C-E9F2-40C6-8166-622A62278C2A};";2026-09-17 11:43:01;2026-09-17 11:43:01;{813C75F2-AEE5-48D4-B129-B4306066426B};256
915;1;8;10;{CA7BCFAE-F112-4541-A84D-A79751F37B08};"8,9,{68536E05-B5C3-4576-8565-4898D85D576A};8,9,{B82DC3B2-719F-4CFB-BD97-74C7F94B9795};";2026-09-17 11:43:01;2026-09-17 11:43:01;{EC14C974-9B97-4CD6-97F1-A5E51F98BD18};256
916;1;8;10;{689C2081-0114-4A43-9D28-FDB317E47225};"8,9,{43E1ACFE-0D8B-451F-A435-4934FC6F1B28};8,9,{E65C0D71-5E9F-498C-8421-A732A172D0F8};8,9,{C1D755BA-9AFC-4D8D-AB6F-7D1A3F543A8C};";2026-09-17 11:43:01;2026-09-17 11:43:01;{0BE5AECC-3309-4B31-B35E-D5667E65D6D9};256
917;1;8;10;{2DD7BD74-D9BC-4757-B36A-722E79D440C4};"8,9,{96145108-7A0C-4A36-BC10-6208163A5C29};";2026-09-17 11:43:01;2026-09-17 11:43:01;{8A634CDB-6239-4CB6-BCB6-19F28951E315};256
918;1;8;9;{F74DE01A-3910-4794-96E9-42E8C7BA4797};"8,10,{959748B9-F359-4A64-AC55-CB9C7D7973EC};";2026-09-17 11:43:01;2026-09-17 11:43:01;{9353E290-EA01-483A-82AA-CEA30C8E2C88};256
919;1;8;10;{1CAF92E9-5BA1-45DA-A4A3-B5FFAD994A2A};"8,9,{EC047859-F829-43B2-87E6-FD75058ACF16};";2026-09-17 11:43:01;2026-09-17 11:43:01;{A4542E20-30A8-4CB0-8404-BDA0F15C71DD};256
920;1;8;9;{FF2A1FA3-BBE2-488D-9A64-8A074DB2E137};"8,10,{BB7E8B38-C394-4BF6-AD82-6756242EB7C9};";2026-09-17 11:43:01;2026-09-17 11:43:01;{F4087946-ADB9-4082-AA85-6E220E201653};256
921;1;8;10;{10FBB386-4CB8-44BD-8174-B3B896F84722};"8,9,{E7E643DA-865D-420A-A725-14A51EB721DB};8,9,{F3386C36-E1F0-45E8-B444-E37F3924000A};";2026-09-17 11:43:01;2026-09-17 11:43:01;{5AEF3408-4D0C-44EF-9D1C-4D1549DA6B43};256
922;1;8;9;{68536E05-B5C3-4576-8565-4898D85D576A};"8,10,{CA7BCFAE-F112-4541-A84D-A79751F37B08};";2026-09-17 11:43:01;2026-09-17 11:43:01;{337CBE69-7724-472D-8595-6756525DCA09};256
923;1;8;9;{B95588BA-12BD-4358-AD0E-551F8DA6E8FB};"8,10,{406B3AC9-1DA9-4EA1-850A-4FA1D361082F};";2026-09-17 11:43:01;2026-09-17 11:43:01;{36711FB2-7890-4284-B70D-1FE14B79406D};256
924;1;8;10;{45427813-8830-4B54-A1DD-FF9A04192F5E};"8,9,{2DC706AF-CA52-4938-9939-EEB880CA5B1F};";2026-09-17 11:43:01;2026-09-17 11:43:01;{B5C61537-FEC9-4C85-8AD1-DDEA27F10771};256
925;1;8;10;{C776C8D1-B1BB-4B48-91A3-493798437980};"8,9,{10FC74B8-FF19-43B1-8789-4890FBAB493A};8,9,{EAB04908-B392-4B9F-97A8-0A1E986BED41};";2026-09-17 11:43:01;2026-09-17 11:43:01;{A339AA48-2E50-4B22-8922-0E55AFB847EA};256
926;1;8;10;{ECEF463E-A698-45E1-8D49-69E6BD1A4BC6};"8,9,{EE571DED-E271-4253-99C7-78B9AAD739BD};8,9,{44F4C323-2E70-4707-8DF3-0773650EC9AB};8,9,{B22700D4-C453-47EE-983E-BF959DCB235C};";2026-09-17 11:43:01;2026-09-17 11:43:01;{3395C78C-272E-4FBD-A0F2-7967CB6199B4};256
927;1;8;9;{4960AB63-BEFD-4AA3-BB4C-BE7CD21925ED};"8,10,{DC257272-524A-416E-B313-F4C03B775C77};";2026-09-17 11:43:01;2026-09-17 11:43:01;{4C5E696F-CEDF-491E-B934-9C4B81A1E1F0};256
928;1;8;9;{95878D45-DA35-4C43-BC59-F12E6FDC662B};"8,10,{B2595560-91C1-4B43-A552-DE4B5F2675D2};";2026-09-17 11:43:01;2026-09-17 11:43:01;{F8246B00-DEED-4D0A-9F87-6C9EA641BFEA};256
929;1;8;10;{511FFEC6-E348-4FC8-BDBB-2266DACB8523};"8,9,{A63F230C-A67E-4D3D-B3E7-ECF54BF9B111};";2026-09-17 11:43:01;2026-09-17 11:43:01;{AFF5FC40-3FDF-459C-A978-F4EAAE51B3F8};256
930;1;8;9;{FF9A79A6-6277-443E-A6A1-CC500F52EDB5};"8,10,{70339181-C236-4787-A888-DBEC47396EBD};";2026-09-17 11:43:01;2026-09-17 11:43:01;{55B7C8DD-D08F-4035-A56A-60AB2DE3395A};256
931;1;8;9;{62565433-6CE8-417E-90DD-F09D17FFDD60};"8,10,{413F1ABE-4A0F-44F7-A730-CF8EF831E9A3};";2026-09-17 11:43:01;2026-09-17 11:43:01;{EADC00C4-FC51-4A11-B078-F6EB61C8723A};256
932;1;8;9;{B34EC017-74AB-4F1D-902F-412C07E0DF7F};"8,10,{887146E4-AC65-40F0-84B6-7880869B56A0};";2026-09-17 11:43:01;2026-09-17 11:43:01;{F68FB12B-AFB2-43CC-813F-F49AE18CC037};256
933;1;8;9;{C24359E9-65B0-466F-9E46-43BE167E72F3};"8,10,{A56ED7A2-D238-4EB5-9871-A3DF0EE850DC};";2026-09-17 11:43:01;2026-09-17 11:43:01;{33913025-89BF-49A5-B144-356B1C36DB67};256
934;1;8;9;{F4C03F8D-2858-4C47-B291-DD21C79B1CBF};"8,10,{012EC3AD-5162-49B6-8FAD-F8289FEB51F0};";2026-09-17 11:43:01;2026-09-17 11:43:01;{C5E5C6D6-CCE0-4FED-90E9-F559E8514671};256
935;1;8;9;{0062D163-FB36-4A62-BFAA-D6F611388B74};"8,10,{AF487445-378F-4E19-B39D-C684385944A4};";2026-09-17 11:43:01;2026-09-17 11:43:01;{C3C75AC9-97D0-4B4D-83FB-3DBDAD5BBEED};256
936;1;8;9;{6F1B271A-45DD-4648-B9E3-2144126D7327};"8,10,{022896B0-B859-4C12-A8A9-E1F2CDE8AD21};";2026-09-17 11:43:01;2026-09-17 11:43:01;{5CF2678A-3038-4B7E-BD6C-87357FD945BC};256
937;1;8;10;{74FB7309-0A91-42D3-945D-34F58DFDD4AF};"8,9,{AC3D1CE8-00A3-4CDC-83B6-F676D914ABAB};8,9,{2C805414-FE8C-4AC6-B74E-D5141171B6B6};8,9,{16F6DFDA-8960-4CB5-A282-164C4205C6A9};";2026-09-17 11:43:01;2026-09-17 11:43:01;{B703E938-ADD3-49B7-8D05-112A02CFC2A1};256
938;1;8;9;{8CE63EBD-9684-4FCA-A955-C33FF6F90B02};"8,10,{9FF76D99-F4D0-4366-AE68-2EC5AF2A0E9C};";2026-09-17 11:43:01;2026-09-17 11:43:01;{D8D8D5C2-74EF-4EAF-990B-87DFA6738F7D};256
939;1;8;10;{F574144C-A4FC-49E5-AD7F-6AED363467AC};"8,9,{A4611023-4C51-4720-B488-55493BE6076C};";2026-09-17 11:43:01;2026-09-17 11:43:01;{C2E2DA67-24F2-48E8-85BA-D61AF4621D04};256
940;1;8;9;{A46A6EF2-EFCE-471C-8FB5-164CA2AEA8EB};"8,10,{7EB922EC-9E7F-40FB-B64A-2464E425EAD2};";2026-09-17 11:43:01;2026-09-17 11:43:01;{04F4F9E3-6A12-4333-888F-2C79C57FE57D};256
941;1;8;10;{F2E89E63-F6D8-47C6-9BD1-26AB71C755A0};"8,9,{144DAD70-8A63-4B18-9963-B0FF62E33CC5};8,9,{50923E42-E1D3-468D-810E-51AE6770F7ED};8,9,{E354A1CC-DE29-4B9E-A0D9-B31DAC6E6235};";2026-09-17 11:43:01;2026-09-17 11:43:01;{3AA02F40-90AD-41CF-98BD-0D5409552164};256
942;1;8;9;{D271CA4A-A357-4EC1-802B-B9E545295A4D};"8,10,{F870BFF6-D1E3-49B3-9A18-7AE348ADA62D};";2026-09-17 11:43:01;2026-09-17 11:43:01;{F95EA331-6DD6-4885-952F-29156FDBE28D};256
943;1;8;10;{B04ED6AA-5286-407D-B70C-807C4AD71833};"8,9,{FDA777BE-0D4F-4D25-9508-6E985F3EBB9E};";2026-09-17 11:43:01;2026-09-17 11:43:01;{A3090035-6696-45C3-8CE5-A52BA10767AD};256
944;1;8;9;{6EC6849B-1A85-42DA-8824-59D2BE87E5A5};"8,10,{B17695EF-0DAC-4367-971A-AD985D83BB00};";2026-09-17 11:43:01;2026-09-17 11:43:01;{1E8C4741-A30C-4291-86C7-347415B76FD7};256
945;1;8;10;{E6806322-62CA-4535-8917-3A68777FC7F3};"8,9,{0492F2F6-5E8E-410F-83C7-B9022EFDA8C1};";2026-09-17 11:43:01;2026-09-17 11:43:01;{5EB9F0F8-2239-46F2-89D5-E0BF04916F72};256
946;1;8;9;{C353FB1F-0938-4141-AB5B-9780CD7AA85B};"8,10,{0D71900E-D9C8-4C1D-9683-69143080EB97};";2026-09-17 11:43:01;2026-09-17 11:43:01;{99B49939-191D-4320-9957-4E971685305A};256
947;1;8;9;{FDA777BE-0D4F-4D25-9508-6E985F3EBB9E};"8,10,{B04ED6AA-5286-407D-B70C-807C4AD71833};";2026-09-17 11:43:01;2026-09-17 11:43:01;{66592C7A-C5FF-4C46-8732-9F3E7BE3983E};256
948;1;8;10;{2759ED62-C0CF-4FA4-A627-D5FE67F042C3};"8,9,{29500A16-8C5B-4968-876A-56DCE245B320};";2026-09-17 11:43:01;2026-09-17 11:43:01;{FBF6BCC0-D406-4246-8B55-4120CBBFD612};256
949;1;8;9;{04E423F7-FC70-4155-B113-1EAA166B67A7};"8,10,{9CF94F75-52FD-4983-AE23-17853A7965BB};";2026-09-17 11:43:01;2026-09-17 11:43:01;{63EF5A7B-449B-4B94-BD6E-F8B45D029EEA};256
950;1;8;10;{A528A5D1-A056-4B06-8A10-7D0EBAD3DCD2};"8,9,{1E291586-DD7E-4590-AA2E-AF3A6517377A};";2026-09-17 11:43:01;2026-09-17 11:43:01;{D2A276C8-8AF7-4C43-9CB5-672DD252EC63};256
951;1;8;9;{CDEEB690-7C0F-48D4-A4D6-FECD9E6DF641};"8,10,{992C4022-C18D-4A4F-8935-29E2BBC12086};";2026-09-17 11:43:01;2026-09-17 11:43:01;{309E053C-3656-4E38-8101-95433FE01C2E};256
952;1;8;10;{7DCEDB49-1BEF-45EA-A9DC-207F2D7915A6};"8,9,{9FF5225E-7705-42F2-8F8F-6EC813BB5C1F};8,9,{9FC310FA-ACA8-46EA-B69A-B1CE04217DA7};";2026-09-17 11:43:01;2026-09-17 11:43:01;{7F513F81-6659-41AE-B28B-41E32F54E5DF};256
953;1;8;9;{0C8605E8-392E-4354-AA45-5647246C43B9};"8,10,{78546A6D-A0BF-490E-9BFA-0CCD176A86D7};";2026-09-17 11:43:01;2026-09-17 11:43:01;{DB70E5BE-4B67-4B4D-AF8A-58CD5F4FBAF2};256
954;1;8;9;{951BA22F-DA74-44A7-8A51-A2D26F6FA58D};"8,10,{9C80A8D0-9062-47DE-87DA-B3F47CB48A59};";2026-09-17 11:43:01;2026-09-17 11:43:01;{73237CA0-FFE5-43D9-BBB0-D5A2AB9523AD};256
955;1;8;9;{B5DC1F34-4D66-493B-A0D0-C00B6E72650A};"8,10,{27902FBA-690B-47D4-A0F3-0EF523917896};";2026-09-17 11:43:01;2026-09-17 11:43:01;{8A4D438C-D0F7-478C-92F0-2951C5AE074A};256
956;1;8;9;{C1B1A7DA-BC88-4FC6-99A7-FA974289CD19};"8,10,{3C0B4095-FB32-445C-9FE2-7620922AE589};";2026-09-17 11:43:01;2026-09-17 11:43:01;{6FEA29B6-C5E1-405E-9353-99A396F27709};256
957;1;8;9;{16AA0772-EEEA-4FBE-9A2F-3004CE1612C9};"8,10,{DB916E68-03C1-4A94-836C-9AA59BC71F59};";2026-09-17 11:43:01;2026-09-17 11:43:01;{31453385-AAE9-486E-AC31-CF2AE7986CF2};256
958;1;8;9;{972752D0-FF62-4ACE-8C10-FEA524204A1B};"8,10,{B80DDEC9-430B-4B21-AC5C-927F4645C6BD};";2026-09-17 11:43:01;2026-09-17 11:43:01;{15AA6004-43D2-45F4-B670-805F240A59D6};256
959;1;8;9;{D6E39089-090C-4203-90C0-DA1BBAAA2CDF};"8,10,{0D055033-D2BE-4A30-AE19-C9C9D416F718};";2026-09-17 11:43:01;2026-09-17 11:43:01;{5C1DD9D4-F4DB-4E12-89BC-21E9D7CAF21B};256
960;1;8;9;{A2B25DBF-03BD-4F09-9F6D-B277EEDA7AE3};"8,10,{B2595560-91C1-4B43-A552-DE4B5F2675D2};";2026-09-17 11:43:01;2026-09-17 11:43:01;{87B5BE85-DA19-4132-B286-B07D900BBD41};256
961;1;8;10;{23DE9A56-79FC-4829-A32C-DC8C6B9C6108};"8,9,{A7AB6799-044A-4BE4-83AB-1157E483E671};8,9,{81664C4F-DAAD-4954-8F82-78606CB10E5E};";2026-09-17 11:43:01;2026-09-17 11:43:01;{4EAE3729-418F-4D53-97DF-B315675CC737};256
962;1;8;10;{76D5CD93-6C23-431A-982B-CBFF752006FE};"8,9,{BBE96687-F761-4FF2-BC5C-8CE79326D8EF};";2026-09-17 11:43:01;2026-09-17 11:43:01;{C2EF7163-66E8-4AE0-A94A-DD491A622119};256
963;1;8;9;{51C75BCB-FD83-4546-81C3-430B41FF46FA};"8,10,{1B0B5990-D88A-4B7D-8B4B-BB2FB71150E4};";2026-09-17 11:43:01;2026-09-17 11:43:01;{0BDF0C24-0712-49C0-BEE7-2435934F9AA9};256
964;1;8;10;{A4E31113-52FC-49F4-B084-FCB702F12190};"8,9,{07946BAB-1C2C-4443-ADCB-0D0BBBE85BEA};8,9,{319775F5-935E-48A9-9B9C-96252805853A};8,9,{5AFDA4E4-0078-4A84-8C75-833278408105};8,9,{885D39C8-DB1E-4E99-A06A-C035D0988015};";2026-09-17 11:43:01;2026-09-17 11:43:01;{BD24F1FA-5657-41FA-A6DC-40FFEE997E31};256
965;1;8;9;{D8812F7D-9CE5-4718-B348-B12EED356012};"8,10,{80600355-2718-44F4-BC3B-CED93971AF90};";2026-09-17 11:43:01;2026-09-17 11:43:01;{D423ED86-EB86-4D92-A60F-8FC879A48C66};256
966;1;8;10;{A1EC2B12-C454-43BC-86EA-3342559239D9};"8,9,{2D86198C-CC6F-4531-AB93-ECA46FB7C241};";2026-09-17 11:43:01;2026-09-17 11:43:01;{E869A034-3768-4330-B26F-B9E219B1AC97};256
967;1;8;9;{6C7D2CE4-AF5C-45AC-8997-D9006E59A522};"8,10,{C0F52FBA-6D96-4B2D-9BED-94ED7D82A705};";2026-09-17 11:43:01;2026-09-17 11:43:01;{1400CCF1-D70E-4B36-84FE-513503814C90};256
968;1;8;9;{695DF00B-54A1-4DED-84FD-95F8C8D05A8C};"8,10,{ADC83B35-E91B-4684-8C30-9853DE6EFC7A};";2026-09-17 11:43:01;2026-09-17 11:43:01;{8FDA39EE-4EB2-455F-B8F1-460150C39C58};256
969;1;8;9;{6150EC70-7BDF-436A-B7B3-95C0E80D7770};"8,10,{7F614A4D-CFA7-4BC0-8A95-1669FFB3F0E2};";2026-09-17 11:43:01;2026-09-17 11:43:01;{82F56C5A-483D-4D8C-B7F6-75D1D0F3BA06};256
970;1;8;9;{5B350C31-93B8-4F9A-A1C3-49FC789716FC};"8,10,{B2595560-91C1-4B43-A552-DE4B5F2675D2};";2026-09-17 11:43:01;2026-09-17 11:43:01;{322FAD61-4BBE-4C6C-888A-7E750007FF6F};256
971;1;8;10;{D57E2C24-C3B7-4FAB-9A8F-9F087A3D71D8};"8,9,{AA104D10-356D-4EB5-B1C3-C94FB23C1569};8,9,{FB31C6AF-5A7C-4434-8DAD-F31EFC4BB78B};";2026-09-17 11:43:01;2026-09-17 11:43:01;{BDFF3DE7-6735-4DC7-9167-E5EDFD3DA816};256
972;1;8;10;{87C2AF34-98B8-488C-A7E3-7402B004A6EF};"8,9,{E1924E47-478D-4DF6-B541-94018C281097};";2026-09-17 11:43:01;2026-09-17 11:43:01;{4B461CAD-D65A-41A8-B04F-428D93285F0C};256
973;1;8;9;{0914DAAA-BDD7-4056-A0C1-2D31BA44CFDB};"8,10,{B2595560-91C1-4B43-A552-DE4B5F2675D2};";2026-09-17 11:43:01;2026-09-17 11:43:01;{BE334F36-F027-45C1-9E3C-561E07D1431D};256
974;1;8;10;{B17695EF-0DAC-4367-971A-AD985D83BB00};"8,9,{4BCD9E39-D404-47A7-B481-EEA1AD8CA7A7};8,9,{6EA3538D-E0B4-4849-9A5D-4483E72880CE};8,9,{980672AB-0011-4EF8-8DF0-78AD98865338};8,9,{01E22AEC-1831-449D-8931-4C0709FAC76A};8,9,{36A42329-A0B4-44C4-8D09-9D699F6FC281};8,9,{6EC6849B-1A85-42DA-8824-59D2BE87E5A5};8,9,{D7FF5651-7972-4554-B8AC-313ACF3251FE};8,9,{D2227361-CBF5-4A4A-BA70-BEBC3F71FEB3};";2026-09-17 11:43:01;2026-09-17 11:43:01;{B2D08713-C35A-4E4A-B2C6-46AEE81BA067};256
975;1;8;9;{4BCD9E39-D404-47A7-B481-EEA1AD8CA7A7};"8,10,{B17695EF-0DAC-4367-971A-AD985D83BB00};";2026-09-17 11:43:01;2026-09-17 11:43:01;{E725EFE9-C13B-4273-9DA2-D8005102B311};256
976;1;8;9;{6EA3538D-E0B4-4849-9A5D-4483E72880CE};"8,10,{B17695EF-0DAC-4367-971A-AD985D83BB00};";2026-09-17 11:43:01;2026-09-17 11:43:01;{D88A5055-4782-4388-A6DA-48A75F36E324};256
977;1;8;9;{E2EEA0ED-93A0-43BC-BBF8-1D0556CEE30A};"8,10,{F3D8DEAE-14E9-44EC-A578-9694D9D6CBE3};";2026-09-17 11:43:01;2026-09-17 11:43:01;{5D7699D4-ED6A-4C38-B215-FEB03D886ECF};256
978;1;8;9;{07F74662-4F35-4594-9EF6-912ACEA2F0AD};"8,10,{11E57DD8-B9A9-499D-9AFC-076557DBA0DE};";2026-09-17 11:43:01;2026-09-17 11:43:01;{38CD45B0-4F72-43A0-89A3-4B439999A7B5};256
979;1;8;9;{DF4A3606-8A95-4563-958A-7E84AB53953E};"8,10,{4DE1878E-3518-4842-AED0-B0DEEFD9628C};";2026-09-17 11:43:01;2026-09-17 11:43:01;{E3E25AAA-15DE-4543-82E0-9BF92AFFECFC};256
980;1;8;9;{74EFD542-7E48-4870-9DFF-64E591B79E69};"8,10,{875636EE-BF39-4CC1-9AA0-6E44AD762EF2};";2026-09-17 11:43:01;2026-09-17 11:43:01;{525189A0-65A1-46DF-A9F7-045E798E9A86};256
981;1;8;10;{259B499E-A438-4CB4-A77E-53B4EF778F71};"8,9,{5F2D103C-0EC5-4C23-8037-65DAAF507435};";2026-09-17 11:43:01;2026-09-17 11:43:01;{44BBC63C-04C5-454C-97E8-80A8E3C99463};256
982;1;8;10;{48311EB9-0846-4B34-BE73-15A236A39ED6};"8,9,{A3479EA9-68CC-4FF1-9EAF-7AD54C7739CC};";2026-09-17 11:43:01;2026-09-17 11:43:01;{3FF19E9C-EBEB-4F81-B01A-7BDEFD333F42};256
983;1;8;9;{29AFB1EE-E11B-40EF-AC0C-CFF169F2765A};"8,10,{68392226-E8C3-4389-850B-0ACDF88734AC};";2026-09-17 11:43:01;2026-09-17 11:43:01;{0524A0E4-2DA4-4B03-9C7D-E2CA24F42A7E};256
984;1;8;10;{8F42FFB5-4C57-4E2C-AF18-82F5EF04CCC2};"8,9,{E35F21E6-A69D-4011-AFD6-054AD2108747};8,9,{1370F1E9-FCAB-42AC-BCAB-CE7495A483D1};";2026-09-17 11:43:01;2026-09-17 11:43:01;{85EB4FC5-E76D-42F2-ADF1-6BFC7FB8DA59};256
985;1;8;9;{5F2D103C-0EC5-4C23-8037-65DAAF507435};"8,10,{259B499E-A438-4CB4-A77E-53B4EF778F71};";2026-09-17 11:43:01;2026-09-17 11:43:01;{75BA8795-E98A-44D7-B8BC-E52DA912C7BF};256
986;1;8;10;{BC6A3EF9-7388-4B61-9606-334CB51FB8C4};"8,9,{E32A3444-6B23-4BD2-948A-02C30C55C814};";2026-09-17 11:43:01;2026-09-17 11:43:01;{1DDFCA0E-DAA0-4FCA-895B-36AB82034AF4};256
987;1;8;9;{012651EA-83AF-443F-A268-097F551B7B89};"8,10,{B14D45DD-25B8-4629-817A-1CAAB8CA696A};";2026-09-17 11:43:01;2026-09-17 11:43:01;{EEBB28A2-6659-4760-96E7-EB28DD3D2688};256
988;1;8;10;{48E119A3-2B23-4CC2-83C0-DA2351891B3D};"8,9,{75C8413C-8C52-4324-B80D-1D9CC4E89F48};";2026-09-17 11:43:01;2026-09-17 11:43:01;{6BBE0739-CF06-48EA-8606-4C33A224D4DE};256
989;1;8;9;{E32A3444-6B23-4BD2-948A-02C30C55C814};"8,10,{BC6A3EF9-7388-4B61-9606-334CB51FB8C4};";2026-09-17 11:43:01;2026-09-17 11:43:01;{C1EA40F6-8775-4CEB-B6D5-4820A81B2945};256
990;1;8;9;{A86578FE-8295-4723-88AB-D4529F6B605F};"8,10,{A4F00351-B394-4FD9-9CB0-9762BA760692};";2026-09-17 11:43:01;2026-09-17 11:43:01;{58B33E8F-D66B-421F-A355-18D48834A99C};256
991;1;8;9;{B4644F31-DF22-4090-9031-421E00A1DA23};"8,10,{6FA0986D-AD50-4734-A1ED-F15CE7567E9E};";2026-09-17 11:43:01;2026-09-17 11:43:01;{3B2E02D1-D3D6-4C6E-B504-56347E571610};256
992;1;8;9;{9E749823-1CC0-4F3A-B0E9-34E049805705};"8,10,{E05B38C3-1FA3-463B-B194-22BB4DCE1EE6};";2026-09-17 11:43:01;2026-09-17 11:43:01;{CDE9285A-A41F-4868-B338-6DEABEBE705B};256
993;1;8;9;{3308F846-5002-4F82-A51E-0E8BBEF70AD8};"8,10,{D1526393-2D00-490C-987C-E213839745A7};";2026-09-17 11:43:01;2026-09-17 11:43:01;{77ADC689-3419-4F27-B73F-470511CBFA90};256
994;1;8;9;{9C02C07D-0FFD-4F64-8EE0-9DE8161CFD05};"8,10,{068F2B83-FBAE-4EEB-B347-34DF7B0DC9F5};";2026-09-17 11:43:01;2026-09-17 11:43:01;{51BC2128-75E6-4528-AD79-D5C5EAC0C2FE};256
995;1;8;10;{3473149E-8A82-4B08-8E75-AA1C00A2B98A};"8,9,{E140938C-18A3-4D7C-AEE6-CF7449757B67};";2026-09-17 11:43:01;2026-09-17 11:43:01;{4A08C2EC-2062-4162-B49E-51FE09DC3700};256
996;1;8;9;{06F1966F-8893-4958-9031-A48BBBFBF62B};"8,10,{BA01F7F3-BCCA-479A-8906-2F06583BFA5A};";2026-09-17 11:43:01;2026-09-17 11:43:01;{276AB0BD-2874-46FC-9432-2339C39C38F1};256
997;1;8;9;{4B7887AF-D1A0-46DF-A561-DA49848E0B6C};"8,10,{391A654D-D3BA-4919-96E0-F406ACF117F0};";2026-09-17 11:43:01;2026-09-17 11:43:01;{6E67DE10-507C-43F9-8254-82799DA5C02C};256
998;1;8;10;{1B2405F0-1547-4420-87E3-1674822033CC};"8,9,{9AF07603-AC52-4CE0-BF9F-7061FA10D93B};";2026-09-17 11:43:01;2026-09-17 11:43:01;{508D6E1D-6ABB-4101-8497-4FEBECBC0C59};256
999;1;8;9;{9AF07603-AC52-4CE0-BF9F-7061FA10D93B};"8,10,{1B2405F0-1547-4420-87E3-1674822033CC};";2026-09-17 11:43:01;2026-09-17 11:43:01;{4BE2A4C6-E68D-4171-8B70-0F396FE75629};256
1000;1;8;10;{1063A945-00F8-4365-8C0E-4DBC813736F8};"8,9,{C1B90A8C-A39C-4E67-AE19-DABFF907E55E};8,9,{18D751D0-0317-4A5C-90C4-D1B8E0B3FAE1};8,9,{8DA253BC-6067-41F2-A0C8-D2BFA0868E6B};";2026-09-17 11:43:01;2026-09-17 11:43:01;{C141D7FF-427D-4B41-9EDC-7D3AD3EC5261};256
1001;1;8;10;{EEBA47FB-5522-477E-8996-4EBC2DEC8DEE};"8,9,{4CFC0CE7-2345-4F7A-A3D2-3D3F6DC8B97A};8,9,{236948E0-4056-456D-A450-200D598028A2};8,9,{374DE958-3FAE-48A2-A72A-3964AA7F24CE};";2026-09-17 11:43:01;2026-09-17 11:43:01;{91221339-E0AD-4F74-BD57-F3BDE988702C};256
1002;1;8;10;{A0416A2D-759E-4A48-863E-F60D708F830E};"8,9,{0832FF1F-0294-4925-97AF-42863FFDDE0F};";2026-09-17 11:43:01;2026-09-17 11:43:01;{73C259B6-84B5-46C3-B514-8C31D1880A45};256
1003;1;8;9;{D1EF457C-4A6B-4501-BC38-EBC62E147916};"8,10,{56CBDF37-DDBF-4EA9-A1BE-733E79D2330B};";2026-09-17 11:43:01;2026-09-17 11:43:01;{F2C027F1-1934-4E7F-BC7D-54206FBE92C9};256
1004;1;8;10;{9E038C32-2B55-402A-A6BD-EEDD81F4A173};"8,9,{6199A89E-42A5-4C02-AB43-A49B1D369BD8};8,9,{E4938993-00C5-4784-AE52-7583A46CA474};8,9,{9B3C98AC-311F-470B-A897-07F4886510F8};8,9,{6730C4AF-9BF3-40B7-807D-814AE21E33CE};";2026-09-17 11:43:01;2026-09-17 11:43:01;{F4976C89-81D2-4160-B059-31B5D263AD54};256
1005;1;8;9;{980672AB-0011-4EF8-8DF0-78AD98865338};"8,10,{B17695EF-0DAC-4367-971A-AD985D83BB00};";2026-09-17 11:43:01;2026-09-17 11:43:01;{ED4034D1-6EF4-4E90-BDA2-34F1B2B79A20};256
1006;1;8;10;{3E5EB119-8429-4F31-86B6-F9021BD25A89};"8,9,{D524E8E5-9B04-4EC4-9ACF-78888E10D6A7};8,9,{079E97C2-948A-44B8-B0FA-2CD1A36266DA};8,9,{B3F5E596-0197-493A-A6E1-BEF83D7CBC9B};8,9,{E2316E70-6AD3-465C-B2A9-72646524E878};8,9,{8EA68E1E-3F25-4B76-B740-BACA777A4FA5};8,9,{3804CB00-61B3-48BE-9957-CD53301D7788};8,9,{CAB778E9-2DDB-4E69-9E19-1416B5D72009};8,9,{97CC22AA-18B6-4307-AD00-34311D028E74};";2026-09-17 11:43:01;2026-09-17 11:43:01;{8C287DD7-74B2-40C5-BA69-7F9022428E81};256
1007;1;8;9;{CA4EDEF6-D1BE-4043-B08D-35747DE32A14};"8,10,{CBA4F7F6-B034-4A3A-B4F0-B9543A27C8DC};";2026-09-17 11:43:01;2026-09-17 11:43:01;{1643743D-FE49-4687-9899-0662FB0BFC40};256
1008;1;8;9;{BEC12460-651F-46B6-B88C-BC4FA6B4A977};"8,10,{09D25362-04F4-407B-AE9F-ADD45DACC8BE};";2026-09-17 11:43:01;2026-09-17 11:43:01;{AB15E14B-0E37-4B0F-BDDA-CC70A67663F3};256
1009;1;8;10;{F3D8DEAE-14E9-44EC-A578-9694D9D6CBE3};"8,9,{E2EEA0ED-93A0-43BC-BBF8-1D0556CEE30A};";2026-09-17 11:43:01;2026-09-17 11:43:01;{A6141C1C-630A-4999-9CCC-C1F3858167E1};256
1010;1;8;9;{BE2D48BF-09F7-42FF-B2DA-3A75704C65E1};"8,10,{158CDB6F-5663-4AA1-94D1-64873A8ACE90};";2026-09-17 11:43:01;2026-09-17 11:43:01;{7C8A9FAD-7598-4D36-B3FC-5D58C375ACA5};256
1011;1;8;9;{654126F7-3693-42A5-A662-773FE3571041};"8,10,{C3D1C380-0085-440D-9944-872711C47073};";2026-09-17 11:43:01;2026-09-17 11:43:01;{E9041994-6808-4110-9465-641EF0A6D195};256
1012;1;8;9;{B7743462-C60D-4A62-BD46-DB70F488FE1B};"8,10,{35B13F48-8928-44A6-B954-D7DBA41B1BFA};";2026-09-17 11:43:01;2026-09-17 11:43:01;{DEC28D28-021F-4656-808E-E48BF98EBB37};256
1013;1;8;9;{4A1A287B-43B8-46B9-8CC2-456847A064D9};"8,10,{8180F2C3-CBFB-4BA2-AB96-6885D321EEDE};";2026-09-17 11:43:01;2026-09-17 11:43:01;{97ADE898-17F2-4D32-BDB2-3A358815FC13};256
1014;1;8;9;{01E22AEC-1831-449D-8931-4C0709FAC76A};"8,10,{B17695EF-0DAC-4367-971A-AD985D83BB00};";2026-09-17 11:43:01;2026-09-17 11:43:01;{2090E87D-1371-41C9-8428-DF6B8B7AC5C4};256
1015;1;8;9;{7B7FB9F1-BFBF-4F37-A0C4-7124777250DD};"8,10,{80A9A2D6-5469-4CC1-8732-B10BCAEF1D53};";2026-09-17 11:43:01;2026-09-17 11:43:01;{A44360F7-814D-4930-8787-87E2A431A77D};256
1016;1;8;10;{AED6E68A-5A71-4094-9D69-38867C013205};"8,9,{806813E6-06D9-4DCA-B1C7-27C3877469FF};";2026-09-17 11:43:01;2026-09-17 11:43:01;{8C77DE68-9B3C-44AA-B370-A9FE53C18996};256
1017;1;8;10;{6D368BFA-C2EA-4DAB-8CBB-47C9BD51B24A};"8,9,{8C6660C5-696E-4A36-A8A4-7B58DB29A6BA};8,9,{99EC7C58-23BE-4288-9A3D-B2EEE344AA26};";2026-09-17 11:43:01;2026-09-17 11:43:01;{434E0AA1-EB97-4795-A121-E45817A8243D};256
1018;1;8;9;{844D5A06-45FF-4E64-A2D2-CE9DD11707CD};"8,10,{6FB39F5E-9A8E-4509-8DAC-03082D4D0981};";2026-09-17 11:43:01;2026-09-17 11:43:01;{CFD30E6C-C438-4191-9CC4-1F04273A3A51};256
1019;1;8;10;{E12FD387-5CE5-4791-950E-5E32995A59B9};"8,9,{FFA93575-B219-4468-B284-784180836E44};8,9,{D04595BB-4863-4BFF-9F3B-E85E43B2B71C};";2026-09-17 11:43:01;2026-09-17 11:43:01;{81552251-E6FC-42B6-846F-DCDC38071B03};256
1020;1;8;9;{8B8088DA-5DE9-4CF5-9A43-91085B8E9E80};"8,10,{5A73A067-ACBC-4BA9-B8C4-2CE7AD711ADA};";2026-09-17 11:43:01;2026-09-17 11:43:01;{C7834FB3-BC41-4D6B-A546-1F9B133DF18B};256
1021;1;8;9;{DC6564F8-7B4B-4058-B283-2CDB2003A50F};"8,10,{80814660-93F3-4735-93B3-CE1A2C76D503};";2026-09-17 11:43:01;2026-09-17 11:43:01;{1563C6E9-AA18-486A-A2C4-2D6B539E4C12};256
1022;1;8;9;{4CFC0CE7-2345-4F7A-A3D2-3D3F6DC8B97A};"8,10,{EEBA47FB-5522-477E-8996-4EBC2DEC8DEE};";2026-09-17 11:43:01;2026-09-17 11:43:01;{26DC05BA-0B0A-4682-9120-729B5F1527CC};256
1023;1;8;9;{46B5BA94-4487-4902-BA60-504029431171};"8,10,{4C74E944-6F8E-4126-84C3-1DC2C24B7BBB};";2026-09-17 11:43:01;2026-09-17 11:43:01;{B932F248-4D6D-4C03-8901-E14D45D9CC7B};256
1024;1;8;10;{0F5471CB-284B-4EAC-AD69-12B0CF719080};"8,9,{BA6FFA95-3A5A-4577-82BD-97BF664A09DF};";2026-09-17 11:43:01;2026-09-17 11:43:01;{E4AA6416-094B-4F44-B9E5-72AB040BE7CD};256
1025;1;8;9;{D895648A-74D0-4957-98DE-65F5770EF23A};"8,10,{B2595560-91C1-4B43-A552-DE4B5F2675D2};";2026-09-17 11:43:01;2026-09-17 11:43:01;{52D8F997-16EA-4228-B097-8D92F75368AC};256
1026;1;8;9;{B54235F6-EF52-45BA-945E-CC36D61770B9};"8,10,{3ED474A0-3335-4E01-8886-DE39958F6339};";2026-09-17 11:43:01;2026-09-17 11:43:01;{0C042417-9DBA-42AC-BD43-204BCBBEC0EB};256
1027;1;8;10;{A13D0DCC-3FA1-4D22-9077-968296FBEB1B};"8,9,{F077B291-B13D-4FD4-9EBC-B756AF22AB1F};";2026-09-17 11:43:01;2026-09-17 11:43:01;{4962AF7D-F60A-4395-B166-170E8FE1A0EB};256
1028;1;8;9;{598AAEFA-11DF-4680-BB33-41A14F52AC8F};"8,10,{109B57DB-CAB6-4853-B43F-8B8C53A1BA7D};";2026-09-17 11:43:01;2026-09-17 11:43:01;{CCE4152C-28B9-428F-8176-DAFF755E7294};256
1029;1;8;9;{3D746D6D-548D-4BBB-96B0-CE395523C911};"8,10,{38FC8187-2FC4-4A03-925E-D32B027BEC40};";2026-09-17 11:43:01;2026-09-17 11:43:01;{6B69005A-D361-44D1-BD1B-C1716B18CA25};256
1030;1;8;10;{C7B38736-E455-41E4-A3F4-1F681D49EC15};"8,9,{3A705829-8103-416D-95DD-6985FD9B69E8};";2026-09-17 11:43:01;2026-09-17 11:43:01;{77EA36B2-82CA-473A-8DC0-6490F7FA9458};256
1031;1;8;9;{D7FF5651-7972-4554-B8AC-313ACF3251FE};"8,10,{B17695EF-0DAC-4367-971A-AD985D83BB00};";2026-09-17 11:43:01;2026-09-17 11:43:01;{12F67F0F-0CFA-4629-A078-35D8C0E16F7F};256
1032;1;8;9;{D9FD3C74-0B9E-4AA9-9C82-6BEBBCD62BF2};"8,10,{2DF75EA3-F3ED-4EFD-82E1-363542CC3B94};";2026-09-17 11:43:01;2026-09-17 11:43:01;{B2C4483B-F15B-41EA-908D-175A5722285C};256
1033;1;8;9;{BEAB3D47-01F6-4BC0-92A6-2C3096FEA2A8};"8,10,{B1073C70-EF12-4E9D-90C8-A7DE00F5C4E1};";2026-09-17 11:43:01;2026-09-17 11:43:01;{5C2207D8-7527-406A-B02D-704CCAD96691};256
1034;1;8;9;{CBCC2B09-2566-41B7-B274-9EEA46085391};"8,10,{90ACAA8E-9F32-40C9-8F4D-F7DD325860A8};";2026-09-17 11:43:01;2026-09-17 11:43:01;{6F6C96D1-0857-4B58-896E-B07DFAF6530B};256
1035;1;8;9;{0431790F-2210-48E1-8B05-C383583AEF18};"8,10,{9B6D8C04-838D-4FE1-BED0-A2251D31FF18};";2026-09-17 11:43:01;2026-09-17 11:43:01;{4E78D556-94B0-490A-AC5A-4E92AD5A1504};256
1036;1;8;9;{64E47873-E2AD-4946-A815-D64EBB51D1C3};"8,10,{90ACAA8E-9F32-40C9-8F4D-F7DD325860A8};";2026-09-17 11:43:01;2026-09-17 11:43:01;{734597D9-15C2-4713-8AE1-EA85C9C5B4C8};256
1037;1;8;9;{BD2B109E-4F57-4423-B1E4-72523693A8AC};"8,10,{D2EB1D92-3F1D-44B6-8C9A-5F92B870423F};";2026-09-17 11:43:01;2026-09-17 11:43:01;{FD656484-12B7-4D62-AEF9-3FFE41DBA99E};256
1038;1;8;9;{925DE952-534B-4DBC-A428-714F9A54F7FF};"8,10,{EACB149E-E207-4E21-861E-3EFC7830D56A};";2026-09-17 11:43:01;2026-09-17 11:43:01;{18566F18-FBD0-45EE-904B-68607EF24879};256
1039;1;8;10;{0877B1AB-B8B1-41E8-91DA-AFAD2FB1F3DC};"8,9,{498E103A-7680-49D9-8E54-78E8BF2CAE90};";2026-09-17 11:43:01;2026-09-17 11:43:01;{EE323D60-9764-45CE-8F50-D0B1650D9C9D};256
1040;1;8;9;{AC3D1CE8-00A3-4CDC-83B6-F676D914ABAB};"8,10,{74FB7309-0A91-42D3-945D-34F58DFDD4AF};";2026-09-17 11:43:01;2026-09-17 11:43:01;{A33DEB4C-E7AF-4D10-A910-6344B87747B5};256
1041;1;8;10;{80EC4D59-4B73-4DE3-BA9A-58177BF93F25};"8,9,{0EAA31B3-C2F9-4CCA-B9BF-4D73090598B1};";2026-09-17 11:43:01;2026-09-17 11:43:01;{1ACD565C-AC76-406B-8415-2B203378E257};256
1042;1;8;10;{FF9C02FB-76F7-4C7D-9CE8-439111D289D9};"8,9,{C3CE5A1A-B990-4527-A71B-83ACC54C2DFB};8,9,{01771E58-2588-4905-A140-265D5589250D};8,9,{B486330A-B0DE-4D68-8264-2676744BB0C8};8,9,{37FEF96E-A59A-4533-A805-5A23CEF9D604};8,9,{BBA17C98-1646-4662-9444-6E7EA8537D62};8,9,{4F140A06-7775-478D-A36F-5223C36B92E3};";2026-09-17 11:43:01;2026-09-17 11:43:01;{44A49658-9A37-459A-953D-89D81F396CB3};256
1043;1;8;9;{A4E3C710-1546-4916-909B-6052C15AF559};"8,10,{3C0B4095-FB32-445C-9FE2-7620922AE589};";2026-09-17 11:43:01;2026-09-17 11:43:01;{6F00CAE7-EA88-4D8C-B25A-FB19CA85FB17};256
1044;1;8;9;{C3CE5A1A-B990-4527-A71B-83ACC54C2DFB};"8,10,{FF9C02FB-76F7-4C7D-9CE8-439111D289D9};";2026-09-17 11:43:01;2026-09-17 11:43:01;{5D492902-4653-4C59-B327-CE2F98D074F2};256
1045;1;8;9;{0F86D897-00B2-4734-92BB-73E5F6830B65};"8,10,{B9182A14-F47B-4B44-AEA9-04282DFDB90E};";2026-09-17 11:43:01;2026-09-17 11:43:01;{43C4677F-A606-40A6-918C-971E8DF8FF10};256
1046;1;8;9;{224DE9D7-8723-461E-9553-CD88E889B20F};"8,10,{99619E03-B1FB-4660-B26A-B08E4CF4FA2B};";2026-09-17 11:43:01;2026-09-17 11:43:01;{9FD3FCBD-BFF1-421D-BAC2-819754446EDD};256
1047;1;8;10;{69D74B0E-CC84-48AF-8D73-C172FF803C67};"8,9,{9B4CD9C9-30C2-4B95-AB5E-9C583347C2C6};";2026-09-17 11:43:01;2026-09-17 11:43:01;{C0A0C581-FCA0-4A6F-8235-60F445AFB892};256
1048;1;8;10;{CB46C4A4-9668-4765-825A-3C3E63A55407};"8,9,{47D734B6-285B-4A6E-9F05-891E7ABF4859};8,9,{4BDA24E2-8692-471A-BA34-D89797332D91};";2026-09-17 11:43:01;2026-09-17 11:43:01;{F1F880B1-6976-4C5D-BF17-7158E480B925};256
1049;1;8;9;{16F6DFDA-8960-4CB5-A282-164C4205C6A9};"8,10,{74FB7309-0A91-42D3-945D-34F58DFDD4AF};";2026-09-17 11:43:01;2026-09-17 11:43:01;{E6965D6B-3046-46A5-93C8-8CB531DE76E4};256
1050;1;8;10;{67233D5C-FB1D-4272-93B3-EDBBA21A589F};"8,9,{2AC4DD7E-540D-4FC4-B9C2-630E7599DFFD};";2026-09-17 11:43:01;2026-09-17 11:43:01;{2931A183-4BBE-4BCA-8788-ADA22FD938F5};256
1051;1;8;9;{78BDCC63-DE98-4988-B796-F12A3AE8E1F0};"8,10,{5E5E6F01-6C08-4709-A259-D072389AFDC1};";2026-09-17 11:43:01;2026-09-17 11:43:01;{FB4C233D-6995-47BF-B93D-C6C0A6E6D7E1};256
1052;1;8;9;{03331CDC-F113-49CE-9AB8-A2A81D3F8909};"8,10,{BB7E8B38-C394-4BF6-AD82-6756242EB7C9};";2026-09-17 11:43:01;2026-09-17 11:43:01;{C3080B72-C686-40BA-9B61-43933D867DF3};256
1053;1;8;10;{88949A8C-9314-4EC1-8DBF-CE599C176382};"8,9,{60CFC4B9-41BD-4303-9DD8-456DE96BFABC};";2026-09-17 11:43:01;2026-09-17 11:43:01;{7190AB30-3A90-4D94-9CF6-3BE01CD11952};256
1054;1;8;9;{BECD254B-C264-42C2-ACB5-1BAE5DDC3C8F};"8,10,{1A89D1AC-5C77-4955-8D91-4BD02D9E405B};";2026-09-17 11:43:01;2026-09-17 11:43:01;{3AD9691B-F4B3-40A5-AACF-DE465D6A5B61};256
1055;1;8;9;{60CFC4B9-41BD-4303-9DD8-456DE96BFABC};"8,10,{88949A8C-9314-4EC1-8DBF-CE599C176382};";2026-09-17 11:43:01;2026-09-17 11:43:01;{099E7DEC-9E04-42BF-A10F-3C05A4ED9571};256
1056;1;8;9;{AEA4992D-8D09-4E15-9490-20A73355D23E};"8,10,{DE806D30-1932-4D5C-82A1-C2C913BA09CB};";2026-09-17 11:43:01;2026-09-17 11:43:01;{C2D0DA6F-31C6-47DF-87EE-1EC11F149C6C};256
1057;1;8;9;{C8EFBEFD-48E5-49E0-BDCB-BADF6B8C861B};"8,10,{F829AEC0-502D-4C81-BE44-3E1354A1AA4B};";2026-09-17 11:43:01;2026-09-17 11:43:01;{A85B5B27-383F-4857-A29C-682BF67BC606};256
1058;1;8;10;{A03DF3E1-748A-4953-B840-47FCB13B50D8};"8,9,{9D9EDEE9-6061-4639-8682-8D968DFAFB56};8,9,{C1B041D1-D211-43E3-ADD9-45046F52A888};";2026-09-17 11:43:01;2026-09-17 11:43:01;{742C20FB-3D15-4409-8D39-B2F219725EEF};256
1059;1;8;10;{17F0FF7F-9B50-459B-A373-D2E61B2D498E};"8,9,{B19D96ED-C9A7-45DB-AA68-ACC02576F15D};";2026-09-17 11:43:01;2026-09-17 11:43:01;{64046E2D-CA7A-4F86-84B8-D0CD410DC218};256
1060;1;8;9;{EC2E0561-DBAD-4F7B-8BDD-CAB5175E8070};"8,10,{D9C67C06-B2D1-41BE-9F51-0000BD1F8028};";2026-09-17 11:43:01;2026-09-17 11:43:01;{478E21DC-B3E5-4B24-B128-D2F750961AD2};256
1061;1;8;9;{DAAAB92F-3685-4B96-8277-A05081C094D3};"8,10,{54AC8C6E-7857-42B3-B4A1-3C9260B81725};";2026-09-17 11:43:01;2026-09-17 11:43:01;{471EEC13-EB1F-490A-ABAD-5DB17D982512};256
1062;1;8;10;{270C041E-8B22-4711-AC64-95FD908D4C64};"8,9,{208C51EA-BFB9-43C5-8AEC-C04AD0F28DD0};8,9,{F6C4A720-6EC9-42AA-8F48-B58CB3665367};";2026-09-17 11:43:01;2026-09-17 11:43:01;{E9732993-F31F-4CEA-8252-AD64376DA8CB};256
1063;1;8;9;{D9142161-DA03-422A-AE73-40651B47AD20};"8,10,{09146569-1E11-41BF-843E-13F0AC6F2123};";2026-09-17 11:43:01;2026-09-17 11:43:01;{1EBDAEEC-D5F4-46B9-AA4A-CD416C55994F};256
1064;1;8;9;{B19D96ED-C9A7-45DB-AA68-ACC02576F15D};"8,10,{17F0FF7F-9B50-459B-A373-D2E61B2D498E};";2026-09-17 11:43:01;2026-09-17 11:43:01;{38464F96-4B40-46F2-8E25-D4D6FF3FDBB3};256
1065;1;8;10;{DC257272-524A-416E-B313-F4C03B775C77};"8,9,{CF7CBCD0-B6B1-45F8-9AD3-C9A0E10D452E};8,9,{4960AB63-BEFD-4AA3-BB4C-BE7CD21925ED};8,9,{BC797E07-07F2-43A9-8050-3D38039215EF};8,9,{61341590-8DBF-4C6E-93EC-F4D5B4113BE6};8,9,{6833C945-9BA2-4DE3-8127-79101F917233};8,9,{C9EB50F7-3D0A-448B-896B-9B387BF7DA55};";2026-09-17 11:43:01;2026-09-17 11:43:01;{E386AC73-773E-41D8-B405-2EDA8E2CD013};256
1066;1;8;10;{8A59269E-71C7-4917-B57A-8416D4ED66E2};"8,9,{4D006DE2-1133-4810-BBC6-B64A31BE1EF4};";2026-09-17 11:43:01;2026-09-17 11:43:01;{41680DB5-43DD-466D-BF6B-752BA7C075E3};256
1067;1;8;9;{0007DDAD-13D9-42E2-BD4C-064A46826B24};"8,10,{29047F29-5F01-459D-B4F6-F4FBA0C5954C};";2026-09-17 11:43:01;2026-09-17 11:43:01;{B3C29563-0F14-4B79-BAA2-1F685D9AC897};256
1068;1;8;9;{61B4B4D5-C851-4BA3-AA3B-CC66BF779E1D};"8,10,{70339181-C236-4787-A888-DBEC47396EBD};";2026-09-17 11:43:01;2026-09-17 11:43:01;{6BC40ADF-7BE4-493C-9F22-30CBCC119864};256
1069;1;8;9;{2C805414-FE8C-4AC6-B74E-D5141171B6B6};"8,10,{74FB7309-0A91-42D3-945D-34F58DFDD4AF};";2026-09-17 11:43:01;2026-09-17 11:43:01;{4C5F5DCD-344D-4C7E-A5AA-FCFAF563CE39};256
1070;1;8;9;{0F628149-B956-4FC3-8CE5-A25FFC5EAAEE};"8,10,{F7F3C361-EA20-45A3-8942-285E5B580FC4};";2026-09-17 11:43:01;2026-09-17 11:43:01;{D6604AAA-183F-48DB-881F-7D7FA1C3FA0F};256
1071;1;8;9;{4717B446-2783-4231-838F-2059EAC6700C};"8,10,{7C2A0594-9372-4D54-8CE8-BAD6696BA038};";2026-09-17 11:43:01;2026-09-17 11:43:01;{F105234D-8811-4C52-987F-63FB3FEFED4D};256
1072;1;8;9;{5E169CB4-4838-4AD2-90CA-4DBB8C49571D};"8,10,{3C0B4095-FB32-445C-9FE2-7620922AE589};";2026-09-17 11:43:01;2026-09-17 11:43:01;{601528D0-63C4-480A-8594-B2189BF3F6FF};256
1073;1;8;9;{74657C86-0C1A-429D-9488-626AA4BAC560};"8,10,{18E46195-5B3C-4CDA-AF9B-98E23FEBA645};";2026-09-17 11:43:01;2026-09-17 11:43:01;{5DD346C5-26DD-4638-8773-F25C9FD15EA0};256
1074;1;8;9;{A91DF6C9-1AE5-489C-BA3D-98D7BA6D222E};"8,10,{F97D5F08-81B5-413F-812A-F0344ACA939A};";2026-09-17 11:43:01;2026-09-17 11:43:01;{18DC5535-5EC6-4847-AAE2-4C6FB28BB397};256
1075;1;8;9;{6AA05B23-7F4A-46A3-9BDE-C251468C976E};"8,10,{6597EDCD-9AF3-4158-8925-D1BB2EB79DAE};";2026-09-17 11:43:01;2026-09-17 11:43:01;{4A989647-8745-4EEF-9DE3-3F3854D9590D};256
1076;1;8;9;{8DA6D7ED-CF9B-446A-9913-16932FCD2869};"8,10,{2AC6A284-95CC-4195-A673-A3437B160C16};";2026-09-17 11:43:01;2026-09-17 11:43:01;{6D9E5F7C-0510-43C0-8B24-BE44F9BE9EA5};256
1077;1;8;9;{8CE68DFF-2A75-4A27-AFF2-FA0ACEF80136};"8,10,{929C2C79-32A4-4B3A-B410-1ECF3E0AFADE};";2026-09-17 11:43:01;2026-09-17 11:43:01;{8732CF49-FC5D-4CB9-AA0F-93E5091CAE8B};256
1078;1;8;9;{D0D40DCD-E02F-4F66-B18C-64D720FEFE37};"8,10,{9601EA88-E570-4D6E-91B1-087E7A0E3091};";2026-09-17 11:43:01;2026-09-17 11:43:01;{03D5B9AD-FA0C-4707-A051-98002FDFB422};256
1079;1;8;10;{1EC0F48F-B054-462E-9965-6108F4D66B3D};"8,9,{E40B6E61-389C-418B-8CB7-7DFEDE7A5726};";2026-09-17 11:43:01;2026-09-17 11:43:01;{0E65757D-6893-4CC8-9872-BF65BA31A1FD};256
1080;1;8;9;{AA104D10-356D-4EB5-B1C3-C94FB23C1569};"8,10,{D57E2C24-C3B7-4FAB-9A8F-9F087A3D71D8};";2026-09-17 11:43:01;2026-09-17 11:43:01;{BF907E13-751E-4796-9AE5-40E1E593E2EE};256
1081;1;8;9;{E40B6E61-389C-418B-8CB7-7DFEDE7A5726};"8,10,{1EC0F48F-B054-462E-9965-6108F4D66B3D};";2026-09-17 11:43:01;2026-09-17 11:43:01;{DF47E81F-778B-4A11-B1B7-D360F39828D0};256
1082;1;8;10;{17204D27-6740-4ACE-A9BE-9CCECD69EE25};"8,9,{1753D82E-466D-4941-9BD5-32F69E211DE5};";2026-09-17 11:43:01;2026-09-17 11:43:01;{9E0BA3C8-88F7-46EA-80DA-7C1D8983DB15};256
1083;1;8;10;{C673E645-11E4-41F4-951F-269882C4997D};"8,9,{BE38D9B8-7188-4637-BF1E-B892B6A2CEF0};8,9,{3CDB9FFF-DB22-4AF6-B46B-16FA826EC8A5};";2026-09-17 11:43:01;2026-09-17 11:43:01;{9265B151-F67D-4B1D-BCE9-94AE7E3E7787};256
1084;1;8;9;{375C0CCF-620E-4C9C-925D-0F2C2D4C83D7};"8,10,{E83C2D62-BC34-42A1-8928-C640D6E66E62};";2026-09-17 11:43:01;2026-09-17 11:43:01;{654465FB-E3DC-4657-A09B-887BBD50F8F2};256
1085;1;8;10;{3C282366-59E3-439B-92C5-342EB33A5179};"8,9,{F2A873A5-8B60-4FC4-B12A-0BAE9F3CB281};8,9,{CED7F718-E778-49A6-8B11-AB829B90D217};8,9,{48110DD1-B345-4E95-81D2-8A7B0AE9FFB5};8,9,{F3ED48EE-222B-4FC7-ABED-8D19228ADEA2};8,9,{43D647C8-1C78-4597-8655-9501C49477B0};";2026-09-17 11:43:01;2026-09-17 11:43:01;{9DA0CC58-8E73-4A39-87C8-E0DE6BB8E3C1};256
1086;1;8;10;{D4541190-0174-4152-92A3-760A52CCF346};"8,9,{D776E713-16F5-492C-B120-E1F095755BFE};";2026-09-17 11:43:01;2026-09-17 11:43:01;{C439C7C4-B3AA-4D09-9A78-E7045F01A127};256
1087;1;8;9;{47E3DE17-A613-428F-BB39-7D96CB57791C};"8,10,{B229908F-FFD8-4385-9027-0297C4769A58};";2026-09-17 11:43:01;2026-09-17 11:43:01;{F1EA7B2C-6DA7-40B6-B91B-95F871D48767};256
1088;1;8;10;{0D71900E-D9C8-4C1D-9683-69143080EB97};"8,9,{A0B3CF92-669B-40A3-BB40-332861AD06D0};8,9,{0D21A883-62D9-4DD0-820A-379E43FD7A3D};8,9,{78EF05C5-7BDA-4BCE-A8E7-34446D7584C2};8,9,{4F4AEA1E-FC0F-44C0-88CE-CC6B7434A646};8,9,{C353FB1F-0938-4141-AB5B-9780CD7AA85B};8,9,{C93DB608-8A58-4F1D-A0C2-5F1B8108975F};8,9,{952B1633-CDD5-49C3-B1D9-B8974A63AFD1};8,9,{2334FF1C-EEB4-4990-92B5-0CEE5DA1EBCD};8,9,{47D567D6-057C-402D-905B-82C6BFD5EAAE};8,9,{BBA24DCE-9B9B-4D98-A8F6-BF9CDE5B1B29};8,9,{ABF4FC60-AA75-4093-B61A-116CE77CCE79};";2026-09-17 11:43:01;2026-09-17 11:43:01;{16F63D3A-6AB4-4C55-A080-F37655E7399A};256
1089;1;8;9;{A0B3CF92-669B-40A3-BB40-332861AD06D0};"8,10,{0D71900E-D9C8-4C1D-9683-69143080EB97};";2026-09-17 11:43:01;2026-09-17 11:43:01;{4A627FAF-5E1F-4B63-B6D1-0CD93CA40DA9};256
1090;1;8;10;{0D8AB929-1F42-4EF1-A1CA-FEEE2E4C0F39};"8,9,{5C823C9A-F80B-4E2B-8DC9-811EAD197FAF};";2026-09-17 11:43:01;2026-09-17 11:43:01;{24147382-B1EE-4196-B4B5-C91869D61AF8};256
1091;1;8;9;{71D50FD3-0800-4C9A-B1E2-FD7DD39E2AD7};"8,10,{647D14E9-A8C7-406F-9D4A-2BFB8EF92468};";2026-09-17 11:43:01;2026-09-17 11:43:01;{61E78884-B93B-404C-B60A-3CB22D5D6C13};256
1092;1;8;10;{B14D45DD-25B8-4629-817A-1CAAB8CA696A};"8,9,{012651EA-83AF-443F-A268-097F551B7B89};8,9,{EAF61DB2-5B5F-4508-A7C2-FF0CB248603A};8,9,{7911D903-265A-4986-B4AB-36E4CAE3C7A5};";2026-09-17 11:43:01;2026-09-17 11:43:01;{61AFCBFF-C666-478F-B7C1-7EFB6C728DAE};256
1093;1;8;10;{68214B59-E3D5-40C7-922B-658E2EF11D00};"8,9,{3BB9B8D0-0BF0-4385-BAB1-F614D01D6865};";2026-09-17 11:43:01;2026-09-17 11:43:01;{395A50BE-3391-4AFF-972C-F185737FCB29};256
1094;1;8;10;{E8774A51-5AC4-454E-9C7B-E1485D58ED81};"8,9,{DD2260F2-8B38-460C-81D6-C41948851C51};8,9,{596026F9-3B2F-4B28-8D38-0AD03D8D63E7};8,9,{F0AAD5E5-B3DB-47C7-A879-E70629FED5DD};8,9,{4434AA1E-BAA0-46B3-9DFC-A6DA4012159F};";2026-09-17 11:43:01;2026-09-17 11:43:01;{93F0EB71-7703-4103-94FD-B979FA841E0F};256
1095;1;8;9;{F678E446-5C53-4B3F-AC02-4FD9137C84E7};"8,10,{7780BEA3-D5B4-470D-AF5D-ED23BA688B6F};";2026-09-17 11:43:01;2026-09-17 11:43:01;{A52EA40F-B19F-46DB-8B78-A2A1A8FA7924};256
1096;1;8;10;{1CFBF729-C082-4061-94E7-B2FCE43206D6};"8,9,{68AFFC92-D83E-4833-83DA-25203E7D5417};";2026-09-17 11:43:01;2026-09-17 11:43:01;{56E14E69-EA28-44E6-9BA0-5FA9ABE61168};256
1097;1;8;9;{2023B24E-8318-47A7-B113-3F004CD68C77};"8,10,{FFA3C38F-D470-4E2C-9488-ECDA5A405A37};";2026-09-17 11:43:01;2026-09-17 11:43:01;{E4780CFF-1162-4C23-9B3C-A28A8D6D81D8};256
1098;1;8;10;{63EC6B93-E5DC-48DD-B77E-9F2AB00BC1FA};"8,9,{5686CD00-A629-4521-AF09-B378BE588A7B};";2026-09-17 11:43:01;2026-09-17 11:43:01;{4DFB9A12-30AB-4C9D-A25D-4CE99C08D631};256
1099;1;8;10;{78546A6D-A0BF-490E-9BFA-0CCD176A86D7};"8,9,{0C8605E8-392E-4354-AA45-5647246C43B9};8,9,{F6692207-BA1B-415C-BD6F-71473D749805};8,9,{9738116B-8ADA-4FCB-B4E6-E9DC726243CD};8,9,{82648C33-FF50-47A8-94F8-22E55DC37D0E};8,9,{DE23DF65-C277-4D64-BBEA-76D38F6EA963};8,9,{2A6FE7F1-3909-48CC-B9C1-61FEAE111B67};";2026-09-17 11:43:01;2026-09-17 11:43:01;{B6554FB2-B9B4-48EF-8D1C-2375FB675F60};256
1100;1;8;9;{E2D531CB-A5F7-4DCC-B343-0EB5BCA8755D};"8,10,{EAEC4A39-619F-47F3-B0D4-A4D7A8CAAF7B};";2026-09-17 11:43:01;2026-09-17 11:43:01;{E7EA830B-3F73-4880-8F04-A25136519FF5};256
1101;1;8;10;{D99EE6ED-7F80-4A6B-8E44-40D0D02284DC};"8,9,{2C8BDD9B-E543-4A82-A2A1-38EA1026A0C8};8,9,{C1791F1A-A131-4533-B568-BE61BDC00EBC};";2026-09-17 11:43:01;2026-09-17 11:43:01;{094A2B06-1CD0-4AD8-B839-F09C3600B6CF};256
1102;1;8;9;{5686CD00-A629-4521-AF09-B378BE588A7B};"8,10,{63EC6B93-E5DC-48DD-B77E-9F2AB00BC1FA};";2026-09-17 11:43:01;2026-09-17 11:43:01;{7D1B0510-4839-461A-A098-147CE243743B};256
1103;1;8;9;{2371245C-2E8E-4817-A396-A484E7621FD2};"8,10,{440C1283-6DE1-4463-9C22-CCB74ABA95E1};";2026-09-17 11:43:01;2026-09-17 11:43:01;{81401CDE-6FCA-4400-A95C-9E6320161AB5};256
1104;1;8;10;{9FCA816A-19EB-4DB8-A415-36026527C14B};"8,9,{0139482A-44B4-41AA-8F0F-5B80AFA2B81B};";2026-09-17 11:43:01;2026-09-17 11:43:01;{74E6DF42-2207-48E0-8AAE-91D4E6A5CCCF};256
1105;1;8;9;{A0387045-A120-4CD9-BDC5-4A2F703B6F05};"8,10,{DF8CD66B-9998-42E7-8159-690645E897F8};";2026-09-17 11:43:01;2026-09-17 11:43:01;{42A9AE71-3D1A-487C-A184-64A8C9FC4979};256
1106;1;8;9;{AF7138FE-393E-4A4C-AC2F-B05C441D5F18};"8,10,{D455C4C0-730A-4894-9A21-3209B471BCB4};";2026-09-17 11:43:01;2026-09-17 11:43:01;{523132D3-42D9-4D37-9E38-688208C85CAB};256
1107;1;8;10;{D8235756-7689-4D6A-90B7-1869351BFD96};"8,9,{4A9E9E6D-903F-4F79-8538-BC180BB3C163};";2026-09-17 11:43:01;2026-09-17 11:43:01;{62682B5B-3AC3-4B21-AD49-AA0C19825F37};256
1108;1;8;10;{5FB6DC06-283F-46E4-8C2E-C28D91E46148};"8,9,{77D679CF-94F6-45C7-A09B-D27033A7CFB0};";2026-09-17 11:43:01;2026-09-17 11:43:01;{75ADD993-CDF1-4925-8C69-96C72C07939F};256
1109;1;8;9;{EAF3E2D3-FAC7-4C5E-B37B-E528FF6FF927};"8,10,{63107BB4-7299-411E-A4BB-65C47B221B7A};";2026-09-17 11:43:01;2026-09-17 11:43:01;{C7ED79CF-4E24-43EC-B315-C0E33C512B74};256
1110;1;8;9;{B486330A-B0DE-4D68-8264-2676744BB0C8};"8,10,{FF9C02FB-76F7-4C7D-9CE8-439111D289D9};";2026-09-17 11:43:01;2026-09-17 11:43:01;{3DDB85FF-4FD6-4C4A-B252-B05E2DE4B8E6};256
1111;1;8;10;{9FCDD5FF-12CB-4D29-8B31-FD1FA30C62B3};"8,9,{59EADFEB-543B-400C-AA4A-6F4EF5B2B3F5};8,9,{1A6243B7-79B7-4FDE-B2FA-7E5948D58485};";2026-09-17 11:43:01;2026-09-17 11:43:01;{B9636AFE-DB91-48AF-B49F-A6BD669E0DE5};256
1112;1;8;9;{C078EE4B-6C23-4670-921B-2BEF3C32085E};"8,10,{2831D5C6-91FC-46E2-9209-AD37D767842F};";2026-09-17 11:43:01;2026-09-17 11:43:01;{9B1D93F6-95B8-425F-86AB-6C068A6849A9};256
1113;1;8;9;{6C525C0D-E427-4882-B301-69D57F4C58EA};"8,10,{FFA3C38F-D470-4E2C-9488-ECDA5A405A37};";2026-09-17 11:43:01;2026-09-17 11:43:01;{B2B354A4-8894-4099-B6E3-C9FC89C79359};256
1114;1;8;10;{81FE7A80-1442-46EE-967F-A3BECF53E90B};"8,9,{54579F15-CB8F-4358-B1BA-257A64360A6F};8,9,{3072C4D5-83F6-4FFC-A9DD-CD9A8989DC2E};";2026-09-17 11:43:01;2026-09-17 11:43:01;{7F5E8F21-46C0-4DE9-8F06-13AFFD984C39};256
1115;1;8;9;{CD350962-FAD2-4A4F-8391-6B6C59BB382A};"8,10,{F05F1CAB-9BC4-45DB-BE43-445F016B4345};";2026-09-17 11:43:01;2026-09-17 11:43:01;{956F9AED-3684-49C0-9F0F-06794BC57B0B};256
1116;1;8;10;{2AC6A284-95CC-4195-A673-A3437B160C16};"8,9,{8DA6D7ED-CF9B-446A-9913-16932FCD2869};8,9,{92FD2680-58C9-4CBA-94DB-D011E77046B7};8,9,{BCD8F1EE-4C69-428D-A38C-C9F9785DF0C2};";2026-09-17 11:43:01;2026-09-17 11:43:01;{7DACC70A-C89D-41BB-B19E-ED5FD095BC6C};256
1117;1;8;9;{3072C4D5-83F6-4FFC-A9DD-CD9A8989DC2E};"8,10,{81FE7A80-1442-46EE-967F-A3BECF53E90B};";2026-09-17 11:43:01;2026-09-17 11:43:01;{A0AF04AA-795C-430B-BE26-797778565E2E};256
1118;1;8;9;{8DE104F9-D142-4FD7-89B2-245559942229};"8,10,{177325C0-C7E4-4D5D-AC2C-9DF3BE709AB9};";2026-09-17 11:43:01;2026-09-17 11:43:01;{E13FCC97-C6DD-4712-A5C8-C853DC047C01};256
1119;1;8;9;{49DA13E7-222B-4456-916F-A84F5B642FB6};"8,10,{27991337-AACE-4534-9355-0DA251F9A39D};";2026-09-17 11:43:01;2026-09-17 11:43:01;{6AEC54D3-435B-4BB0-B55D-ACDE23134FD7};256
1120;1;8;10;{ACB5E119-84EA-4633-8E05-1C7BD2275D2D};"8,9,{BCC693AE-DF19-41B6-95B7-817F63AA2ADF};";2026-09-17 11:43:01;2026-09-17 11:43:01;{B2DC5AC7-2B0C-4D94-BB0D-7D979FB662F7};256
1121;1;8;9;{A6E11DCD-E171-4454-9736-A88DD298619E};"8,10,{866E32D1-4A11-4250-A18D-4AE482CC24E0};";2026-09-17 11:43:01;2026-09-17 11:43:01;{995EA55D-84F3-429C-A922-DB1E680D6D29};256
1122;1;8;9;{BBA583FE-FD2A-4AC2-A755-DF4DCB28BE3B};"8,10,{3C0B4095-FB32-445C-9FE2-7620922AE589};";2026-09-17 11:43:01;2026-09-17 11:43:01;{31B9C7C8-190C-45CF-AD12-1148D5FD3F1B};256
1123;1;8;9;{BF6F45A6-2D28-444A-AE56-11CCBB1510EB};"8,10,{146E49A2-B92B-4E6E-83BF-584EE19E873D};";2026-09-17 11:43:01;2026-09-17 11:43:01;{E9E5BBD5-23C0-42F6-A633-5BBC503BB516};256
1124;1;8;9;{B817E9D6-1710-48F1-8FB8-C7E183744520};"8,10,{9055B1A7-8F51-4C24-8DC2-FB1C90361219};";2026-09-17 11:43:01;2026-09-17 11:43:01;{F58F8FB0-D870-4092-8BA6-EDC7431139A6};256
1125;1;8;9;{9089E441-F389-4F14-B249-55FE4E59FA25};"8,10,{B68A6D9C-C5F5-41BD-8789-CB16FCFA86E9};";2026-09-17 11:43:01;2026-09-17 11:43:01;{C768B55A-B1B3-45C7-8BA2-8B99D7912538};256
1126;1;8;10;{E06375AA-C146-4EFA-A8A3-504899ED2F20};"8,9,{FE740903-912B-4B51-B9D8-8AA94471A386};";2026-09-17 11:43:01;2026-09-17 11:43:01;{E28D3516-3543-414A-BCA3-AE0BE42F947E};256
1127;1;8;9;{640A22C5-BB08-417F-82AD-6C1D746C0ECA};"8,10,{1AB84295-635E-4EDA-87DF-3C646005B942};";2026-09-17 11:43:01;2026-09-17 11:43:01;{6553EE00-19F0-4254-AE18-26B2B11ED609};256
1128;1;8;9;{02B66AE7-02F4-498F-9871-B51311D3B618};"8,10,{FE0F2ADB-FAD2-49E0-9CBC-7620EDAE93E9};";2026-09-17 11:43:01;2026-09-17 11:43:01;{293FC55E-5436-42AD-B13F-AE727BDAD273};256
1129;1;8;10;{6670A43A-A34C-47E9-B88E-C42CD6198FA3};"8,9,{19DC1CB7-92D5-4320-A9D7-B2E672A42A03};8,9,{700A0E5E-2342-4DE4-8BCD-85029BB79656};8,9,{30F22D0B-64B8-4CED-9AA4-0C9FAD509B0D};8,9,{33E490BA-A2D9-4368-ACE7-A74BE8B53FA6};";2026-09-17 11:43:01;2026-09-17 11:43:01;{0A8D2378-26D6-4C1C-8F58-789921B671D4};256
1130;1;8;10;{DD9AA861-9730-4B28-A351-62F6DC890E39};"8,9,{CADE75C1-0C32-4D19-8324-791212DD376E};";2026-09-17 11:43:01;2026-09-17 11:43:01;{FABB8AFC-669E-4C71-83DC-F510AFC39DB0};256
1131;1;8;9;{6DB691C7-811A-42F4-8E4A-EEBBB60CDE43};"8,10,{99258574-BEE7-4252-ACA2-F35D28B1C30E};";2026-09-17 11:43:01;2026-09-17 11:43:01;{262EC3F1-164D-416C-8BF2-7F8799200FD2};256
1132;1;8;9;{FE740903-912B-4B51-B9D8-8AA94471A386};"8,10,{E06375AA-C146-4EFA-A8A3-504899ED2F20};";2026-09-17 11:43:01;2026-09-17 11:43:01;{5A3DDBB6-5366-45D7-BF4E-1986C69A035E};256
1133;1;8;9;{B62EF07E-281B-4A4C-9B91-D116F8AB4CE6};"8,10,{C98F16E6-74C5-433C-959B-66C6C5903C36};";2026-09-17 11:43:01;2026-09-17 11:43:01;{07B9C4E0-BECE-4FBD-B628-3CAD7010EF8F};256
1134;1;8;9;{E5629ACC-647D-401A-A0B2-262B31E15C02};"8,10,{39F6F8CC-017F-46D9-BFDD-E6061518FB4F};";2026-09-17 11:43:01;2026-09-17 11:43:01;{C7341BF3-1F7B-4FE8-8577-D32706942547};256
1135;1;8;10;{D2ECED3F-1B30-415D-AC81-CBFA3E8916CE};"8,9,{BD2CF82F-48AD-4A6E-AA71-C5DD8F9CB7FC};";2026-09-17 11:43:01;2026-09-17 11:43:01;{61D1209F-39F5-499E-83C5-E9929B3A546D};256
1136;1;8;9;{985D96B9-07AA-42D6-BE08-2DDBAB4C03C3};"8,10,{555BE9CF-A55A-47BA-AEC3-3AEA2EFA8F01};";2026-09-17 11:43:01;2026-09-17 11:43:01;{156ECEF1-D66A-4302-98BC-88AF5F85DDC9};256
1137;1;8;9;{65385DA7-49D3-49ED-AFCC-1F902EF9F2E6};"8,10,{C357F706-F3EF-464A-A5F1-2F0AC1916647};";2026-09-17 11:43:01;2026-09-17 11:43:01;{047D6738-55CA-4320-92C7-9E1BD47988E9};256
1138;1;8;9;{E19208B9-8A1A-4CEC-A37B-EFCEF93127F9};"8,10,{5B5F31D1-7BD2-49F9-A346-2C125AF3B799};";2026-09-17 11:43:01;2026-09-17 11:43:01;{B9BC93D6-A06A-4F92-8781-CE94AEB9CF0D};256
1139;1;8;9;{EF5912CD-9C0A-4456-9598-8257DA2D1526};"8,10,{E60D4ABE-B9A2-455A-A4BB-42873D4030B5};";2026-09-17 11:43:01;2026-09-17 11:43:01;{E4C95E5A-3533-4F0D-9F6E-7B9FE6715F9E};256
1140;1;8;10;{B90063F9-B8EA-491C-86D0-A7E7EE755958};"8,9,{B2941326-FB58-4A16-83E5-FD96E338E63E};";2026-09-17 11:43:01;2026-09-17 11:43:01;{2B712BB1-6189-45F9-A8D9-332DF79874CA};256
1141;1;8;10;{4C6FDD0D-E602-4F97-924F-08224943A727};"8,9,{5C612114-5504-4C1C-BF1F-3CB40632BB15};8,9,{93874114-ACB1-4E47-80D0-EB85BDE402B3};8,9,{91FA8B4F-3DE1-4200-97AE-44631386BF2A};";2026-09-17 11:43:01;2026-09-17 11:43:01;{43578B22-5BD8-462F-810D-1AEC826F6C7A};256
1142;1;8;9;{BD2CF82F-48AD-4A6E-AA71-C5DD8F9CB7FC};"8,10,{D2ECED3F-1B30-415D-AC81-CBFA3E8916CE};";2026-09-17 11:43:01;2026-09-17 11:43:01;{F191FB4F-6321-4937-9BEF-C277EFFE9B3B};256
1143;1;8;9;{911E697A-7DC7-4BA2-817D-B8814C996965};"8,10,{80E676B1-5B69-4212-B482-FCB88272D0DC};";2026-09-17 11:43:01;2026-09-17 11:43:01;{1B27994F-1DD8-4116-AA48-D0AF5E398573};256
1144;1;8;9;{A7EB6869-8E5F-4BB4-895B-6F156CADFC61};"8,10,{67A734C1-4537-4F35-B4F4-E95F95652EEB};";2026-09-17 11:43:01;2026-09-17 11:43:01;{36467BA0-40E7-4687-A89F-F24D7C8D13B9};256
1145;1;8;10;{908B57A4-9580-44D1-86BA-AB0C9677E0C9};"8,9,{1C6F3B02-8A54-4772-8B2B-537E9E6324DD};8,9,{CAD5D4F9-87A1-45D4-90A4-DD990EB70E78};8,9,{E310B08C-66C4-4EA1-8EBC-1CCDDF0708B9};";2026-09-17 11:43:01;2026-09-17 11:43:01;{39CFD7DF-021C-43AC-AF27-EC056A8FAE64};256
1146;1;8;9;{CFD29AA3-4E69-4999-83B5-F69EBBA533A9};"8,10,{CE13CB17-CB0C-4FF6-8582-DFC836D8AC14};";2026-09-17 11:43:01;2026-09-17 11:43:01;{0D6B2975-9F8C-4C68-A76E-34714F333553};256
1147;1;8;10;{E39FF719-0841-4456-A8DD-4140A9C57EDC};"8,9,{A0B4BFB7-C751-4BCF-B0E4-05AD4CB05C80};";2026-09-17 11:43:01;2026-09-17 11:43:01;{BEE85C57-5C56-4682-9F3C-38F361B76CEF};256
1148;1;8;9;{B4D019A2-029D-4AD8-A0B2-E6206B2129E9};"8,10,{4C74E944-6F8E-4126-84C3-1DC2C24B7BBB};";2026-09-17 11:43:01;2026-09-17 11:43:01;{7B263CC7-769D-4AE9-83E8-3D4C1314D239};256
1149;1;8;9;{B6CEA65F-AABB-41C5-8959-6C222A6C2209};"8,10,{3C0B4095-FB32-445C-9FE2-7620922AE589};";2026-09-17 11:43:01;2026-09-17 11:43:01;{62102F97-43CB-4DF8-9B77-5B7D9691D47E};256
1150;1;8;9;{283F26AB-E030-4E6C-85FF-A1C02001E589};"8,10,{C0F52FBA-6D96-4B2D-9BED-94ED7D82A705};";2026-09-17 11:43:01;2026-09-17 11:43:01;{2744BD86-8536-4AC5-94D3-2D37D85A68C1};256
1151;1;8;10;{610A2041-4F85-4855-94A6-DFBB4D26025A};"8,9,{AC136F71-2FDA-42CB-99FF-C910E0AED658};";2026-09-17 11:43:01;2026-09-17 11:43:01;{74F604A7-4DE3-43E6-B0C8-CAB6DD5C4A5D};256
1152;1;8;9;{37FEF96E-A59A-4533-A805-5A23CEF9D604};"8,10,{FF9C02FB-76F7-4C7D-9CE8-439111D289D9};";2026-09-17 11:43:01;2026-09-17 11:43:01;{A7AD417E-960A-4D9E-8A74-EC4D9F345172};256
1153;1;8;9;{713E2C21-667F-402C-804F-DBE527E99854};"8,10,{82C8634E-8070-442A-AE88-4D475A3D38B3};";2026-09-17 11:43:01;2026-09-17 11:43:01;{FB54131A-BCBD-435B-9593-08B719CCECD8};256
1154;1;8;9;{8DC26C37-FEBE-41C7-9DFB-F3A9A27E2846};"8,10,{FEEB45AB-7510-4D3B-9194-0F5784E038C4};";2026-09-17 11:43:01;2026-09-17 11:43:01;{1E14B24B-D261-4050-8A43-05C178BF274C};256
1155;1;8;9;{A6901B46-8B6B-4C8B-BF6E-8D9D06396EB7};"8,10,{1A9F3EFB-EB63-4802-B68C-10820B85D200};";2026-09-17 11:43:01;2026-09-17 11:43:01;{AFD1117F-E7A6-40AE-BEF1-B2E3CB821FFF};256
1156;1;8;10;{05ED745A-4388-437B-8F3F-CDB2B25EFF5B};"8,9,{6C20AD61-DB1F-47D3-81E0-461372BFCEC4};";2026-09-17 11:43:01;2026-09-17 11:43:01;{2BE6E00A-69D5-4BF4-80F7-76336633D7DD};256
1157;1;8;10;{4FC9889D-2371-4463-9D59-8117D548D288};"8,9,{9C798FAD-FFA3-48C0-A312-F0823736D8A6};";2026-09-17 11:43:01;2026-09-17 11:43:01;{A3F61AC6-4603-4303-ADBA-40FBFD20127C};256
1158;1;8;9;{3BC46F70-50C0-43F5-8377-4CA16B142CF3};"8,10,{4B004626-1280-4854-A52B-57CA51C0EC42};";2026-09-17 11:43:01;2026-09-17 11:43:01;{28703785-83E1-4E6F-833E-BFF1B57E7D2E};256
1159;1;8;10;{BBAA87BB-DB69-45F1-8F9D-7396ACD8523C};"8,9,{75134F0F-5B32-443C-98E8-C9E1C2C17A28};";2026-09-17 11:43:01;2026-09-17 11:43:01;{49D50A2F-802E-44D2-B0A9-DB8AEB8EBEEE};256
1160;1;8;9;{205412C7-8ECF-40E3-B890-3CA3FD296452};"8,10,{9C5CFC16-8D2F-4116-8D2F-99BAB89FC9A8};";2026-09-17 11:43:01;2026-09-17 11:43:01;{A029F283-82D5-4221-BF58-C98EA0A77489};256
1161;1;8;9;{1196FE04-772D-4CFC-BC81-68D1D5E0168E};"8,10,{C780A201-7BC5-46A4-BFEE-6DD026041DA9};";2026-09-17 11:43:01;2026-09-17 11:43:01;{3CAC14C0-29D6-4A94-97A4-1612061B6DBB};256
1162;1;8;9;{6C20AD61-DB1F-47D3-81E0-461372BFCEC4};"8,10,{05ED745A-4388-437B-8F3F-CDB2B25EFF5B};";2026-09-17 11:43:01;2026-09-17 11:43:01;{EEAA1FE9-019C-49EE-811E-EAD4C3B05361};256
1163;1;8;9;{9BD982E7-2161-4818-8E55-37C6425D4989};"8,10,{2F21F428-9885-4814-982D-774E0C62A22B};";2026-09-17 11:43:01;2026-09-17 11:43:01;{1E7D202E-A287-4DF2-8391-80DD2BEC018A};256
1164;1;8;9;{2EC000CB-A0DE-462F-B57B-9C6547CAA07C};"8,10,{EC1FDDF0-DB44-4479-8268-A472D62B7529};";2026-09-17 11:43:01;2026-09-17 11:43:01;{9CEF17F7-D10A-4BFA-AD5A-8471BC1D21EC};256
1165;1;8;9;{AD5BA86D-068D-465F-9EB2-8A6E767ACBAA};"8,10,{C7B69C1C-3934-4607-8E23-F1E6F961E2CB};";2026-09-17 11:43:01;2026-09-17 11:43:01;{2FF1A6A6-9A8F-4CAB-A87C-E76A91A05040};256
1166;1;8;10;{9F9DE59E-933E-4B25-A590-9B5AFE5A8523};"8,9,{67037768-6AA6-45A0-8CDC-1B88DDDA4BE9};8,9,{83712D33-5040-4F4E-B925-37719B63EF9D};8,9,{58B7D254-68C1-420C-8E2C-BF9F3EE32590};8,9,{49371128-83E3-4129-9136-F5239C4B594A};8,9,{7CF1078B-023A-42D7-9987-FC392F9ED8C7};";2026-09-17 11:43:01;2026-09-17 11:43:01;{04C93084-03E8-4FA2-9A01-F3ED3A9A5E94};256
1167;1;8;9;{4F4AEA1E-FC0F-44C0-88CE-CC6B7434A646};"8,10,{0D71900E-D9C8-4C1D-9683-69143080EB97};";2026-09-17 11:43:01;2026-09-17 11:43:01;{49CBADB1-A7EC-47BC-A1E8-74DCBB2C0E96};256
1168;1;8;10;{3ED474A0-3335-4E01-8886-DE39958F6339};"8,9,{B54235F6-EF52-45BA-945E-CC36D61770B9};";2026-09-17 11:43:01;2026-09-17 11:43:01;{C98AD2E1-68AA-46A2-815C-BF43BE03A4BF};256
1169;1;8;9;{BBA17C98-1646-4662-9444-6E7EA8537D62};"8,10,{FF9C02FB-76F7-4C7D-9CE8-439111D289D9};";2026-09-17 11:43:01;2026-09-17 11:43:01;{D407EE1B-2CCD-4E86-B4CC-24F17791190D};256
1170;1;8;9;{79F8C13A-D6A5-43DB-BF4F-41666E609579};"8,10,{69DBEE20-73A6-4B20-8730-930C2CDE2817};";2026-09-17 11:43:01;2026-09-17 11:43:01;{A2A4F990-755D-404C-9554-6AA8B70B3B74};256
1171;1;8;9;{6D75089A-96C0-4AF4-8E1A-413AACA14AF6};"8,10,{C13574BC-6AB1-408D-88FD-EEFDAE5468FF};";2026-09-17 11:43:01;2026-09-17 11:43:01;{13E72791-CABC-4381-8E90-F75DC111E82A};256
1172;1;8;9;{CBC93F6D-339C-4163-8F9F-40C65DA7DCCC};"8,10,{AA5DD3C8-9119-4AD6-956C-C8D48501B42A};";2026-09-17 11:43:01;2026-09-17 11:43:01;{477F4D0D-8DB4-44E4-A529-39BCA93257A4};256
1173;1;8;9;{2C00439A-190F-4D0D-AF1F-74D196329555};"8,10,{C3E9F905-C1DA-4ECC-88EA-11093E74F941};";2026-09-17 11:43:01;2026-09-17 11:43:01;{48D6CE10-494E-4D3F-9525-7B80C2ADC58A};256
1174;1;8;10;{84BF8A3B-F448-40C4-9481-3FF3DD428E3D};"8,9,{911B1B4D-AE9A-40F9-9983-0DA49B1BF410};";2026-09-17 11:43:01;2026-09-17 11:43:01;{08740B81-2847-45EA-B140-2B882028024C};256
1175;1;8;9;{1C59D664-D4DD-4C18-811E-2FC337F709BE};"8,10,{857619E2-B671-4FFF-870C-228EC7AEE171};";2026-09-17 11:43:01;2026-09-17 11:43:01;{75031A0B-AD5B-453D-BBD2-8DE59457D37B};256
1176;1;8;10;{9B5CF208-5460-4800-9EA4-9048A7C177CA};"8,9,{F307A68D-D87A-4240-BC99-54CB1B001B68};";2026-09-17 11:43:01;2026-09-17 11:43:01;{17E14AAD-09EA-4847-B1B1-07C30B737769};256
1177;1;8;9;{524753AE-A864-4F7D-B0F7-849D0E766376};"8,10,{19A50B3A-02EE-4D67-AF1E-9D6505A8A307};";2026-09-17 11:43:01;2026-09-17 11:43:01;{4A69E76B-F346-401E-8FDA-8999407B1A88};256
1178;1;8;9;{F307A68D-D87A-4240-BC99-54CB1B001B68};"8,10,{9B5CF208-5460-4800-9EA4-9048A7C177CA};";2026-09-17 11:43:01;2026-09-17 11:43:01;{146D70A1-7C4D-4030-B0A2-31A76A035F6F};256
1179;1;8;10;{DB916E68-03C1-4A94-836C-9AA59BC71F59};"8,9,{28203DC0-6F2D-4649-82F8-C52787478C7D};8,9,{0781B7AA-6702-4C14-8DBD-2DD2BAC64C73};8,9,{33F68110-330F-443E-BEB9-441669DB0BA6};8,9,{3FFFE84F-2D1E-4882-9A79-EC05111846D1};8,9,{16AA0772-EEEA-4FBE-9A2F-3004CE1612C9};8,9,{2C52683D-8EE3-4193-B0F3-188C32CCC48B};8,9,{7CB24C97-F0C3-47DA-814A-9AA82B8CF704};";2026-09-17 11:43:01;2026-09-17 11:43:01;{BBF29392-A325-4E3C-93F0-9F7C9966CD2C};256
1180;1;8;10;{67B8431D-BB42-4919-9124-E467B8EB04A1};"8,9,{625140CE-F15F-473E-92FC-BA1DD793E160};";2026-09-17 11:43:01;2026-09-17 11:43:01;{DBCAA1FD-66B7-4E76-9932-12200A5E5060};256
1181;1;8;10;{CBA4F7F6-B034-4A3A-B4F0-B9543A27C8DC};"8,9,{CA4EDEF6-D1BE-4043-B08D-35747DE32A14};";2026-09-17 11:43:01;2026-09-17 11:43:01;{21FCD693-6F0F-405C-AA20-31FB01DA53B4};256
1182;1;8;9;{F136924C-2520-4F8F-883B-4985491373D3};"8,10,{EDAD8411-5A77-4AAE-8802-237EBD554DBF};";2026-09-17 11:43:01;2026-09-17 11:43:01;{7A79DF33-47D8-4380-AD02-B320DFC4E701};256
1183;1;8;10;{C3B595FF-24C3-4851-9C5A-D75A0E1826BE};"8,9,{9D2850BB-C44A-4809-9847-6B04D1ABABF2};";2026-09-17 11:43:01;2026-09-17 11:43:01;{253C1843-C92A-4537-B420-7FD88C6504BF};256
1184;1;8;9;{442AFEA1-112B-4361-A3BD-14A407A54AD0};"8,10,{140936A6-C9AB-40E8-BF69-999E5A88AC09};";2026-09-17 11:43:01;2026-09-17 11:43:01;{3476AA6B-7557-4650-81C3-D62444B0117C};256
1185;1;8;9;{C77D0BC0-A0FF-468D-88AA-03B7D352AD5D};"8,10,{1F42022A-E4B4-436E-8C1F-4899A10DCB9B};";2026-09-17 11:43:01;2026-09-17 11:43:01;{2E5ACF66-79EA-4648-BEA2-59623C960369};256
1186;1;8;10;{AE9EB29B-7995-47DF-BE55-48833F7D2F54};"8,9,{A445467D-278E-44D5-A203-FAA743998A7F};";2026-09-17 11:43:01;2026-09-17 11:43:01;{65ADDBB9-F734-41DC-9FA0-1BBF790B9F92};256
1187;1;8;9;{1FBFA34F-24C0-483B-8626-4D82503CF78C};"8,10,{196429F3-CAB0-4D82-8207-1B8013447EEC};";2026-09-17 11:43:01;2026-09-17 11:43:01;{3F5C0CF0-5CFE-4080-B460-6C3B10ADE5E2};256
1188;1;8;9;{C49509B7-3E64-42A8-9443-90753F15DEE7};"8,10,{22A72732-6F80-48DC-986D-8776D96CA924};";2026-09-17 11:43:01;2026-09-17 11:43:01;{AF5243B3-EDEB-4B2E-AEF8-8CC99C97836E};256
1189;1;8;9;{AED46277-CA96-4951-A5EE-628375989FDE};"8,10,{B81B88EE-FDA9-488A-9224-71023898A6EE};";2026-09-17 11:43:01;2026-09-17 11:43:01;{A4498931-DC11-4887-AAC4-8A4E8BC20374};256
1190;1;8;9;{02AB9340-0BCB-48EE-A7AB-CD6196495056};"8,10,{8EF37BAC-0A0B-4B87-86A7-07FC4115039F};";2026-09-17 11:43:01;2026-09-17 11:43:01;{FF28ACC3-4DEB-446C-AD45-6B5981A237B5};256
1191;1;8;10;{4CAAE333-32CF-40EF-A9ED-F32BF25EDF24};"8,9,{A537050E-EDA7-4D59-BA5C-56E1B23D6810};";2026-09-17 11:43:01;2026-09-17 11:43:01;{BEAF2BAA-9196-4BE6-8CA9-92863340C3FE};256
1192;1;8;9;{1C339FBC-2F69-406F-AD83-99BCBC7E712B};"8,10,{9B4F6540-530C-48C9-A988-9FA4BD66EDF6};";2026-09-17 11:43:01;2026-09-17 11:43:01;{0ED6390D-E41A-4737-BE26-4A9CAF4F8312};256
1193;1;8;9;{04AE39FC-A15E-4E72-9B51-3DA35BFF9F76};"8,10,{DDE8A7D8-2A80-4506-94B1-AA12FC567622};";2026-09-17 11:43:01;2026-09-17 11:43:01;{956D83B3-0199-43D6-98E9-0F57FBBB24C2};256
1194;1;8;10;{B527D4C8-8F64-431D-A71D-6F168A1D012D};"8,9,{4A6287A9-139D-4DF9-A100-E1CBF799EE5C};8,9,{BEBFD8A6-219B-4183-9C71-582D835A44BE};8,9,{B14F7640-BC34-41DD-8360-F33E782730A1};8,9,{6145BB7F-7E93-40A9-B7C6-4C3CC0AE3B60};";2026-09-17 11:43:01;2026-09-17 11:43:01;{71868EB2-0E8E-4BE3-BD70-FBB9BAFEBC8A};256
1195;1;8;10;{9ADAADBB-6D58-4C68-8DC0-6466B5B01D4F};"8,9,{AFAE21B1-D981-4B9F-9684-710CE8564F02};";2026-09-17 11:43:01;2026-09-17 11:43:01;{5A7DA544-C4C3-4C7A-8CE9-A3B3DD9B25F1};256
1196;1;8;10;{2F2A0274-5617-4B55-A6F7-C1AA754B0EBD};"8,9,{418C3F0D-7FB0-49C3-9666-03815D64AC27};";2026-09-17 11:43:01;2026-09-17 11:43:01;{C0AA4CF3-71C4-4046-BAE0-00CF6C2DA983};256
1197;1;8;10;{556B0CBC-02B8-45DD-9EDF-A7CDC62E5BFD};"8,9,{E1917F92-25C9-4E51-8B52-50994B3E2A27};";2026-09-17 11:43:01;2026-09-17 11:43:01;{FA2F193C-DB3C-4FD9-A630-9D3DFE1C4828};256
1198;1;8;10;{588BFCDF-6CF1-45C0-A37F-56083E060083};"8,9,{DACDD8C4-1339-4FFC-9A24-2448388F334C};";2026-09-17 11:43:01;2026-09-17 11:43:01;{B9547E85-4D85-49BF-BFC6-F62C2385EF44};256
1199;1;8;9;{0FDB751F-08E4-435A-9BD9-1D868A5F8069};"8,10,{14506CA2-2FAD-4E32-8B87-556138E00B4B};";2026-09-17 11:43:01;2026-09-17 11:43:01;{005A0595-E9E1-4336-9B8C-6FF1645A75A6};256
1200;1;8;9;{CAEBE864-8C32-4EE0-B644-12D0819248A8};"8,10,{E8D1C025-9CAB-4144-AEAC-47042128AE89};";2026-09-17 11:43:01;2026-09-17 11:43:01;{88B2B826-6C9D-4E0A-B405-679375CB50E0};256
1201;1;8;9;{C2F0BD8E-BE39-47E3-AE74-3AC1BC396641};"8,10,{1C0D7F64-B633-4959-97FF-05EE59316117};";2026-09-17 11:43:01;2026-09-17 11:43:01;{28118BB6-41C9-40CE-826F-6E92707C3139};256
1202;1;8;9;{AFAE21B1-D981-4B9F-9684-710CE8564F02};"8,10,{9ADAADBB-6D58-4C68-8DC0-6466B5B01D4F};";2026-09-17 11:43:01;2026-09-17 11:43:01;{DB05427B-4B8E-45F8-8A0E-7A3FB106AD08};256
1203;1;8;9;{367B4437-D751-4E06-A1CA-67CC7C138B1D};"8,10,{8D0DB330-5027-4D7B-AD76-91D32FC29A02};";2026-09-17 11:43:01;2026-09-17 11:43:01;{AE092FDB-8C83-426D-9D6E-87E6C79D184C};256
1204;1;8;9;{ADCF5907-D33C-4C4C-A49F-882E057FE862};"8,10,{4CBEA8FF-0182-4169-A7DD-7DA4160E6243};";2026-09-17 11:43:01;2026-09-17 11:43:01;{8155EB6A-5AF6-4411-9134-6487F337E2DF};256
1205;1;8;10;{AE82DB3E-C1FD-4EF1-9F23-8AD3F2872FE6};"8,9,{D62E6BA7-EEA3-4973-86D9-371F64473A2F};";2026-09-17 11:43:01;2026-09-17 11:43:01;{0CAF8DAA-7164-425D-89A8-384FE10ADFBC};256
1206;1;8;10;{27991337-AACE-4534-9355-0DA251F9A39D};"8,9,{49DA13E7-222B-4456-916F-A84F5B642FB6};";2026-09-17 11:43:01;2026-09-17 11:43:01;{9BC2F4D8-CB7A-47FF-8790-F97333CBFBA8};256
1207;1;8;9;{77D563CB-10CF-46E2-9BA2-B85B4ED4EB76};"8,10,{BB7E8B38-C394-4BF6-AD82-6756242EB7C9};";2026-09-17 11:43:01;2026-09-17 11:43:01;{234CF41F-0846-4571-AE41-DCDB3391D29C};256
1208;1;8;10;{82DDFDCA-50D2-44E1-877E-F39A01A7EF74};"8,9,{43A6DBDB-4B16-4A99-A442-BE0E2E376C88};";2026-09-17 11:43:01;2026-09-17 11:43:01;{75C002FA-FC11-48E3-961A-7CC89C5C9062};256
1209;1;8;9;{17C20900-FCD1-400D-BEE9-F60EF11ADC52};"8,10,{A56ED7A2-D238-4EB5-9871-A3DF0EE850DC};";2026-09-17 11:43:01;2026-09-17 11:43:01;{F06F550F-B537-4430-8985-AF1F90B9E870};256
1210;1;8;9;{7E60C6E5-56B3-4773-B5D0-5A6CBFD188C9};"8,10,{EFDC07C3-3DE0-4FD1-9FD9-3225DF7B64F0};";2026-09-17 11:43:01;2026-09-17 11:43:01;{2BC7D7B9-FC84-43A8-A31F-83A3ED39E0B6};256
1211;1;8;10;{DD69F25D-AF6C-43A9-A68D-8CFFC6CE00AB};"8,9,{3F93B655-E53A-44B9-B5E2-4A7C3C99D2F8};";2026-09-17 11:43:01;2026-09-17 11:43:01;{2E2AB20F-F9A9-4F2F-9885-01AEE97FE349};256
1212;1;8;9;{E8D6C67B-CB4C-4839-8169-E484DB4A179B};"8,10,{F001AEBF-175F-4AB2-901A-B112D0912AA6};";2026-09-17 11:43:01;2026-09-17 11:43:01;{8B382FDB-1DDE-444F-AD64-5E199D2736B3};256
1213;1;8;10;{18C4D6FF-3971-48AA-8DBE-8E0AAB10618C};"8,9,{BEB5783A-517E-4E5E-964C-ED8E8B029384};8,9,{84CAD080-FEF9-492D-96D4-EE04CF62CC4E};";2026-09-17 11:43:01;2026-09-17 11:43:01;{72FE5B75-1D71-4C31-B8A2-8A8053CD6186};256
1214;1;8;10;{9348D159-ADBB-4FD2-B7DA-BAE890895252};"8,9,{E545A23D-6673-462C-AAD5-A891E930F97C};";2026-09-17 11:43:01;2026-09-17 11:43:01;{F48E4264-E29C-446E-9662-BDEFADD01EDD};256
1215;1;8;9;{50409D68-7F70-4F23-BB7F-46D7BC859092};"8,10,{277378DE-95D7-4CB8-AE8B-C535C3E0A7E5};";2026-09-17 11:43:01;2026-09-17 11:43:01;{EA5BEA57-F760-498E-81E5-4A71A3A2C924};256
1216;1;8;9;{CF0C29E6-72A5-416F-964F-F87F99A54350};"8,10,{8D85AECC-095F-486F-BF6F-19A027CB1BAF};";2026-09-17 11:43:01;2026-09-17 11:43:01;{FC527C8F-084D-4EF5-84E4-197826D49BC1};256
1217;1;8;9;{6F0826D8-EB5D-4E3A-98AA-73D9E646453B};"8,10,{C95DA702-D6AB-4F35-90D8-9FD077A7B12E};";2026-09-17 11:43:01;2026-09-17 11:43:01;{1488F47F-F442-4594-BAEF-B623590FDF33};256
1218;1;8;10;{4C74E944-6F8E-4126-84C3-1DC2C24B7BBB};"8,9,{B4D019A2-029D-4AD8-A0B2-E6206B2129E9};8,9,{46B5BA94-4487-4902-BA60-504029431171};8,9,{445F7C19-A41E-4960-ACEF-D0E5F92831CE};";2026-09-17 11:43:01;2026-09-17 11:43:01;{A1B58E23-1124-4B1F-9183-4D6BA0EFC67F};256
1219;1;8;10;{3EE7DC9D-76B4-4CFB-B6AF-6F7A7E6898BF};"8,9,{43D5CEC7-865E-456B-8760-7A293BC34851};8,9,{A67C2BA1-E1B5-4550-96E4-B51881D4117B};";2026-09-17 11:43:01;2026-09-17 11:43:01;{BB89D2CE-FA44-4F7F-AAC0-78F55EC49895};256
1220;1;8;9;{7FF21390-2CA0-43ED-9072-C3C6B0F73CA4};"8,10,{556B9EBA-E67F-464A-A0E5-789EC952654D};";2026-09-17 11:43:01;2026-09-17 11:43:01;{2C42E284-84D5-4796-AEA2-E2772DBF3ADF};256
1221;1;8;10;{1A74D6A2-6E5A-46EB-9F5D-3B9BA9F79C90};"8,9,{BC2524D4-BCF7-486B-9B87-B722D7E2EE4B};";2026-09-17 11:43:01;2026-09-17 11:43:01;{AA6DF40A-E4C5-4678-AE6B-7735183711DC};256
1222;1;8;9;{9B5A569E-8A02-4961-8546-6FD45D411183};"8,10,{DDE8A7D8-2A80-4506-94B1-AA12FC567622};";2026-09-17 11:43:01;2026-09-17 11:43:01;{2C4FBD64-836D-46E6-B4CF-2594212806A9};256
1223;1;8;10;{88E26DF6-D0C6-44D4-854D-3D6CA06C069B};"8,9,{1C827997-2FF4-4E20-AEE8-E17AA1214A20};";2026-09-17 11:43:01;2026-09-17 11:43:01;{986084DA-06E9-4E40-BED6-187CCC3732D7};256
1224;1;8;10;{431FC2C5-514E-4B08-8828-DA0DA92AAC74};"8,9,{A647B58C-B0A4-4919-BB38-19340EE88878};";2026-09-17 11:43:01;2026-09-17 11:43:01;{C3370D7E-12E2-4900-9D90-B0450E1DD967};256
1225;1;8;10;{562132DC-587E-4B89-A7AD-71BA6CBD7EEC};"8,9,{347EC71A-6814-4766-922E-2E3886E03BDB};8,9,{32290FEC-7D34-43E2-BBC0-9CD8F52077F7};8,9,{B8A86CF1-341F-4686-AC36-2A1A881D4733};";2026-09-17 11:43:01;2026-09-17 11:43:01;{CEA17725-BB99-4DDA-BECC-5AB0B32FB390};256
1226;1;8;9;{DA8B0DC9-0110-4D8F-B3B7-0207F829DAE1};"8,10,{2526DD2E-4689-4F5D-BE4F-53B05D27E097};";2026-09-17 11:43:01;2026-09-17 11:43:01;{3D9C8228-A672-47C5-9171-EF6043944CCA};256
1227;1;8;10;{DE806D30-1932-4D5C-82A1-C2C913BA09CB};"8,9,{AEA4992D-8D09-4E15-9490-20A73355D23E};8,9,{A9125F32-7947-4003-B801-54EB0DF05BE5};8,9,{E06A8618-3BE7-442C-BE25-2DC21C5DB7B4};8,9,{BAB2560F-08FC-4D6C-8C63-840C418AF858};";2026-09-17 11:43:01;2026-09-17 11:43:01;{EAE8A49A-445B-4816-9C7A-6A1934B539A0};256
1228;1;8;9;{347EC71A-6814-4766-922E-2E3886E03BDB};"8,10,{562132DC-587E-4B89-A7AD-71BA6CBD7EEC};";2026-09-17 11:43:01;2026-09-17 11:43:01;{664E1F62-8A4D-4EEE-9F6F-B8B086C296C7};256
1229;1;8;9;{31956F37-03B3-43D3-95B1-C9474BCE2F43};"8,10,{A56ED7A2-D238-4EB5-9871-A3DF0EE850DC};";2026-09-17 11:43:01;2026-09-17 11:43:01;{1E71BC64-DFA1-401F-BD83-740726043EB9};256
1230;1;8;9;{A46BD2AE-23B1-4E6C-B950-895B8394C865};"8,10,{B792056E-8EC7-4C28-9704-2A1408F7065F};";2026-09-17 11:43:01;2026-09-17 11:43:01;{59E7A608-F919-4AB5-9A15-88FCCCE77762};256
1231;1;8;10;{9FA5B7F8-3185-4B20-AF73-9214FC25FA7F};"8,9,{38C02483-E7AE-48DA-BB16-36B004D82196};";2026-09-17 11:43:01;2026-09-17 11:43:01;{52AEC290-52D5-4E42-8F3A-98652F8B9505};256
1232;1;8;9;{DA7C7E67-36F9-4079-830A-811A4C6D7289};"8,10,{2938D54B-D793-42CE-B888-52E162FDE27A};";2026-09-17 11:43:01;2026-09-17 11:43:01;{116435C2-1B8B-4BC1-9ADA-A6E07D0C0663};256
1233;1;8;9;{E140938C-18A3-4D7C-AEE6-CF7449757B67};"8,10,{3473149E-8A82-4B08-8E75-AA1C00A2B98A};";2026-09-17 11:43:01;2026-09-17 11:43:01;{BE9A44EA-F519-4D89-837D-DC06A9B1CEC0};256
1234;1;8;9;{14CEB45C-C36F-4A85-931A-46E04947494E};"8,10,{D09CE6C4-F707-4617-9D59-4E6E29A1D73C};";2026-09-17 11:43:01;2026-09-17 11:43:01;{38207EF4-6EE0-4347-A754-0C703445A1A3};256
1235;1;8;9;{778A758F-559F-4B71-87CF-5A63C41C7169};"8,10,{94CF88E1-7C74-44B1-A943-8DFEA28D6F9D};";2026-09-17 11:43:01;2026-09-17 11:43:01;{A51D9A43-B293-49F1-A499-FEB89C3898CF};256
1236;1;8;9;{134F6F82-7729-49FD-8C8D-17156764F2E8};"8,10,{EEB3DB0A-9C31-41CE-860A-1CEE3DB632FB};";2026-09-17 11:43:01;2026-09-17 11:43:01;{D51ACBEE-DE49-4782-9F36-ECCE783EB50B};256
1237;1;8;9;{0832FF1F-0294-4925-97AF-42863FFDDE0F};"8,10,{A0416A2D-759E-4A48-863E-F60D708F830E};";2026-09-17 11:43:01;2026-09-17 11:43:01;{1528BD25-5761-462F-A0E9-8E62C6301A22};256
1238;1;8;10;{ADC83B35-E91B-4684-8C30-9853DE6EFC7A};"8,9,{3EAC6B06-0BF0-4341-8CDA-73EE14D4F6E1};8,9,{D8ADC536-A437-45D3-B4E0-3D7F6EE20729};8,9,{2025C09C-1DB4-44D9-BC9D-44542A111F66};8,9,{03A9EC7A-1DF1-4B51-AA4D-17DFC74223F3};8,9,{2BADDE4F-E9D2-4432-AC25-CF6CF95963BC};8,9,{695DF00B-54A1-4DED-84FD-95F8C8D05A8C};8,9,{3145E24F-E7F7-4DA3-9CD7-B01BDEF026DF};8,9,{B1B32AAF-0B58-4D3D-A507-976E73B28581};8,9,{94BC8371-8753-4EC9-85CA-52A4D9F24DBC};";2026-09-17 11:43:01;2026-09-17 11:43:01;{0900E23E-8EDA-49CB-8BDE-159FFD621C1B};256
1239;1;8;9;{15B2BF0F-095E-4698-9CE1-CECA0DE3BE5C};"8,10,{E9499FE3-9ECE-48F9-BD09-B98D66DC8076};";2026-09-17 11:43:01;2026-09-17 11:43:01;{2E663FFA-61E7-461F-8696-66130D34B418};256
1240;1;8;10;{A56ED7A2-D238-4EB5-9871-A3DF0EE850DC};"8,9,{17C20900-FCD1-400D-BEE9-F60EF11ADC52};8,9,{C24359E9-65B0-466F-9E46-43BE167E72F3};8,9,{ADE7B04E-7C9C-4D02-97FE-41D103DD7199};8,9,{5917767F-5579-406B-8E2F-0C91ACEC7799};8,9,{11775F79-767E-416B-B3C6-C7A0E7448082};8,9,{82571546-4B04-4F14-860C-15A66C9D1DA4};8,9,{18AB1851-6F03-44B2-9EB1-F207409AA145};8,9,{8D610DF6-9D13-499B-B98F-B080698F6279};8,9,{C96CC0E9-D743-4A94-B98C-D0D75330A054};8,9,{E020400E-34E3-42F6-ACBC-DBD165A43E49};8,9,{74075D3C-A10E-4F5B-B1BD-AA3E2D24C871};Additional rule violations exist.";2026-09-17 11:43:01;2026-09-17 11:43:01;{64CB32F9-4674-489F-BD23-DC310BE23F7B};256
1241;1;8;9;{9C798FAD-FFA3-48C0-A312-F0823736D8A6};"8,10,{4FC9889D-2371-4463-9D59-8117D548D288};";2026-09-17 11:43:01;2026-09-17 11:43:01;{12954D4C-A11B-48C0-8ACF-8B90832A8FB2};256
1242;1;8;9;{315CCA4C-AE15-4D64-8572-DE46D0575CE3};"8,10,{DF07905E-5F7B-4305-B748-85E020BC775A};";2026-09-17 11:43:01;2026-09-17 11:43:01;{67EAC161-0871-4F26-BD0D-065F5941D407};256
1243;1;8;10;{BA42CB6D-EFDB-480E-AAAF-B66ED9143C9E};"8,9,{63ACB768-A99B-4ECF-AEB0-B0B5B39FF930};";2026-09-17 11:43:01;2026-09-17 11:43:01;{077CAE37-7DDB-4212-B75D-8C683E36B70B};256
1244;1;8;10;{97CF6EA1-7E5D-4DF0-95FF-09F29CB3D6AC};"8,9,{7AB28147-DF41-446D-AE83-F9110E790D3F};";2026-09-17 11:43:01;2026-09-17 11:43:01;{C72D518B-D50D-498A-8576-37F7CCE01A46};256
1245;1;8;10;{9B6D8C04-838D-4FE1-BED0-A2251D31FF18};"8,9,{F2FC884D-0A3F-44BD-87EC-6BBFE90FEF02};8,9,{0431790F-2210-48E1-8B05-C383583AEF18};8,9,{3C2A900F-2470-43CA-8CA7-134F8ED3CE7B};";2026-09-17 11:43:01;2026-09-17 11:43:01;{6ABE036D-4953-455A-81DC-D11BE20176B7};256
1246;1;8;10;{7DF67EBB-2DD7-4DD0-9957-5B3DCE1E7696};"8,9,{72BDA239-B978-4B12-9F2B-AFC58D3015D7};";2026-09-17 11:43:01;2026-09-17 11:43:01;{667B61B7-84CB-4136-8952-292E2224DD9F};256
1247;1;8;10;{E952077B-8CC4-4896-929E-E3421D5F5F10};"8,9,{DC445236-7DDC-44B6-80E1-100113252316};";2026-09-17 11:43:01;2026-09-17 11:43:01;{41E5AC78-7A00-4632-A22D-88725F06E547};256
1248;1;8;9;{1C27825F-0896-4D5F-9910-6C562CE489FD};"8,10,{8AB85849-D141-4449-8EBE-8F67A824F832};";2026-09-17 11:43:01;2026-09-17 11:43:01;{300FDA4D-F26D-442A-84C8-6707BBC122DA};256
1249;1;8;10;{014170B4-0833-4015-83F7-57C984C59237};"8,9,{AE4E7811-B6A7-4781-91BB-7280D3B6FD54};8,9,{34E205DB-9EAF-47F1-A5DA-3AADFBEC5271};8,9,{5E8C9CF4-2102-4D9E-901A-70F5CA0B1CF5};";2026-09-17 11:43:01;2026-09-17 11:43:01;{7F00FF89-E172-4426-B0BB-B391638DEB79};256
1250;1;8;10;{1A1E9A68-1293-4ACF-91DC-338F14F8E231};"8,9,{DBBE5086-7BA8-4363-A377-A8A658BE3E44};";2026-09-17 11:43:01;2026-09-17 11:43:01;{4A84F4F5-0E45-4455-B8EA-EA2F4608643A};256
1251;1;8;10;{1A745104-4AAA-47E1-A4C5-86E0F375CB73};"8,9,{78F5985C-2E59-46A4-9244-D552BF63C1BA};";2026-09-17 11:43:01;2026-09-17 11:43:01;{12C2A830-E83C-4B7A-9013-B0D389226C59};256
1252;1;8;9;{DC445236-7DDC-44B6-80E1-100113252316};"8,10,{E952077B-8CC4-4896-929E-E3421D5F5F10};";2026-09-17 11:43:01;2026-09-17 11:43:01;{7F253130-A57F-470B-986C-A4157AAB95F0};256
1253;1;8;9;{2E47B3C4-5AA9-4D84-8CAC-E489F11316D6};"8,10,{6A7A9FF0-1746-4C59-A463-8902D47FEDF7};";2026-09-17 11:43:01;2026-09-17 11:43:01;{F8D06BC1-4695-47CB-B1F8-C31465D394E8};256
1254;1;8;10;{8BD85214-C007-4C64-BE9F-5A2C24B6D5E6};"8,9,{35F4C796-4FF4-479E-B1EA-AE223F2A37D9};";2026-09-17 11:43:01;2026-09-17 11:43:01;{2805B46A-0FA9-43FF-9D84-D1A7BF200F49};256
1255;1;8;9;{EC129D78-FA3B-4E26-9527-3BC71DCA9578};"8,10,{A87A553F-8881-44A6-8C8E-1F40D723950C};";2026-09-17 11:43:01;2026-09-17 11:43:01;{0CF11468-7F41-48B7-B663-2575FAED6FC0};256
1256;1;8;9;{43915FB0-B62E-4C10-8E8F-915267156386};"8,10,{C0F52FBA-6D96-4B2D-9BED-94ED7D82A705};";2026-09-17 11:43:01;2026-09-17 11:43:01;{A5DB7265-488D-4B77-9F5D-07BE0B391626};256
1257;1;8;9;{E1924E47-478D-4DF6-B541-94018C281097};"8,10,{87C2AF34-98B8-488C-A7E3-7402B004A6EF};";2026-09-17 11:43:01;2026-09-17 11:43:01;{8E662E01-119F-412E-AE4B-58DD26174FD3};256
1258;1;8;9;{24598B10-4250-4EB8-B5F1-80EB80116F84};"8,10,{B2F9A900-0040-494D-8BDD-9E6642F3D8FF};";2026-09-17 11:43:01;2026-09-17 11:43:01;{1E3F104A-D862-4E30-BD81-B86333D6D184};256
1259;1;8;9;{1E762C96-CEFD-491B-B452-2993CD5059A1};"8,10,{70C7EF42-BC50-47CB-8F95-4A224B68406B};";2026-09-17 11:43:01;2026-09-17 11:43:01;{6AA83EBF-DDF4-4805-B882-5836945AE7DB};256
1260;1;8;9;{087EE732-1E6D-42D2-935B-967C436A11CC};"8,10,{3E560064-C303-4838-AC13-BA6EBA4924BD};";2026-09-17 11:43:01;2026-09-17 11:43:01;{61A90BC8-8EBF-4713-B5E0-A57578D2EBB8};256
1261;1;8;9;{AE4E7811-B6A7-4781-91BB-7280D3B6FD54};"8,10,{014170B4-0833-4015-83F7-57C984C59237};";2026-09-17 11:43:01;2026-09-17 11:43:01;{E875DB4C-A194-4BC0-BA5D-07DE69DE7088};256
1262;1;8;9;{9A646C06-7C7A-4FD6-BCDD-8C86CE6309F1};"8,10,{1C0D7F64-B633-4959-97FF-05EE59316117};";2026-09-17 11:43:01;2026-09-17 11:43:01;{382369F5-AECD-4827-9F76-E7F090931B71};256
1263;1;8;9;{952B1633-CDD5-49C3-B1D9-B8974A63AFD1};"8,10,{0D71900E-D9C8-4C1D-9683-69143080EB97};";2026-09-17 11:43:01;2026-09-17 11:43:01;{8845FDDF-3F2A-4FBB-A948-9A6BB0B50935};256
1264;1;8;9;{4F140A06-7775-478D-A36F-5223C36B92E3};"8,10,{FF9C02FB-76F7-4C7D-9CE8-439111D289D9};";2026-09-17 11:43:01;2026-09-17 11:43:01;{620987D1-7C24-4FEB-8185-064EBE636997};256
1265;1;8;10;{29C5C147-D4E4-4C2B-A9D0-32C03D4DBA04};"8,9,{18193FE8-E459-4556-931E-290AB7D9EC48};";2026-09-17 11:43:01;2026-09-17 11:43:01;{A9192F36-125F-4203-AD90-6CD40C870171};256
1266;1;8;9;{C09AC18C-C006-404E-9521-D9EA211EF5AA};"8,10,{17DD7D2B-C42E-4CE8-B9BF-D0575EF16C80};";2026-09-17 11:43:01;2026-09-17 11:43:01;{683AB274-AB13-4CBB-933C-9ED9EF5C39B1};256
1267;1;8;9;{93356779-D8D3-425B-99BF-C8A67E7F4D95};"8,10,{B2AC4C1E-B331-41F9-832D-2386DFF26EDA};";2026-09-17 11:43:01;2026-09-17 11:43:01;{59D935F4-86D4-4031-8FA8-E28B8FB0F62F};256
1268;1;8;9;{445F7C19-A41E-4960-ACEF-D0E5F92831CE};"8,10,{4C74E944-6F8E-4126-84C3-1DC2C24B7BBB};";2026-09-17 11:43:01;2026-09-17 11:43:01;{481B2B9E-FBA8-4A23-91C8-31FC738CAD5C};256
1269;1;8;9;{E2031B35-97E4-4390-AC3C-6B7351DB4A72};"8,10,{BB7E8B38-C394-4BF6-AD82-6756242EB7C9};";2026-09-17 11:43:01;2026-09-17 11:43:01;{023867FD-2112-4EA2-85DC-5E520097E56E};256
1270;1;8;10;{17DD7D2B-C42E-4CE8-B9BF-D0575EF16C80};"8,9,{5FA5624B-0B3D-4020-AFA2-86DB6269D985};8,9,{80042FE0-05C9-4683-8F25-BC92F677D4B2};8,9,{C09AC18C-C006-404E-9521-D9EA211EF5AA};";2026-09-17 11:43:01;2026-09-17 11:43:01;{8ECADEE3-3951-46CE-BC4D-BC00CC400401};256
1271;1;8;10;{90194FB6-E3DC-4E82-A22D-5FA72A8F7E77};"8,9,{74011457-2652-4A1A-AFB8-95E3EDD1DEEE};";2026-09-17 11:43:01;2026-09-17 11:43:01;{90D0B189-1916-457C-963D-966B6BB476D2};256
1272;1;8;9;{5FA5624B-0B3D-4020-AFA2-86DB6269D985};"8,10,{17DD7D2B-C42E-4CE8-B9BF-D0575EF16C80};";2026-09-17 11:43:01;2026-09-17 11:43:01;{3AE45C69-DFE5-4415-AF73-88D7DAF7B1BA};256
1273;1;8;9;{54988668-364F-4C7D-9FFB-203A975D0AFB};"8,10,{68696DD3-F1A9-4FFF-98B4-D5226DF480C8};";2026-09-17 11:43:01;2026-09-17 11:43:01;{76FC0F6A-90EF-4B45-93F9-213AFF41BDE8};256
1274;1;8;9;{2D47C680-A856-4C1C-9169-9EE1D84E5CD8};"8,10,{0A94F2D2-2D00-4366-8689-4C415FA44E9F};";2026-09-17 11:43:01;2026-09-17 11:43:01;{E633B2E5-50A3-4417-8799-58E12C37F2F9};256
1275;1;8;9;{B8A86CF1-341F-4686-AC36-2A1A881D4733};"8,10,{562132DC-587E-4B89-A7AD-71BA6CBD7EEC};";2026-09-17 11:43:01;2026-09-17 11:43:01;{B0C12B6D-7B6F-4C86-9F8C-FAACB5287C41};256
1276;1;8;9;{053B2A92-0DAD-4024-B149-8AB7439131F2};"8,10,{9297FA51-5C9E-442A-9203-C762F15E3C4A};";2026-09-17 11:43:01;2026-09-17 11:43:01;{E8F52E35-44D6-4A87-8AEB-E48B97747F05};256
1277;1;8;9;{B98E408D-7601-4312-A806-F22CFFAE2406};"8,10,{318A7760-B89C-4A87-9572-2CC3F1C8BF32};";2026-09-17 11:43:01;2026-09-17 11:43:01;{B371B75F-AD29-4C04-8308-DEA5BB59C647};256
1278;1;8;9;{EC524B83-1E60-47FD-8EE3-A46890A07745};"8,10,{A7F368BA-C346-41FC-A022-A4FC6D075CA4};";2026-09-17 11:43:01;2026-09-17 11:43:01;{51231BF2-F292-464F-B768-0EE54A733FCD};256
1279;1;8;10;{6597EDCD-9AF3-4158-8925-D1BB2EB79DAE};"8,9,{6AA05B23-7F4A-46A3-9BDE-C251468C976E};";2026-09-17 11:43:01;2026-09-17 11:43:01;{DE3C69DC-DE0E-4814-9F9D-1677D9C1C936};256
1280;1;8;9;{140DAC91-FBFC-4FA9-A799-D7DF83EA6876};"8,10,{BB7E8B38-C394-4BF6-AD82-6756242EB7C9};";2026-09-17 11:43:01;2026-09-17 11:43:01;{6FA9096D-42F1-4476-8A80-36238BD96DD9};256
1281;1;8;10;{853466BB-3595-455E-962E-D07CCFBA28AB};"8,9,{4EFAD5BB-5DA5-4E48-9AB9-88356AAAFEA2};";2026-09-17 11:43:01;2026-09-17 11:43:01;{70447B0D-6FE4-476E-8C01-5B3961FB7893};256
1282;1;8;10;{2DDE3DE9-CE5B-4A04-8726-4B67964B1DB8};"8,9,{73027F70-EFA9-4121-9665-45E5F24F48CE};8,9,{B7DBCE3A-9D02-4805-9A53-5F7E54414083};";2026-09-17 11:43:01;2026-09-17 11:43:01;{64B28B81-1031-4DC8-8948-C807B5CD68B4};256
1283;1;8;9;{6D8AAECE-F50B-490A-9E35-41B1907B8091};"8,10,{D18DFB0C-6A29-4D7D-8C2F-AD6295FD12A5};";2026-09-17 11:43:01;2026-09-17 11:43:01;{DA57DDCE-0A14-401E-9806-5395CCD3D7E0};256
1284;1;8;9;{47D567D6-057C-402D-905B-82C6BFD5EAAE};"8,10,{0D71900E-D9C8-4C1D-9683-69143080EB97};";2026-09-17 11:43:01;2026-09-17 11:43:01;{161663CB-9606-4774-A560-E163C7CB0011};256
1285;1;8;10;{D0AD9342-D67B-4A96-83FA-29E11DD33705};"8,9,{C266C8D4-88CA-4C0F-80FA-C83FB27DB997};";2026-09-17 11:43:01;2026-09-17 11:43:01;{171FF349-B1CA-4F5A-951B-C303989059FB};256
1286;1;8;9;{80042FE0-05C9-4683-8F25-BC92F677D4B2};"8,10,{17DD7D2B-C42E-4CE8-B9BF-D0575EF16C80};";2026-09-17 11:43:01;2026-09-17 11:43:01;{5CDC3679-E241-4E87-AC92-967D411B628A};256
1287;1;8;10;{82C8634E-8070-442A-AE88-4D475A3D38B3};"8,9,{713E2C21-667F-402C-804F-DBE527E99854};8,9,{6CA4D18C-6DD1-4B46-8CAE-AFDB5F451B5F};";2026-09-17 11:43:01;2026-09-17 11:43:01;{D6D9AAD1-31BB-419C-8C7D-6BC74F62D644};256
1288;1;8;10;{85D685B1-A12F-4E03-AABF-8F3A366553C0};"8,9,{0D5726E5-489B-42C3-A0C5-232E2F62FA00};8,9,{D76D2F4F-6454-47A4-A20A-2F7DE63B8E22};";2026-09-17 11:43:01;2026-09-17 11:43:01;{2B596692-C6C1-4B70-B0C2-AF3A44174ADE};256
1289;1;8;9;{559E1F72-D74E-44DB-8AC4-F0DFCBE982DB};"8,10,{6145E2C7-A183-48E4-9C57-737A13557BBA};";2026-09-17 11:43:01;2026-09-17 11:43:01;{816545CB-100A-450F-BC91-0EA5148E4762};256
1290;1;8;10;{3992B4A1-7C3F-43FD-8401-9428CEBDC92E};"8,9,{13FC01C3-F0E9-4E8E-BEBB-F062F874604F};";2026-09-17 11:43:01;2026-09-17 11:43:01;{E9835491-FDEA-4382-B7F2-3BFAED10D98F};256
1291;1;8;9;{F18CE235-73F0-468F-A51B-64698189C9E8};"8,10,{318A7760-B89C-4A87-9572-2CC3F1C8BF32};";2026-09-17 11:43:01;2026-09-17 11:43:01;{B6CA8A72-045D-4458-BA32-0027E977EDA4};256
1292;1;8;10;{5551E4AA-BF05-40A7-AD50-FA986620635F};"8,9,{81D3F880-594F-488F-85BE-699B8A9BC3DB};";2026-09-17 11:43:01;2026-09-17 11:43:01;{1A1ED728-7745-4761-B08E-596119E6575E};256
1293;1;8;9;{5E8C9CF4-2102-4D9E-901A-70F5CA0B1CF5};"8,10,{014170B4-0833-4015-83F7-57C984C59237};";2026-09-17 11:43:01;2026-09-17 11:43:01;{620E32B6-FC52-4CE6-B461-9AB26CBDA454};256
1294;1;8;10;{A8ED5CC9-ADFB-40E1-84F1-7F64FFF89801};"8,9,{69C11441-B9A7-4781-849A-5E9DC1764C86};8,9,{44B6B3C2-531F-40C6-8297-7A8BACA8CC54};8,9,{CAB95354-ACF1-401E-B36B-C9EDADA97A89};8,9,{7D485B7D-C6C1-4868-8997-3D3BC009962A};8,9,{F0121E46-F821-47C6-8B06-8B22D58FF93D};8,9,{F8AF1D20-21FF-473F-BD70-10B0A446DAF9};";2026-09-17 11:43:01;2026-09-17 11:43:01;{1D9EE076-16F7-4C86-AED4-AF430E1937D2};256
1295;1;8;10;{7045AF1A-388C-473B-A8DF-8CC1CB99ED08};"8,9,{BBEA165E-D27F-4ACE-8E84-EAFDB671AEFD};";2026-09-17 11:43:01;2026-09-17 11:43:01;{11C1C3C6-F411-4145-A0EB-138A7E3E70AC};256
1296;1;8;9;{7018FDD9-50BE-4EBB-84E6-1F0DE8990624};"8,10,{6D1FCD73-1109-485F-8720-2599E7245642};";2026-09-17 11:43:01;2026-09-17 11:43:01;{0D9DC717-0048-4C14-A467-2BE7DB10FCD7};256
1297;1;8;9;{69C11441-B9A7-4781-849A-5E9DC1764C86};"8,10,{A8ED5CC9-ADFB-40E1-84F1-7F64FFF89801};";2026-09-17 11:43:01;2026-09-17 11:43:01;{B0172B5A-E72B-46B2-8DE4-15C77D0AA9F9};256
1298;1;8;10;{D6798864-94F1-47C7-9418-6265BAB302CA};"8,9,{5F229602-EACB-44D4-8BEA-81FF55CE4255};";2026-09-17 11:43:01;2026-09-17 11:43:01;{6921A8F9-3688-45C7-AC9B-A3BD45C2C0A6};256
1299;1;8;9;{930250AC-DC09-4F15-B0EC-7BC47284D1D0};"8,10,{E9247A39-CF9E-45B9-AC84-D0F1C31C6BA6};";2026-09-17 11:43:01;2026-09-17 11:43:01;{7262D5DB-C3B8-4840-B688-260A58AB0055};256
1300;1;8;10;{6A7A9FF0-1746-4C59-A463-8902D47FEDF7};"8,9,{2E47B3C4-5AA9-4D84-8CAC-E489F11316D6};";2026-09-17 11:43:01;2026-09-17 11:43:01;{B95CF0D1-5CF0-4CB6-A125-24FC79669EE9};256
1301;1;8;10;{F9D05A8B-8E3A-498B-8BE4-36D61F589E5E};"8,9,{B87A35B1-5261-41A5-AEB5-1B42C5DAF254};8,9,{26946854-B2E2-40EB-9881-A98D668E57B3};";2026-09-17 11:43:01;2026-09-17 11:43:01;{612C587A-C198-4D82-902F-40D79603AF00};256
1302;1;8;9;{29500A16-8C5B-4968-876A-56DCE245B320};"8,10,{2759ED62-C0CF-4FA4-A627-D5FE67F042C3};";2026-09-17 11:43:01;2026-09-17 11:43:01;{0657B1F3-9118-4C26-B630-6DEEF0ADC753};256
1303;1;8;9;{F6692207-BA1B-415C-BD6F-71473D749805};"8,10,{78546A6D-A0BF-490E-9BFA-0CCD176A86D7};";2026-09-17 11:43:01;2026-09-17 11:43:01;{23252B2C-1827-404D-B190-651834AC5804};256
1304;1;8;9;{FA65C755-8E61-4551-80D0-25CBE3E95491};"8,10,{24CC79B2-2B08-46DF-8F8E-D3A582C70FDF};";2026-09-17 11:43:01;2026-09-17 11:43:01;{F8C2EE89-FF24-44A7-AC04-429A9606C511};256
1305;1;8;10;{826488FB-FEC6-42C5-9AD2-0DA1434A20AB};"8,9,{C2C1B98E-8368-4AB1-A0D4-EDB951A241FA};";2026-09-17 11:43:01;2026-09-17 11:43:01;{03692FC2-90E0-4418-AEC1-8E4DFD220C20};256
1306;1;8;10;{38B9ED03-A90B-4716-AE48-99F85097EC80};"8,9,{7CE5DE6E-138A-4188-BFB2-8D41879158DE};";2026-09-17 11:43:01;2026-09-17 11:43:01;{AF0B09C8-32F2-45F4-9A58-FF34C3686D6B};256
1307;1;8;9;{C1791F1A-A131-4533-B568-BE61BDC00EBC};"8,10,{D99EE6ED-7F80-4A6B-8E44-40D0D02284DC};";2026-09-17 11:43:01;2026-09-17 11:43:01;{206FF803-B14E-496B-B59A-930DAC5C14E3};256
1308;1;8;9;{6CA4D18C-6DD1-4B46-8CAE-AFDB5F451B5F};"8,10,{82C8634E-8070-442A-AE88-4D475A3D38B3};";2026-09-17 11:43:01;2026-09-17 11:43:01;{0F138A76-C9D8-4FCD-B117-9A4C9D6D62E3};256
1309;1;8;10;{A8A26CD0-8F47-4E05-AE33-CCAC8534DA34};"8,9,{9686AD69-3E37-478C-BB2E-EECD28AE849A};";2026-09-17 11:43:01;2026-09-17 11:43:01;{E71FA9D2-AA10-4D4B-A52B-836A975AE2C0};256
1310;1;8;9;{7E2AD48A-B35A-4E7C-BFD3-038B3F763217};"8,10,{CF3740D4-2616-4BBE-B43F-6DCBACC79FEE};";2026-09-17 11:43:01;2026-09-17 11:43:01;{6DDF820D-5582-4D7E-977A-AF378643B163};256
1311;1;8;10;{8FFB1B15-BA0F-45F2-B44C-0DCBF63401FF};"8,9,{52608583-1758-470D-8154-7EB8BB40C580};";2026-09-17 11:43:01;2026-09-17 11:43:01;{7FE1DE90-6587-47A2-8DCB-3270D4239B69};256
1312;1;8;10;{9CEFBA11-7AEA-4467-9FFF-D9EC08AF496E};"8,9,{9A88D8EE-CAFC-43CB-925B-59F1F488130E};8,9,{F364A9C5-E9DC-414F-BA90-967356373138};8,9,{6BEC3CBC-CCD4-4973-8E88-B38AD52912CF};";2026-09-17 11:43:01;2026-09-17 11:43:01;{A23BAAEF-CBC3-4E2D-9105-EFBAE76F6D4D};256
1313;1;8;10;{8A40E96B-2142-4FA3-9E1A-DBDD0D6167D0};"8,9,{71D4E29C-3E1C-48EC-9C45-441BC64B9E5E};8,9,{FBDF3148-D48A-4E7C-96E9-9D5F7F6857BE};";2026-09-17 11:43:01;2026-09-17 11:43:01;{80697BEF-FA38-48FB-AAEB-8BD5C4E7108F};256
1314;1;8;9;{1BF6BB47-7350-4D70-9AF3-CF3F2A3CA42F};"8,10,{69DBEE20-73A6-4B20-8730-930C2CDE2817};";2026-09-17 11:43:01;2026-09-17 11:43:01;{86A19F24-CF2C-4B16-8A0A-7F8E6AF72E6B};256
1315;1;8;9;{C1F7CB31-F76B-402C-AA4C-F94AC9177E36};"8,10,{14631903-80C0-4C1B-8B1E-DD992F3B689D};";2026-09-17 11:43:01;2026-09-17 11:43:01;{615406D8-7BC6-4669-A7C1-4512AE8CFBC6};256
1316;1;8;9;{9A88D8EE-CAFC-43CB-925B-59F1F488130E};"8,10,{9CEFBA11-7AEA-4467-9FFF-D9EC08AF496E};";2026-09-17 11:43:01;2026-09-17 11:43:01;{F43AD940-8D05-4043-9124-94C8C61EF8B9};256
1317;1;8;9;{0D5F0513-B8FD-43EC-A85A-CB424BAD4744};"8,10,{B3F787CD-D94D-4504-B05A-85323D265247};";2026-09-17 11:43:01;2026-09-17 11:43:01;{F7255D05-C7FB-4292-B564-1E7C9F7428C9};256
1318;1;8;10;{70339181-C236-4787-A888-DBEC47396EBD};"8,9,{55DF9A52-C038-41CF-8BF0-FB6117B2A583};8,9,{D9487F47-4126-4717-A18A-F115C7B718A7};8,9,{FF9A79A6-6277-443E-A6A1-CC500F52EDB5};8,9,{61B4B4D5-C851-4BA3-AA3B-CC66BF779E1D};8,9,{2D47904A-A312-493E-A04F-30049D47C204};8,9,{0D21DE81-CB7A-4043-86D8-C63ED226F19E};8,9,{83BAF643-E75A-4737-9B79-2A984E0CE7B1};8,9,{E33236D9-E346-494C-94F5-5530455C165D};";2026-09-17 11:43:01;2026-09-17 11:43:01;{A02A92B9-4E06-4126-BBA6-B170C51E8DB6};256
1319;1;8;9;{59F47D57-FBEB-46AB-A793-EFA97C9EDCE2};"8,10,{82785C6D-D062-40DB-8321-F7BC652E386D};";2026-09-17 11:43:01;2026-09-17 11:43:01;{186576CD-6B58-43F5-AA07-AF0F3C799850};256
1320;1;8;9;{55DF9A52-C038-41CF-8BF0-FB6117B2A583};"8,10,{70339181-C236-4787-A888-DBEC47396EBD};";2026-09-17 11:43:01;2026-09-17 11:43:01;{75579364-2DDA-4680-8AF6-8CA1E108E869};256
1321;1;8;10;{7F1C40F1-223E-4BB1-85B2-2B3BC2E9625E};"8,9,{B1508DF4-94D7-479E-B5D2-F83E145B028C};8,9,{A5E62EC1-2599-46B9-9C44-CCF7A687A69D};8,9,{FEAB7923-6DB5-4D63-BDA5-AEE26B743482};";2026-09-17 11:43:01;2026-09-17 11:43:01;{6BE23DAF-55EE-49C3-9DAA-453461D43FE6};256
1322;1;8;9;{4B96F353-3C10-4E3C-AB5B-3C428DEC8F37};"8,10,{DDE8A7D8-2A80-4506-94B1-AA12FC567622};";2026-09-17 11:43:01;2026-09-17 11:43:01;{32622D99-BDE0-47A3-A356-D45FE228BFF5};256
1323;1;8;9;{1BFC2F51-2578-4A98-8F49-D80633218B91};"8,10,{D0249124-6778-45A0-84F0-676DF70352E6};";2026-09-17 11:43:01;2026-09-17 11:43:01;{CC778D35-38B8-42B0-A390-C4E69450409F};256
1324;1;8;9;{9F11946C-A0CF-41F6-984C-B6501FED30C2};"8,10,{25F6C058-A1E5-4371-A247-470ADBE81331};";2026-09-17 11:43:01;2026-09-17 11:43:01;{F7E72724-A881-4428-BA04-2A53983FA4BD};256
1325;1;8;10;{8B78BE08-0385-4B3F-B461-135D91532F6F};"8,9,{7FC1FC2F-7637-46B4-A652-6AAAA82A7B47};8,9,{55F0EBAE-A5F3-4E43-B1E5-D40EDE6F786D};";2026-09-17 11:43:01;2026-09-17 11:43:01;{E2296B80-3352-4A05-8FCE-83E69F252161};256
1326;1;8;9;{ABF4FC60-AA75-4093-B61A-116CE77CCE79};"8,10,{0D71900E-D9C8-4C1D-9683-69143080EB97};";2026-09-17 11:43:01;2026-09-17 11:43:01;{9680EA15-2FCB-4B22-83E6-79E9F03188B7};256
1327;1;8;9;{29D112FD-07A3-4213-88B0-FC2B5585C70C};"8,10,{35331FC3-60AF-46A6-BE31-AC05F9A38235};";2026-09-17 11:43:01;2026-09-17 11:43:01;{84ABAF5B-2D83-4EBB-906D-91A638766081};256
1328;1;8;9;{6BEB08B9-89AC-4099-806C-71DF9C78F7C2};"8,10,{25D468B5-240D-4768-9E04-B75707A944E0};";2026-09-17 11:43:01;2026-09-17 11:43:01;{E907C045-5786-41D3-A743-CFF6BCA2661D};256
1329;1;8;10;{99C2CBBF-7442-4325-9AFF-B82140FD6878};"8,9,{CCF9B787-8A78-4EFF-AEEE-DF7FA6ADDB14};";2026-09-17 11:43:01;2026-09-17 11:43:01;{2ADF0C7C-494E-4A99-9E38-FC2727A2E19A};256
1330;1;8;10;{EFDC07C3-3DE0-4FD1-9FD9-3225DF7B64F0};"8,9,{A724413C-B9CA-4F3D-9953-3900BD8F03A6};8,9,{DA496A3F-1669-48C9-9A71-A7EFF522BD32};8,9,{7E60C6E5-56B3-4773-B5D0-5A6CBFD188C9};";2026-09-17 11:43:01;2026-09-17 11:43:01;{11879280-60C9-4F87-ABDB-9F952558AF32};256
1331;1;8;10;{70C7EF42-BC50-47CB-8F95-4A224B68406B};"8,9,{1E762C96-CEFD-491B-B452-2993CD5059A1};";2026-09-17 11:43:01;2026-09-17 11:43:01;{2E80D224-BC94-4E2F-8B95-4DB7C17B2A24};256
1332;1;8;9;{151A81CD-E42E-499D-A1C1-52C4EC290AB2};"8,10,{44EA0512-2592-460C-92A6-C4BFD91F4122};";2026-09-17 11:43:01;2026-09-17 11:43:01;{3253FD43-53E5-4760-AFA8-1CDAA27E649A};256
1333;1;8;9;{A81AB685-4539-47FC-A421-116D6AA88BA7};"8,10,{9B199712-E1D8-4CF0-9546-12192A240CB9};";2026-09-17 11:43:01;2026-09-17 11:43:01;{0DD4F5D3-FF43-4EEF-96F5-FA73057A433A};256
1334;1;8;10;{799FDBF6-F46F-4A36-9081-0B93E548C91E};"8,9,{095A4F83-ED5A-4D96-BE1E-0D2815504AFF};8,9,{59E3E9E1-79E7-4D85-8119-D242A3C8491A};";2026-09-17 11:43:01;2026-09-17 11:43:01;{AC649D8A-74B6-41D7-9117-A88881662006};256
1335;1;8;9;{14C3F584-4A15-4404-AAAA-ACFA2D229F5E};"8,10,{066576AD-DDC9-448B-827F-87C78BC7EAC6};";2026-09-17 11:43:01;2026-09-17 11:43:01;{F3D4B524-0050-46C5-A276-7CD8A169485F};256
1336;1;8;10;{C84CF6A1-470C-4717-8E91-93EEC8DCF268};"8,9,{12E52135-777A-4135-9404-2F2891B7CC37};";2026-09-17 11:43:01;2026-09-17 11:43:01;{9D868F0D-F795-4FF1-859C-D6500E582720};256
1337;1;8;9;{C7686541-8812-4B91-9C79-F8547B4A2F3A};"8,10,{0F4C217C-114D-4FE0-A9AE-9A5B6BC80316};";2026-09-17 11:43:01;2026-09-17 11:43:01;{57FCBA82-3AED-47A2-9E20-5BC85E1C98D8};256
1338;1;8;10;{413F1ABE-4A0F-44F7-A730-CF8EF831E9A3};"8,9,{A74DC299-72C7-4B6C-A9F2-B9F9E52C2FBE};8,9,{62565433-6CE8-417E-90DD-F09D17FFDD60};";2026-09-17 11:43:01;2026-09-17 11:43:01;{D1E42721-1EFE-4927-B29C-CF4D460281A8};256
1339;1;8;10;{9416DDFF-71AD-437C-A192-DFC596BADA69};"8,9,{4B502CC7-4BCC-49A2-BFBF-D5F4C8DA0E2A};";2026-09-17 11:43:01;2026-09-17 11:43:01;{DABA06E4-6AEE-4246-9EAE-ECD2786ABAAA};256
1340;1;8;9;{D613D7BB-9D4C-45C3-ABF0-2D53B3040A92};"8,10,{9F1453DF-6BCD-4AAA-935D-B216EAC4E125};";2026-09-17 11:43:01;2026-09-17 11:43:01;{87949D49-36BD-4F0D-951F-6BE8FD63FCF8};256
1341;1;8;10;{F4A91B9D-7BCA-49C8-AAFB-C33569447CBF};"8,9,{1B776760-0C26-4788-B8FF-D2B3586D125F};8,9,{5F8660A8-7C8D-4046-BBE1-F77D7F12CE60};";2026-09-17 11:43:01;2026-09-17 11:43:01;{FB6BC11E-C9FE-4A3D-8FB6-FA7797DF2964};256
1342;1;8;9;{095A4F83-ED5A-4D96-BE1E-0D2815504AFF};"8,10,{799FDBF6-F46F-4A36-9081-0B93E548C91E};";2026-09-17 11:43:01;2026-09-17 11:43:01;{EA5C292E-3697-4EFD-B3D1-33634F465DB3};256
1343;1;8;10;{6E6AE84B-7D34-4A9F-8B80-3352443F3E3E};"8,9,{D14C84CC-509E-408B-8292-2336D7F0D4CB};";2026-09-17 11:43:01;2026-09-17 11:43:01;{BA65D1E2-B05B-493C-A14E-57CF4B3D5C51};256
1344;1;8;9;{63D817D6-20F0-4D3A-B554-39BFFCCE6806};"8,10,{D6BC4C61-4A72-4FC9-9640-B5AFC09DAE1B};";2026-09-17 11:43:01;2026-09-17 11:43:01;{7028C146-433C-4FCE-89D7-73482BA1C126};256
1345;1;8;10;{3B1AF08A-8F0A-4AB4-A6EB-D6E3D01A25D4};"8,9,{73B987B8-E074-461F-8610-15D3AA7FDD06};";2026-09-17 11:43:01;2026-09-17 11:43:01;{74347C97-A23D-411A-AABF-7DA60255FAFD};256
1346;1;8;9;{3E0BE541-4A2F-4C7A-A89F-D08D57E390E9};"8,10,{102B128A-B6C8-4CBC-A0C4-8FF4E82CED5D};";2026-09-17 11:43:01;2026-09-17 11:43:01;{555CC99C-A2C2-4ECD-B9BE-E44C9EA96425};256
1347;1;8;9;{9CCE4AC1-08BC-4BCD-8830-3A8413C89EDE};"8,10,{D5422991-B119-4C4B-B817-7E21B5DC85DC};";2026-09-17 11:43:01;2026-09-17 11:43:01;{26F1683F-80C5-419C-A110-732EA9296CB6};256
1348;1;8;9;{BCF4C99F-62D1-4867-BA4C-C6955B69612A};"8,10,{992C4022-C18D-4A4F-8935-29E2BBC12086};";2026-09-17 11:43:01;2026-09-17 11:43:01;{343146A1-20C7-400E-AACD-AF0BA706CA17};256
1349;1;8;10;{A76CB12A-C900-404E-A2B3-B21789C3D3B6};"8,9,{868A0C6B-C81B-4D62-827A-F1055BAA3340};8,9,{1F3E790B-9046-4DB3-A801-798DA3834897};";2026-09-17 11:43:01;2026-09-17 11:43:01;{C52B509C-9675-487C-9535-081AFFD6BDD9};256
1350;1;8;10;{8C8DF365-4E41-4213-BB55-13DC088D19A4};"8,9,{7B2E984E-1820-4B68-80EF-7AEA9B7ADAAB};";2026-09-17 11:43:01;2026-09-17 11:43:01;{D1250735-8196-434F-BF4E-2DEB4D03CCAE};256
1351;1;8;10;{0FC92E0C-7E2B-4BF4-8525-6598BEF3C72A};"8,9,{E1A82632-D689-4C1E-A2AF-303B8B97981A};8,9,{38499BF7-8750-499E-B5D7-3A642BD5147F};";2026-09-17 11:43:01;2026-09-17 11:43:01;{BF100867-D1A4-4535-A85E-3890461D6D7A};256
1352;1;8;10;{D4706042-4778-45CD-AE64-C9C3DF9F9A5D};"8,9,{02D4C1CD-E98C-45D9-BFD8-8C086E0C95E6};8,9,{5BA664FA-0A41-479A-A7AC-144F198AD935};8,9,{FA81946E-953B-4F6F-98C8-8D0F1640A20D};";2026-09-17 11:43:01;2026-09-17 11:43:01;{62F1A467-06F7-4228-9F4C-A7BDF5C4AF58};256
1353;1;8;10;{B7E9FDB7-140B-40FE-982A-2D430A67899B};"8,9,{88D16E14-1F2C-42B7-B09C-7F2C04BC6E76};";2026-09-17 11:43:01;2026-09-17 11:43:01;{8B0E7330-69CD-43A3-94B4-4587395D51CF};256
1354;1;8;9;{F36D7D13-20FE-4013-B312-99B25D9514D2};"8,10,{291A1F25-4D1D-43A0-AB03-AE23CF57D1C0};";2026-09-17 11:43:01;2026-09-17 11:43:01;{51440AD1-A9E9-44E9-B01D-1B89393E9630};256
1355;1;8;10;{F74D65E1-0111-48E7-9DD2-F5C9035BF1D4};"8,9,{2FDA0FA7-1D34-4782-9803-6D5561E7DA7C};";2026-09-17 11:43:01;2026-09-17 11:43:01;{B5E60FA2-0773-4FAE-8FC3-0C3DE61B60B5};256
1356;1;8;10;{87EA0FB5-93C1-4298-A24F-4BDCE5622EFF};"8,9,{BFCE8D22-4F05-404E-8AB8-206B638F8D08};";2026-09-17 11:43:01;2026-09-17 11:43:01;{C005C87A-DE9D-43EA-BC40-CB1C64518B8F};256
1357;1;8;9;{CC83AA12-3AF9-4597-A501-73AA25652057};"8,10,{318A7760-B89C-4A87-9572-2CC3F1C8BF32};";2026-09-17 11:43:01;2026-09-17 11:43:01;{9F6ACC79-668D-4679-9F78-729B9A9120BC};256
1358;1;8;9;{E545A23D-6673-462C-AAD5-A891E930F97C};"8,10,{9348D159-ADBB-4FD2-B7DA-BAE890895252};";2026-09-17 11:43:01;2026-09-17 11:43:01;{5BA29E1C-7F16-465E-999B-7846870BE9A3};256
1359;1;8;9;{BBEA165E-D27F-4ACE-8E84-EAFDB671AEFD};"8,10,{7045AF1A-388C-473B-A8DF-8CC1CB99ED08};";2026-09-17 11:43:01;2026-09-17 11:43:01;{6C3D2BBB-E3A9-473F-8B5D-14D6B8C9CE10};256
1360;1;8;9;{721379F9-A519-45CB-8222-34015F365A5F};"8,10,{9D419E78-CE61-4B8A-9ADA-4B214B3D5381};";2026-09-17 11:43:01;2026-09-17 11:43:01;{CEA72947-B8A5-4BA5-B360-91957E0414DF};256
1361;1;8;10;{7B901C27-E121-4660-9A89-1C48D45C7A2A};"8,9,{DA02BC93-F072-41BB-B83C-98DC2D083CB2};8,9,{21F8B234-F305-4B41-9793-E6A3F59F82D5};8,9,{9B2F4421-5A0E-472A-823E-691B0120AEAC};";2026-09-17 11:43:01;2026-09-17 11:43:01;{F45D379A-2FE9-4994-9E6A-C3EFAB2E3280};256
1362;1;8;9;{5155723C-16FE-48D3-9283-3B76C36FDC82};"8,10,{B9B0D496-EE85-44E7-BD6E-D47CF2E2ACBB};";2026-09-17 11:43:01;2026-09-17 11:43:01;{6DD03D2D-9D9F-4AC9-BC49-9500293A2AAD};256
1363;1;8;9;{478E0EEA-4B39-44BE-B2CF-5470EBAFD439};"8,10,{10D329DB-2582-4C5D-8737-89B14A529A8C};";2026-09-17 11:43:01;2026-09-17 11:43:01;{AB2BBA49-EC52-41DA-916A-D7657A0519DA};256
1364;1;8;9;{9738116B-8ADA-4FCB-B4E6-E9DC726243CD};"8,10,{78546A6D-A0BF-490E-9BFA-0CCD176A86D7};";2026-09-17 11:43:01;2026-09-17 11:43:01;{EF2FDBDC-3A64-4C2B-ABC2-93734B723187};256
1365;1;8;10;{1C2230AE-76A1-46B1-BABE-3CC77F30FE72};"8,9,{36614FE4-1186-4680-B59A-7FC9ECA4EAF6};8,9,{8C386AEB-A1B5-48F9-839F-96C4BC604633};8,9,{BEC93599-18C2-4CD8-86B0-391DB7AC907A};8,9,{8CCE250C-84D1-448A-A6DC-FD778CFBF2E1};";2026-09-17 11:43:01;2026-09-17 11:43:01;{B7202630-FE1A-4C76-A752-45C2CEE80DBB};256
1366;1;8;9;{9EE47212-E7F3-44B7-B3D9-33DAA5C5CAC8};"8,10,{33CABC5A-F685-4DC5-BB8C-582D4CE56648};";2026-09-17 11:43:01;2026-09-17 11:43:01;{2939A879-75F9-4CBB-A912-4802A18B42B6};256
1367;1;8;9;{6BEC3CBC-CCD4-4973-8E88-B38AD52912CF};"8,10,{9CEFBA11-7AEA-4467-9FFF-D9EC08AF496E};";2026-09-17 11:43:01;2026-09-17 11:43:01;{AEFE1A46-8DF1-4D1F-A239-07866F621831};256
1368;1;8;9;{C223CE4A-5DFB-4B3D-BD18-51F0F6B37877};"8,10,{FC6F4E9A-794B-4910-9965-88DD3850BA76};";2026-09-17 11:43:01;2026-09-17 11:43:01;{8877D21E-3D85-48FF-B067-58DBCBFB818C};256
1369;1;8;9;{625140CE-F15F-473E-92FC-BA1DD793E160};"8,10,{67B8431D-BB42-4919-9124-E467B8EB04A1};";2026-09-17 11:43:01;2026-09-17 11:43:01;{057FABFF-AE8E-4A2A-B430-74471F987CC8};256
1370;1;8;9;{DCB1ADE0-743C-4F4C-9574-F99379920005};"8,10,{1C3BE44B-0603-4F15-ABD8-94AB12231B82};";2026-09-17 11:43:01;2026-09-17 11:43:01;{43BD1A01-C98C-4012-9B28-5EB56D6AEC83};256
1371;1;8;9;{3DA9CF5F-2B70-4596-9DE9-1180BCAD3460};"8,10,{F240EE55-7BE8-429F-857A-5E5FAAA9DB36};";2026-09-17 11:43:01;2026-09-17 11:43:01;{5B50C316-B9BF-4B5D-A5F7-8D79613F95AF};256
1372;1;8;9;{CED7F718-E778-49A6-8B11-AB829B90D217};"8,10,{3C282366-59E3-439B-92C5-342EB33A5179};";2026-09-17 11:43:01;2026-09-17 11:43:01;{EE8341D3-E554-4CB8-AE0B-C5C6F8562563};256
1373;1;8;9;{958F9EC3-E4F0-4049-B49B-24CC8C0C7E23};"8,10,{A85E840C-A24D-4D15-B0F7-7355E3FB5559};";2026-09-17 11:43:01;2026-09-17 11:43:01;{BB278F33-372D-445B-B124-CCCC8122CA57};256
1374;1;8;9;{5A54884C-9624-403A-8C7F-F36EFEBC6A81};"8,10,{A16C10AF-1884-46EE-90BB-FB65D4F10BA4};";2026-09-17 11:43:01;2026-09-17 11:43:01;{9BCF8617-1D58-4A99-BAAC-E87C12C55755};256
1375;1;8;9;{2B95B3A8-915F-4BFB-8AFE-F5C22044ADA4};"8,10,{B3F787CD-D94D-4504-B05A-85323D265247};";2026-09-17 11:43:01;2026-09-17 11:43:01;{9F72EC35-4962-47E2-BA6C-451F61BCFFBD};256
1376;1;8;9;{D9487F47-4126-4717-A18A-F115C7B718A7};"8,10,{70339181-C236-4787-A888-DBEC47396EBD};";2026-09-17 11:43:01;2026-09-17 11:43:01;{6618C1C5-602D-4CB2-B878-2B75C98D9084};256
1377;1;8;9;{2D9541B0-9D37-4179-A6A1-5824A11BF53E};"8,10,{E2CCA2B9-75F5-49D5-A930-0B48F1FE2C26};";2026-09-17 11:43:01;2026-09-17 11:43:01;{A353DDF9-A649-4F55-AF0F-2312C0AC06BF};256
1378;1;8;10;{291A1F25-4D1D-43A0-AB03-AE23CF57D1C0};"8,9,{F36D7D13-20FE-4013-B312-99B25D9514D2};";2026-09-17 11:43:01;2026-09-17 11:43:01;{E7FBDF38-70A1-4C79-9ADC-44044AD0C7F4};256
1379;1;8;9;{8381A3A0-A4F4-4F54-B1BE-E5D690F7EDB1};"8,10,{FDE77184-C0D9-414B-B3F9-62EB0FC6FC5D};";2026-09-17 11:43:01;2026-09-17 11:43:01;{1FCB6E12-5095-4EEA-997C-886957E57E77};256
1380;1;8;10;{E875AF7C-0FAC-4E65-ABE2-0F5E00B27A67};"8,9,{24E8718C-9952-464A-94C9-654EC6923C2C};";2026-09-17 11:43:01;2026-09-17 11:43:01;{8D34ABC1-4C5A-4CC4-A619-88FB0BE843AF};256
1381;1;8;9;{B790E74C-212E-46F6-9D85-18312D305A50};"8,10,{86F16169-B5BF-454C-89FD-778E0AB7CC29};";2026-09-17 11:43:01;2026-09-17 11:43:01;{74E67B9C-41C3-44C7-B40D-F053F57B86B1};256
1382;1;8;10;{3B9AF675-29D5-4F5E-AB2B-7C225F7CF6C1};"8,9,{E98E8547-1C3C-47A7-ADEA-03AEDA17E9BB};";2026-09-17 11:43:01;2026-09-17 11:43:01;{1B297EBB-882C-413E-A0D3-F3A985E630B1};256
1383;1;8;10;{DF34C0EF-6D4E-49A4-A00D-5DD8594A48A1};"8,9,{06622B9A-6EE3-4083-918B-04BD31D270D8};";2026-09-17 11:43:01;2026-09-17 11:43:01;{A2B30457-7A2C-44D6-B42D-252AAFA62F9D};256
1384;1;8;9;{24E8718C-9952-464A-94C9-654EC6923C2C};"8,10,{E875AF7C-0FAC-4E65-ABE2-0F5E00B27A67};";2026-09-17 11:43:01;2026-09-17 11:43:01;{AD2646E2-F83E-43E6-A691-D750178294BA};256
1385;1;8;9;{FC43226D-906C-43D2-AE61-0E10D2AE3B46};"8,10,{B3F787CD-D94D-4504-B05A-85323D265247};";2026-09-17 11:43:01;2026-09-17 11:43:01;{1C4EA8FB-DEA0-4F34-B18E-0F5C7C0EB7C7};256
1386;1;8;9;{74FDBB94-566E-4097-957A-507F900527FA};"8,10,{F97D5F08-81B5-413F-812A-F0344ACA939A};";2026-09-17 11:43:01;2026-09-17 11:43:01;{F295048B-18CC-4197-B3C6-F3F8E143BF4C};256
1387;1;8;9;{54131F33-650E-4CD4-821B-2839FD6D111E};"8,10,{15D51A93-0995-4BA8-9746-F6D167EF5462};";2026-09-17 11:43:01;2026-09-17 11:43:01;{2179AAD6-7467-4E1D-99DC-C144F5E957EA};256
1388;1;8;9;{BFB88A6A-CC73-492A-9C10-D34923A21CB9};"8,10,{59AA5CD5-6C78-49BD-B874-68FCD8F359BB};";2026-09-17 11:43:01;2026-09-17 11:43:01;{E06E074A-9DA8-42F1-B6BB-4DB27EB15585};256
1389;1;8;10;{94CDCFA4-FFE8-440D-A904-4C56D98F1F3C};"8,9,{BA529BAF-1513-4E85-BBF5-88DF60C1C900};8,9,{8A62D393-4FFD-402E-AE60-3F76E63408F8};8,9,{4D69E91E-18C6-46DE-897A-528C01A781BD};8,9,{E010D199-8F07-49BB-BDE7-B36F0F9F255C};8,9,{F09287E3-940A-48DF-B83B-E878B63269B5};8,9,{A9A8EDE1-8168-4139-A0BC-0D2ADF73FD69};8,9,{80DA7A22-EF32-4BDC-A294-A9F85B23F21E};";2026-09-17 11:43:01;2026-09-17 11:43:01;{C0124689-8731-4693-85C1-3E7CEFD85CEB};256
1390;1;8;9;{82648C33-FF50-47A8-94F8-22E55DC37D0E};"8,10,{78546A6D-A0BF-490E-9BFA-0CCD176A86D7};";2026-09-17 11:43:01;2026-09-17 11:43:01;{966CC3EA-FBE3-441E-9EEA-36601B7713B4};256
1391;1;8;10;{8B848F9A-48A2-4C9F-89BD-D7DEA296F790};"8,9,{3A8CE4C9-08DC-47B2-A221-3634CDFCF1DD};8,9,{14FE8FB3-0AC3-4A8B-B892-44AE37268E8C};";2026-09-17 11:43:01;2026-09-17 11:43:01;{AE9A2D20-ACAB-400D-B0AB-A50E1EE3B691};256
1392;1;8;9;{06D3E238-2715-41EA-AAFC-297978C34147};"8,10,{ADE50D1B-7985-4394-965F-86FB06888AFC};";2026-09-17 11:43:01;2026-09-17 11:43:01;{047B8189-FF0B-4A94-B52F-2F685863C8F2};256
1393;1;8;9;{648FDFED-04F4-4C90-A1AD-16E378DEE2E8};"8,10,{9145EC37-8502-4E04-8A4D-D21D15F9AEC8};";2026-09-17 11:43:01;2026-09-17 11:43:01;{0D0C2154-8EB9-470C-9699-A18D5F289BE0};256
1394;1;8;10;{3118FDB4-C7FF-4E1C-88DD-A3E36BDD253D};"8,9,{9CB27DC4-1CFF-4185-8BF9-FE2A8BFD9D72};";2026-09-17 11:43:01;2026-09-17 11:43:01;{5BEA0B67-D68B-4AE5-AC9D-56998673C230};256
1395;1;8;9;{957E043B-0965-470F-B32C-E71E5E3700F7};"8,10,{926D11CB-71FC-4B28-88FA-88FFA7778A0C};";2026-09-17 11:43:01;2026-09-17 11:43:01;{7E0010F1-076D-4DC5-BCF7-0741C71EB1F8};256
1396;1;8;9;{CAB95354-ACF1-401E-B36B-C9EDADA97A89};"8,10,{A8ED5CC9-ADFB-40E1-84F1-7F64FFF89801};";2026-09-17 11:43:01;2026-09-17 11:43:01;{13C4391A-5298-416A-B8CC-4EB13C485961};256
1397;1;8;9;{0781B7AA-6702-4C14-8DBD-2DD2BAC64C73};"8,10,{DB916E68-03C1-4A94-836C-9AA59BC71F59};";2026-09-17 11:43:01;2026-09-17 11:43:01;{1B2E0882-4A44-4E20-B6E4-ECDD9F41B9FA};256
1398;1;8;10;{522BEF0B-FF82-4E26-992B-10143085DDEC};"8,9,{185C1D0D-B307-417E-A277-DA820B54E2E8};8,9,{EB7768E8-D919-49BD-BFFA-912C8BC6FADF};";2026-09-17 11:43:01;2026-09-17 11:43:01;{88E5015B-24D5-41B2-A603-B8D2223D58B2};256
1399;1;8;10;{AF225CCA-5F50-4D02-855D-FF2F51300409};"8,9,{286DA770-1903-4459-886B-31B7F315A022};8,9,{C4BA1270-9A84-4731-9F8C-811BA1CA7322};8,9,{B9EEA7CA-C68E-4D9B-8935-DB9C4E31A130};8,9,{B5A3BAD0-004E-40BE-A0F3-ECFD4A60FCC5};8,9,{0D332C01-DE16-47A3-A89B-68872355D1D4};";2026-09-17 11:43:01;2026-09-17 11:43:01;{C569B35E-C068-4902-885B-984C32489416};256
1400;1;8;10;{7780BEA3-D5B4-470D-AF5D-ED23BA688B6F};"8,9,{F678E446-5C53-4B3F-AC02-4FD9137C84E7};8,9,{0B2F5914-18D5-4517-9206-149F51A1F09D};";2026-09-17 11:43:01;2026-09-17 11:43:01;{B1D262F4-91A9-4D56-A391-B8AA63CE3230};256
1401;1;8;9;{F44AA871-67CC-41AC-B05E-B6F7A82C751C};"8,10,{497C72BB-348A-4C4E-B56C-6AD085948DF1};";2026-09-17 11:43:01;2026-09-17 11:43:01;{33B36DB5-7C71-4174-9D10-3295FE408AB6};256
1402;1;8;10;{3537EE69-BAFB-4BF5-8076-2CAA4ED3B05D};"8,9,{4D45C28A-2C37-444B-8C7C-6ED3D8254952};";2026-09-17 11:43:01;2026-09-17 11:43:01;{BC5F9C25-0E5A-47B8-8ACF-E7E806747ADB};256
1403;1;8;9;{4D45C28A-2C37-444B-8C7C-6ED3D8254952};"8,10,{3537EE69-BAFB-4BF5-8076-2CAA4ED3B05D};";2026-09-17 11:43:01;2026-09-17 11:43:01;{2E39DDCB-7C10-48A2-B09B-76CFDA865F40};256
1404;1;8;10;{4E638439-D7C3-4266-BB1B-5B4521C8A5CC};"8,9,{1B706A97-8067-4519-9AAD-A3BE1F56E541};";2026-09-17 11:43:01;2026-09-17 11:43:01;{BEE95022-F8FE-410E-A338-2BDDBAB1C702};256
1405;1;8;9;{A7AB6799-044A-4BE4-83AB-1157E483E671};"8,10,{23DE9A56-79FC-4829-A32C-DC8C6B9C6108};";2026-09-17 11:43:01;2026-09-17 11:43:01;{F42015E9-A02C-4543-9807-1AF10E7A9AF0};256
1406;1;8;10;{86F16169-B5BF-454C-89FD-778E0AB7CC29};"8,9,{B790E74C-212E-46F6-9D85-18312D305A50};";2026-09-17 11:43:01;2026-09-17 11:43:01;{A94934CE-755C-4060-9172-5AE082C8613A};256
1407;1;8;10;{C780A201-7BC5-46A4-BFEE-6DD026041DA9};"8,9,{1196FE04-772D-4CFC-BC81-68D1D5E0168E};";2026-09-17 11:43:01;2026-09-17 11:43:01;{E31636D1-2D2A-447D-B287-BB3DEBB259AD};256
1408;1;8;9;{4FBB6AB1-EEAD-48A4-B8DF-7B70A14C3EAA};"8,10,{E995FB45-5E8E-498C-A6D1-CDB8423EF679};";2026-09-17 11:43:01;2026-09-17 11:43:01;{7A745071-F26E-46F6-A29B-FE7AB5F3A961};256
1409;1;8;10;{0C19EE63-1529-447E-AAFA-AF7A5682A4A2};"8,9,{70C03644-C52C-4E49-8BC2-0F04E94DC804};";2026-09-17 11:43:01;2026-09-17 11:43:01;{9F738721-AC04-4956-96FD-9E16EA1E04A4};256
1410;1;8;9;{C6923585-BAC0-4DBF-87B8-277397F145DA};"8,10,{77C8F802-AA89-4EAE-97F0-02C35D754898};";2026-09-17 11:43:01;2026-09-17 11:43:01;{082EFB41-30F9-44D4-A351-ECF1762A42F0};256
1411;1;8;10;{2A89EE3F-8883-4EE5-BC88-453FF762303A};"8,9,{A941A532-9D08-4742-AB2C-A65BB0DFF7FC};";2026-09-17 11:43:01;2026-09-17 11:43:01;{616C10D5-5A3D-4F47-9115-4E4D7325AF77};256
1412;1;8;10;{ED1DBEC7-8378-4EA3-8057-56D858B46484};"8,9,{257054D0-89EB-4A68-86E6-245F2DC43B78};";2026-09-17 11:43:01;2026-09-17 11:43:01;{612F9832-85FE-4EB5-A215-8F84D7D0644C};256
1413;1;8;10;{72305EF3-CAE5-4E29-8590-23CB29670F3A};"8,9,{7972847F-8CF5-4527-AD64-3C3CF542642B};";2026-09-17 11:43:01;2026-09-17 11:43:01;{5FD5B6C8-7A1D-4CCA-8475-770D2F266084};256
1414;1;8;9;{522D97FA-B3A9-4761-B689-C56D7E73107B};"8,10,{BAE43623-A027-4C7C-8DFB-2EC8BDB0A77F};";2026-09-17 11:43:01;2026-09-17 11:43:01;{5D5BE86F-1EC5-4FA4-9592-045AEE7C92C5};256
1415;1;8;9;{381B797B-6B40-45DA-9CA7-CECE48867241};"8,10,{F188F67A-BFC7-480B-892C-7F62BC50F0C0};";2026-09-17 11:43:01;2026-09-17 11:43:01;{194F1894-884E-4E56-8A26-61AF1E03F6A5};256
1416;1;8;9;{F2A873A5-8B60-4FC4-B12A-0BAE9F3CB281};"8,10,{3C282366-59E3-439B-92C5-342EB33A5179};";2026-09-17 11:43:01;2026-09-17 11:43:01;{AE1C47E0-6A44-45EF-BC50-6E4C0D5A278F};256
1417;1;8;10;{D455C4C0-730A-4894-9A21-3209B471BCB4};"8,9,{AF7138FE-393E-4A4C-AC2F-B05C441D5F18};";2026-09-17 11:43:01;2026-09-17 11:43:01;{038FB6ED-49CB-4B5D-9B5B-F9605974A159};256
1418;1;8;9;{D524E8E5-9B04-4EC4-9ACF-78888E10D6A7};"8,10,{3E5EB119-8429-4F31-86B6-F9021BD25A89};";2026-09-17 11:43:01;2026-09-17 11:43:01;{D4777CB6-B9CD-46E3-88F9-7C6B5558836A};256
1419;1;8;9;{E33236D9-E346-494C-94F5-5530455C165D};"8,10,{70339181-C236-4787-A888-DBEC47396EBD};";2026-09-17 11:43:01;2026-09-17 11:43:01;{D30C7668-1D32-4DD4-AED2-58CA025220A2};256
1420;1;8;9;{DBEC4B48-70E9-443E-B992-61FCDB6FB5BE};"8,10,{277378DE-95D7-4CB8-AE8B-C535C3E0A7E5};";2026-09-17 11:43:01;2026-09-17 11:43:01;{5CE0724E-4B4F-426D-A6F6-0A535BD8690E};256
1421;1;8;9;{36CCBE14-0DFC-4748-9B77-E81D459D36C6};"8,10,{968119EC-3B1C-4215-B346-A44153DA7152};";2026-09-17 11:43:01;2026-09-17 11:43:01;{36DF1FFC-5E5F-4085-AAAF-D7669ED82E34};256
1422;1;8;9;{BBE96687-F761-4FF2-BC5C-8CE79326D8EF};"8,10,{76D5CD93-6C23-431A-982B-CBFF752006FE};";2026-09-17 11:43:01;2026-09-17 11:43:01;{506A9262-7EED-49BA-A0A3-1402E75B4012};256
1423;1;8;10;{4F3F9C73-3A9E-4DFA-8652-855926984F13};"8,9,{384E2E8F-406C-45EE-A58E-B63F9EC6029A};";2026-09-17 11:43:01;2026-09-17 11:43:01;{8B1A1346-202F-46B1-B104-C28E3D8859A3};256
1424;1;8;9;{BED85D9D-EF1C-4C10-A15B-EED95C92A417};"8,10,{CCEF85C2-52FA-4843-84F0-E06A044B72FE};";2026-09-17 11:43:01;2026-09-17 11:43:01;{A5A17812-8AA5-40BA-BC67-AD07EAC8C33C};256
1425;1;8;10;{E4B8DA12-F68A-488A-8219-A1BAC7861716};"8,9,{CDBCC93E-E445-4A6B-96AB-91176478DFBD};";2026-09-17 11:43:01;2026-09-17 11:43:01;{B09BCE61-EC89-452B-B3BA-52C790ED3AC1};256
1426;1;8;9;{5047B669-0643-4434-A4CF-D6E7650FF6D3};"8,10,{35331FC3-60AF-46A6-BE31-AC05F9A38235};";2026-09-17 11:43:01;2026-09-17 11:43:01;{B1F9A6CE-3F83-473F-9FE1-A9D2CD4CF986};256
1427;1;8;10;{B3F787CD-D94D-4504-B05A-85323D265247};"8,9,{FC43226D-906C-43D2-AE61-0E10D2AE3B46};8,9,{B93A8216-6C6C-4EBC-80D6-3CC475C2832C};8,9,{0D5F0513-B8FD-43EC-A85A-CB424BAD4744};8,9,{2B95B3A8-915F-4BFB-8AFE-F5C22044ADA4};8,9,{65C7D781-5064-49D2-A946-1B16A37B5802};8,9,{6AE67BAC-06A2-4032-B513-05F1B0996E5C};8,9,{A03C4800-1088-4188-970C-43A87EDA1CAF};8,9,{38D1AC74-F3AF-43FC-9B4A-2372E1B800A6};";2026-09-17 11:43:01;2026-09-17 11:43:01;{25A6F27D-B095-439B-988B-8803123595A3};256
1428;1;8;9;{9C70DC63-4C80-4368-B6DA-E69BC172C48D};"8,10,{E995FB45-5E8E-498C-A6D1-CDB8423EF679};";2026-09-17 11:43:01;2026-09-17 11:43:01;{DDBC969F-95C9-4632-9D3B-DDB3FC30104E};256
1429;1;8;10;{BFB8052C-9175-4112-A5A0-5AF3B859C1E8};"8,9,{1097B2B5-5B24-41F9-890D-1D5873F52671};";2026-09-17 11:43:01;2026-09-17 11:43:01;{DABC2888-0C7C-4CD9-9FE5-8D4E4BFA72C1};256
1430;1;8;9;{6730C4AF-9BF3-40B7-807D-814AE21E33CE};"8,10,{9E038C32-2B55-402A-A6BD-EEDD81F4A173};";2026-09-17 11:43:01;2026-09-17 11:43:01;{5CB70838-5453-4AE1-8128-1960C3CE6035};256
1431;1;8;10;{04513CC2-231A-41F5-A804-46DC94A6697C};"8,9,{B4BC9860-167F-423B-A310-E8E7E7540BCB};";2026-09-17 11:43:01;2026-09-17 11:43:01;{34A7ECFA-A20F-4426-8DCC-862E68545A0E};256
1432;1;8;9;{598BD556-13CD-48B8-93E5-B3FF1037ABA5};"8,10,{CDEDC1B9-B9D2-438B-B0E4-B3DA5DA942DD};";2026-09-17 11:43:01;2026-09-17 11:43:01;{97D7FB48-BD19-4E2B-97C5-D91E6C42DDC5};256
1433;1;8;10;{F6C1A9A6-5338-44FA-BE2F-F073249A7917};"8,9,{901793A4-80C6-4670-98BE-5CEB11613F6F};";2026-09-17 11:43:01;2026-09-17 11:43:01;{9917910F-97B1-4361-AE2C-1D38FF1750F9};256
1434;1;8;9;{A74DC299-72C7-4B6C-A9F2-B9F9E52C2FBE};"8,10,{413F1ABE-4A0F-44F7-A730-CF8EF831E9A3};";2026-09-17 11:43:01;2026-09-17 11:43:01;{ED695A4C-B3E0-455D-8A50-7C99F41B1A30};256
1435;1;8;10;{7A2ED4C7-DDC0-4DC0-8B24-51C78FCD1E4C};"8,9,{D412E89F-F4D0-47A3-B92F-540765A02F73};";2026-09-17 11:43:01;2026-09-17 11:43:01;{D34852D6-5B3E-4429-941E-B56528521BF4};256
1436;1;8;10;{D539BBA5-7A41-4400-8D8E-4AE95E288855};"8,9,{44EC57E1-4F37-4069-BD17-A8D31472A5BB};8,9,{E5B639D4-C867-471C-98EC-7D267CC61484};";2026-09-17 11:43:01;2026-09-17 11:43:01;{D0824D28-DA3D-46CA-BA3B-6F4FAE91FEC0};256
1437;1;8;9;{020B96CA-9D81-497A-940A-3F0981F4B640};"8,10,{A6F58AB9-DDA6-47CB-88A2-6BEB72E1EF1F};";2026-09-17 11:43:01;2026-09-17 11:43:01;{5CCA8DC2-4A13-4739-A516-3690A6BF7F3F};256
1438;1;8;9;{C9E061B2-E13D-4E69-9E66-FAE387030D2B};"8,10,{B7A85E74-734F-43CD-9876-55218E4B8305};";2026-09-17 11:43:01;2026-09-17 11:43:01;{E089C8D9-7CB7-42FB-B426-45A7E622FBB4};256
1439;1;8;9;{F4C467E5-BD4D-489C-81CB-D3165E5DAD89};"8,10,{C2A7D83A-756E-4C22-9CB4-65F845A6E58D};";2026-09-17 11:43:01;2026-09-17 11:43:01;{AD158B84-B3A5-4FF6-8BFF-065B48781E46};256
1440;1;8;9;{E4B82A27-D94A-41E6-8D25-EC4153946F31};"8,10,{9F28DCDC-080F-42DD-8F69-0C90E984D9B4};";2026-09-17 11:43:01;2026-09-17 11:43:01;{F0E214CD-5A72-4D97-87C0-89B365CC7AD7};256
1441;1;8;9;{F077B291-B13D-4FD4-9EBC-B756AF22AB1F};"8,10,{A13D0DCC-3FA1-4D22-9077-968296FBEB1B};";2026-09-17 11:43:01;2026-09-17 11:43:01;{C3791682-CFC2-486F-BC87-9827BC4E3233};256
1442;1;8;10;{D46F1678-0DED-437A-93A2-CB4EF96F1D58};"8,9,{AC28E321-6EF7-4B36-B874-11786888A57A};";2026-09-17 11:43:01;2026-09-17 11:43:01;{E6FE9960-35EF-4A62-85B2-4E939774B6D1};256
1443;1;8;10;{EC4F6A74-6466-46FB-9255-7BBFD8150709};"8,9,{3528E241-08D2-4E68-9C55-AF3FA6331553};8,9,{D93530B9-7DBC-487B-A9D9-A737E6893B54};";2026-09-17 11:43:01;2026-09-17 11:43:01;{6F4DDB66-A5F4-4EEF-9BB0-FA5BA56CB2CA};256
1444;1;8;9;{B93A8216-6C6C-4EBC-80D6-3CC475C2832C};"8,10,{B3F787CD-D94D-4504-B05A-85323D265247};";2026-09-17 11:43:01;2026-09-17 11:43:01;{6A846D07-0CEE-45E6-8404-9E3605C40F3E};256
1445;1;8;9;{F80EFF07-39AF-4397-B6AE-2CE009F24416};"8,10,{FD3BF881-A88E-43DB-BD9F-92DA22BB469F};";2026-09-17 11:43:01;2026-09-17 11:43:01;{A8DF5F0D-F42F-41EF-83AE-FB6AB76A09C3};256
1446;1;8;9;{0B2F5914-18D5-4517-9206-149F51A1F09D};"8,10,{7780BEA3-D5B4-470D-AF5D-ED23BA688B6F};";2026-09-17 11:43:01;2026-09-17 11:43:01;{F1C66C9E-7896-49F3-A8D2-30672141423A};256
1447;1;8;10;{158CDB6F-5663-4AA1-94D1-64873A8ACE90};"8,9,{BE2D48BF-09F7-42FF-B2DA-3A75704C65E1};";2026-09-17 11:43:01;2026-09-17 11:43:01;{C012B802-4DF9-4D36-B86F-63CABB54A0EE};256
1448;1;8;9;{989ACDC7-7A68-447B-832B-CE5661F0F2E2};"8,10,{2F21F428-9885-4814-982D-774E0C62A22B};";2026-09-17 11:43:01;2026-09-17 11:43:01;{326873A9-126E-46E2-BB28-9D7DFFB7599C};256
1449;1;8;9;{8F3C7551-B6D0-487F-B4B4-EEC5AB0C6F5E};"8,10,{6BF62557-8F68-4689-9AB1-2A53464D1B19};";2026-09-17 11:43:01;2026-09-17 11:43:01;{F6DAB284-82A5-473B-A4D4-0ABD38079F61};256
1450;1;8;10;{6DE55B06-8433-4217-899F-9AC0AFCC0861};"8,9,{A0E7A340-25A4-4950-9F47-5A73ECB1AB67};";2026-09-17 11:43:01;2026-09-17 11:43:01;{B738B264-BE4D-4EEB-9B11-4C5888AA44C0};256
1451;1;8;10;{4EFF9729-F68B-4E60-B21B-948047B74E39};"8,9,{9A8EF779-B42E-47BE-8F56-2934681B95DB};";2026-09-17 11:43:01;2026-09-17 11:43:01;{8E2DB964-D876-4FB5-B9CD-3FD627C76772};256
1452;1;8;9;{2D47904A-A312-493E-A04F-30049D47C204};"8,10,{70339181-C236-4787-A888-DBEC47396EBD};";2026-09-17 11:43:01;2026-09-17 11:43:01;{F04A5F22-E06A-4484-98D1-B0802E061F9A};256
1453;1;8;10;{95E20B97-3869-425B-8EF8-8FA749947DBC};"8,9,{E2611BD2-30E6-4853-BEF1-57A3B8EC2F0B};";2026-09-17 11:43:01;2026-09-17 11:43:01;{6F732D80-6DB1-458E-B807-C01B4FD12923};256
1454;1;8;9;{E0BFDC21-1845-4D7C-AEDB-7F0DB82CCE45};"8,10,{D0A88D30-0267-40EC-BDDB-539F1B0317BF};";2026-09-17 11:43:01;2026-09-17 11:43:01;{658D023E-89CC-4D75-975C-E2AB272090EB};256
1455;1;8;10;{5058357D-E705-44F4-BEF4-134AFE919F91};"8,9,{5FB772BA-5B10-4EBD-8135-CB6F0034F41C};8,9,{92F8E606-8474-4942-8696-EAF664F5CC18};";2026-09-17 11:43:01;2026-09-17 11:43:01;{55CA1023-7476-49C6-BB3E-64573964B716};256
1456;1;8;9;{8BDEB533-4A41-49DE-8777-8A7FE9C741F6};"8,10,{14C8F327-C010-4780-9676-8D2D6E1BA3EC};";2026-09-17 11:43:01;2026-09-17 11:43:01;{558C43C2-7711-4484-B7F8-17AE65E6202E};256
1457;1;8;9;{5FB772BA-5B10-4EBD-8135-CB6F0034F41C};"8,10,{5058357D-E705-44F4-BEF4-134AFE919F91};";2026-09-17 11:43:01;2026-09-17 11:43:01;{837E3FEF-F07B-4DB3-9472-DD2330AA2F3E};256
1458;1;8;10;{986A675E-45D7-4B4A-A314-B8E6912F6323};"8,9,{A4A83D12-96BD-419A-9B4B-734BD2A94FA7};";2026-09-17 11:43:01;2026-09-17 11:43:01;{CD031B58-54B8-4151-95FB-93DE51AC59C9};256
1459;1;8;10;{6B33428A-86E2-4E63-81AA-0B2A29B1E0DE};"8,9,{76BC9438-08D0-479E-B908-BC9AF078E70D};";2026-09-17 11:43:01;2026-09-17 11:43:01;{EFD2D467-2D5E-4694-9FF9-8E2B51A9E106};256
1460;1;8;9;{B3F5E596-0197-493A-A6E1-BEF83D7CBC9B};"8,10,{3E5EB119-8429-4F31-86B6-F9021BD25A89};";2026-09-17 11:43:01;2026-09-17 11:43:01;{3B4D57FD-4A9B-4F65-A245-F7BB94ADC1D8};256
1461;1;8;10;{13DB3630-53FF-4A69-B15F-B14D81F11C6E};"8,9,{4580AF2D-6917-4EC9-B4B3-680EFCE3F64D};";2026-09-17 11:43:01;2026-09-17 11:43:01;{A7170E48-1D4B-497A-B071-49E4EBB8935B};256
1462;1;8;9;{F0121E46-F821-47C6-8B06-8B22D58FF93D};"8,10,{A8ED5CC9-ADFB-40E1-84F1-7F64FFF89801};";2026-09-17 11:43:01;2026-09-17 11:43:01;{318D4047-EE7C-47F4-A56F-3C40A688BA56};256
1463;1;8;10;{292F1344-CA0E-4A18-A4D3-EC5748A007E1};"8,9,{DC4ACD17-CD69-42AD-B5D7-894BEB0E6612};";2026-09-17 11:43:01;2026-09-17 11:43:01;{5CFBFC53-86F5-4360-AEE6-7408CF22BB81};256
1464;1;8;9;{521B053B-1A23-43D3-B13A-4F17D2DD52DB};"8,10,{35331FC3-60AF-46A6-BE31-AC05F9A38235};";2026-09-17 11:43:01;2026-09-17 11:43:01;{A474AF09-2CF0-48CA-AC42-BE238BC1FD92};256
1465;1;8;9;{4094A9F6-41A5-472D-A507-65FF93DF41E8};"8,10,{2E619816-C8E5-4786-A914-5A4DCAFDC539};";2026-09-17 11:43:01;2026-09-17 11:43:01;{4C3C4F80-82C4-4C6C-A13C-E173B45FBA9D};256
1466;1;8;9;{7362E4F2-08EF-4ECD-AC53-7BC0CFD461AF};"8,10,{2DF75EA3-F3ED-4EFD-82E1-363542CC3B94};";2026-09-17 11:43:01;2026-09-17 11:43:01;{C3ED0A55-3DC3-4D0D-9175-E53D865F6B13};256
1467;1;8;9;{B4BC9860-167F-423B-A310-E8E7E7540BCB};"8,10,{04513CC2-231A-41F5-A804-46DC94A6697C};";2026-09-17 11:43:01;2026-09-17 11:43:01;{4FC93E2E-B52E-47FE-93EE-CDBE730F1DE3};256
1468;1;8;9;{B9F1EA52-52C3-4822-8B39-E7AD564902E0};"8,10,{239EA180-2515-49D9-8C68-9EC4C73C695D};";2026-09-17 11:43:01;2026-09-17 11:43:01;{BF71037D-4CC8-44D9-85D4-6876C2255257};256
1469;1;8;9;{3F0009C6-F441-4BDD-A451-2AA695A71A8B};"8,10,{A4A49537-637C-4EC6-8193-D9949C3B68C5};";2026-09-17 11:43:01;2026-09-17 11:43:01;{0B091610-D0C6-4AC3-B046-CB3BA6C153CF};256
1470;1;8;9;{F7841FC4-F825-4DBC-95DC-8CA78CEDF4E8};"8,10,{8B9339B7-F649-43FC-ADEE-737FD6EBBD71};";2026-09-17 11:43:01;2026-09-17 11:43:01;{6A3669C9-1BAE-43BF-B2CF-20BFC124F0D2};256
1471;1;8;9;{F761761E-A80E-485E-B17E-261E241EC9D0};"8,10,{19B01A6F-0022-49C2-933C-FFCC469804B7};";2026-09-17 11:43:01;2026-09-17 11:43:01;{C532E594-245B-4B8B-8B9D-FC830FBBD57F};256
1472;1;8;9;{FD4F79D3-72EB-4780-8CE7-62BA6E03F8C3};"8,10,{992C4022-C18D-4A4F-8935-29E2BBC12086};";2026-09-17 11:43:01;2026-09-17 11:43:01;{67F44568-3CAB-4060-8FE0-CCAC99D2BFB3};256
1473;1;8;9;{11775F79-767E-416B-B3C6-C7A0E7448082};"8,10,{A56ED7A2-D238-4EB5-9871-A3DF0EE850DC};";2026-09-17 11:43:01;2026-09-17 11:43:01;{5DE90C72-0DFD-47F2-854A-8EA827A73230};256
1474;1;8;10;{8AF2DA7D-F012-4C5F-8692-14BED3C743B2};"8,9,{0BFC51B1-B41E-4F67-9E8C-19FCF2BE2BFB};";2026-09-17 11:43:01;2026-09-17 11:43:01;{0B2B4BF0-4383-47C8-836C-070D93AE07ED};256
1475;1;8;10;{C47F72FC-9541-4491-97EC-0662795417FD};"8,9,{C9F0BD8E-AFD9-4A5A-B4AE-096486EC2440};";2026-09-17 11:43:01;2026-09-17 11:43:01;{FB7FEA68-06F5-4897-B5DF-5F9F8BE36B71};256
1476;1;8;9;{0D21DE81-CB7A-4043-86D8-C63ED226F19E};"8,10,{70339181-C236-4787-A888-DBEC47396EBD};";2026-09-17 11:43:01;2026-09-17 11:43:01;{E43C37FE-8351-46C7-93CE-942255B069C9};256
1477;1;8;9;{29C81710-DEB2-4989-A1F2-9B3486E8A9C5};"8,10,{EFDA5292-34EC-4401-85F9-F7D9DA702DAE};";2026-09-17 11:43:01;2026-09-17 11:43:01;{EB378BC4-8A8E-421C-83E0-EE5DF162FAB6};256
1478;1;8;9;{D81645DE-1128-4BF5-9488-90DF6CE41F77};"8,10,{0D96A456-FAF1-4ADA-B773-DC6D7D39123E};";2026-09-17 11:43:01;2026-09-17 11:43:01;{9D059A82-A0BA-4E59-BEE9-7C69AC1153A7};256
1479;1;8;9;{B0B0BD81-01F1-4583-8CE5-F3D4B2502560};"8,10,{474BA650-2829-47DF-B2A8-CAE128F1CE60};";2026-09-17 11:43:01;2026-09-17 11:43:01;{3182B000-3F6F-40F5-B41D-081CF6B0C758};256
1480;1;8;10;{D0249124-6778-45A0-84F0-676DF70352E6};"8,9,{1BFC2F51-2578-4A98-8F49-D80633218B91};8,9,{BC3245A1-2FCC-4230-B609-B855AA1024B7};8,9,{C69B8C23-0EE7-4316-9DCB-2A1CCEB9798C};";2026-09-17 11:43:01;2026-09-17 11:43:01;{1858F747-8D0A-4A61-8059-BD55C3F9C7BB};256
1481;1;8;10;{2122DE88-4F5B-4ADA-8200-1E1111B55330};"8,9,{79D7EE66-1E46-497B-9B9D-114C487D48BF};";2026-09-17 11:43:01;2026-09-17 11:43:01;{B4C01449-B0D0-46EE-ACC5-A0A9A428F1FD};256
1482;1;8;10;{E5EA577A-5084-4309-B3D9-86336E685511};"8,9,{55F29F42-546C-445A-A401-46F2C1C5D1F8};8,9,{F12C6D3A-2C49-4EE3-99D1-2E0E55105023};";2026-09-17 11:43:01;2026-09-17 11:43:01;{180627CB-1922-4CB8-A81D-BB344CFAF4D1};256
1483;1;8;9;{54508D65-E9B2-4170-8105-51D15CCB1F77};"8,10,{68392226-E8C3-4389-850B-0ACDF88734AC};";2026-09-17 11:43:01;2026-09-17 11:43:01;{905CA956-1942-4BD1-B57B-C2C032885B49};256
1484;1;8;9;{51C2EDFC-E343-4138-A14E-932872956FA6};"8,10,{B87EBCBC-1443-45C7-9ED0-2049AB256409};";2026-09-17 11:43:01;2026-09-17 11:43:01;{CF863E5D-0BB8-4FE0-BC5C-CB09A7EB283F};256
1485;1;8;9;{D25AFBC6-D8C0-4053-8F76-85D4FFA55375};"8,10,{B96C6E2E-F767-40FC-B9C2-F9F25195D49B};";2026-09-17 11:43:01;2026-09-17 11:43:01;{174C94AD-9973-4511-B45C-DCC7C286EDDC};256
1486;1;8;9;{55F29F42-546C-445A-A401-46F2C1C5D1F8};"8,10,{E5EA577A-5084-4309-B3D9-86336E685511};";2026-09-17 11:43:01;2026-09-17 11:43:01;{D21D15D9-1CC5-4AC8-A842-33E5CDC72BEC};256
1487;1;8;9;{41F6A359-04E6-40D7-82F4-2813988E6C6E};"8,10,{76D5A792-74FD-442B-B68F-FAA5F0C0801C};";2026-09-17 11:43:01;2026-09-17 11:43:01;{6F363B0F-92FA-4AEF-9F1B-141BBDA2F60B};256
1488;1;8;10;{D56702DE-E0E8-41DC-B557-88C489E124E2};"8,9,{C459D886-4614-4B60-9339-B1FE5D456D88};8,9,{02786ACB-2046-4207-8B2B-19719C3CACDD};";2026-09-17 11:43:01;2026-09-17 11:43:01;{236CF903-3AC0-4A25-AD34-03D1736013D0};256
1489;1;8;10;{24624EEE-F24B-4551-BD23-2496A2CB28ED};"8,9,{9D471B3D-AE3E-44F8-8A4B-C9075213C842};";2026-09-17 11:43:01;2026-09-17 11:43:01;{8276B9F5-4158-4166-878E-1DBD389CB8B1};256
1490;1;8;9;{18A28D78-6BD3-46DA-9FEF-3631CA9C67F0};"8,10,{7EB922EC-9E7F-40FB-B64A-2464E425EAD2};";2026-09-17 11:43:01;2026-09-17 11:43:01;{7968934C-C648-4EBA-8288-5A5CFF246B98};256
1491;1;8;10;{60F1F81C-1A10-4342-8879-CB6B3851FD0C};"8,9,{AC767285-C041-4229-9780-0DABE546A984};";2026-09-17 11:43:01;2026-09-17 11:43:01;{6CA83943-549A-413A-8BE0-729FB58F9ECF};256
1492;1;8;10;{A80DD8E7-040A-43EC-B3E8-A3EE14F58259};"8,9,{DDFF2EAB-7A1C-483A-BF3F-C7AFC914FD47};8,9,{447F64B9-2F56-4B8F-8A11-116C7FCE3590};8,9,{E340F1F8-3AB7-409E-8E35-DF1EBC26E509};";2026-09-17 11:43:01;2026-09-17 11:43:01;{73278D6A-499E-4F45-98C6-17F79C25C04A};256
1493;1;8;9;{7E096798-9B6F-4547-A633-A8110170B829};"8,10,{23E10E3C-2D16-442C-BFA0-287079AD2C48};";2026-09-17 11:43:01;2026-09-17 11:43:01;{0A6605A5-90E3-4033-8AC9-0B0288089384};256
1494;1;8;9;{E5EB80A5-0864-4242-A796-0DCD6BF2BD11};"8,10,{1783F00C-9A7A-4587-A829-B77599BD0FB3};";2026-09-17 11:43:01;2026-09-17 11:43:01;{FBF5C3E2-8314-4015-8DC8-B3A786031D00};256
1495;1;8;9;{82571546-4B04-4F14-860C-15A66C9D1DA4};"8,10,{A56ED7A2-D238-4EB5-9871-A3DF0EE850DC};";2026-09-17 11:43:01;2026-09-17 11:43:01;{5D621588-FCEC-473F-8C2B-8BEB9D373C21};256
1496;1;8;9;{18193FE8-E459-4556-931E-290AB7D9EC48};"8,10,{29C5C147-D4E4-4C2B-A9D0-32C03D4DBA04};";2026-09-17 11:43:01;2026-09-17 11:43:01;{7BE5FB1B-8BFE-4ADA-A0E2-E39B578D208D};256
1497;1;8;10;{99C26067-08A3-418D-A1D0-950614B2D627};"8,9,{8B7F7240-D0CD-46E3-9383-ECC3D9BFA00E};";2026-09-17 11:43:01;2026-09-17 11:43:01;{5B12CB11-2697-408F-8329-C1CEC1FC2C3A};256
1498;1;8;9;{C96AE45B-23D0-45D7-9375-BA645EC50B41};"8,10,{EF87E310-F170-4DF8-8823-1CF9CEC24798};";2026-09-17 11:43:01;2026-09-17 11:43:01;{DE529F5E-64FA-47A2-B9D0-F6F4CB472E6B};256
1499;1;8;9;{5C05EB51-44EC-422B-ABEE-20D199B211B7};"8,10,{9055B1A7-8F51-4C24-8DC2-FB1C90361219};";2026-09-17 11:43:01;2026-09-17 11:43:01;{69B5120F-6557-4DE6-9254-8633EB496037};256
1500;1;8;9;{8EA68E1E-3F25-4B76-B740-BACA777A4FA5};"8,10,{3E5EB119-8429-4F31-86B6-F9021BD25A89};";2026-09-17 11:43:01;2026-09-17 11:43:01;{4E5D12EF-20A9-447C-A71D-1291762E116D};256
1501;1;8;10;{3A3F2E0B-B4A2-4B65-BBBD-623F0C85CD9A};"8,9,{F6FD7C5B-F464-4C6B-A2FE-4C0D706D5359};";2026-09-17 11:43:01;2026-09-17 11:43:01;{907C39AF-0AE7-44F7-8181-DFA12F2B845B};256
1502;1;8;9;{7492BA5D-9133-4AC0-B855-BD9C42F17EF4};"8,10,{A2B3A03C-AFA8-424E-ADF6-252C589CAD11};";2026-09-17 11:43:01;2026-09-17 11:43:01;{88B7D26F-A2A8-4AF7-B58A-36187ADC6382};256
1503;1;8;9;{F6FD7C5B-F464-4C6B-A2FE-4C0D706D5359};"8,10,{3A3F2E0B-B4A2-4B65-BBBD-623F0C85CD9A};";2026-09-17 11:43:01;2026-09-17 11:43:01;{BC8545BA-E8AC-424E-968A-FA9952A4652E};256
1504;1;8;10;{D796669A-3BC6-4635-A090-0A1B12D5D9C6};"8,9,{AAAAD799-71C8-44C9-94EA-BF6112A33E3A};";2026-09-17 11:43:01;2026-09-17 11:43:01;{CC0AAF1F-3D6A-4833-BDD1-B8B59C8E1CB5};256
1505;1;8;9;{B1729CF7-C334-4701-883E-75E888FE1CDA};"8,10,{D3404DBF-48D6-4D3D-9169-DA312F67177F};";2026-09-17 11:43:01;2026-09-17 11:43:01;{3926D0AB-E928-4A06-AD05-3FF8EF6D03B9};256
1506;1;8;10;{65A0170A-583B-4C9D-A17A-844F19AC3CBB};"8,9,{6324051D-99CF-45A9-98B5-CF0D723CF5C8};8,9,{FB230DBC-4E4C-42A7-905B-76178DFE5DB0};8,9,{C0C8544E-B8B0-4CBD-927B-040A72591859};";2026-09-17 11:43:01;2026-09-17 11:43:01;{25DAF4B2-F79B-4E59-BF3E-2BBB22456BB0};256
1507;1;8;9;{CC53EAA3-4B66-4EAE-A5EB-74A6C1685271};"8,10,{A006D9FA-9F17-4677-BEA7-1A514A9060E2};";2026-09-17 11:43:01;2026-09-17 11:43:01;{932DA893-102D-45D4-BA77-57C484080ED0};256
1508;1;8;10;{A4D0896D-E731-49C1-9A52-9EE9D6BA52D0};"8,9,{3A06F63E-3A4E-409D-87E7-5EB635B6DFD0};";2026-09-17 11:43:01;2026-09-17 11:43:01;{B2C91352-A849-4FD5-864B-F0863C64D1D2};256
1509;1;8;9;{6324051D-99CF-45A9-98B5-CF0D723CF5C8};"8,10,{65A0170A-583B-4C9D-A17A-844F19AC3CBB};";2026-09-17 11:43:01;2026-09-17 11:43:01;{43DB40B2-C826-4FF3-B42C-5517AA1C4C3E};256
1510;1;8;9;{8E9FAB6A-D07E-4975-ADFC-49628792C59B};"8,10,{9B199712-E1D8-4CF0-9546-12192A240CB9};";2026-09-17 11:43:01;2026-09-17 11:43:01;{D59C1960-D2A1-4C78-99D2-56351818977A};256
1511;1;8;10;{2D9A11CC-4238-4356-AB2A-017BBFC46A1E};"8,9,{65808322-7C36-42D7-BA44-31DC69B5C20A};8,9,{8C4BB7A6-8130-4334-9E07-BD36749F4217};8,9,{FD2A8DAD-256C-4DA7-8AE2-563EF4C7A555};";2026-09-17 11:43:01;2026-09-17 11:43:01;{D93AC883-70D7-4E62-836C-DC6248D1ED48};256
1512;1;8;9;{9544CDCE-623B-4724-97F7-D13236337B6E};"8,10,{8634AC13-A93A-4237-9CD3-DABE362E3020};";2026-09-17 11:43:01;2026-09-17 11:43:01;{75C523EC-460D-46DC-AE5F-DA95D6A011EE};256
1513;1;8;9;{9948D9CA-F2B2-47A0-B633-D40884703DEE};"8,10,{9F28DCDC-080F-42DD-8F69-0C90E984D9B4};";2026-09-17 11:43:01;2026-09-17 11:43:01;{61FD84C4-59F4-4277-8865-F84E85559B20};256
1514;1;8;9;{5B962990-72C8-4697-902D-2EC14DD321AC};"8,10,{C7B69C1C-3934-4607-8E23-F1E6F961E2CB};";2026-09-17 11:43:01;2026-09-17 11:43:01;{3ED58F07-03C3-40C2-B673-9C4CE7EECEE9};256
1515;1;8;9;{FB230DBC-4E4C-42A7-905B-76178DFE5DB0};"8,10,{65A0170A-583B-4C9D-A17A-844F19AC3CBB};";2026-09-17 11:43:01;2026-09-17 11:43:01;{BB9AA9CA-55E9-4791-9DBD-BFFA8EB21C0B};256
1516;1;8;9;{71C82EC1-0D3D-4170-B132-44537BC53E1A};"8,10,{D6F65787-82A9-4776-B54B-1F41740447BE};";2026-09-17 11:43:01;2026-09-17 11:43:01;{C7B2CB8B-C281-4EC7-90C2-6B78B569B2F1};256
1517;1;8;9;{B23A6423-C0B0-43A2-AEC1-10A56302272A};"8,10,{2F21F428-9885-4814-982D-774E0C62A22B};";2026-09-17 11:43:01;2026-09-17 11:43:01;{B599C9C5-6639-4C27-855C-64A5BA427CF8};256
1518;1;8;9;{5A516252-F2D4-4545-BEFC-06AF326464BC};"8,10,{DD26AA13-4DB4-46F5-8D79-FE9971DCCA59};";2026-09-17 11:43:01;2026-09-17 11:43:01;{A86F8859-1518-473A-980F-0E0A5D198609};256
1519;1;8;9;{F51475A9-7926-4A46-AA5C-EA544A6F35B3};"8,10,{19D8C017-0B8E-479F-9C85-BD495DDA9BCB};";2026-09-17 11:43:01;2026-09-17 11:43:01;{A4F8EA08-99F3-44F0-A155-1C5B2F2734AB};256
1520;1;8;9;{716C3CAC-6C4F-437E-9C26-D37755A9458E};"8,10,{D308E9F1-32C3-4512-85B9-18F7E8A4F4A9};";2026-09-17 11:43:01;2026-09-17 11:43:01;{676BC54B-340C-4646-85C8-9DF23D5996F2};256
1521;1;8;9;{92F8E606-8474-4942-8696-EAF664F5CC18};"8,10,{5058357D-E705-44F4-BEF4-134AFE919F91};";2026-09-17 11:43:01;2026-09-17 11:43:01;{9FF31DB7-1BD7-4C7C-8A1E-168468A7770D};256
1522;1;8;9;{F554525B-B66A-4BE2-A7C0-CCF4733A059C};"8,10,{E3FEF260-CED9-4B8C-B0AA-124EBB005A97};";2026-09-17 11:43:01;2026-09-17 11:43:01;{207B8129-E64C-4988-BD8B-AFA48D557D75};256
1523;1;8;9;{2C52683D-8EE3-4193-B0F3-188C32CCC48B};"8,10,{DB916E68-03C1-4A94-836C-9AA59BC71F59};";2026-09-17 11:43:01;2026-09-17 11:43:01;{86CC86DF-94A4-4176-8215-4808AA485687};256
1524;1;8;10;{A689AA68-FD77-4153-B0CC-C4263AF928CA};"8,9,{3BCE166D-122E-4F7C-AEB4-8733A141507A};8,9,{FAE6575A-5020-4D62-A1F6-76076DB2928B};";2026-09-17 11:43:01;2026-09-17 11:43:01;{A727432E-00E7-4D2C-BB40-F26D2D382E5D};256
1525;1;8;9;{5EACCD90-BF8F-46A7-8A62-DB51CDD7CAC6};"8,10,{E031BC21-DB2D-4202-84EA-A6FAFB6CDAEE};";2026-09-17 11:43:01;2026-09-17 11:43:01;{7EB887F6-5E88-4CF8-BD37-40F160900019};256
1526;1;8;9;{69DA5524-C602-4627-BE32-A0B3C4ED46F2};"8,10,{B15C7325-C7F7-4B7E-8D1F-07A1BC82CF83};";2026-09-17 11:43:01;2026-09-17 11:43:01;{5CC8FA67-3B91-4026-A450-98E10D697594};256
1527;1;8;9;{48110DD1-B345-4E95-81D2-8A7B0AE9FFB5};"8,10,{3C282366-59E3-439B-92C5-342EB33A5179};";2026-09-17 11:43:01;2026-09-17 11:43:01;{2BD8AF44-4EDD-41F3-B6A3-DB124E90AE5B};256
1528;1;8;9;{3EAC6B06-0BF0-4341-8CDA-73EE14D4F6E1};"8,10,{ADC83B35-E91B-4684-8C30-9853DE6EFC7A};";2026-09-17 11:43:01;2026-09-17 11:43:01;{00C65380-3EB2-4E84-A0AE-F86BAE8F0D99};256
1529;1;8;9;{660B0BBA-5793-4788-9D02-17DE15492894};"8,10,{C3EE8970-F1FF-4F2E-8892-D9FB6A40EB88};";2026-09-17 11:43:01;2026-09-17 11:43:01;{26895CF1-B510-41E3-A231-9DB019C3718E};256
1530;1;8;10;{1E442669-DCDE-4A9C-8391-04CA8675D953};"8,9,{E5015C70-EACF-4A66-9B48-5F00FFA45124};";2026-09-17 11:43:01;2026-09-17 11:43:01;{5AE7C1DB-1950-43ED-89F6-C346B53C9E5E};256
1531;1;8;9;{FE38C6FE-36D2-4A4A-ADD9-7EEFEB87AC12};"8,10,{B0E374FE-745F-4A0F-BBAB-2CDE18CCF1A7};";2026-09-17 11:43:01;2026-09-17 11:43:01;{EFE4D058-AD9D-4255-B472-A8A2C9AF9D17};256
1532;1;8;9;{18AB1851-6F03-44B2-9EB1-F207409AA145};"8,10,{A56ED7A2-D238-4EB5-9871-A3DF0EE850DC};";2026-09-17 11:43:01;2026-09-17 11:43:01;{C851FECE-00C1-4492-A295-1F6FA70B6A70};256
1533;1;8;9;{F12C6D3A-2C49-4EE3-99D1-2E0E55105023};"8,10,{E5EA577A-5084-4309-B3D9-86336E685511};";2026-09-17 11:43:01;2026-09-17 11:43:01;{7822CF53-2269-4FF9-83B7-67CBDB738280};256
1534;1;8;10;{1A11E449-32DB-4F96-BAD2-26EFDCFE8725};"8,9,{558EEA44-498C-4C92-9F43-4976168F05D7};";2026-09-17 11:43:01;2026-09-17 11:43:01;{ED1D77B0-C4CF-4BF2-8D2A-8C370DF0DFD7};256
1535;1;8;9;{BD5801C9-6FFA-4ABB-A332-E5F198407788};"8,10,{4696269D-7E81-467F-8E37-C51C57F47842};";2026-09-17 11:43:01;2026-09-17 11:43:01;{DB395317-2C53-4F5E-89BA-F957C013140F};256
1536;1;8;9;{CB0A4405-9E51-4A5B-B538-DC15AC80C97F};"8,10,{392599F5-AC48-484D-AAD6-65E33D5B4CE8};";2026-09-17 11:43:01;2026-09-17 11:43:01;{DF444CDC-8449-4077-8AD8-3EA5C411F2E4};256
1537;1;8;9;{FC146F1E-F8B7-4171-B76A-9B217549914E};"8,10,{B0FDE9BD-0942-466C-AA2B-65EEC82CCE9A};";2026-09-17 11:43:01;2026-09-17 11:43:01;{6626ED88-3DD2-4865-B986-8197C20090AF};256
1538;1;8;9;{7734B815-1A19-464F-AA0D-3A024582777B};"8,10,{35331FC3-60AF-46A6-BE31-AC05F9A38235};";2026-09-17 11:43:01;2026-09-17 11:43:01;{E4FE58CB-0403-4F4E-BB1E-B6ED46A1BA99};256
1539;1;8;10;{5DDA4F8A-6D93-4933-9E67-34531C1C5D98};"8,9,{A51130EA-8AEB-4B19-AB3A-AB27510D9CC9};8,9,{66FDD95A-B734-43A8-8B0A-3F5F075BCBCF};";2026-09-17 11:43:01;2026-09-17 11:43:01;{092327BD-776C-452A-98FB-39DE63332CC0};256
1540;1;8;9;{9BEABE71-B458-481D-BF79-9498C907484D};"8,10,{FFB6BB72-4069-4B0F-A031-4D3A45BC18EC};";2026-09-17 11:43:01;2026-09-17 11:43:01;{039D7D16-FDD2-4757-A061-1B20BBAFF531};256
1541;1;8;9;{67037768-6AA6-45A0-8CDC-1B88DDDA4BE9};"8,10,{9F9DE59E-933E-4B25-A590-9B5AFE5A8523};";2026-09-17 11:43:01;2026-09-17 11:43:01;{1DEA7F95-BBEE-4126-8F8C-4DAB2E9EC4F1};256
1542;1;8;9;{8C386AEB-A1B5-48F9-839F-96C4BC604633};"8,10,{1C2230AE-76A1-46B1-BABE-3CC77F30FE72};";2026-09-17 11:43:01;2026-09-17 11:43:01;{AF005BAA-60D3-4EB1-B9E9-C676A6381EC4};256
1543;1;8;9;{7EF9EB3A-5CF4-4BB4-914B-C10EA295789A};"8,10,{C08B3363-595E-4CD3-AFAA-FD4ED108BC34};";2026-09-17 11:43:01;2026-09-17 11:43:01;{515BE187-5443-4C45-96C5-BB3408E28B43};256
1544;1;8;9;{E8E80E4C-7ABD-46A7-A358-9AEBC1A4F4FF};"8,10,{C7B69C1C-3934-4607-8E23-F1E6F961E2CB};";2026-09-17 11:43:01;2026-09-17 11:43:01;{FA728C5B-F734-4780-9B7F-AB7ED3942FED};256
1545;1;8;9;{9AD56AAC-5227-420B-AE85-5A40696151B3};"8,10,{8C7DCBF7-4A1A-4FC7-B36C-7B9E29D1CF2E};";2026-09-17 11:43:01;2026-09-17 11:43:01;{D7CED77E-CADF-408A-B377-E4601D42B085};256
1546;1;8;9;{8D610DF6-9D13-499B-B98F-B080698F6279};"8,10,{A56ED7A2-D238-4EB5-9871-A3DF0EE850DC};";2026-09-17 11:43:01;2026-09-17 11:43:01;{9D38D7A4-261F-438E-822F-11FED988BBF4};256
1547;1;8;9;{C0C8544E-B8B0-4CBD-927B-040A72591859};"8,10,{65A0170A-583B-4C9D-A17A-844F19AC3CBB};";2026-09-17 11:43:01;2026-09-17 11:43:01;{C1FE06C0-C6F7-4EE7-8892-47E388B87EE5};256
1548;1;8;9;{7DFEFA28-FAE8-4AFD-A56A-3CF82C364F7F};"8,10,{0D8706E9-F05F-4905-BAC5-A9FA724CFFD3};";2026-09-17 11:43:01;2026-09-17 11:43:01;{B93440D1-C078-4AE9-AFC9-3EEE8A28CCC5};256
1549;1;8;9;{F870F6C0-9BF3-4667-A193-E6D4AEFE380D};"8,10,{B6F2344C-4054-4DF9-8B33-B147E5B09F09};";2026-09-17 11:43:01;2026-09-17 11:43:01;{B87925F0-50E0-458A-96EB-68D53B98E23A};256
1550;1;8;9;{CA6A95A3-438E-454A-9386-71F6B63B5943};"8,10,{2E176236-09F0-4104-8394-2187630F7407};";2026-09-17 11:43:01;2026-09-17 11:43:01;{5F47F417-C837-431A-A74E-98547AAF6F85};256
1551;1;8;10;{09140C02-589C-4F63-9411-156420999615};"8,9,{3E57446A-AEC3-4C81-B575-13A57E4C0953};";2026-09-17 11:43:01;2026-09-17 11:43:01;{C13DB27B-EF15-485E-AD90-02C12FD26155};256
1552;1;8;9;{33E490BA-A2D9-4368-ACE7-A74BE8B53FA6};"8,10,{6670A43A-A34C-47E9-B88E-C42CD6198FA3};";2026-09-17 11:43:01;2026-09-17 11:43:01;{BD594E82-D8ED-4709-B2AD-F97B8B4EF422};256
1553;1;8;10;{56166AE5-DB2C-44F4-8D6A-69A883A83140};"8,9,{65755276-8112-4CB1-85D9-F3FD4C722379};";2026-09-17 11:43:01;2026-09-17 11:43:01;{D564A5F0-9CF9-41B9-B58D-9854B019A80A};256
1554;1;8;9;{65C7D781-5064-49D2-A946-1B16A37B5802};"8,10,{B3F787CD-D94D-4504-B05A-85323D265247};";2026-09-17 11:43:01;2026-09-17 11:43:01;{6B57AD12-E06E-403F-84D2-E9FDB6DEBC9B};256
1555;1;8;10;{AE94F40E-5055-4CA1-A404-6B9F71021559};"8,9,{043E21D1-8D92-4AD0-B23F-776B5D90B0A8};8,9,{82C9D583-9625-4A2B-B032-10436FD5EF41};8,9,{C9C40327-FD1F-411A-B1A2-E9B9198F115F};8,9,{A07879B3-53B0-497A-B30A-165E4830D351};8,9,{8F365AFA-AE3C-40B6-920D-8437B602607D};";2026-09-17 11:43:01;2026-09-17 11:43:01;{9C151455-80E3-47F5-BE52-310BD8CD4AE3};256
1556;1;8;9;{0E8014DC-5FEA-4899-A787-541D3D0066B7};"8,10,{D8AF5A47-FC03-41B0-9DAA-58F9A97B9344};";2026-09-17 11:43:01;2026-09-17 11:43:01;{2BFE37F4-6AB3-48D7-99FE-FD1AF009B675};256
1557;1;8;9;{F2FC884D-0A3F-44BD-87EC-6BBFE90FEF02};"8,10,{9B6D8C04-838D-4FE1-BED0-A2251D31FF18};";2026-09-17 11:43:01;2026-09-17 11:43:01;{DE93B566-FA63-4345-BCF5-2D586C930762};256
1558;1;8;9;{02D4C1CD-E98C-45D9-BFD8-8C086E0C95E6};"8,10,{D4706042-4778-45CD-AE64-C9C3DF9F9A5D};";2026-09-17 11:43:01;2026-09-17 11:43:01;{F35D7543-78D2-4E00-9ABD-6B1EC11B7294};256
1559;1;8;10;{DF8CD66B-9998-42E7-8159-690645E897F8};"8,9,{F0987380-A81E-4BA1-BAA8-ADAB9F04AADC};8,9,{EFD57727-4810-4813-8B7D-500301D1B450};8,9,{A0387045-A120-4CD9-BDC5-4A2F703B6F05};";2026-09-17 11:43:01;2026-09-17 11:43:01;{02E91129-DC96-4587-BCD2-1C30F000227C};256
1560;1;8;10;{7CFFF7B2-049B-4367-9405-92C98CFAAFA1};"8,9,{16471489-D6D3-4DED-B81D-6DE9F6215EDE};";2026-09-17 11:43:01;2026-09-17 11:43:01;{6CE5812B-27C5-409A-9FB8-312FB742D723};256
1561;1;8;10;{D3404DBF-48D6-4D3D-9169-DA312F67177F};"8,9,{B1729CF7-C334-4701-883E-75E888FE1CDA};8,9,{1E28F976-42D4-4E55-841E-F7D348EB9882};";2026-09-17 11:43:01;2026-09-17 11:43:01;{1C2DC69D-9904-4261-8CC7-0F2C164D5C70};256
1562;1;8;9;{6CEE1E01-B8D1-4E4B-98A2-4163B41B73B7};"8,10,{D8AF5A47-FC03-41B0-9DAA-58F9A97B9344};";2026-09-17 11:43:01;2026-09-17 11:43:01;{7B04CFCE-0552-4E12-A18C-EFE8D43E7CA4};256
1563;1;8;10;{116BC5E6-3383-4DF0-AEA8-556C2887C4EB};"8,9,{7F12347D-E453-447D-9A4C-58CE42DC4998};";2026-09-17 11:43:01;2026-09-17 11:43:01;{415FF175-CCF9-4CD4-BF85-18B78C441371};256
1564;1;8;9;{F0987380-A81E-4BA1-BAA8-ADAB9F04AADC};"8,10,{DF8CD66B-9998-42E7-8159-690645E897F8};";2026-09-17 11:43:01;2026-09-17 11:43:01;{62E3D54F-6057-4C39-8232-C31162C026EF};256
1565;1;8;9;{ACFE156E-27A9-4D7F-BFAF-4CA55C8A80EC};"8,10,{485398A3-B833-4BB0-9D39-0C930D344F4A};";2026-09-17 11:43:01;2026-09-17 11:43:01;{0DB4548E-425C-4436-8C46-FD139930DAE3};256
1566;1;8;9;{C96CC0E9-D743-4A94-B98C-D0D75330A054};"8,10,{A56ED7A2-D238-4EB5-9871-A3DF0EE850DC};";2026-09-17 11:43:01;2026-09-17 11:43:01;{A44E8E89-877E-4928-BBBA-640DE0D5B757};256
1567;1;8;9;{0A5D97B9-D15F-48C7-BC0B-8AE3721E2C1A};"8,10,{358CC672-A325-48FD-A984-D552959096A8};";2026-09-17 11:43:01;2026-09-17 11:43:01;{4B6CDF0E-77E9-4A0D-A906-EE593C6DA77A};256
1568;1;8;9;{49FAD3DF-FF48-4CEC-B0FE-5EFBF573B257};"8,10,{AD181196-6B18-42B8-B371-C45EFC5B2851};";2026-09-17 11:43:01;2026-09-17 11:43:01;{2BE40DE6-B493-4450-A470-1D221ABD5C71};256
1569;1;8;9;{EFD57727-4810-4813-8B7D-500301D1B450};"8,10,{DF8CD66B-9998-42E7-8159-690645E897F8};";2026-09-17 11:43:01;2026-09-17 11:43:01;{D30985E6-E47B-427A-9EEA-3DB0376C7BF6};256
1570;1;8;9;{05C919DF-D297-4672-9184-50DAEFEF3CC9};"8,10,{70E413E3-66E6-4F88-8730-95222D0E1766};";2026-09-17 11:43:01;2026-09-17 11:43:01;{4F725371-DB6C-4E92-A657-11A6BFF5FB47};256
1571;1;8;10;{102B128A-B6C8-4CBC-A0C4-8FF4E82CED5D};"8,9,{DE8AD52D-84D1-448A-BE1A-05F6D471BC34};8,9,{168D92A0-9F3A-4F3E-990B-3D03C311F349};8,9,{2EDB75D1-B09F-422E-A1C4-1271F0F91AA9};8,9,{3E0BE541-4A2F-4C7A-A89F-D08D57E390E9};";2026-09-17 11:43:01;2026-09-17 11:43:01;{D6497970-E228-4471-AA4B-DA8769905099};256
1572;1;8;9;{086D508B-9E62-4680-84F1-7F7B0655F860};"8,10,{E4446C2D-04AD-4816-A0E3-2387C6B00EAB};";2026-09-17 11:43:01;2026-09-17 11:43:01;{859E7314-0D39-4C89-BD6A-ECE35622890B};256
1573;1;8;10;{E4FF594E-7BB9-4FAE-926A-409ADAE9118B};"8,9,{D502C0D0-318B-4191-8344-DF93B31103E8};";2026-09-17 11:43:01;2026-09-17 11:43:01;{70AFC163-9C3C-4C73-9C2F-A19F89ABFA01};256
1574;1;8;9;{9EF08053-37E9-4688-8CA1-C792A1CE93B0};"8,10,{DCA05BFC-4E7A-4695-9C83-9A28CA66C0A3};";2026-09-17 11:43:01;2026-09-17 11:43:01;{A7B1E9D3-5461-4438-8260-2D24184B5FF7};256
1575;1;8;9;{C8E8B18D-EC7D-4005-ACDC-B9FF7F138B1B};"8,10,{460A500C-DB93-4061-A15D-372AEA36D389};";2026-09-17 11:43:01;2026-09-17 11:43:01;{6B74953C-38AA-4DED-B8EB-9222F23B9822};256
1576;1;8;9;{692EBEA3-8197-4F47-9F75-B18B49103977};"8,10,{1A80A9D8-5E6B-4962-A912-01DBF51CB76F};";2026-09-17 11:43:01;2026-09-17 11:43:01;{098DF73E-D6B0-4C8D-A570-E2C50F7C489E};256
1577;1;8;9;{DE8AD52D-84D1-448A-BE1A-05F6D471BC34};"8,10,{102B128A-B6C8-4CBC-A0C4-8FF4E82CED5D};";2026-09-17 11:43:01;2026-09-17 11:43:01;{D8BA410E-5A7E-4021-B087-9E7DEAE948FC};256
1578;1;8;9;{CAB778E9-2DDB-4E69-9E19-1416B5D72009};"8,10,{3E5EB119-8429-4F31-86B6-F9021BD25A89};";2026-09-17 11:43:01;2026-09-17 11:43:01;{C0E5D204-8007-48F1-B3C7-8D945A9192A0};256
1579;1;8;9;{168D92A0-9F3A-4F3E-990B-3D03C311F349};"8,10,{102B128A-B6C8-4CBC-A0C4-8FF4E82CED5D};";2026-09-17 11:43:01;2026-09-17 11:43:01;{63864897-CEB9-40C8-B178-355B9423D0CE};256
1580;1;8;10;{8248AA4F-695B-4F1E-BFD8-A73417071D86};"8,9,{7EA96F5C-F943-4B7B-A852-1F4FC63BB3CF};";2026-09-17 11:43:01;2026-09-17 11:43:01;{B1FC381F-E4B1-4CD6-8309-60DAB112395E};256
1581;1;8;10;{86261C34-C9AC-479E-9FC6-754B5621434F};"8,9,{1FFD6369-8CCF-4C2E-ABF8-00E74212F0A5};";2026-09-17 11:43:01;2026-09-17 11:43:01;{9EBDCBE0-A529-4F86-8F22-71078568858D};256
1582;1;8;9;{1FFD6369-8CCF-4C2E-ABF8-00E74212F0A5};"8,10,{86261C34-C9AC-479E-9FC6-754B5621434F};";2026-09-17 11:43:01;2026-09-17 11:43:01;{307D177E-CC0A-4545-8260-6F2039A103B0};256
1583;1;8;10;{DFC6BE87-BC1C-4149-AE79-B47148EF55FD};"8,9,{BC061061-FB40-45A7-8AE2-5921829A81B0};";2026-09-17 11:43:01;2026-09-17 11:43:01;{94513766-B61C-4D2C-A9D7-BB07F9BFCADA};256
1584;1;8;9;{19835CCC-5F80-4349-8251-CE9C2E0839B6};"8,10,{EA9065D6-A756-49A7-B7E8-BEA370F94E54};";2026-09-17 11:43:01;2026-09-17 11:43:01;{61254780-D1E2-4BC5-A26C-405341ADDE1C};256
1585;1;8;9;{3145E24F-E7F7-4DA3-9CD7-B01BDEF026DF};"8,10,{ADC83B35-E91B-4684-8C30-9853DE6EFC7A};";2026-09-17 11:43:01;2026-09-17 11:43:01;{0FCE2A01-415C-4E0B-9B79-F2FD25B0DE36};256
1586;1;8;9;{44EC57E1-4F37-4069-BD17-A8D31472A5BB};"8,10,{D539BBA5-7A41-4400-8D8E-4AE95E288855};";2026-09-17 11:43:01;2026-09-17 11:43:01;{1CA76F2E-2023-4FEA-A939-610605083E90};256
1587;1;8;9;{10FC74B8-FF19-43B1-8789-4890FBAB493A};"8,10,{C776C8D1-B1BB-4B48-91A3-493798437980};";2026-09-17 11:43:01;2026-09-17 11:43:01;{55520719-DAEB-4915-9026-A3F5580876E5};256
1588;1;8;9;{A03C4800-1088-4188-970C-43A87EDA1CAF};"8,10,{B3F787CD-D94D-4504-B05A-85323D265247};";2026-09-17 11:43:01;2026-09-17 11:43:01;{AAE47F48-0AB9-4578-AA22-166033982E04};256
1589;1;8;9;{A4394A6A-74C6-43EA-863F-978122291BA7};"8,10,{B628C1ED-4823-4EAC-8765-45F5D8F514D4};";2026-09-17 11:43:01;2026-09-17 11:43:01;{63436454-E409-4F48-9524-5298F28475FB};256
1590;1;8;9;{CA579748-CBD7-4E97-AF50-6FE7151D38F8};"8,10,{6EBC6AFB-56C4-4D1E-A4BD-9143FF5DAF70};";2026-09-17 11:43:01;2026-09-17 11:43:01;{D6D5DA50-4A87-4DD0-AC88-871D24595E8D};256
1591;1;8;10;{4AF97F90-DC47-41A9-8F7A-2C2D384855C9};"8,9,{56AC4AED-AB66-4BC7-8F70-6B192609F017};";2026-09-17 11:43:01;2026-09-17 11:43:01;{CEDEE61F-8ADE-4DDA-A207-99914ED49F72};256
1592;1;8;9;{AB927BE2-3EC1-45AB-84B2-DD50302E2CB9};"8,10,{3E560064-C303-4838-AC13-BA6EBA4924BD};";2026-09-17 11:43:01;2026-09-17 11:43:01;{A61A2D07-30F8-4E0A-9DBD-D4AB98CD0651};256
1593;1;8;9;{2267BA97-5DDC-4BF7-8FA3-BFB26C5CDD5D};"8,10,{851DC9F1-DFE7-42EB-8801-C64C9973D36E};";2026-09-17 11:43:01;2026-09-17 11:43:01;{1E52173E-DCF5-4E1D-9B4C-34CDD65EFEF8};256
1594;1;8;9;{288A598C-1B12-485B-993E-EDCD975935EA};"8,10,{C7BF42E6-2DFF-4CF0-B59B-AE9387A35CB0};";2026-09-17 11:43:01;2026-09-17 11:43:01;{7F33EC81-215D-41AC-9ECC-45DA79878B6C};256
1595;1;8;9;{344AEC33-E85E-4DE4-9D03-F17FD2BF43EA};"8,10,{36BADEBF-081F-4E81-8AA2-AD6AF302E888};";2026-09-17 11:43:01;2026-09-17 11:43:01;{D3B354C8-BD32-4F2C-BB5D-027F7F6EAB57};256
1596;1;8;9;{56AC4AED-AB66-4BC7-8F70-6B192609F017};"8,10,{4AF97F90-DC47-41A9-8F7A-2C2D384855C9};";2026-09-17 11:43:01;2026-09-17 11:43:01;{6DC74C25-24FB-4750-9599-CBD81EEEC490};256
1597;1;8;9;{811B8CA8-E302-46E2-B8B7-45CAF275169D};"8,10,{9F28DCDC-080F-42DD-8F69-0C90E984D9B4};";2026-09-17 11:43:01;2026-09-17 11:43:01;{4A04FFA3-20F9-4723-8829-5A63D5F8F8AD};256
1598;1;8;9;{A445467D-278E-44D5-A203-FAA743998A7F};"8,10,{AE9EB29B-7995-47DF-BE55-48833F7D2F54};";2026-09-17 11:43:01;2026-09-17 11:43:01;{947CD310-0F18-4741-99B4-DB2AA8BC2D8A};256
1599;1;8;9;{97CC22AA-18B6-4307-AD00-34311D028E74};"8,10,{3E5EB119-8429-4F31-86B6-F9021BD25A89};";2026-09-17 11:43:01;2026-09-17 11:43:01;{44F4F15F-6B59-4EE3-B32B-C8684DE18A60};256
1600;1;8;9;{9926374A-4821-46C7-A894-D0D7D80C1254};"8,10,{CA8AC2FC-88E1-4E50-A634-5AA471901C8B};";2026-09-17 11:43:01;2026-09-17 11:43:01;{72F44735-89A1-4338-A3A7-95E02BBC2BF9};256
1601;1;8;9;{B6105CC4-D2A6-4B06-8CBE-FB7034B7EC7C};"8,10,{F220F0B4-4AFA-43FF-A5F3-67C4B18D65BE};";2026-09-17 11:43:01;2026-09-17 11:43:01;{9AD3A57B-2CA3-4CE7-B29D-E17DF3EBB2D8};256
1602;1;8;10;{A151E36C-26C2-44AD-A0A8-F5CD0CB7FD7F};"8,9,{34709E7A-47A5-4948-9729-04A2281263A0};";2026-09-17 11:43:01;2026-09-17 11:43:01;{8D319D05-2A47-43F4-8102-36C82EF8AA08};256
1603;1;8;10;{F167B1EB-F3EF-4E71-96B2-DEB8CA9C0B24};"8,9,{9C226F5C-FF14-49A5-B8DE-C80B794C2B1F};";2026-09-17 11:43:01;2026-09-17 11:43:01;{246E0705-75C6-4BA5-A3D0-D89BD1545AA4};256
1604;1;8;9;{3C2A900F-2470-43CA-8CA7-134F8ED3CE7B};"8,10,{9B6D8C04-838D-4FE1-BED0-A2251D31FF18};";2026-09-17 11:43:01;2026-09-17 11:43:01;{14AFFFFD-FAA0-454C-8E46-FC8A19D23EB1};256
1605;1;8;10;{F692F161-E49C-4D43-99E5-C63A6E586B3A};"8,9,{249EA4D1-F2D8-4C8C-B681-B6ADF6788ECA};";2026-09-17 11:43:01;2026-09-17 11:43:01;{DF19FDF0-30E8-423F-AD77-A37FBFF5A526};256
1606;1;8;9;{DBB58E82-82B7-46EC-AD8C-032BF6B86BF9};"8,10,{7A50E8E2-E0AE-4CB2-8978-96A7F8F9FAB1};";2026-09-17 11:43:01;2026-09-17 11:43:01;{C2BADD6B-FC43-4398-8FDE-656966D2CE19};256
1607;1;8;9;{249EA4D1-F2D8-4C8C-B681-B6ADF6788ECA};"8,10,{F692F161-E49C-4D43-99E5-C63A6E586B3A};";2026-09-17 11:43:01;2026-09-17 11:43:01;{BC24F2D7-497B-4393-91B9-8CC2B04EAB00};256
1608;1;8;9;{2EDB75D1-B09F-422E-A1C4-1271F0F91AA9};"8,10,{102B128A-B6C8-4CBC-A0C4-8FF4E82CED5D};";2026-09-17 11:43:01;2026-09-17 11:43:01;{67F2C752-167F-44F5-AE55-B448B63286CF};256
1609;1;8;9;{5FE6E08A-C635-4FD2-BEAA-951A78C2200E};"8,10,{87F1E795-8184-4378-8F33-929DA9A39379};";2026-09-17 11:43:01;2026-09-17 11:43:01;{1D692D4F-09FD-426B-A021-0047571DB4C2};256
1610;1;8;10;{C34E86E2-063A-4959-81AF-1F9EEEBD78ED};"8,9,{95D6A861-2D80-4F9F-9A5A-532AB9403C34};";2026-09-17 11:43:01;2026-09-17 11:43:01;{3B3F32E4-7951-4C71-869A-114889ED2440};256
1611;1;8;10;{E56C41B7-1847-4561-9FE5-E7726EC7DF58};"8,9,{8BC2B102-C7D4-4D23-B4C6-2D4DE14F94E5};8,9,{6F2A1F6C-1466-4343-8864-0BC18B058E10};";2026-09-17 11:43:01;2026-09-17 11:43:01;{5F5D31A8-335E-46F6-B215-01A5FD0024C6};256
1612;1;8;9;{044C9E6C-C855-4AA9-96E4-9862E968124B};"8,10,{992C4022-C18D-4A4F-8935-29E2BBC12086};";2026-09-17 11:43:01;2026-09-17 11:43:01;{C958BC53-4431-406B-9342-FD388B459344};256
1613;1;8;10;{1F6F78C3-5E23-4478-AF9A-AB74CAD64C35};"8,9,{0BB20284-2739-4675-9551-0BBF0B382153};";2026-09-17 11:43:01;2026-09-17 11:43:01;{6D355FCF-713A-4620-9151-99755E33468F};256
1614;1;8;9;{0BB20284-2739-4675-9551-0BBF0B382153};"8,10,{1F6F78C3-5E23-4478-AF9A-AB74CAD64C35};";2026-09-17 11:43:01;2026-09-17 11:43:01;{FA555584-20D3-4003-8358-E2F144EDA39B};256
1615;1;8;9;{AD180908-3E0E-4C3D-A1E9-17B3F14C8256};"8,10,{6EE6175E-4A4D-4B2C-8941-9A6022AB8F41};";2026-09-17 11:43:01;2026-09-17 11:43:01;{D8535A77-67C6-41A2-BFBF-62880C7D8DA7};256
1616;1;8;9;{C4BA1270-9A84-4731-9F8C-811BA1CA7322};"8,10,{AF225CCA-5F50-4D02-855D-FF2F51300409};";2026-09-17 11:43:01;2026-09-17 11:43:01;{B000B96C-66DA-41B0-AE8F-4FE138615538};256
1617;1;8;9;{B2CE6644-6E54-4BAD-9772-1DB92D51908A};"8,10,{242B36B0-58B0-4818-B1ED-1B3458E295E2};";2026-09-17 11:43:01;2026-09-17 11:43:01;{1298FD05-1B9A-4DDF-80BD-9C458DE975B8};256
1618;1;8;10;{D0A88D30-0267-40EC-BDDB-539F1B0317BF};"8,9,{E0BFDC21-1845-4D7C-AEDB-7F0DB82CCE45};";2026-09-17 11:43:01;2026-09-17 11:43:01;{FD13EBE8-21B5-4BAF-9972-CD7F973B57B5};256
1619;1;8;10;{B5F333A6-1928-4C78-8A5F-F0DDC22F8328};"8,9,{0F84D3C0-36F2-42E8-8943-B7745D6E7992};";2026-09-17 11:43:01;2026-09-17 11:43:01;{9421436E-8114-439A-A3BA-E855581B653E};256
1620;1;8;10;{41049386-0B8E-4425-9F87-03B4952A4655};"8,9,{F65EC3E0-0C58-4F2A-83EA-9432CB597BEF};";2026-09-17 11:43:01;2026-09-17 11:43:01;{20812D0D-4E6A-4F37-83B9-75A8F99A3AA7};256
1621;1;8;10;{11510CB7-8C67-4B8B-9B69-7E423900C1CA};"8,9,{A3EBA016-8E7E-4ED0-8B4C-00EA1CF881D1};8,9,{5BCB7D18-BC13-42C6-85C7-E36C32F0CD45};8,9,{37023D37-487E-4C9B-A4DD-FB7496A103E5};8,9,{72FAF756-E204-4155-AC4B-B381B392D7A3};8,9,{E2E98EBB-FBAA-40A3-BCC1-32B0A2BCA474};8,9,{7CC067A1-CD1A-4D63-A0CB-FDECBD3CCD19};8,9,{B26ECEA2-FB1A-4505-8604-35C3D87736CE};";2026-09-17 11:43:01;2026-09-17 11:43:01;{4A85B850-AFCB-48EB-BD14-C1D478E5524E};256
1622;1;8;9;{B64136BC-5A6E-43E7-8E16-054BA4D7F9E1};"8,10,{2DF75EA3-F3ED-4EFD-82E1-363542CC3B94};";2026-09-17 11:43:01;2026-09-17 11:43:01;{C29A2B2C-E186-4247-B2D7-72DE8ADF20A9};256
1623;1;8;10;{48AA821E-1173-47BC-B243-60B4BE6FFE18};"8,9,{74F59021-AD23-4AB3-82E7-88A878DF2848};";2026-09-17 11:43:01;2026-09-17 11:43:01;{47EE9CEE-A860-4633-8FD0-4A8606DB7593};256
1624;1;8;9;{0F84D3C0-36F2-42E8-8943-B7745D6E7992};"8,10,{B5F333A6-1928-4C78-8A5F-F0DDC22F8328};";2026-09-17 11:43:01;2026-09-17 11:43:01;{BDACDE86-308B-4BF7-9DF2-CD49731A3C40};256
1625;1;8;9;{5A6A5F8C-75E4-462E-893A-57497DF0E918};"8,10,{023C34D5-91CE-40A5-BD4F-61061EBAAB42};";2026-09-17 11:43:01;2026-09-17 11:43:01;{1F4FA07A-ECC2-4DF8-82C3-BC9109088129};256
1626;1;8;9;{16471489-D6D3-4DED-B81D-6DE9F6215EDE};"8,10,{7CFFF7B2-049B-4367-9405-92C98CFAAFA1};";2026-09-17 11:43:01;2026-09-17 11:43:01;{AA33E3FB-C49A-4AE7-942E-9CF8CA1DA612};256
1627;1;8;9;{7F12347D-E453-447D-9A4C-58CE42DC4998};"8,10,{116BC5E6-3383-4DF0-AEA8-556C2887C4EB};";2026-09-17 11:43:01;2026-09-17 11:43:01;{DE22072D-7B96-474B-B16F-C10BC91C7593};256
1628;1;8;9;{A07879B3-53B0-497A-B30A-165E4830D351};"8,10,{AE94F40E-5055-4CA1-A404-6B9F71021559};";2026-09-17 11:43:01;2026-09-17 11:43:01;{28159FBC-4AFC-4C57-B168-784875E02696};256
1629;1;8;10;{7E410695-E368-4662-809E-CEA39E89026F};"8,9,{FBEF57F1-AE0B-4499-9A0A-440D9FB73202};8,9,{E1B112FF-47A0-4D83-A4DA-3FCE052AD9DC};";2026-09-17 11:43:01;2026-09-17 11:43:01;{0784530F-0E0C-4A91-8D41-72DB9FA97F2F};256
1630;1;8;10;{81A24124-3A7B-4154-87E8-C39EF7A57CE8};"8,9,{9DE6E285-0B8D-4F98-BA1C-0C3505C4EC00};8,9,{70C7F53B-E75D-45E8-BA6D-85E7E66F6601};8,9,{2A32D51F-67FD-4ACD-BC05-5D8A18C5BB65};";2026-09-17 11:43:01;2026-09-17 11:43:01;{292D8FCC-CD04-42BC-B704-C322B871C72E};256
1631;1;8;9;{86EB9325-3983-49DD-B35B-9285676FB022};"8,10,{99104053-AC2D-47C2-9DBA-40AD90AECE29};";2026-09-17 11:43:01;2026-09-17 11:43:01;{BFC597AD-D3AB-4904-B055-7756036D3885};256
1632;1;8;9;{74F59021-AD23-4AB3-82E7-88A878DF2848};"8,10,{48AA821E-1173-47BC-B243-60B4BE6FFE18};";2026-09-17 11:43:01;2026-09-17 11:43:01;{89F34F33-22B2-4D11-8144-66EEDDB17644};256
1633;1;8;10;{AEFCCF18-1C0C-4900-B992-0F10F77FBD0E};"8,9,{F3A74724-44EE-408D-A1AA-E477D79D7EA6};8,9,{44BF3792-A0ED-4726-A6DA-379689482A08};";2026-09-17 11:43:01;2026-09-17 11:43:01;{95685D66-B97D-41FB-8B9F-19009B1264C6};256
1634;1;8;9;{38499BF7-8750-499E-B5D7-3A642BD5147F};"8,10,{0FC92E0C-7E2B-4BF4-8525-6598BEF3C72A};";2026-09-17 11:43:01;2026-09-17 11:43:01;{5AFDB3EE-0B0A-436A-A0F5-A2FF2F84B228};256
1635;1;8;9;{BA1DF2A8-F430-400C-864D-01C55A74C4B2};"8,10,{F5A7BEF7-2E13-408B-9838-8A02289754B2};";2026-09-17 11:43:01;2026-09-17 11:43:01;{B98B963A-CCC5-42A0-B0D9-F90D3D012102};256
1636;1;8;9;{74075D3C-A10E-4F5B-B1BD-AA3E2D24C871};"8,10,{A56ED7A2-D238-4EB5-9871-A3DF0EE850DC};";2026-09-17 11:43:01;2026-09-17 11:43:01;{1ED9B743-E04B-41D9-A7E5-66918262EAD4};256
1637;1;8;9;{8983F10C-A68A-4B64-9F09-00120BC3787E};"8,10,{87F3F023-DB83-46DC-BAFC-9BBD82843099};8,10,{7070FF62-4451-44C9-A2F9-224720FCEE21};";2026-09-17 11:43:01;2026-09-17 11:43:01;{D12598C6-5D87-40A7-A6F6-9348927B15DC};256
1638;1;8;9;{0F28DB91-7D55-41A3-8C8B-F95BCAF67724};"8,10,{EA6228FE-FAA0-45BE-84BF-87073922EE93};";2026-09-17 11:43:01;2026-09-17 11:43:01;{C78B46BD-9301-414E-8069-E368A1398202};256
1639;1;8;10;{23699D5A-CB2A-44F4-B756-33E3704CC45F};"8,9,{5C741CE1-ED85-4531-9A8B-3DAE0EB02B83};";2026-09-17 11:43:01;2026-09-17 11:43:01;{48A41441-CECD-49B7-B390-1A874E628B15};256
1640;1;8;9;{5C741CE1-ED85-4531-9A8B-3DAE0EB02B83};"8,10,{23699D5A-CB2A-44F4-B756-33E3704CC45F};";2026-09-17 11:43:01;2026-09-17 11:43:01;{A4C2E1F6-996A-4A34-8863-F6AAD13D4F21};256
1641;1;8;9;{117540BD-A20C-41DC-86AE-BDEA59719936};"8,10,{D7E3220F-97CA-4C94-9858-D3740D2FFB2A};";2026-09-17 11:43:01;2026-09-17 11:43:01;{56F54C49-E130-4B22-82CA-2177145285E3};256
1642;1;8;9;{AFF02A81-81C1-4B8F-807A-D8AE1B957859};"8,10,{3D54150F-0CD1-4100-8BCB-4C566EDE902E};";2026-09-17 11:43:01;2026-09-17 11:43:01;{5199ACA2-9129-4FCC-B34F-B2D529B078C2};256
1643;1;8;9;{7B1D5EB9-B7F6-470E-804A-1A56474EB4E0};"8,10,{C11F1E72-C97E-4A4A-977E-49F0404D9B7D};";2026-09-17 11:43:01;2026-09-17 11:43:01;{70A72D41-07F1-4B59-BA29-7BE56147F3B5};256
1644;1;8;9;{73457FB2-47A3-462F-9AB2-F6DEDEBEE7CA};"8,10,{9F28DCDC-080F-42DD-8F69-0C90E984D9B4};";2026-09-17 11:43:01;2026-09-17 11:43:01;{A27CC981-2EF5-4F90-8A08-F31C718CE409};256
1645;1;8;9;{EAB04908-B392-4B9F-97A8-0A1E986BED41};"8,10,{C776C8D1-B1BB-4B48-91A3-493798437980};";2026-09-17 11:43:01;2026-09-17 11:43:01;{796EFBAD-652A-44E4-9D7A-A4AE20AA547B};256
1646;1;8;10;{474BA650-2829-47DF-B2A8-CAE128F1CE60};"8,9,{B0B0BD81-01F1-4583-8CE5-F3D4B2502560};8,9,{9602E897-F96C-4B13-B559-320399F8B667};";2026-09-17 11:43:01;2026-09-17 11:43:01;{6B5EB7C5-AEEB-41BA-A799-2F27A3246FB9};256
1647;1;8;10;{8DF79DD3-7F12-44EB-A785-08FC3F589DD7};"8,9,{C856EA11-EC2B-4BD7-8733-3A7E3876BFD0};8,9,{294EE97B-4089-49DC-B643-A9EA95A67E7B};8,9,{067E3585-66B7-43E1-B49B-4FA397CF6874};8,9,{2853FE60-28B4-4BDF-94B9-B5641827A616};8,9,{AEB0C03F-970E-4B8D-A88E-D5F88D39C6A6};";2026-09-17 11:43:01;2026-09-17 11:43:01;{5433F5E5-5DFA-413A-850B-7EA1455752A4};256
1648;1;8;9;{C856EA11-EC2B-4BD7-8733-3A7E3876BFD0};"8,10,{8DF79DD3-7F12-44EB-A785-08FC3F589DD7};";2026-09-17 11:43:01;2026-09-17 11:43:01;{B3A89CD3-0A5C-43F4-AADD-FCD5307A1E81};256
1649;1;8;10;{DB9A0953-4558-4C43-AB6C-B7360B04CF80};"8,9,{0D1E0CA7-BC48-4F60-8415-66EE573B067E};";2026-09-17 11:43:01;2026-09-17 11:43:01;{97876339-9F53-4764-921B-E77C3DEB6CE9};256
1650;1;8;9;{BF73B0A5-522E-451C-A19F-3C0F8538D629};"8,10,{56385AA0-8076-4E71-A187-56883437501A};";2026-09-17 11:43:01;2026-09-17 11:43:01;{857B3385-113A-403A-8389-48FB36EFCF52};256
1651;1;8;10;{D9C67C06-B2D1-41BE-9F51-0000BD1F8028};"8,9,{755B6CD3-D385-4868-A82D-2ABF9F9C4902};8,9,{EC2E0561-DBAD-4F7B-8BDD-CAB5175E8070};";2026-09-17 11:43:01;2026-09-17 11:43:01;{6632C22A-3887-4F86-9E95-FD76DB7A3055};256
1652;1;8;9;{01627B89-D728-4661-9292-3987E3DBB378};"8,10,{E05B38C3-1FA3-463B-B194-22BB4DCE1EE6};";2026-09-17 11:43:01;2026-09-17 11:43:01;{72CFFF41-D584-411F-8C68-866057815F8B};256
1653;1;8;9;{755B6CD3-D385-4868-A82D-2ABF9F9C4902};"8,10,{D9C67C06-B2D1-41BE-9F51-0000BD1F8028};";2026-09-17 11:43:01;2026-09-17 11:43:01;{1430A748-564F-4990-8B17-F5B798915803};256
1654;1;8;9;{4D7E8B2A-F2C0-45D5-BEC8-F60CBE40B205};"8,10,{3962F296-B029-44EE-BA83-56EE8F613186};";2026-09-17 11:43:01;2026-09-17 11:43:01;{538F404C-E4D5-483D-ABAB-358646392892};256
1655;1;8;10;{10D329DB-2582-4C5D-8737-89B14A529A8C};"8,9,{478E0EEA-4B39-44BE-B2CF-5470EBAFD439};8,9,{BEE8649A-701C-4574-8961-6448644D0FD2};8,9,{959F0D4C-60C0-486B-AA23-43D4C77D4D50};8,9,{1FD45EF9-9BE8-43F2-B7A3-6F86E9521925};";2026-09-17 11:43:01;2026-09-17 11:43:01;{215B5792-52B7-41D9-ABEA-B07571F934AD};256
1656;1;8;9;{4D85D37F-BBDA-4975-BFB7-1852CFC6503B};"8,10,{9C280B7B-DAD9-493A-9A90-7B382316A577};";2026-09-17 11:43:01;2026-09-17 11:43:01;{45429956-10FF-4FB1-AEC5-F19084C862C8};256
1657;1;8;9;{8F365AFA-AE3C-40B6-920D-8437B602607D};"8,10,{AE94F40E-5055-4CA1-A404-6B9F71021559};";2026-09-17 11:43:01;2026-09-17 11:43:01;{5D425BAF-B35B-4AEF-9F44-8C5F4840E640};256
1658;1;8;9;{AED38A40-FA86-48DE-BC7E-E0E5537D9EAF};"8,10,{71665BAE-E428-4FCA-AD21-50BEE07E2C41};";2026-09-17 11:43:01;2026-09-17 11:43:01;{20170DC5-DA80-473F-BF1B-E1D9833115B6};256
1659;1;8;10;{959748B9-F359-4A64-AC55-CB9C7D7973EC};"8,9,{F74DE01A-3910-4794-96E9-42E8C7BA4797};";2026-09-17 11:43:01;2026-09-17 11:43:01;{42141138-0F6D-4D24-AED3-215ABA8E1EDF};256
1660;1;8;10;{15954E64-3943-4B3D-88C8-7E2908A2747F};"8,9,{D8B95526-4915-462D-AB99-1C074366AB35};";2026-09-17 11:43:01;2026-09-17 11:43:01;{376C2E48-6419-432C-93F2-465349DDABC3};256
1661;1;8;9;{97AF0122-A0B2-42C9-8383-BCF2E895EAD5};"8,10,{E46B297B-95FB-4924-8D42-CF90B21D6AF7};";2026-09-17 11:43:01;2026-09-17 11:43:01;{662612C7-E2F0-4322-AA14-FC17678F7501};256
1662;1;8;9;{D8B95526-4915-462D-AB99-1C074366AB35};"8,10,{15954E64-3943-4B3D-88C8-7E2908A2747F};";2026-09-17 11:43:01;2026-09-17 11:43:01;{89E332F6-DC02-481F-B47E-A2223FD259E9};256
1663;1;8;10;{DC584DD8-8C0D-4C1A-850B-BC00BB81F67E};"8,9,{567E6370-57F2-4C10-8BC3-A38ECE05EB4C};8,9,{8CC710F3-7551-4590-B19E-57845A96C429};";2026-09-17 11:43:01;2026-09-17 11:43:01;{8A126770-6DB7-49B1-B278-02A7243F0F58};256
1664;1;8;9;{5E10CD05-91E7-4C24-A212-10896183F39D};"8,10,{992C4022-C18D-4A4F-8935-29E2BBC12086};";2026-09-17 11:43:01;2026-09-17 11:43:01;{7AB4E1D8-4BBF-4AA0-8328-603A967333F7};256
1665;1;8;10;{B6F2344C-4054-4DF9-8B33-B147E5B09F09};"8,9,{FD73AC0B-8132-4DEA-965B-FE0FF862D708};8,9,{8B825915-8CD9-4815-A4B0-8AF146EFE5A4};8,9,{8C2343DB-7AA0-4C3F-AEEA-3AA73D5179CA};8,9,{F870F6C0-9BF3-4667-A193-E6D4AEFE380D};";2026-09-17 11:43:01;2026-09-17 11:43:01;{EFEAF7A1-E195-47D9-9185-B840A2EED6CA};256
1666;1;8;10;{B7A85E74-734F-43CD-9876-55218E4B8305};"8,9,{C9E061B2-E13D-4E69-9E66-FAE387030D2B};8,9,{958AD992-1D3A-49A6-B835-13AEE5746611};";2026-09-17 11:43:01;2026-09-17 11:43:01;{9E93290F-58C8-490D-B421-FCDECE8AC4EF};256
1667;1;8;9;{E1F3B062-28F5-4DB9-BCEB-E699D0A42F67};"8,10,{A3A75C81-4972-4800-91FF-443AD9CD4CE7};";2026-09-17 11:43:01;2026-09-17 11:43:01;{34B4EDDA-317D-40FF-A2B7-3E5A891C1929};256
1668;1;8;9;{251461AB-542D-4C6A-A228-DEACF83B327D};"8,10,{C463702F-C2CC-414B-AEF4-869F04286203};";2026-09-17 11:43:01;2026-09-17 11:43:01;{D8CDCF2E-C0BD-4E03-84C4-2A924526BD28};256
1669;1;8;10;{95534152-CE54-456D-A405-4E3CD00EC463};"8,9,{59B81E16-EDE9-49F6-9633-92571C60E1DC};";2026-09-17 11:43:01;2026-09-17 11:43:01;{515BBCBB-241E-4949-98A4-F46100361052};256
1670;1;8;10;{328696E3-6521-42B3-8098-62B0572BD30C};"8,9,{A243674A-8E1A-4EB6-BD5F-F19DD2813F33};";2026-09-17 11:43:01;2026-09-17 11:43:01;{7C64E36C-357E-46F8-833D-9D018AD07916};256
1671;1;8;9;{A243674A-8E1A-4EB6-BD5F-F19DD2813F33};"8,10,{328696E3-6521-42B3-8098-62B0572BD30C};";2026-09-17 11:43:01;2026-09-17 11:43:01;{DE1661CD-CAA3-4233-A6DB-C298F5BFD8AF};256
1672;1;8;9;{5B315C41-B602-41C4-A794-0CEDF36E19E8};"8,10,{EAEC4A39-619F-47F3-B0D4-A4D7A8CAAF7B};";2026-09-17 11:43:01;2026-09-17 11:43:01;{9FCA2C28-C6F3-43E5-9763-69CE5F16B8C0};256
1673;1;8;10;{A6F58AB9-DDA6-47CB-88A2-6BEB72E1EF1F};"8,9,{020B96CA-9D81-497A-940A-3F0981F4B640};";2026-09-17 11:43:01;2026-09-17 11:43:01;{848D8EE2-9A18-4A53-8C7D-279F7F99F9FF};256
1674;1;8;9;{D8ADC536-A437-45D3-B4E0-3D7F6EE20729};"8,10,{ADC83B35-E91B-4684-8C30-9853DE6EFC7A};";2026-09-17 11:43:01;2026-09-17 11:43:01;{C0B5B1AA-C250-44B0-BA11-09460A2B6F58};256
1675;1;8;10;{51604B71-9F1F-438A-881C-BF78CE347137};"8,9,{102349A4-F7FF-4FF3-8654-AC8069E42BED};";2026-09-17 11:43:01;2026-09-17 11:43:01;{308E9041-664C-4162-ACEF-368243A6D730};256
1676;1;8;10;{F29DCDA1-D323-4A31-B7E3-2676F0E27A62};"8,9,{6AF8C66E-C092-42BE-97B4-263D9E4F5A36};";2026-09-17 11:43:01;2026-09-17 11:43:01;{B44C4B10-14B1-468B-B8F6-E8D94CB95A4F};256
1677;1;8;10;{CF4916F6-6E07-415C-AE18-3BF41C7F3E58};"8,9,{CB459D9A-37AB-4A69-B31D-FEB3C4E30B3D};";2026-09-17 11:43:01;2026-09-17 11:43:01;{199E1F33-C69F-4E43-9FBE-2048978A8BE6};256
1678;1;8;10;{CCBE8971-FA4B-417A-AFA7-926FE4660CED};"8,9,{F6DC856C-FA87-404E-9E74-6DC73F6C2F30};";2026-09-17 11:43:01;2026-09-17 11:43:01;{36427103-21AE-488D-9EF8-A0ECB1D5923B};256
1679;1;8;9;{0C75ACCB-16EA-44B5-9FC0-3449C8D1FD98};"8,10,{DF726DBE-7E92-446C-8872-336D670F4C61};";2026-09-17 11:43:01;2026-09-17 11:43:01;{590EFAD0-262B-4115-A3FF-9382BF890852};256
1680;1;8;9;{6AF8C66E-C092-42BE-97B4-263D9E4F5A36};"8,10,{F29DCDA1-D323-4A31-B7E3-2676F0E27A62};";2026-09-17 11:43:01;2026-09-17 11:43:01;{DC1D3DF8-69E0-4598-B0A7-AE56CE8825EA};256
1681;1;8;10;{992C4022-C18D-4A4F-8935-29E2BBC12086};"8,9,{5E10CD05-91E7-4C24-A212-10896183F39D};8,9,{044C9E6C-C855-4AA9-96E4-9862E968124B};8,9,{86D511E3-F743-4CC5-8061-8F2819E8C895};8,9,{76D89217-93E3-4056-9C52-C9838F19D78D};8,9,{CDEEB690-7C0F-48D4-A4D6-FECD9E6DF641};8,9,{EFA4151B-452F-4021-BC1C-3D0EAD74737F};8,9,{D30F914C-08C9-4A45-94B5-BE05BD70ED31};8,9,{BCF4C99F-62D1-4867-BA4C-C6955B69612A};8,9,{69897EE8-1439-46DC-8776-FBF914CC06A8};8,9,{FD4F79D3-72EB-4780-8CE7-62BA6E03F8C3};";2026-09-17 11:43:01;2026-09-17 11:43:01;{A7B74C3F-05D1-4C33-80B7-E712EB519AEF};256
1682;1;8;10;{012EC3AD-5162-49B6-8FAD-F8289FEB51F0};"8,9,{F4C03F8D-2858-4C47-B291-DD21C79B1CBF};";2026-09-17 11:43:01;2026-09-17 11:43:01;{468ADB62-8382-4892-A721-0BA09C424A29};256
1683;1;8;9;{90108C24-68B8-468A-91AA-4CDD264E3545};"8,10,{ADBBFF70-F1F8-44A8-89D1-70F0594FB8E0};";2026-09-17 11:43:01;2026-09-17 11:43:01;{7AB8C035-CB41-4CCF-980E-1CA0B645BB90};256
1684;1;8;10;{442A185B-7EE1-452B-896C-14081D43D934};"8,9,{F5F54070-20A2-4BD4-92C3-001AE3555B72};8,9,{CF08AFE1-DB3B-4CDB-993A-999C0E0A309B};8,9,{1F028CAB-875C-46E7-89A8-67DF89771C84};";2026-09-17 11:43:01;2026-09-17 11:43:01;{90E61DD7-3868-4E67-ADA4-922AE089471E};256
1685;1;8;9;{BEE8649A-701C-4574-8961-6448644D0FD2};"8,10,{10D329DB-2582-4C5D-8737-89B14A529A8C};";2026-09-17 11:43:01;2026-09-17 11:43:01;{9A922A8A-E5C3-4073-A936-B67511FC6279};256
1686;1;8;9;{BCD86463-4B17-4AF4-85D8-B5510EB86DB1};"8,10,{A006D9FA-9F17-4677-BEA7-1A514A9060E2};";2026-09-17 11:43:01;2026-09-17 11:43:01;{3E2C1131-473D-40FD-8ED6-8F8D70E4DEDD};256
1687;1;8;9;{DCA6865C-FD52-48F8-A680-26F0C7FD2B82};"8,10,{A7C73E56-158A-470A-8886-05B9188D0FE4};";2026-09-17 11:43:01;2026-09-17 11:43:01;{0BE7A932-6B3A-4D24-BBAC-1A680BB00924};256
1688;1;8;9;{2025C09C-1DB4-44D9-BC9D-44542A111F66};"8,10,{ADC83B35-E91B-4684-8C30-9853DE6EFC7A};";2026-09-17 11:43:01;2026-09-17 11:43:01;{32A13827-BE8B-4012-A594-BDCF0584EAE2};256
1689;1;8;10;{B6A44105-DA45-45D9-B822-3E08AE481DFF};"8,9,{B8DD4AF3-E72A-41BD-979B-4AAA357AA003};";2026-09-17 11:43:01;2026-09-17 11:43:01;{7C3328A6-274E-4800-BFEF-B9509E860992};256
1690;1;8;10;{8093A971-A39F-4832-9583-445A467F9103};"8,9,{8D513922-ADC8-49F3-96D4-54FFB11E5700};8,9,{B44E1A20-91E6-4DDE-B09E-0982F6DE52CB};8,9,{E8BD3D50-F44A-4AB4-BF60-5922B1623E99};8,9,{8680DAE2-2446-4677-9A8E-B0C26D63F6B0};8,9,{8B1C0D07-2A91-4CCE-9CD8-444302E607EB};";2026-09-17 11:43:01;2026-09-17 11:43:01;{AA0B6A24-E905-4C98-BF2A-6E7E46E181F8};256
1691;1;8;9;{8D513922-ADC8-49F3-96D4-54FFB11E5700};"8,10,{8093A971-A39F-4832-9583-445A467F9103};";2026-09-17 11:43:01;2026-09-17 11:43:01;{92DB6AEE-B4E5-4C2D-B322-47E6B9F0CF69};256
1692;1;8;9;{35F4C796-4FF4-479E-B1EA-AE223F2A37D9};"8,10,{8BD85214-C007-4C64-BE9F-5A2C24B6D5E6};";2026-09-17 11:43:01;2026-09-17 11:43:01;{451079AD-1714-4CCD-A3A1-F639A163A0C8};256
1693;1;8;9;{CDFEE095-EDCD-475A-9AA5-BE422AD6A117};"8,10,{88A6BF91-C929-4D8B-9C40-E07D97A5E017};";2026-09-17 11:43:01;2026-09-17 11:43:01;{5D6AE68C-EEF5-48D6-AD78-4BAA965630F1};256
1694;1;8;9;{03A9EC7A-1DF1-4B51-AA4D-17DFC74223F3};"8,10,{ADC83B35-E91B-4684-8C30-9853DE6EFC7A};";2026-09-17 11:43:01;2026-09-17 11:43:01;{3AC2A57E-9F49-4B4C-A6BC-1AB1873A4621};256
1695;1;8;10;{F386582A-D2F7-476D-9A2B-E9EBADB9DB8D};"8,9,{2248AE75-3491-446C-BD7B-5B584576AB7F};";2026-09-17 11:43:01;2026-09-17 11:43:01;{6970A789-D86F-4BF6-A9E3-17783D4070B7};256
1696;1;8;10;{22A72732-6F80-48DC-986D-8776D96CA924};"8,9,{10B4D827-DD22-4BFA-95BC-27E3C6E8A4B3};8,9,{C49509B7-3E64-42A8-9443-90753F15DEE7};8,9,{94CD86EA-8667-4930-AB19-FC953958CF7C};8,9,{65625DD0-72B3-45DB-9B54-C39D968A8E35};";2026-09-17 11:43:01;2026-09-17 11:43:01;{418754E2-A747-4DE6-9241-E28797F25274};256
1697;1;8;10;{76EB2A18-3101-4D99-9B3C-9F032097524B};"8,9,{51085C81-1C03-4148-9C93-35777AAE40F6};";2026-09-17 11:43:01;2026-09-17 11:43:01;{7AD6038E-BC51-4571-9232-F140AFD1FDD8};256
1698;1;8;9;{95D6A861-2D80-4F9F-9A5A-532AB9403C34};"8,10,{C34E86E2-063A-4959-81AF-1F9EEEBD78ED};";2026-09-17 11:43:01;2026-09-17 11:43:01;{C782A90A-EF2E-4432-B2D9-6E7085ACA913};256
1699;1;8;10;{46EE7202-CF0E-4B8C-8122-124962C29ACF};"8,9,{6A16ED76-855F-4070-8064-C1171725CF57};8,9,{D80A7F01-7D5D-49F7-9449-1C80073EB8F7};";2026-09-17 11:43:01;2026-09-17 11:43:01;{022E64A9-CE07-4338-826A-41ED5D3A4A6D};256
1700;1;8;9;{1A689CBC-DAC2-4189-A4C8-2B235FB75A64};"8,10,{F891A746-2195-429B-9F8A-14468B09AB2D};";2026-09-17 11:43:01;2026-09-17 11:43:01;{1841BE75-51DE-46F5-ABA2-A01728029CFE};256
1701;1;8;9;{6A16ED76-855F-4070-8064-C1171725CF57};"8,10,{46EE7202-CF0E-4B8C-8122-124962C29ACF};";2026-09-17 11:43:01;2026-09-17 11:43:01;{B7762CA4-660E-4D5F-B51F-107C6DE479E1};256
1702;1;8;9;{79DD4D1E-ED2A-40C7-A1EB-8B9874138988};"8,10,{887146E4-AC65-40F0-84B6-7880869B56A0};";2026-09-17 11:43:01;2026-09-17 11:43:01;{6248C204-DBE9-4D07-A590-BD30C418F4F1};256
1703;1;8;10;{E4200965-4CB6-4F7F-B7B9-4DB4AD9AA1FA};"8,9,{05CCAAED-F55D-4E74-AC50-9EC9A999C31E};";2026-09-17 11:43:01;2026-09-17 11:43:01;{933DE760-F3FC-4E11-A4DD-EF84BB9B9A9A};256
1704;1;8;9;{BEB5783A-517E-4E5E-964C-ED8E8B029384};"8,10,{18C4D6FF-3971-48AA-8DBE-8E0AAB10618C};";2026-09-17 11:43:01;2026-09-17 11:43:01;{2B0049E9-4145-479D-BC96-81E10120F85D};256
1705;1;8;9;{83712D33-5040-4F4E-B925-37719B63EF9D};"8,10,{9F9DE59E-933E-4B25-A590-9B5AFE5A8523};";2026-09-17 11:43:01;2026-09-17 11:43:01;{128D6DCF-20FE-4F93-8060-3D713CA41204};256
1706;1;8;10;{1C0D7F64-B633-4959-97FF-05EE59316117};"8,9,{9A646C06-7C7A-4FD6-BCDD-8C86CE6309F1};8,9,{C2F0BD8E-BE39-47E3-AE74-3AC1BC396641};";2026-09-17 11:43:01;2026-09-17 11:43:01;{EAFA6301-85A2-4B3E-9814-3C0981663A48};256
1707;1;8;9;{58B7D254-68C1-420C-8E2C-BF9F3EE32590};"8,10,{9F9DE59E-933E-4B25-A590-9B5AFE5A8523};";2026-09-17 11:43:01;2026-09-17 11:43:01;{B0567172-2B9D-42B0-9A8F-23FA25533930};256
1708;1;8;9;{B44E1A20-91E6-4DDE-B09E-0982F6DE52CB};"8,10,{8093A971-A39F-4832-9583-445A467F9103};";2026-09-17 11:43:01;2026-09-17 11:43:01;{AFC8A1A5-B521-4AD0-878D-B2E6E5DC2407};256
1709;1;8;9;{812E616E-2DC2-450C-82D0-69CC6595BA43};"8,10,{5DF7D643-FE2C-44DA-9F46-2BDA5CA25A3B};";2026-09-17 11:43:01;2026-09-17 11:43:01;{CB32FFE9-D1E7-4BAB-8EF2-24B442CD989A};256
1710;1;8;10;{3D54150F-0CD1-4100-8BCB-4C566EDE902E};"8,9,{31090A93-EEA6-4AFF-8D3B-8A9CF44660A9};8,9,{AFF02A81-81C1-4B8F-807A-D8AE1B957859};";2026-09-17 11:43:01;2026-09-17 11:43:01;{18682ED0-95E3-48CF-A0FC-3E7E5EE23791};256
1711;1;8;9;{D80CB979-FB49-4555-9578-74E55C06510D};"8,10,{4FB869BB-B1F0-437B-A917-E61608D68654};";2026-09-17 11:43:01;2026-09-17 11:43:01;{892881C7-6096-40AD-B4A5-4998DD6AB48C};256
1712;1;8;10;{AD5FD97E-CFC1-45E9-A262-9537643C3AB6};"8,9,{D78F26B5-C0A4-4BC6-A6C7-C3F3834A2C8E};";2026-09-17 11:43:01;2026-09-17 11:43:01;{004634EC-6148-4882-85A6-907046403AAA};256
1713;1;8;10;{71665BAE-E428-4FCA-AD21-50BEE07E2C41};"8,9,{AED38A40-FA86-48DE-BC7E-E0E5537D9EAF};8,9,{60F830EA-90BD-4B55-B1B2-AE9E69DB234B};";2026-09-17 11:43:01;2026-09-17 11:43:01;{CD3CCD36-6BAE-474D-92FC-E8147D1ABFBA};256
1714;1;8;9;{39E8F82D-A840-4CA7-B24F-13D4E54A0CAF};"8,10,{47E226FE-7E04-488D-BDA9-85B50B09DFC6};";2026-09-17 11:43:01;2026-09-17 11:43:01;{487C99C3-F79B-462D-9310-4D740F912AC7};256
1715;1;8;10;{EA9065D6-A756-49A7-B7E8-BEA370F94E54};"8,9,{19835CCC-5F80-4349-8251-CE9C2E0839B6};8,9,{8518DDD2-1F01-4756-B1E2-17E538CB7196};8,9,{E24EA5DD-C866-40D5-9BCA-0D8DE639724E};8,9,{54EEBD24-09AD-4847-A3AE-C205557FC9F8};";2026-09-17 11:43:01;2026-09-17 11:43:01;{EA505E3D-063D-4D9B-8CBF-2B978CD67D8D};256
1716;1;8;9;{F65EC3E0-0C58-4F2A-83EA-9432CB597BEF};"8,10,{41049386-0B8E-4425-9F87-03B4952A4655};";2026-09-17 11:43:01;2026-09-17 11:43:01;{1E024AF3-CCFC-464A-9D99-81F7C196E8A5};256
1717;1;8;9;{8680DAE2-2446-4677-9A8E-B0C26D63F6B0};"8,10,{8093A971-A39F-4832-9583-445A467F9103};";2026-09-17 11:43:01;2026-09-17 11:43:01;{37EF703F-F2E2-415D-BB37-9CD1012B1B7A};256
1718;1;8;9;{958AD992-1D3A-49A6-B835-13AEE5746611};"8,10,{B7A85E74-734F-43CD-9876-55218E4B8305};";2026-09-17 11:43:01;2026-09-17 11:43:01;{BCD77B9C-46B4-4003-9E5F-D0E1598820E3};256
1719;1;8;9;{3A8CE4C9-08DC-47B2-A221-3634CDFCF1DD};"8,10,{8B848F9A-48A2-4C9F-89BD-D7DEA296F790};";2026-09-17 11:43:01;2026-09-17 11:43:01;{4B07F931-1404-4796-B2D4-48C30D46546C};256
1720;1;8;9;{7664EF27-4822-4C7F-92E8-679BEF93C7FE};"8,10,{90D6667C-1BAB-4BD3-B3B4-F0F813F30011};";2026-09-17 11:43:01;2026-09-17 11:43:01;{A3C1C857-EDFD-4639-9AC4-966EE4A5FDEC};256
1721;1;8;9;{F379C10F-6971-467B-B5AE-998CD5AD84D2};"8,10,{937903EF-ED02-4E3B-BB6C-EE937F127AD0};";2026-09-17 11:43:01;2026-09-17 11:43:01;{9CF10D31-6A86-406B-B928-45EB1E4FEA3D};256
1722;1;8;9;{D423BAAA-97FB-4DC9-BBAE-981EA54061C5};"8,10,{207B73E2-D823-485A-90FD-CC3DFE5E572E};";2026-09-17 11:43:01;2026-09-17 11:43:01;{28A131BE-FEEF-4CE7-8D32-7487ADC0500A};256
1723;1;8;9;{8C52F643-BB1C-49CC-A0BA-B88C5FC76D29};"8,10,{AE36C859-D9CC-45DE-A7F6-C1E12CA4F3B1};";2026-09-17 11:43:01;2026-09-17 11:43:01;{EF0C2044-2845-4581-8195-1DA77BE38E55};256
1724;1;8;9;{94CD86EA-8667-4930-AB19-FC953958CF7C};"8,10,{22A72732-6F80-48DC-986D-8776D96CA924};";2026-09-17 11:43:01;2026-09-17 11:43:01;{D3905AAC-10A4-4BFB-801C-34F60015AE51};256
1725;1;8;9;{447F64B9-2F56-4B8F-8A11-116C7FCE3590};"8,10,{A80DD8E7-040A-43EC-B3E8-A3EE14F58259};";2026-09-17 11:43:01;2026-09-17 11:43:01;{EA6AB64D-9904-4C93-88EE-00AE0FABA50E};256
1726;1;8;10;{440C1283-6DE1-4463-9C22-CCB74ABA95E1};"8,9,{F373080B-249D-4051-8DCA-C8DEC9ACDA1B};8,9,{28B30729-873D-4F7D-82F8-4CFCD476ECF4};8,9,{2371245C-2E8E-4817-A396-A484E7621FD2};";2026-09-17 11:43:01;2026-09-17 11:43:01;{A0EE68B3-4CFF-45B8-86B1-11C7A6344EB4};256
1727;1;8;9;{D80A7F01-7D5D-49F7-9449-1C80073EB8F7};"8,10,{46EE7202-CF0E-4B8C-8122-124962C29ACF};";2026-09-17 11:43:01;2026-09-17 11:43:01;{86D404A9-3689-4B27-BDA6-A91CB068876A};256
1728;1;8;9;{558EEA44-498C-4C92-9F43-4976168F05D7};"8,10,{1A11E449-32DB-4F96-BAD2-26EFDCFE8725};";2026-09-17 11:43:01;2026-09-17 11:43:01;{FBC27462-EA08-44D7-9BB9-7DC4B48F8191};256
1729;1;8;9;{94EF2CD7-899E-4B6D-8F2A-E77C0ADE6BC7};"8,10,{8C146565-12DA-4121-9175-DBDD3C71513B};";2026-09-17 11:43:01;2026-09-17 11:43:01;{AC4EE6EC-4E8C-46D6-9BD2-8B95F2FDBD12};256
1730;1;8;9;{E8BD3D50-F44A-4AB4-BF60-5922B1623E99};"8,10,{8093A971-A39F-4832-9583-445A467F9103};";2026-09-17 11:43:01;2026-09-17 11:43:01;{E6D8DC5E-4DB7-4DE1-BF35-76EA304EAC77};256
1731;1;8;9;{4D69E91E-18C6-46DE-897A-528C01A781BD};"8,10,{94CDCFA4-FFE8-440D-A904-4C56D98F1F3C};";2026-09-17 11:43:01;2026-09-17 11:43:01;{3D9156DE-BB18-4315-80C7-38E03C9F4570};256
1732;1;8;9;{0F94A06F-A050-4FBB-A274-D7600D3E40A9};"8,10,{2EFD62AA-7741-4205-9541-3F4D403831A6};";2026-09-17 11:43:01;2026-09-17 11:43:01;{032F804E-05B9-4264-9867-4A6DB6D17E25};256
1733;1;8;10;{7EB338A3-0CF2-47B6-BE33-4663129BE968};"8,9,{D54B5792-D67C-4F48-89D8-BC538DAD81F0};";2026-09-17 11:43:01;2026-09-17 11:43:01;{2B66A8BE-A4A6-4E2D-AF8A-B1CA5A56C453};256
1734;1;8;10;{4A3C781B-129C-4D34-8ED8-F490BED97057};"8,9,{750A9CD1-3A11-4DEA-AAE3-BBCFE34D146B};";2026-09-17 11:43:01;2026-09-17 11:43:01;{E3029795-14CF-40BD-9B90-EB8BB27DE77E};256
1735;1;8;10;{0AB26A90-D2C4-496A-8457-431BF2D117F1};"8,9,{04CCBCB9-7F5F-421F-9BB5-F1C652D86982};8,9,{90AAA7BC-FCE3-4DA3-9C1C-BAF95EA6687D};8,9,{39012DE9-62B7-4483-8508-E56334BDED09};";2026-09-17 11:43:01;2026-09-17 11:43:01;{C22941CC-B477-4EE6-840F-FE6953D014B1};256
1736;1;8;9;{286DA770-1903-4459-886B-31B7F315A022};"8,10,{AF225CCA-5F50-4D02-855D-FF2F51300409};";2026-09-17 11:43:01;2026-09-17 11:43:01;{A1FE8B6D-CC23-4B5C-BB2D-767FF0CCCF40};256
1737;1;8;9;{857E0D0B-9AF6-4E12-A5A2-A7812A370312};"8,10,{68F85214-3B80-4611-B04D-299DD714C7D8};";2026-09-17 11:43:01;2026-09-17 11:43:01;{8465EDD4-8C37-4967-AE7B-D0B6CD3A5192};256
1738;1;8;10;{2831D5C6-91FC-46E2-9209-AD37D767842F};"8,9,{C078EE4B-6C23-4670-921B-2BEF3C32085E};";2026-09-17 11:43:01;2026-09-17 11:43:01;{FAB49AC8-E715-4B21-83E8-B8659D014954};256
1739;1;8;9;{1B8D791F-F1B8-4A1D-9884-E58A1AAD2309};"8,10,{14D44528-37D9-488D-9EB9-72EA413BC259};";2026-09-17 11:43:01;2026-09-17 11:43:01;{0597E296-6E65-415D-914E-9305640D5CD4};256
1740;1;8;9;{4DCE73D2-F042-4C2E-859C-B1351F371CF7};"8,10,{36F78461-82F2-402C-917F-451F1DE09C91};";2026-09-17 11:43:01;2026-09-17 11:43:01;{790FB0C5-5C19-4537-8F35-B05F65CCD420};256
1741;1;8;10;{CBBAB60B-DA2B-430A-9F16-9222DC1FE6A8};"8,9,{D7B016BF-FD98-4962-A655-F7258D95DC99};";2026-09-17 11:43:01;2026-09-17 11:43:01;{503067AA-4242-4613-A52F-525DF6947AA2};256
1742;1;8;9;{2853FE60-28B4-4BDF-94B9-B5641827A616};"8,10,{8DF79DD3-7F12-44EB-A785-08FC3F589DD7};";2026-09-17 11:43:01;2026-09-17 11:43:01;{14ED4319-47E7-40C8-9293-B92C542BF8BB};256
1743;1;8;9;{383CFD80-CFFD-40F1-975F-A467DF83A6D8};"8,10,{9549D1B9-6C3A-4E2A-BB7D-66A0615549B8};";2026-09-17 11:43:01;2026-09-17 11:43:01;{9E102F27-AA21-43FD-99B7-10EDA172CB73};256
1744;1;8;9;{FF831ACB-D95C-4768-8B7D-162650AB870A};"8,10,{ADE50D1B-7985-4394-965F-86FB06888AFC};";2026-09-17 11:43:01;2026-09-17 11:43:01;{2BEAA6C0-ECA5-4D29-9B86-7E076C3FD890};256
1745;1;8;9;{613D2F42-83C5-4233-AB9B-E8D8D94C96D8};"8,10,{24F00D40-DC8E-47D5-A248-67B169B8EEA5};";2026-09-17 11:43:01;2026-09-17 11:43:01;{CBA0EF93-059F-4044-A053-A1E01B098C75};256
1746;1;8;9;{F3F34AD7-1CEB-4425-80EF-CD0473F09907};"8,10,{1C3BE44B-0603-4F15-ABD8-94AB12231B82};";2026-09-17 11:43:01;2026-09-17 11:43:01;{03E8FD63-CD1D-4D1C-BD44-481910F011AA};256
1747;1;8;9;{0DCF5FF2-BBAB-4908-A392-BB6178BE200F};"8,10,{CA2A97D5-A888-4C12-8B5B-101B02FD4526};";2026-09-17 11:43:01;2026-09-17 11:43:01;{60860663-7221-4C98-9379-96F69AA3C9B2};256
1748;1;8;9;{47365C61-95DD-4A0C-9322-2236791F0F98};"8,10,{935F8064-1F5E-4A05-9BC7-9A315409A161};";2026-09-17 11:43:01;2026-09-17 11:43:01;{C9EBD2E1-EDB6-401E-B715-1E2E2AA1623F};256
1749;1;8;10;{A71A3131-93A0-47B3-8387-B2436EC86677};"8,9,{869F210B-317E-4B46-A057-8A9ABB8E1A6F};";2026-09-17 11:43:01;2026-09-17 11:43:01;{311DCF1F-58BF-4A49-827F-38E7953F7A6D};256
1750;1;8;9;{83D5B677-55E1-40A6-B1E5-36C4C51BCF24};"8,10,{E8B25EAD-C71D-46B9-8D1C-A639FBF4397C};";2026-09-17 11:43:01;2026-09-17 11:43:01;{F194BF00-FF21-427B-8698-FADE831E90CB};256
1751;1;8;9;{1306BAAE-B11F-4068-8C24-E8881E28A4E4};"8,10,{92B59A8E-8745-4673-9F7B-56F5360D20B6};";2026-09-17 11:43:01;2026-09-17 11:43:01;{B8450D75-B6CE-4BF5-8555-DB609D7287AF};256
1752;1;8;9;{869F210B-317E-4B46-A057-8A9ABB8E1A6F};"8,10,{A71A3131-93A0-47B3-8387-B2436EC86677};";2026-09-17 11:43:01;2026-09-17 11:43:01;{369EC626-1294-4CB7-BBF3-BA725414EF53};256
1753;1;8;9;{FD344836-96A6-44A2-8E89-A5A678B12320};"8,10,{A4F00351-B394-4FD9-9CB0-9762BA760692};";2026-09-17 11:43:01;2026-09-17 11:43:01;{E298059A-A404-401E-AE92-EC501BF42DDF};256
1754;1;8;9;{1AD5C5AB-930D-4946-BEF5-364B07E47059};"8,10,{3AE25539-46E2-460C-B176-54306E7BFF18};";2026-09-17 11:43:01;2026-09-17 11:43:01;{67827AB1-6085-4171-AC78-19A36B32D589};256
1755;1;8;9;{C2EA7F0E-0E38-43E7-854B-B89D725D555D};"8,10,{C484BB39-79FE-4E4C-A8E5-2871C88871BB};";2026-09-17 11:43:01;2026-09-17 11:43:01;{6CA79A5E-F882-4BFB-A821-C022EFA8D9DB};256
1756;1;8;9;{76D89217-93E3-4056-9C52-C9838F19D78D};"8,10,{992C4022-C18D-4A4F-8935-29E2BBC12086};";2026-09-17 11:43:01;2026-09-17 11:43:01;{2912F950-E24D-47F2-8066-ECF36F421893};256
1757;1;8;9;{21A6FFEA-122C-4592-BE9B-57C7904EFAB4};"8,10,{09D25362-04F4-407B-AE9F-ADD45DACC8BE};";2026-09-17 11:43:01;2026-09-17 11:43:01;{C290DF8D-5E3B-40C7-A54C-31CC418B8553};256
1758;1;8;9;{0EAA31B3-C2F9-4CCA-B9BF-4D73090598B1};"8,10,{80EC4D59-4B73-4DE3-BA9A-58177BF93F25};";2026-09-17 11:43:01;2026-09-17 11:43:01;{8F1AC890-68C3-4BF9-91B1-062E66C06EB4};256
1759;1;8;10;{F9F9742B-4214-4DF3-BC97-019FEA308D10};"8,9,{DDC1DB0A-4B75-4844-A3B8-3ED4805B8476};";2026-09-17 11:43:01;2026-09-17 11:43:01;{EC624A2A-D5BF-4B8F-B8F1-69CE00BD5E19};256
1760;1;8;9;{D76D2F4F-6454-47A4-A20A-2F7DE63B8E22};"8,10,{85D685B1-A12F-4E03-AABF-8F3A366553C0};";2026-09-17 11:43:01;2026-09-17 11:43:01;{BC2054DD-D27E-485C-8EBD-BC4D24377CCB};256
1761;1;8;10;{5E5E6F01-6C08-4709-A259-D072389AFDC1};"8,9,{78BDCC63-DE98-4988-B796-F12A3AE8E1F0};";2026-09-17 11:43:01;2026-09-17 11:43:01;{D44557B9-D065-453F-8AA9-4148A6CA29D3};256
1762;1;8;10;{53AA8ADD-863A-4EC5-B454-713207226D78};"8,9,{522E5CE2-E6E1-4F57-91CF-A0CCE5AFC93F};";2026-09-17 11:43:01;2026-09-17 11:43:01;{49F140DB-FE44-45EB-A979-DE978E9B0B1B};256
1763;1;8;9;{D32B3418-13B2-4040-9CCE-F918FFE6A438};"8,10,{DF726DBE-7E92-446C-8872-336D670F4C61};";2026-09-17 11:43:01;2026-09-17 11:43:01;{1433F96C-18DA-40CB-B04F-6176E7A29FC6};256
1764;1;8;10;{BA997DB9-858B-4982-9AF0-1EACFAB5805B};"8,9,{645BBEFE-6D31-4EA2-83BF-76070B7771E5};";2026-09-17 11:43:01;2026-09-17 11:43:01;{50DA2BBC-2FA5-420A-8156-5BAF52913C44};256
1765;1;8;10;{F3AFA5E0-C80B-4950-9F6C-033BEF3708B1};"8,9,{09A287E5-AE75-4E1C-9576-995F62796615};";2026-09-17 11:43:01;2026-09-17 11:43:01;{18BF99E2-A29D-434F-92B9-7D72E0EDEBDB};256
1766;1;8;9;{67645607-423A-4B36-AAFC-3106C18E7B93};"8,10,{EC8B4997-17AE-4724-ABDE-56E653CDC910};";2026-09-17 11:43:01;2026-09-17 11:43:01;{F7C7B0F9-5A5B-41E1-8DD8-0E97C79ECFCC};256
1767;1;8;10;{584876DF-2BEB-4998-9A39-CFCE41E9C793};"8,9,{6044F8C4-C1A3-432B-AA8E-B67FEFE210D2};";2026-09-17 11:43:01;2026-09-17 11:43:01;{5AE9EA7B-3396-481D-8387-B891613C5CAA};256
1768;1;8;9;{A9125F32-7947-4003-B801-54EB0DF05BE5};"8,10,{DE806D30-1932-4D5C-82A1-C2C913BA09CB};";2026-09-17 11:43:01;2026-09-17 11:43:01;{0A36E1B1-E9A7-4415-BFF7-88EA77DEB8E7};256
1769;1;8;9;{8B1C0D07-2A91-4CCE-9CD8-444302E607EB};"8,10,{8093A971-A39F-4832-9583-445A467F9103};";2026-09-17 11:43:01;2026-09-17 11:43:01;{67001F4B-228E-4DDE-97F0-5D51C74121F4};256
1770;1;8;9;{DBDDCDBE-658C-4B68-8102-4888D36D9EE2};"8,10,{0D5C7308-953C-4542-ABFB-16C04C4534ED};";2026-09-17 11:43:01;2026-09-17 11:43:01;{BB924050-A870-40E1-A914-33B09544D763};256
1771;1;8;10;{77C8F802-AA89-4EAE-97F0-02C35D754898};"8,9,{DAF72ACB-B995-4D66-BB9A-405C35E3C1B8};8,9,{C79420A0-5CE4-4C0C-89E0-98BB45CFA4BA};8,9,{C6923585-BAC0-4DBF-87B8-277397F145DA};";2026-09-17 11:43:01;2026-09-17 11:43:01;{2013D0FF-BBEC-404A-B992-F8A27A269B57};256
1772;1;8;9;{C79420A0-5CE4-4C0C-89E0-98BB45CFA4BA};"8,10,{77C8F802-AA89-4EAE-97F0-02C35D754898};";2026-09-17 11:43:01;2026-09-17 11:43:01;{42144A22-FD08-4589-839A-4940C24D14BC};256
1773;1;8;10;{B15C7325-C7F7-4B7E-8D1F-07A1BC82CF83};"8,9,{69DA5524-C602-4627-BE32-A0B3C4ED46F2};";2026-09-17 11:43:01;2026-09-17 11:43:01;{37369FFB-EA51-4BE6-8065-2F4A4A391BBF};256
1774;1;8;10;{7FD2EC83-4C4A-44D0-ABBC-57A1E20E1A8B};"8,9,{4EE64E00-4FB4-4C0A-B76D-0D9D5816E2A5};";2026-09-17 11:43:01;2026-09-17 11:43:01;{B1DA9C0B-57C0-44A6-83FC-57B6F1DB4827};256
1775;1;8;10;{A5C30FA8-C93C-4D8C-8136-CEE674521E8B};"8,9,{DABC385E-3DF3-4133-8BB3-21B6009325B5};";2026-09-17 11:43:01;2026-09-17 11:43:01;{74BF1887-56CB-4129-9560-DFCEA607D3F0};256
1776;1;8;9;{4EE64E00-4FB4-4C0A-B76D-0D9D5816E2A5};"8,10,{7FD2EC83-4C4A-44D0-ABBC-57A1E20E1A8B};";2026-09-17 11:43:01;2026-09-17 11:43:01;{4CD0588C-E79C-4C3D-83C3-9744272A00D4};256
1777;1;8;10;{5A73A067-ACBC-4BA9-B8C4-2CE7AD711ADA};"8,9,{8B8088DA-5DE9-4CF5-9A43-91085B8E9E80};";2026-09-17 11:43:01;2026-09-17 11:43:01;{2B3839CC-6F60-47BD-9E4B-46219CF1A43B};256
1778;1;8;9;{AEB0C03F-970E-4B8D-A88E-D5F88D39C6A6};"8,10,{8DF79DD3-7F12-44EB-A785-08FC3F589DD7};";2026-09-17 11:43:01;2026-09-17 11:43:01;{79E8F48D-72A7-4D8D-80B3-8973E88B0967};256
1779;1;8;10;{35B13F48-8928-44A6-B954-D7DBA41B1BFA};"8,9,{B7743462-C60D-4A62-BD46-DB70F488FE1B};8,9,{08614166-12E2-421B-9DB1-A99AADC9E91E};";2026-09-17 11:43:01;2026-09-17 11:43:01;{218EB6A8-ED45-453D-8350-93F8C2148528};256
1780;1;8;10;{DF826D24-45D8-48A1-8B2C-C1E945D30407};"8,9,{BA4B3501-84BD-4773-9137-6673D81EA1F7};";2026-09-17 11:43:01;2026-09-17 11:43:01;{94F05067-A75D-47E6-AA25-162DC938112A};256
1781;1;8;9;{BA4B3501-84BD-4773-9137-6673D81EA1F7};"8,10,{DF826D24-45D8-48A1-8B2C-C1E945D30407};";2026-09-17 11:43:01;2026-09-17 11:43:01;{DED21F2C-04CD-4E3E-9E4A-1149D73CD862};256
1782;1;8;10;{92CDFDAD-BA0D-4B6A-A12A-3DF5A1C9C5F1};"8,9,{05C0DDE5-F704-4AF4-A225-67CDB736A52A};8,9,{6A0217E8-9093-4437-8918-AD926F261806};";2026-09-17 11:43:01;2026-09-17 11:43:01;{FC2124F5-9B6B-48AC-AA33-2E94BED09D53};256
1783;1;8;10;{9C280B7B-DAD9-493A-9A90-7B382316A577};"8,9,{D810DCB5-0D0B-4A1C-B3C8-9593D4BF8442};8,9,{F24ACDEC-8559-456B-889A-94391A143F69};8,9,{16023589-F733-4E2E-9C9B-EC4DC22CB38E};8,9,{0EA0DC40-3566-4E78-BC2B-9CF25D3E81FE};8,9,{86C1FCB3-7DCC-4625-9566-8BE6D4C025D3};8,9,{4D85D37F-BBDA-4975-BFB7-1852CFC6503B};8,9,{AE65F223-E57F-4652-8885-2456F22A544E};";2026-09-17 11:43:01;2026-09-17 11:43:01;{C3C34E2E-9288-4D48-9E68-C68AADB95257};256
1784;1;8;10;{998406F2-686B-4402-941F-010EAEB6D8C6};"8,9,{678CBDD1-5CD4-424C-9C65-F1ADD5FC5E4E};";2026-09-17 11:43:01;2026-09-17 11:43:01;{E23EF724-B56B-464E-9988-63BA1B768297};256
1785;1;8;9;{D128E255-A969-40E3-8B08-6C51688E7080};"8,10,{DF726DBE-7E92-446C-8872-336D670F4C61};";2026-09-17 11:43:01;2026-09-17 11:43:01;{76D8724F-57FE-4291-9BE4-9AC640CF28D3};256
1786;1;8;9;{38E5DE6C-D47E-4C88-95CA-480E983281D2};"8,10,{E19C03E9-4E55-43B9-BD9B-6AA04140CEC7};";2026-09-17 11:43:01;2026-09-17 11:43:01;{1DC9D91E-D700-4E91-9D90-6E00EA7C14D0};256
1787;1;8;10;{492F1120-17B3-4AC4-A3A5-74BDF3217E7C};"8,9,{62C95D22-E417-4C43-8337-0CD9F05E19EC};";2026-09-17 11:43:01;2026-09-17 11:43:01;{008C44B7-C0AC-49E9-A528-0CA77CF4A38E};256
1788;1;8;10;{46B013A0-FE79-4260-A8BE-656DBA033E4D};"8,9,{F1649834-7FF6-4C4D-8764-E970FD5B2028};8,9,{4336093B-840E-4015-BD39-24A3C5FAB2C6};";2026-09-17 11:43:01;2026-09-17 11:43:01;{4BBF8E19-F227-40AE-986C-40365A91E3D1};256
1789;1;8;9;{62C95D22-E417-4C43-8337-0CD9F05E19EC};"8,10,{492F1120-17B3-4AC4-A3A5-74BDF3217E7C};";2026-09-17 11:43:01;2026-09-17 11:43:01;{593A2010-2923-4AEC-899F-AD2EA49FAE47};256
1790;1;8;9;{16712FA6-6F31-4FAA-8E05-22E74FF8B057};"8,10,{39329179-FC9F-4677-85C9-D9843C749DFA};";2026-09-17 11:43:01;2026-09-17 11:43:01;{DE4EA6C3-E1E6-454B-8EAC-C563982BDD41};256
1791;1;8;9;{F00CDE13-2407-4666-B4D9-692B1E15B02E};"8,10,{F97D5F08-81B5-413F-812A-F0344ACA939A};";2026-09-17 11:43:01;2026-09-17 11:43:01;{4A1A4247-CC63-47A2-A757-2792FCCC80D7};256
1792;1;8;9;{A8DCFE8F-D540-461E-ADE0-360156D833CA};"8,10,{3060CF88-E2AF-45F7-B93F-04244DD450C1};";2026-09-17 11:43:01;2026-09-17 11:43:01;{B8C16C59-1514-461B-A303-8843E07FD16D};256
1793;1;8;10;{6145E2C7-A183-48E4-9C57-737A13557BBA};"8,9,{559E1F72-D74E-44DB-8AC4-F0DFCBE982DB};8,9,{4082932A-91A4-4662-91E9-CBDC1F6140A9};";2026-09-17 11:43:01;2026-09-17 11:43:01;{45628D2F-C5E3-4726-B562-AA3F888CE76C};256
1794;1;8;9;{9B48411C-1C47-4339-8C98-BA35863C01BC};"8,10,{14391FA5-6899-4E1C-A7BB-22D9F10B4843};";2026-09-17 11:43:01;2026-09-17 11:43:01;{F53F8E58-E28B-42C8-A8AA-8CEC7C6C05A9};256
1795;1;8;10;{A925992E-BA9A-4BDD-9D2B-E5E418E7096A};"8,9,{6F7144C9-32C1-483C-9E8B-1A056BE92CC8};8,9,{8E7BFE36-7370-4118-848A-F44005FBD162};8,9,{92A18315-C5E6-4F74-B75F-51B5C0D45362};";2026-09-17 11:43:01;2026-09-17 11:43:01;{DA4D6102-0D61-4771-BAEF-46D1BA024C07};256
1796;1;8;10;{8F12A051-8800-4841-8CBC-6B675578E03D};"8,9,{21502ECA-7F3B-45C3-A713-C4A36141BE52};";2026-09-17 11:43:01;2026-09-17 11:43:01;{D3C77EFB-C9F9-4445-BCD9-4AFFA51631AD};256
1797;1;8;10;{25A93D25-2884-4562-A648-4A9252B9356A};"8,9,{A203EE31-BD5E-4793-A949-94B994C9FEAB};";2026-09-17 11:43:01;2026-09-17 11:43:01;{116AE33F-F7EE-402A-9928-519C3C821423};256
1798;1;8;9;{BBDDAECE-0B0E-4EB1-B1FF-38866C19C952};"8,10,{B2AC4C1E-B331-41F9-832D-2386DFF26EDA};";2026-09-17 11:43:01;2026-09-17 11:43:01;{D6186117-EBE1-4B0F-A744-7DD8E132D0F7};256
1799;1;8;9;{C8DB04C5-139F-44AF-B0DA-485F58FA2D47};"8,10,{903E161B-2EF5-43A6-A2C2-0C21E2EE376E};";2026-09-17 11:43:01;2026-09-17 11:43:01;{8A13F9F4-4A26-4585-94A4-09A19C8BEA2B};256
1800;1;8;10;{EB7A4259-18EF-4862-BC84-5CFE3CC0345A};"8,9,{94D01ED7-FFB5-4D7E-BCA7-DC6050CBF94F};";2026-09-17 11:43:01;2026-09-17 11:43:01;{FD58CFC8-1C91-4608-ACBE-961C71787395};256
1801;1;8;9;{B9EEA7CA-C68E-4D9B-8935-DB9C4E31A130};"8,10,{AF225CCA-5F50-4D02-855D-FF2F51300409};";2026-09-17 11:43:01;2026-09-17 11:43:01;{81815B46-2886-4386-BE16-A893DEB693AE};256
1802;1;8;9;{78498F4B-6432-4D6E-AEAA-3C4B3D265A44};"8,10,{848F1984-E5D0-4FE6-8200-32D4FD7A24E3};";2026-09-17 11:43:01;2026-09-17 11:43:01;{044E7E66-4A6F-4A13-8BE6-7F2A1A86E294};256
1803;1;8;9;{806813E6-06D9-4DCA-B1C7-27C3877469FF};"8,10,{AED6E68A-5A71-4094-9D69-38867C013205};";2026-09-17 11:43:01;2026-09-17 11:43:01;{7CF97613-26D9-461C-B802-21C064EE2891};256
1804;1;8;10;{7C62351B-D024-4FDF-BDBF-34D7F3EE0B17};"8,9,{A7E01D35-91F9-4420-B415-E1336D3CE3A5};";2026-09-17 11:43:01;2026-09-17 11:43:01;{3B84F921-68A2-4A6A-9CC7-83AECE78497D};256
1805;1;8;9;{3F01198D-5A32-43F0-B605-33039649F0AE};"8,10,{35331FC3-60AF-46A6-BE31-AC05F9A38235};";2026-09-17 11:43:01;2026-09-17 11:43:01;{97E45F0A-F5E7-41C5-BAAE-25B02A746681};256
1806;1;8;9;{CEAA251A-AA55-4FEF-A914-4DBE924ACB26};"8,10,{875636EE-BF39-4CC1-9AA0-6E44AD762EF2};";2026-09-17 11:43:01;2026-09-17 11:43:01;{50D704ED-C5C7-443E-AB73-A1DF433E4461};256
1807;1;8;9;{05C0DDE5-F704-4AF4-A225-67CDB736A52A};"8,10,{92CDFDAD-BA0D-4B6A-A12A-3DF5A1C9C5F1};";2026-09-17 11:43:01;2026-09-17 11:43:01;{4702E746-CFFF-4A1C-AE12-1C4B521F2F88};256
1808;1;8;9;{2C16D0F9-BD73-4BEC-90BE-75897147132E};"8,10,{BA01F7F3-BCCA-479A-8906-2F06583BFA5A};";2026-09-17 11:43:01;2026-09-17 11:43:01;{A9C4E691-83A2-4015-882C-86C018807306};256
1809;1;8;9;{BAB2560F-08FC-4D6C-8C63-840C418AF858};"8,10,{DE806D30-1932-4D5C-82A1-C2C913BA09CB};";2026-09-17 11:43:01;2026-09-17 11:43:01;{6AFF39B9-CB7A-419C-A4C6-336A2B174A79};256
1810;1;8;9;{0443093F-2139-473A-A811-79F771E9E3C1};"8,10,{35331FC3-60AF-46A6-BE31-AC05F9A38235};";2026-09-17 11:43:01;2026-09-17 11:43:01;{BF184D22-E23C-4D7A-99D1-F8A4F1D1DE27};256
1811;1;8;10;{BDF0CEBE-6C09-44A3-AD3B-D07880F630B6};"8,9,{426894E1-F30D-47A6-B151-D485004B7238};";2026-09-17 11:43:01;2026-09-17 11:43:01;{C91F7C55-A65E-43EB-B28C-0DF0246E0F42};256
1812;1;8;9;{B5A3BAD0-004E-40BE-A0F3-ECFD4A60FCC5};"8,10,{AF225CCA-5F50-4D02-855D-FF2F51300409};";2026-09-17 11:43:01;2026-09-17 11:43:01;{55029B9C-92AC-4040-8B69-E21ACBCF4F76};256
1813;1;8;10;{C7BF42E6-2DFF-4CF0-B59B-AE9387A35CB0};"8,9,{C32C3508-FB7D-4A73-AA64-06D79E17082A};8,9,{1EDBDA65-5BDF-483A-88FC-D2E56D37F204};8,9,{1874720A-7031-4843-90B5-BC70CA0C1FB1};8,9,{D116B62B-9BD5-414B-80E4-DB6AC909BB20};8,9,{920CDD1F-B792-48C7-87F7-B8F536EEED73};8,9,{288A598C-1B12-485B-993E-EDCD975935EA};8,9,{1B6B81F7-1C16-4276-9702-F75FD2804D32};";2026-09-17 11:43:01;2026-09-17 11:43:01;{004191CE-EAC8-4B0E-8EF8-AD5ED5676605};256
1814;1;8;10;{E60D4ABE-B9A2-455A-A4BB-42873D4030B5};"8,9,{EF5912CD-9C0A-4456-9598-8257DA2D1526};";2026-09-17 11:43:01;2026-09-17 11:43:01;{D51BE7B0-A494-4702-BDE2-D031C1B45E7C};256
1815;1;8;9;{C32C3508-FB7D-4A73-AA64-06D79E17082A};"8,10,{C7BF42E6-2DFF-4CF0-B59B-AE9387A35CB0};";2026-09-17 11:43:01;2026-09-17 11:43:01;{BD7E4BFB-1A59-42E5-AAE7-4E58DEC2C285};256
1816;1;8;9;{79D7EE66-1E46-497B-9B9D-114C487D48BF};"8,10,{2122DE88-4F5B-4ADA-8200-1E1111B55330};";2026-09-17 11:43:01;2026-09-17 11:43:01;{BBE26E7F-9F50-4EC0-89AB-CC2C030AB2A9};256
1817;1;8;10;{5E4FAB95-F507-4CCE-914D-D0659AB612F9};"8,9,{87A424DE-555E-448E-BADB-39449573D626};";2026-09-17 11:43:01;2026-09-17 11:43:01;{684976FB-8925-4D3E-A50A-A0834D99558D};256
1818;1;8;9;{FEA6932E-5A0E-4CE9-9276-284B96391365};"8,10,{910565FF-4892-49C7-AC3E-F93E1268C33A};";2026-09-17 11:43:01;2026-09-17 11:43:01;{F8CC0081-0B6D-4FCA-8233-629C2435C831};256
1819;1;8;9;{A9B8B36E-E86C-4C50-B15E-822646B0844F};"8,10,{35331FC3-60AF-46A6-BE31-AC05F9A38235};";2026-09-17 11:43:01;2026-09-17 11:43:01;{1950B05F-8137-4998-9983-4E8B45996696};256
1820;1;8;9;{5BCE69CD-398B-44D7-A540-240C42B475B2};"8,10,{6683BAA6-70A0-4060-8B37-DC111958161B};";2026-09-17 11:43:01;2026-09-17 11:43:01;{9B70F108-011B-4442-AC73-778005130CC6};256
1821;1;8;10;{9C5CFC16-8D2F-4116-8D2F-99BAB89FC9A8};"8,9,{205412C7-8ECF-40E3-B890-3CA3FD296452};";2026-09-17 11:43:01;2026-09-17 11:43:01;{2E863020-C159-46B1-99F2-F4EF7177229D};256
1822;1;8;9;{D3BA1F65-6665-420C-9BBA-43DA828E0EC1};"8,10,{AD181196-6B18-42B8-B371-C45EFC5B2851};";2026-09-17 11:43:01;2026-09-17 11:43:01;{66D90EE2-76C1-44E2-A49A-63D5E853577A};256
1823;1;8;10;{E72DF571-E9D8-4056-B42C-52DE9A4CFB8F};"8,9,{71AF78DA-A0D8-4A7E-AC49-851A202E7BC3};";2026-09-17 11:43:01;2026-09-17 11:43:01;{2BB9F9E8-0512-4DFE-A078-0C7084171354};256
1824;1;8;9;{71AF78DA-A0D8-4A7E-AC49-851A202E7BC3};"8,10,{E72DF571-E9D8-4056-B42C-52DE9A4CFB8F};";2026-09-17 11:43:01;2026-09-17 11:43:01;{5140EB79-71BD-49F6-8466-C63BEF67A03D};256
1825;1;8;9;{8ED9965B-15F2-44E6-A9DC-7BC7AADE70DA};"8,10,{2AC2CE29-AB2A-46BB-9B7F-956DCFC115A1};";2026-09-17 11:43:01;2026-09-17 11:43:01;{4535681A-1E7F-49FB-9AFF-A3CEAA1FB535};256
1826;1;8;9;{36F5F259-4CA9-409A-9715-01DA8F5D95A4};"8,10,{792496D3-0EAA-4694-8B03-2D78278FE339};";2026-09-17 11:43:01;2026-09-17 11:43:01;{5565AD2E-617A-41D4-9770-8B8905D21A45};256
1827;1;8;10;{B9B0D496-EE85-44E7-BD6E-D47CF2E2ACBB};"8,9,{5155723C-16FE-48D3-9283-3B76C36FDC82};8,9,{2F7B730E-C725-4C0B-99DA-0F216AFE0829};";2026-09-17 11:43:01;2026-09-17 11:43:01;{ED5348C3-F596-46E5-A7FF-02CAE1AE1CA8};256
1828;1;8;10;{2DF75EA3-F3ED-4EFD-82E1-363542CC3B94};"8,9,{5AD53BBB-A090-40EF-AD50-1A72F5CAC41E};8,9,{55772867-0FC0-46A7-9425-84B7D41FF222};8,9,{5B5DDCFA-FC46-42A0-94CD-E215F8A1865D};8,9,{D9FD3C74-0B9E-4AA9-9C82-6BEBBCD62BF2};8,9,{2804FDC4-2F64-4F0B-B619-79181C8203F3};8,9,{B253C02B-ECC7-4AA8-A7C7-677DA0F98972};8,9,{125ACB2B-AB2F-4EAE-9A6E-C2CBC9D57BEC};8,9,{7362E4F2-08EF-4ECD-AC53-7BC0CFD461AF};8,9,{7D20C79A-AFC3-4373-A2A4-5E34C6F202DC};8,9,{B64136BC-5A6E-43E7-8E16-054BA4D7F9E1};8,9,{C5A2EE2B-0EB7-45B3-8449-44B8551258CD};";2026-09-17 11:43:01;2026-09-17 11:43:01;{E728EB4D-1DA6-479C-B1B5-758558FA46D0};256
1829;1;8;10;{AE83DE3B-D1C1-4EC0-BAA8-C2C5AD1E4831};"8,9,{04A5B960-8B92-4B60-933A-079A83E25C3E};";2026-09-17 11:43:01;2026-09-17 11:43:01;{1A1325D2-9BA5-47D9-8B6B-D415EB78D78D};256
1830;1;8;9;{7300EF1F-4D41-4EEF-86BF-8A5193175B8A};"8,10,{35331FC3-60AF-46A6-BE31-AC05F9A38235};";2026-09-17 11:43:01;2026-09-17 11:43:01;{5DE3F98D-B8BF-4414-BCA2-7628D9603955};256
1831;1;8;9;{92BF97EC-E7DC-4052-B070-D839EDD26B60};"8,10,{C0304347-1B82-4807-9F96-ABA9F1613CE2};";2026-09-17 11:43:01;2026-09-17 11:43:01;{9872334C-81F1-42D1-83DB-E59624177DF4};256
1832;1;8;9;{A976A5F5-0B15-4211-A122-4A20F565CC3A};"8,10,{E031BC21-DB2D-4202-84EA-A6FAFB6CDAEE};";2026-09-17 11:43:01;2026-09-17 11:43:01;{B905C2BC-28C9-4554-86FE-5FB7C001691C};256
1833;1;8;9;{246C3A62-DE32-4076-8102-BF2DEB432471};"8,10,{35331FC3-60AF-46A6-BE31-AC05F9A38235};";2026-09-17 11:43:01;2026-09-17 11:43:01;{E7DB4C6C-E6FD-4DC9-BB7B-6FA45A93AA07};256
1834;1;8;10;{4C3588DE-274C-425C-8B4C-5B47B4466BE7};"8,9,{C08E2324-528C-4726-AB8A-74A0923D51D6};";2026-09-17 11:43:01;2026-09-17 11:43:01;{1BBF4272-D84D-4377-A168-63D234252182};256
1835;1;8;10;{7BB921B6-ED23-49DA-8BE6-57B9BA80F547};"8,9,{DDCC3ADF-A704-440D-A229-6E55147E219E};8,9,{D4C4B1BA-3326-4F57-A943-320EE7A9D912};8,9,{B692D781-5016-4E24-8BDD-35CADC2FFCB0};8,9,{7D49D606-9A4D-4BAF-A805-77CC75306889};";2026-09-17 11:43:01;2026-09-17 11:43:01;{2BB971AB-F75F-4DE1-A0A2-CEB22AB1A121};256
1836;1;8;9;{31C7D57F-9A6F-4D88-95D1-75C072AE68DC};"8,10,{35331FC3-60AF-46A6-BE31-AC05F9A38235};";2026-09-17 11:43:01;2026-09-17 11:43:01;{D76A006F-91CA-4056-8997-91F76D4D49C0};256
1837;1;8;9;{E4DFB8F9-18A9-40F6-9C63-FF3A72773924};"8,10,{A356C855-D7B7-44A1-BA6D-CFE75268B51C};";2026-09-17 11:43:01;2026-09-17 11:43:01;{CE278123-6BC1-4BB8-848C-603956BA795B};256
1838;1;8;9;{B980BFD5-128B-48A9-B0C8-5B02FC1D14FF};"8,10,{58E12FB7-3EA1-43F7-B9E1-388C8C7FEE82};";2026-09-17 11:43:01;2026-09-17 11:43:01;{0004B73B-1438-4402-8681-E79A63BBF338};256
1839;1;8;9;{28F0DBEE-ABB7-4C16-A844-1C92010F1B7B};"8,10,{92E4F166-D0BF-4BB2-9479-9CC58FCC9202};";2026-09-17 11:43:01;2026-09-17 11:43:01;{3A77D0B2-713B-4B49-8350-E0192AB081EB};256
1840;1;8;9;{312E585E-7519-4F72-BFA1-D56E4B1201AF};"8,10,{8048A437-C917-4A6B-A230-FB118FCFED7C};";2026-09-17 11:43:01;2026-09-17 11:43:01;{DC8F16D9-82D9-49E2-AD73-6BC717D71318};256
1841;1;8;10;{F2D6223F-A838-4516-9315-818A83C734AA};"8,9,{70D55F19-3AEA-40D9-8D9B-6E318D16B08A};";2026-09-17 11:43:01;2026-09-17 11:43:01;{24F81AAD-0569-45D1-96E2-07E220736F86};256
1842;1;8;10;{BD3234B1-4685-47CC-91AC-898FC0072DFE};"8,9,{F1357AFF-0604-43CE-B273-3F24661C3F2E};8,9,{CE4430EE-C9F5-4ECB-9240-8E6E758D54F8};8,9,{C8C81999-3156-448F-AD3E-64BCADF63471};8,9,{EDB50E8B-2C33-48A7-84FD-B8B86A229FAE};";2026-09-17 11:43:01;2026-09-17 11:43:01;{1A7D9241-431A-410C-A1A0-DE6102F553F8};256
1843;1;8;10;{9686B573-95D6-40B8-B1CC-6472A3F5ECD4};"8,9,{D5E69EAB-4554-4C8D-9C02-565D6A3BFA8B};8,9,{6C234AEA-8B8F-4AE3-92D0-5CD11CB4B1F0};";2026-09-17 11:43:01;2026-09-17 11:43:01;{0EEE75B4-577F-40A7-856E-690C90144753};256
1844;1;8;9;{68D9BC3B-3CE8-4947-B734-86C618876B63};"8,10,{5578DC3B-B5A5-4F53-B9DD-9C410826A581};";2026-09-17 11:43:01;2026-09-17 11:43:01;{E6BC1B22-7BC9-4D61-BCDF-3F3E6104E3F3};256
1845;1;8;9;{580FB9E4-8326-4CA5-BCE8-AEB0A02D5D5E};"8,10,{39F6F8CC-017F-46D9-BFDD-E6061518FB4F};";2026-09-17 11:43:01;2026-09-17 11:43:01;{4BE1E745-AFC3-4D0A-926B-872E78A921E7};256
1846;1;8;9;{F1357AFF-0604-43CE-B273-3F24661C3F2E};"8,10,{BD3234B1-4685-47CC-91AC-898FC0072DFE};";2026-09-17 11:43:01;2026-09-17 11:43:01;{8D352A2A-119F-476C-98B7-8A26C9EFE789};256
1847;1;8;9;{5609C53D-0F72-4BF2-852C-035FAA5C13D5};"8,10,{35331FC3-60AF-46A6-BE31-AC05F9A38235};";2026-09-17 11:43:01;2026-09-17 11:43:01;{4CF48B2C-1D89-42AD-BA45-2505B4198134};256
1848;1;8;9;{0D332C01-DE16-47A3-A89B-68872355D1D4};"8,10,{AF225CCA-5F50-4D02-855D-FF2F51300409};";2026-09-17 11:43:01;2026-09-17 11:43:01;{BF23BACF-B7A8-4BEF-9D44-A57A7BDE61FD};256
1849;1;8;10;{116883A6-2BCE-4280-9019-F15F4AC33E3C};"8,9,{E3F896EC-BC06-44EC-8998-7BD341F977C6};";2026-09-17 11:43:01;2026-09-17 11:43:01;{87A2B9D5-3C5A-430D-BD87-39A116D8FFC7};256
1850;1;8;9;{AE7CC7FC-BA46-4697-8123-87B0ABD6E771};"8,10,{35331FC3-60AF-46A6-BE31-AC05F9A38235};";2026-09-17 11:43:01;2026-09-17 11:43:01;{AE9852B1-1FB9-4D7C-818F-487A067BD4F4};256
1851;1;8;9;{42FAD803-45C1-4925-8E1E-8DD02E9CB23C};"8,10,{EC0CE698-D937-4DB8-A5CE-AD7324D4A39D};";2026-09-17 11:43:01;2026-09-17 11:43:01;{6AFB4CB9-6EF2-4A35-8566-C71B122DC0F0};256
1852;1;8;9;{4082932A-91A4-4662-91E9-CBDC1F6140A9};"8,10,{6145E2C7-A183-48E4-9C57-737A13557BBA};";2026-09-17 11:43:01;2026-09-17 11:43:01;{CA7CC7D5-4868-4FF9-9A8F-1D2E165780BD};256
1853;1;8;10;{E8D1C025-9CAB-4144-AEAC-47042128AE89};"8,9,{A48FB919-CED6-45EC-9CD7-78474F184E4F};8,9,{59FEAD11-0464-4A25-9204-8AE7021785B5};8,9,{BEDDBE4A-7FBF-4C78-BDC6-2DF9E34B740A};8,9,{2EF3501F-90DE-42CB-BD9F-3CAC0E33C040};8,9,{F8FC49B4-490F-4FC1-94B5-F2256C7DDBB5};8,9,{CAEBE864-8C32-4EE0-B644-12D0819248A8};";2026-09-17 11:43:01;2026-09-17 11:43:01;{68A4D170-D39C-4D7F-8359-927E4C432EFE};256
1854;1;8;9;{A48FB919-CED6-45EC-9CD7-78474F184E4F};"8,10,{E8D1C025-9CAB-4144-AEAC-47042128AE89};";2026-09-17 11:43:01;2026-09-17 11:43:01;{AAE8F4E1-E2A7-4A89-8AB2-411FF1F356F7};256
1855;1;8;10;{2756DB38-B380-473A-B19A-D365C28322B8};"8,9,{43B6E6ED-79B4-4EBB-B226-BB6573DE2739};";2026-09-17 11:43:01;2026-09-17 11:43:01;{68B7576F-41DD-4FC7-82AE-ED5DA78DE3E9};256
1856;1;8;9;{792114E6-F3FE-4847-8270-2939E1E0011B};"8,10,{6FB39F5E-9A8E-4509-8DAC-03082D4D0981};";2026-09-17 11:43:01;2026-09-17 11:43:01;{F14D01FD-2064-496F-9B1F-F74F47F9C77F};256
1857;1;8;9;{D3A1058D-E760-423A-B379-BAA5C65AFC36};"8,10,{2E4B82E2-9519-443B-A627-646BB7EDEFF4};";2026-09-17 11:43:01;2026-09-17 11:43:01;{86C89ADC-DA3F-448B-89BA-ADCE35DD02F4};256
1858;1;8;9;{160FEEF2-E8D5-4901-809A-940E0AD45C72};"8,10,{3422B872-EC1B-4C37-B50E-F125C0175EB2};";2026-09-17 11:43:01;2026-09-17 11:43:01;{15324037-EE0A-4858-91AB-A89A3DCFFE6A};256
1859;1;8;9;{59FEAD11-0464-4A25-9204-8AE7021785B5};"8,10,{E8D1C025-9CAB-4144-AEAC-47042128AE89};";2026-09-17 11:43:01;2026-09-17 11:43:01;{C7852C48-44F8-45B0-833E-FE0052461626};256
1860;1;8;10;{12F9258E-AC18-42A9-88A8-77F971E99167};"8,9,{773B781D-10FE-404B-A220-79F113D6A014};";2026-09-17 11:43:01;2026-09-17 11:43:01;{53736E11-2658-4CFA-B64D-AFCBAA7F5F1B};256
1861;1;8;10;{AB2D1DB3-ABE8-4A0B-996B-7F5DFDF504F8};"8,9,{9A9CC8E7-E78B-4B61-A8B3-0D8C22AC9E6E};8,9,{F20B1FDD-19A0-46F3-8787-301C465D1B77};";2026-09-17 11:43:01;2026-09-17 11:43:01;{8715D4BD-7092-4E95-A9F0-076B4AEECC2B};256
1862;1;8;9;{D116B62B-9BD5-414B-80E4-DB6AC909BB20};"8,10,{C7BF42E6-2DFF-4CF0-B59B-AE9387A35CB0};";2026-09-17 11:43:01;2026-09-17 11:43:01;{4C674B6C-B1EA-4BCD-AD39-61F770C63AEC};256
1863;1;8;9;{BEDDBE4A-7FBF-4C78-BDC6-2DF9E34B740A};"8,10,{E8D1C025-9CAB-4144-AEAC-47042128AE89};";2026-09-17 11:43:01;2026-09-17 11:43:01;{C7A64D11-95E0-490C-BDD1-A94E80BC15C3};256
1864;1;8;10;{D1526393-2D00-490C-987C-E213839745A7};"8,9,{3308F846-5002-4F82-A51E-0E8BBEF70AD8};";2026-09-17 11:43:01;2026-09-17 11:43:01;{420B2DDF-263A-4252-A887-243EFCBFF877};256
1865;1;8;9;{55772867-0FC0-46A7-9425-84B7D41FF222};"8,10,{2DF75EA3-F3ED-4EFD-82E1-363542CC3B94};";2026-09-17 11:43:01;2026-09-17 11:43:01;{AC8ECB47-C8F8-4781-9D7D-40F8E9D17734};256
1866;1;8;9;{F8FC49B4-490F-4FC1-94B5-F2256C7DDBB5};"8,10,{E8D1C025-9CAB-4144-AEAC-47042128AE89};";2026-09-17 11:43:01;2026-09-17 11:43:01;{20845CA5-F578-451E-9BF2-0C016F9A47FA};256
1867;1;8;10;{5638CB45-1DDE-4D37-8D39-44C44E2851B2};"8,9,{4AF2A6C6-0FA2-4413-BA93-30F97CA263C3};";2026-09-17 11:43:01;2026-09-17 11:43:01;{0B7C4899-7C50-40D9-BDF9-B1BEFE4A2A0D};256
1868;1;8;9;{0BFC51B1-B41E-4F67-9E8C-19FCF2BE2BFB};"8,10,{8AF2DA7D-F012-4C5F-8692-14BED3C743B2};";2026-09-17 11:43:01;2026-09-17 11:43:01;{7ED1EFD7-E69D-4124-87E4-4F008C97E8F9};256
1869;1;8;9;{4ED819B6-A447-47B6-A8E1-300EAC96892D};"8,10,{875636EE-BF39-4CC1-9AA0-6E44AD762EF2};";2026-09-17 11:43:01;2026-09-17 11:43:01;{D8A275F6-6DD8-416A-943C-1484B75C454C};256
1870;1;8;10;{D33D46DD-BBE9-484C-93CE-A4C48D8EB7BC};"8,9,{DCB615DA-9037-42B1-AA0E-FE145FBE1EEF};8,9,{B222A5C4-E5B6-4B6F-B457-3FE5FF98E7F3};8,9,{FDF6B7F5-0422-4C64-B377-BDD8A6E4BC86};8,9,{5A673196-E724-4669-A3AB-0BC51E9DA13E};8,9,{6A9B3F80-125C-448C-8A64-940DA693B488};8,9,{A613BFAF-60A5-4107-B23D-D2CF6733E374};8,9,{A6DF431A-E54C-4D11-8F21-54F9BAE536D4};8,9,{572386CD-2E98-421E-8C26-C2A4DF82DDD9};8,9,{BFAAA26F-C073-41C5-9E16-AB53A946909C};";2026-09-17 11:43:01;2026-09-17 11:43:01;{2D795C1F-7E7B-4BC0-83D6-B0BE231E2453};256
1871;1;8;9;{920CDD1F-B792-48C7-87F7-B8F536EEED73};"8,10,{C7BF42E6-2DFF-4CF0-B59B-AE9387A35CB0};";2026-09-17 11:43:01;2026-09-17 11:43:01;{66933053-EF5D-46C6-8FA1-5B4FF79D4ED1};256
1872;1;8;9;{E178DCFC-38E9-41E4-8B62-1B75AA704EB3};"8,10,{CA8AC2FC-88E1-4E50-A634-5AA471901C8B};";2026-09-17 11:43:01;2026-09-17 11:43:01;{8FAD2B9A-B550-48B6-9A37-5DA2E8CFF44C};256
1873;1;8;9;{8DAC8298-777B-44BC-80CE-888C66321CF4};"8,10,{A4C9D239-409E-46E9-BCD7-FAFEC50F2E74};";2026-09-17 11:43:01;2026-09-17 11:43:01;{292A7301-FD46-435B-A9C3-2B1EA359CCE0};256
1874;1;8;10;{7D5FC754-8009-41E9-8857-0B71BEAD996D};"8,9,{313C3B47-AE46-45E9-962F-7B70D6694173};";2026-09-17 11:43:01;2026-09-17 11:43:01;{EF6D8C0C-3D24-4027-9A0F-C649F966E3E2};256
1875;1;8;9;{134E1852-090A-4E3F-A8DE-A9676ABBE1BD};"8,10,{F08AC013-8726-43F5-8EDE-4A624ECEBCEF};";2026-09-17 11:43:01;2026-09-17 11:43:01;{45840163-B34E-4580-8BB8-0F77ECD2BD40};256
1876;1;8;10;{63107BB4-7299-411E-A4BB-65C47B221B7A};"8,9,{EAF3E2D3-FAC7-4C5E-B37B-E528FF6FF927};8,9,{B49A9B06-2322-4FE4-9F53-08B2CD6684D1};";2026-09-17 11:43:01;2026-09-17 11:43:01;{3D6ECAA2-8219-4B0C-A60C-5C33864519FB};256
1877;1;8;10;{C7B69C1C-3934-4607-8E23-F1E6F961E2CB};"8,9,{AD5BA86D-068D-465F-9EB2-8A6E767ACBAA};8,9,{2DA3E3D6-3FDB-4301-8239-1561C497B436};8,9,{5B962990-72C8-4697-902D-2EC14DD321AC};8,9,{9013C584-783C-4643-889C-6B25F79343B0};8,9,{AE6FA522-09AF-4D70-9877-3CF482F41AC1};8,9,{0297B3C7-5AFD-42CA-9ECC-EF6399C2E281};8,9,{E8E80E4C-7ABD-46A7-A358-9AEBC1A4F4FF};8,9,{7C2957E4-4752-412F-AAF2-8E7ED230DED9};8,9,{6944B25A-670A-433A-82C5-C390CE4360B7};8,9,{D78E3B37-CBA7-4C85-B946-3A3A18DE1D2D};8,9,{72E96AD8-FDFD-4DF6-B248-BB2FFA41BC2F};Additional rule violations exist.";2026-09-17 11:43:01;2026-09-17 11:43:01;{991E480C-11C1-4E66-A0F3-3672A5A72DAF};256
1878;1;8;10;{109640A8-04DC-49E3-AAE4-946730A5B468};"8,9,{5BC906E2-2911-4999-9825-6A078D5E73B2};";2026-09-17 11:43:01;2026-09-17 11:43:01;{49889E22-8255-46C3-BC92-605D74ABA70B};256
1879;1;8;9;{750EE348-5ADF-4876-89D3-F84F227AA141};"8,10,{94A5F5A5-2BD6-4169-A1E3-CA17DC0DB36D};";2026-09-17 11:43:01;2026-09-17 11:43:01;{A81F5272-0815-42E1-B665-0FF01FFEE72E};256
1880;1;8;9;{426894E1-F30D-47A6-B151-D485004B7238};"8,10,{BDF0CEBE-6C09-44A3-AD3B-D07880F630B6};";2026-09-17 11:43:01;2026-09-17 11:43:01;{BFD6AC60-B4C4-478A-A0CB-757FB644587A};256
1881;1;8;10;{AD181196-6B18-42B8-B371-C45EFC5B2851};"8,9,{D3BA1F65-6665-420C-9BBA-43DA828E0EC1};8,9,{130676F6-5BE7-415A-994D-C9BFD6C08AD7};8,9,{49FAD3DF-FF48-4CEC-B0FE-5EFBF573B257};";2026-09-17 11:43:01;2026-09-17 11:43:01;{1E6150AB-B6F9-4C5B-8DFD-39B9774D6FDE};256
1882;1;8;9;{D32213AC-FE59-40C9-8956-80F52FDF641A};"8,10,{D7518997-2380-410F-94E5-055C04958F46};";2026-09-17 11:43:01;2026-09-17 11:43:01;{5059382C-EABF-444D-A4BF-BA626CA79573};256
1883;1;8;9;{34709E7A-47A5-4948-9729-04A2281263A0};"8,10,{A151E36C-26C2-44AD-A0A8-F5CD0CB7FD7F};";2026-09-17 11:43:01;2026-09-17 11:43:01;{1F09C622-CCDE-4683-9A89-91172306DAD7};256
1884;1;8;10;{E2D123B0-708F-4CF0-9A1F-F1DB726389D2};"8,9,{961C6A28-7F29-49C7-B352-6ED9A00D80E3};8,9,{3B12084F-D25D-4963-AB05-9019F4C9D553};8,9,{349F3D2F-4047-4FEC-B01A-A85819E83D0B};";2026-09-17 11:43:01;2026-09-17 11:43:01;{E7EDE9D1-FA16-478E-A77E-AA341E5525D0};256
1885;1;8;9;{BF4F0DE2-5B41-4271-8910-32AF94B49701};"8,10,{B6BD5E84-6115-4818-89C4-6125F51D2592};";2026-09-17 11:43:01;2026-09-17 11:43:01;{79AF7D78-2AB2-44B5-83BF-DD806F2E9CF0};256
1886;1;8;9;{C8C81999-3156-448F-AD3E-64BCADF63471};"8,10,{BD3234B1-4685-47CC-91AC-898FC0072DFE};";2026-09-17 11:43:01;2026-09-17 11:43:01;{49811AB8-571D-4718-9E2D-4CC5EE2DBC86};256
1887;1;8;9;{27D3EEFF-D8E5-4310-9848-5B2FD8BE6688};"8,10,{8DC74A40-0044-4593-9769-25F17DC86A76};";2026-09-17 11:43:01;2026-09-17 11:43:01;{CE23496F-17FD-49B3-A6C4-45CEEDA6B7AF};256
1888;1;8;10;{38544BEE-DFF0-4AD0-BAE3-BC39EAD7A83D};"8,9,{B68F57DB-B412-4AEA-9192-733650FD5639};";2026-09-17 11:43:01;2026-09-17 11:43:01;{0257532D-4B84-4E4B-8751-176BA5019CAA};256
1889;1;8;10;{68392226-E8C3-4389-850B-0ACDF88734AC};"8,9,{29AFB1EE-E11B-40EF-AC0C-CFF169F2765A};8,9,{54508D65-E9B2-4170-8105-51D15CCB1F77};8,9,{E2A8B0A5-926E-409E-A530-DC70B875651F};";2026-09-17 11:43:01;2026-09-17 11:43:01;{91B84937-E37C-4679-A07D-1F6AF242EDC4};256
1890;1;8;10;{2146DF38-117D-4E1C-8DE0-C0B6FA525527};"8,9,{4940C4F6-E5FB-4369-9A58-76AD76DB5256};";2026-09-17 11:43:01;2026-09-17 11:43:01;{22E4ECBC-DBF6-491A-89E3-8219C0DEFD90};256
1891;1;8;9;{BAC0C126-4D50-4736-88FD-72B7D381AD92};"8,10,{D5F02122-8306-424E-8234-1503B2752398};";2026-09-17 11:43:01;2026-09-17 11:43:01;{6D4B63F2-EB66-4E5B-BC40-2DD732ADE4DB};256
1892;1;8;9;{EDB50E8B-2C33-48A7-84FD-B8B86A229FAE};"8,10,{BD3234B1-4685-47CC-91AC-898FC0072DFE};";2026-09-17 11:43:01;2026-09-17 11:43:01;{D266D7D1-6298-468B-ACFC-786E42E0D5F9};256
1893;1;8;9;{2DA3E3D6-3FDB-4301-8239-1561C497B436};"8,10,{C7B69C1C-3934-4607-8E23-F1E6F961E2CB};";2026-09-17 11:43:01;2026-09-17 11:43:01;{26C85BA3-6DCB-447F-B5CC-ED76ABCCEBF1};256
1894;1;8;9;{F3A1EAF2-1801-4169-83F5-46D3FF725528};"8,10,{5C261878-C8CF-41D9-B1E5-97BAF5AACD06};";2026-09-17 11:43:01;2026-09-17 11:43:01;{5090BB0C-4FC4-48A1-A651-6419080CF383};256
1895;1;8;10;{D8AF5A47-FC03-41B0-9DAA-58F9A97B9344};"8,9,{0E8014DC-5FEA-4899-A787-541D3D0066B7};8,9,{6CEE1E01-B8D1-4E4B-98A2-4163B41B73B7};8,9,{943CE759-D582-4497-8C24-5213923EC053};";2026-09-17 11:43:01;2026-09-17 11:43:01;{A6EB06BB-9B4A-4A1B-B16E-AAFAAC46A5B7};256
1896;1;8;10;{D36D1F9F-83D1-4C5D-BB77-86B063844671};"8,9,{27C43035-3ABB-4023-A79A-6B763041DCA6};8,9,{EE4B35CE-48B3-4AAA-A241-22DB50077562};";2026-09-17 11:43:01;2026-09-17 11:43:01;{F65D53CE-63E1-4C7A-899B-E43015A94110};256
1897;1;8;9;{1B6B81F7-1C16-4276-9702-F75FD2804D32};"8,10,{C7BF42E6-2DFF-4CF0-B59B-AE9387A35CB0};";2026-09-17 11:43:01;2026-09-17 11:43:01;{A8388C8E-7BA7-4EF3-99BD-7FBB32D496C8};256
1898;1;8;10;{D6BC4C61-4A72-4FC9-9640-B5AFC09DAE1B};"8,9,{A996E613-D913-49DF-A66C-D517D8D45889};8,9,{63D817D6-20F0-4D3A-B554-39BFFCCE6806};8,9,{E76EE24C-FE48-475B-A2E6-7D1D710054AC};8,9,{00D866BF-AC40-4D37-99E6-2215FBBEFDE0};";2026-09-17 11:43:01;2026-09-17 11:43:01;{1D195087-29F4-40FA-8AF0-E9A9DC67B9B2};256
1899;1;8;9;{69897EE8-1439-46DC-8776-FBF914CC06A8};"8,10,{992C4022-C18D-4A4F-8935-29E2BBC12086};";2026-09-17 11:43:01;2026-09-17 11:43:01;{67DF24AD-C447-4084-9A20-E8168F893685};256
1900;1;8;9;{96145108-7A0C-4A36-BC10-6208163A5C29};"8,10,{2DD7BD74-D9BC-4757-B36A-722E79D440C4};";2026-09-17 11:43:01;2026-09-17 11:43:01;{3201BB6B-A35E-4880-B597-D2C0390FC119};256
1901;1;8;9;{956B76E7-AE5D-4D69-BBF3-2557373BF399};"8,10,{5B6ADB3E-DC5F-4E55-89A1-2C3FC52EC932};";2026-09-17 11:43:01;2026-09-17 11:43:01;{AEFDE52F-E53D-408D-B1CD-FC3DC17263D7};256
1902;1;8;9;{FDF6B7F5-0422-4C64-B377-BDD8A6E4BC86};"8,10,{D33D46DD-BBE9-484C-93CE-A4C48D8EB7BC};";2026-09-17 11:43:01;2026-09-17 11:43:01;{9095F869-8ECC-4488-A920-34FA4E26ED21};256
1903;1;8;10;{384CD41B-7E10-4FBE-AFF3-DEF474F5EEB2};"8,9,{3950BC52-9345-4B6D-ADAE-F9DFAF14B727};8,9,{5F57D51F-BD01-4A3D-B351-C76EAEFF5DC2};";2026-09-17 11:43:01;2026-09-17 11:43:01;{11721039-D138-4B23-8832-623CA25D12DE};256
1904;1;8;9;{A63F230C-A67E-4D3D-B3E7-ECF54BF9B111};"8,10,{511FFEC6-E348-4FC8-BDBB-2266DACB8523};";2026-09-17 11:43:01;2026-09-17 11:43:01;{96F4ED48-7CD4-4C40-90B2-435CC5309D95};256
1905;1;8;10;{8048A437-C917-4A6B-A230-FB118FCFED7C};"8,9,{30747820-5F86-43F0-9570-7AFD5CAA1E27};8,9,{312E585E-7519-4F72-BFA1-D56E4B1201AF};";2026-09-17 11:43:01;2026-09-17 11:43:01;{942C1731-7409-4A98-AF77-50D2E1FD0DED};256
1906;1;8;9;{33889E3B-D810-40FA-B6FC-661185C683E1};"8,10,{70C501D4-AD2D-4F50-B59A-34B6DECC8CDE};";2026-09-17 11:43:01;2026-09-17 11:43:01;{ED9A0222-4364-403B-BC08-9FB2CC2B5C20};256
1907;1;8;9;{30747820-5F86-43F0-9570-7AFD5CAA1E27};"8,10,{8048A437-C917-4A6B-A230-FB118FCFED7C};";2026-09-17 11:43:01;2026-09-17 11:43:01;{77F163D0-FA2B-47BE-881D-7F3A4EE70967};256
1908;1;8;10;{2CCA4C6E-1EAB-40E7-9DEC-ECB8B4CB670B};"8,9,{ACC33157-97EE-46CB-AD28-AE0FDE7F0789};";2026-09-17 11:43:01;2026-09-17 11:43:01;{49DE923A-AAA9-423C-BF4E-66256E6D59E8};256
1909;1;8;9;{5771E33F-5006-4F8E-8C8E-590669E97F33};"8,10,{1783F00C-9A7A-4587-A829-B77599BD0FB3};";2026-09-17 11:43:01;2026-09-17 11:43:01;{4FB63054-A72E-4961-99B5-0C64047C9F60};256
1910;1;8;10;{6D5E09FC-1347-4233-A86F-CD534C6AFCCF};"8,9,{70619EEE-2BE0-4416-A24C-DE19F5E4FCBF};8,9,{9C59756B-21F8-4EEF-B97F-11008C13490B};";2026-09-17 11:43:01;2026-09-17 11:43:01;{EC9B84E4-982A-4C47-9F5F-799618A5F340};256
1911;1;8;10;{81CD4800-799F-4351-BD0A-5283283A2051};"8,9,{3A7EA6BB-1E61-4925-A12B-3F6BB74D3DEE};";2026-09-17 11:43:01;2026-09-17 11:43:01;{BF351694-E488-4F31-9358-615B3531931E};256
1912;1;8;9;{9013C584-783C-4643-889C-6B25F79343B0};"8,10,{C7B69C1C-3934-4607-8E23-F1E6F961E2CB};";2026-09-17 11:43:01;2026-09-17 11:43:01;{6476F840-60A7-455E-B300-E40A8F829CED};256
1913;1;8;10;{63D7E65B-BFDE-48F1-83C5-9E396475EC84};"8,9,{F10C30F4-0607-4142-AA27-75B08DD9FD1C};8,9,{B1F236A0-7CE8-485E-874D-EFD11B1D80E3};";2026-09-17 11:43:01;2026-09-17 11:43:01;{F97766FF-ACA3-4AD2-A8C2-618F6DC810A1};256
1914;1;8;9;{8A35CD4A-7C22-4342-8429-EBA3023C1026};"8,10,{F8E699FE-F224-412B-BB5E-FF0B96CCDFEB};";2026-09-17 11:43:01;2026-09-17 11:43:01;{3CAE932F-B9AF-4116-B6AD-7E713F39AD38};256
1915;1;8;10;{36BADEBF-081F-4E81-8AA2-AD6AF302E888};"8,9,{6D22065F-5FA9-4FE7-BFC9-DAFDD4E1AC3D};8,9,{344AEC33-E85E-4DE4-9D03-F17FD2BF43EA};";2026-09-17 11:43:01;2026-09-17 11:43:01;{F35FF5CC-EC72-4543-9593-138270719C19};256
1916;1;8;10;{303AD75D-490E-4752-B5C8-13963238F1B9};"8,9,{864AFF93-D9E4-4B05-B006-2D90C9A0DD0E};";2026-09-17 11:43:01;2026-09-17 11:43:01;{14F4FD72-4119-4067-907F-FC181B366A10};256
1917;1;8;9;{CADE75C1-0C32-4D19-8324-791212DD376E};"8,10,{DD9AA861-9730-4B28-A351-62F6DC890E39};";2026-09-17 11:43:01;2026-09-17 11:43:01;{4828B68A-8702-4DB3-9EFE-03ECFE9E5264};256
1918;1;8;9;{E76BCC18-A0DB-456A-BE4A-01CE86FE05F7};"8,10,{6A3D2C81-489C-4512-A50A-4E944B84DF13};";2026-09-17 11:43:01;2026-09-17 11:43:01;{5624F7F9-D705-421C-ABC5-0E0361CF3AF7};256
1919;1;8;9;{6D22065F-5FA9-4FE7-BFC9-DAFDD4E1AC3D};"8,10,{36BADEBF-081F-4E81-8AA2-AD6AF302E888};";2026-09-17 11:43:01;2026-09-17 11:43:01;{D2E31EB7-D397-4D71-AEF4-9E39EE3E28AF};256
1920;1;8;9;{59287B15-27D2-4CE1-AC35-B712A081B735};"8,10,{5FE1A091-6FC3-4A1F-9F75-40AE9DFAC473};";2026-09-17 11:43:01;2026-09-17 11:43:01;{C0DBA27E-E738-4F70-952F-72A9C645AFF3};256
1921;1;8;9;{5A673196-E724-4669-A3AB-0BC51E9DA13E};"8,10,{D33D46DD-BBE9-484C-93CE-A4C48D8EB7BC};";2026-09-17 11:43:01;2026-09-17 11:43:01;{B2BED05E-53BC-4F64-8E94-9646CE054713};256
1922;1;8;10;{F38B28A8-11C3-473D-815D-CA405B382554};"8,9,{58AAEC6B-72A2-409C-A8BA-F54EAC8428D4};8,9,{963AEC96-5958-4CF1-A52E-37FAE3455F41};";2026-09-17 11:43:01;2026-09-17 11:43:01;{FB4CA576-1167-4B1D-BD64-9828C4596111};256
1923;1;8;9;{267364E3-1301-4BC0-B446-9532A1F423E2};"8,10,{A3D9AABB-DFFA-4B15-BFFD-74369327D609};";2026-09-17 11:43:01;2026-09-17 11:43:01;{35D3E099-C0FA-490E-B64C-7603D8D13C36};256
1924;1;8;9;{8E6234AB-FEEA-4B75-9418-64F07451B31F};"8,10,{A06F8101-E253-4641-AE5E-8BA2C1847186};";2026-09-17 11:43:01;2026-09-17 11:43:01;{28434EA9-BE86-4176-92FD-DAFD3252802D};256
1925;1;8;10;{8DCF0E48-13AA-4E32-BD3B-642343954D55};"8,9,{6A5E1C9F-9E05-4398-9C86-02F946F0CF6F};8,9,{EA0799DD-601F-44C4-8BF9-D44BFB0C520E};";2026-09-17 11:43:01;2026-09-17 11:43:01;{5EB90464-1016-40B9-9949-6776B27FE342};256
1926;1;8;9;{6A5E1C9F-9E05-4398-9C86-02F946F0CF6F};"8,10,{8DCF0E48-13AA-4E32-BD3B-642343954D55};";2026-09-17 11:43:01;2026-09-17 11:43:01;{6F535716-2EED-48C3-9EF6-D19ACB01B116};256
1927;1;8;10;{5E902C0E-6EEB-47E5-86E4-E1B1CE560FDF};"8,9,{A1774C8B-5AE9-42F2-BCEF-35F154F1A109};8,9,{646E535B-3BFF-482E-A7BB-9ECD8C5ED553};";2026-09-17 11:43:01;2026-09-17 11:43:01;{4B1CBEFA-291C-44F2-B8A3-C553B2904880};256
1928;1;8;10;{A4A49537-637C-4EC6-8193-D9949C3B68C5};"8,9,{3F0009C6-F441-4BDD-A451-2AA695A71A8B};8,9,{0489D8E2-16AA-46D5-8A55-61A59B7A6F81};";2026-09-17 11:43:01;2026-09-17 11:43:01;{97D8AAD4-FE26-4594-8006-F6CE353DCE87};256
1929;1;8;10;{B5F6B9F4-8EAC-4271-9BEC-46E7867062B1};"8,9,{A41E4B36-66EA-4CA6-947E-FEAB6CF98AD4};8,9,{60805A7E-9BB7-4915-BD75-B707F3B75FD2};";2026-09-17 11:43:01;2026-09-17 11:43:01;{931CA943-7961-465A-B29F-982E1546D702};256
1930;1;8;9;{1BFC70EC-4784-44A1-B216-510AF9379079};"8,10,{45A38401-2BD4-44B3-A28A-DD5E6B715FA7};";2026-09-17 11:43:01;2026-09-17 11:43:01;{5A738F4B-6E9F-422B-9EB6-D02087E429BF};256
1931;1;8;10;{C195C7F4-E80B-4A40-B0E8-DFCAEF7D2B05};"8,9,{DEA0183F-EA1C-4F51-B3A6-83AF0D975A3C};";2026-09-17 11:43:01;2026-09-17 11:43:01;{D11676DB-4226-4A0E-8A91-304B58E7E00E};256
1932;1;8;10;{EAEC4A39-619F-47F3-B0D4-A4D7A8CAAF7B};"8,9,{C5BB4081-23EF-432A-B902-3A9041B05222};8,9,{5B315C41-B602-41C4-A794-0CEDF36E19E8};8,9,{1838256A-463E-4DB7-88B2-4E018B8FA490};8,9,{D63C0AC5-0584-40F3-9671-78766BDB6562};8,9,{E2D531CB-A5F7-4DCC-B343-0EB5BCA8755D};8,9,{46FB1D55-BBDE-4A6C-8A85-97D43F690BD4};8,9,{D288881A-97DF-4CA4-B8C2-F55846C758F6};";2026-09-17 11:43:01;2026-09-17 11:43:01;{B97B86EE-9969-4E5B-B1F5-841941D2490D};256
1933;1;8;10;{C4A75EF8-6FA9-4B73-936B-E4BF29056D3A};"8,9,{54F2590C-8901-4C6B-95B5-6B7658500092};";2026-09-17 11:43:01;2026-09-17 11:43:01;{12B77A59-CEC5-4982-936C-8475E3C154C3};256
1934;1;8;10;{2BD74BC2-E24D-4E49-887E-3ECD6F2DE23A};"8,9,{E0C2BE62-F056-4637-BB4B-65045649B3A9};8,9,{146D6AC3-8058-4C6B-9ECD-F7A91F5B74FD};";2026-09-17 11:43:01;2026-09-17 11:43:01;{3093D8B5-FBA7-4D53-8D71-B12796A8A81D};256
1935;1;8;10;{D6101C6B-D976-485B-9CBD-9F1961F9303D};"8,9,{4AFA8F6B-2070-4F8C-893A-DD0AC20EA97A};";2026-09-17 11:43:01;2026-09-17 11:43:01;{6EFF50BA-2409-4725-8D29-B131BAA7FC36};256
1936;1;8;10;{1AB84295-635E-4EDA-87DF-3C646005B942};"8,9,{640A22C5-BB08-417F-82AD-6C1D746C0ECA};";2026-09-17 11:43:01;2026-09-17 11:43:01;{54EC6875-BF76-4147-B797-8AA9A1C800CD};256
1937;1;8;10;{70E413E3-66E6-4F88-8730-95222D0E1766};"8,9,{57029EC0-3E7D-4275-888E-A51349F8101F};8,9,{05C919DF-D297-4672-9184-50DAEFEF3CC9};";2026-09-17 11:43:01;2026-09-17 11:43:01;{35A01908-37C1-46FD-9DC7-4E71ABDF92CF};256
1938;1;8;10;{E19A98E8-4552-410D-A488-FD9E33D20A06};"8,9,{CE6B320C-6206-4C6B-98F0-6A7147D5E853};";2026-09-17 11:43:01;2026-09-17 11:43:01;{6F780E90-B83E-4B33-813C-CDF2C3A0E3BB};256
1939;1;8;9;{84CAD080-FEF9-492D-96D4-EE04CF62CC4E};"8,10,{18C4D6FF-3971-48AA-8DBE-8E0AAB10618C};";2026-09-17 11:43:01;2026-09-17 11:43:01;{7F09CC33-7F1C-492E-84AC-6CC05ADEE6FA};256
1940;1;8;9;{3FF71B2C-DDAA-483E-9074-46376C7C09D5};"8,10,{1CF7992B-A6A3-4968-92C8-B1EC8E610888};";2026-09-17 11:43:01;2026-09-17 11:43:01;{9B04DD57-D79F-4141-BB31-EFFAC24700EC};256
1941;1;8;10;{6BF62557-8F68-4689-9AB1-2A53464D1B19};"8,9,{8F3C7551-B6D0-487F-B4B4-EEC5AB0C6F5E};";2026-09-17 11:43:01;2026-09-17 11:43:01;{BB8C7031-BE49-4DE5-9B4C-C69CA406848E};256
1942;1;8;10;{4FF56137-82BE-4AD2-A18D-0EA3CAE91B22};"8,9,{6E4CF924-968A-43E6-96F9-40E4A55F4CA2};";2026-09-17 11:43:01;2026-09-17 11:43:01;{9E9FC8C3-156A-4A8B-8CE5-9D778ABE7A54};256
1943;1;8;10;{19A50B3A-02EE-4D67-AF1E-9D6505A8A307};"8,9,{524753AE-A864-4F7D-B0F7-849D0E766376};";2026-09-17 11:43:01;2026-09-17 11:43:01;{21436417-23F7-4DAE-878D-BEE90360B29E};256
1944;1;8;10;{64FB7061-92DA-4EBE-98F6-24F3B90F8785};"8,9,{954B55E4-5A6F-4788-9D09-3E2C06AB900A};";2026-09-17 11:43:01;2026-09-17 11:43:01;{5B157326-F444-4C8E-AA70-59FD2C9E9C92};256
1945;1;8;10;{39F6F8CC-017F-46D9-BFDD-E6061518FB4F};"8,9,{9FFD8366-E9AB-402E-A032-3266794693D5};8,9,{580FB9E4-8326-4CA5-BCE8-AEB0A02D5D5E};8,9,{E5629ACC-647D-401A-A0B2-262B31E15C02};";2026-09-17 11:43:01;2026-09-17 11:43:01;{4080923B-1FF5-49C6-80C8-C3D8E8A32B58};256
1946;1;8;10;{70C501D4-AD2D-4F50-B59A-34B6DECC8CDE};"8,9,{33889E3B-D810-40FA-B6FC-661185C683E1};";2026-09-17 11:43:01;2026-09-17 11:43:01;{4326238C-F99A-4BF1-A425-88C6960F3CCE};256
1947;1;8;9;{F0721A8E-A5CB-41D0-8BA3-DFB910966706};"8,10,{9E2BB96A-0A4E-437C-A381-CEBA8496A1FF};";2026-09-17 11:43:01;2026-09-17 11:43:01;{D74C5380-1967-4AB9-9047-8D71D611F639};256
1948;1;8;9;{37B17DFF-5FA4-4601-A50C-50D709600DA6};"8,10,{B991026A-E304-4987-8064-21906FCA6081};";2026-09-17 11:43:01;2026-09-17 11:43:01;{D6423BF5-32E4-4CDC-9594-D2FA8E27BBB3};256
1949;1;8;9;{3D2FF3E7-445A-48A5-8039-4526669A1C1A};"8,10,{67273E01-B2E3-4963-B305-8A974D6385AD};";2026-09-17 11:43:01;2026-09-17 11:43:01;{1D49B3BD-CAF4-46D7-9A9C-D69DA7DF0A43};256
1950;1;8;9;{D8E46C17-00C9-4742-B8EA-17DD6733BC0D};"8,10,{C3983997-76F9-4B6C-85A0-15E8E4D87333};";2026-09-17 11:43:01;2026-09-17 11:43:01;{2AB0C90A-DBDC-467F-A0C7-2E3F7367F259};256
1951;1;8;9;{AE6FA522-09AF-4D70-9877-3CF482F41AC1};"8,10,{C7B69C1C-3934-4607-8E23-F1E6F961E2CB};";2026-09-17 11:43:01;2026-09-17 11:43:01;{F9C2C377-1A59-4EC6-A32A-C346AC921958};256
1952;1;8;9;{72C8ACB3-3455-41F3-841E-C83F0AC57574};"8,10,{D272E58E-9597-4F66-BA67-B0CD773DF410};";2026-09-17 11:43:01;2026-09-17 11:43:01;{F71E4A05-9149-4BDE-9E90-EE6A62271D07};256
1953;1;8;10;{7D5A1E62-A7A7-435A-9C0A-06DF168AB60C};"8,9,{F2E37F1B-AA47-4C7B-85D6-48272F3C192A};";2026-09-17 11:43:01;2026-09-17 11:43:01;{B491D860-15EF-4A22-BBEC-41879321B468};256
1954;1;8;9;{BFB19D9F-03B0-402F-B3CF-1B99AF0C82CF};"8,10,{1C3BE44B-0603-4F15-ABD8-94AB12231B82};";2026-09-17 11:43:01;2026-09-17 11:43:01;{980E7140-D516-46D5-B24A-6DEB762AB38D};256
1955;1;8;10;{9B4F6540-530C-48C9-A988-9FA4BD66EDF6};"8,9,{1C339FBC-2F69-406F-AD83-99BCBC7E712B};";2026-09-17 11:43:01;2026-09-17 11:43:01;{DF194B90-F104-41E5-9440-1CEED6E17823};256
1956;1;8;10;{CCEF85C2-52FA-4843-84F0-E06A044B72FE};"8,9,{BED85D9D-EF1C-4C10-A15B-EED95C92A417};8,9,{D834BC41-AEEF-4290-A0FF-2A1B6C30B497};8,9,{8F9A39D5-7048-4597-9CF4-9A0FFD121335};8,9,{5FE3072B-58E5-44F3-9B61-FF082D6913F5};";2026-09-17 11:43:01;2026-09-17 11:43:01;{383C7F58-3BAD-4DA2-BA5C-4059FCA9F993};256
1957;1;8;9;{1838256A-463E-4DB7-88B2-4E018B8FA490};"8,10,{EAEC4A39-619F-47F3-B0D4-A4D7A8CAAF7B};";2026-09-17 11:43:01;2026-09-17 11:43:01;{FD8D3D37-4299-4CD0-9AF5-669CEA3A2031};256
1958;1;8;9;{125ACB2B-AB2F-4EAE-9A6E-C2CBC9D57BEC};"8,10,{2DF75EA3-F3ED-4EFD-82E1-363542CC3B94};";2026-09-17 11:43:01;2026-09-17 11:43:01;{FD0DFC28-951D-4323-B0CF-F1E7CA00A69B};256
1959;1;8;10;{2834C6A7-5AF4-4B65-96D4-D439929467AB};"8,9,{01B484E1-D2A6-4F61-8B0D-891B2C50903A};";2026-09-17 11:43:01;2026-09-17 11:43:01;{8DA479D6-784B-4E0F-8533-42ECE6536CA0};256
1960;1;8;9;{9A5E705B-1A9E-44BE-830F-9BC366B6B5D9};"8,10,{1C3BE44B-0603-4F15-ABD8-94AB12231B82};";2026-09-17 11:43:01;2026-09-17 11:43:01;{82DB4D13-2D41-453C-B0BD-35B5100E7C30};256
1961;1;8;10;{0412C040-489B-4CFA-9A86-DB8FE95DC486};"8,9,{76E19A97-7DA5-42E6-98FF-5CDF9FD97410};";2026-09-17 11:43:01;2026-09-17 11:43:01;{274465AA-344F-4613-9FB1-C7C948B0DCEE};256
1962;1;8;9;{4ED47079-022E-4C5B-AE37-66229119AF1E};"8,10,{910565FF-4892-49C7-AC3E-F93E1268C33A};";2026-09-17 11:43:01;2026-09-17 11:43:01;{EDDA9886-E771-4554-896B-7EADE092BBB3};256
1963;1;8;9;{EA0799DD-601F-44C4-8BF9-D44BFB0C520E};"8,10,{8DCF0E48-13AA-4E32-BD3B-642343954D55};";2026-09-17 11:43:01;2026-09-17 11:43:01;{27C2AACA-2E4C-4A62-956C-1F496BF1AEC0};256
1964;1;8;10;{A6A2C96C-79A4-4C99-B811-4846FE6D90E2};"8,9,{D12C40E2-31C4-4AEA-8721-06CDD5F0EFF1};8,9,{C9E93449-AAE5-47CA-985E-A07F9771758A};8,9,{B292C1F6-8F36-4613-9ADC-3615F6432201};";2026-09-17 11:43:01;2026-09-17 11:43:01;{1DD9680A-CCE0-4B98-852A-F5B0D05190E0};256
1965;1;8;9;{B050026A-1A96-47F4-9AFC-9BAEA3DD9989};"8,10,{83FC715A-2DAF-41DF-8EAE-61FA34F9C08C};";2026-09-17 11:43:01;2026-09-17 11:43:01;{2A5395EE-4F89-4E89-B008-036E9A3EEE8C};256
1966;1;8;9;{CB4908BD-2D54-4D91-BCFE-473CEB4C303B};"8,10,{3060CF88-E2AF-45F7-B93F-04244DD450C1};";2026-09-17 11:43:01;2026-09-17 11:43:01;{9BD16016-1B09-4F4F-81A8-015F3B82CDC1};256
1967;1;8;10;{69DBEE20-73A6-4B20-8730-930C2CDE2817};"8,9,{35830C09-3BBC-4597-9E3D-5B5F824D1CCC};8,9,{79F8C13A-D6A5-43DB-BF4F-41666E609579};8,9,{3F0ED80E-D804-4F1D-9510-BFA51268EDC9};8,9,{1BF6BB47-7350-4D70-9AF3-CF3F2A3CA42F};";2026-09-17 11:43:01;2026-09-17 11:43:01;{5E80BC05-9A8B-4BC3-8F6E-30C719491AFE};256
1968;1;8;9;{0297B3C7-5AFD-42CA-9ECC-EF6399C2E281};"8,10,{C7B69C1C-3934-4607-8E23-F1E6F961E2CB};";2026-09-17 11:43:01;2026-09-17 11:43:01;{F2A97840-D6AB-4715-93F2-7288136D37D3};256
1969;1;8;9;{74534B1A-9E62-4A98-8B53-9F647031DD0E};"8,10,{FB574795-1F08-4D4D-8916-F279E21AB2CA};";2026-09-17 11:43:01;2026-09-17 11:43:01;{46D294D3-E1E9-4D04-9796-842316CC46DD};256
1970;1;8;10;{E8D92A23-214B-4BCA-B5E3-211AAB329665};"8,9,{CF13EC07-6479-4692-B9E7-5C9D1F3F4E32};";2026-09-17 11:43:01;2026-09-17 11:43:01;{73E805E1-61D9-4DAB-A6A3-A3BFACC81D4F};256
1971;1;8;10;{5F880608-069D-436F-BFE1-4691994D525C};"8,9,{275D723F-9E03-49B6-AE5B-2FB3E59B0AF7};";2026-09-17 11:43:01;2026-09-17 11:43:01;{AB928DAC-9962-4A80-BBB5-9DD5F305EB23};256
1972;1;8;9;{275D723F-9E03-49B6-AE5B-2FB3E59B0AF7};"8,10,{5F880608-069D-436F-BFE1-4691994D525C};";2026-09-17 11:43:01;2026-09-17 11:43:01;{C3366124-7245-4480-9208-0777C4084204};256
1973;1;8;10;{1A7D20E2-9049-4286-B429-BCD766B2930A};"8,9,{96D284AA-102A-4181-B84E-FE97CB8DE99F};";2026-09-17 11:43:01;2026-09-17 11:43:01;{C6DC6EE4-BC96-4A35-8444-0ADA5DA9D449};256
1974;1;8;9;{4FF89B42-0F49-49D2-BB1E-D6757B39CDFE};"8,10,{FFB6BB72-4069-4B0F-A031-4D3A45BC18EC};";2026-09-17 11:43:01;2026-09-17 11:43:01;{3D6AF2CD-2DCD-400B-BFCA-B127F47BA945};256
1975;1;8;9;{96D284AA-102A-4181-B84E-FE97CB8DE99F};"8,10,{1A7D20E2-9049-4286-B429-BCD766B2930A};";2026-09-17 11:43:01;2026-09-17 11:43:01;{E0EE137C-B5CE-42D7-9459-DF8B5A210733};256
1976;1;8;9;{14FE8FB3-0AC3-4A8B-B892-44AE37268E8C};"8,10,{8B848F9A-48A2-4C9F-89BD-D7DEA296F790};";2026-09-17 11:43:01;2026-09-17 11:43:01;{240CAB6C-8B4F-4773-A5A6-1A5017D39081};256
1977;1;8;10;{26A1B230-C201-4F7D-85B2-62E07CDDB3F9};"8,9,{C62C94C5-1921-4216-9192-97019E9BA073};";2026-09-17 11:43:01;2026-09-17 11:43:01;{9B1DDC85-335A-43D8-B3E8-A259F20AE8B9};256
1978;1;8;10;{D6F1D074-E83B-4476-B6F8-7B16E937BA87};"8,9,{699E7DC1-05FF-4AFF-BCB1-859998472716};";2026-09-17 11:43:01;2026-09-17 11:43:01;{0C553B81-E03E-4A37-AE25-1E6BE87BE7E0};256
1979;1;8;9;{8C4BB7A6-8130-4334-9E07-BD36749F4217};"8,10,{2D9A11CC-4238-4356-AB2A-017BBFC46A1E};";2026-09-17 11:43:01;2026-09-17 11:43:01;{4678B537-529E-4F87-820C-6B240223F218};256
1980;1;8;9;{40030208-D386-4401-8D88-F59EE733A843};"8,10,{D1606506-DA13-42EC-981F-CB7C92F6EB1D};";2026-09-17 11:43:01;2026-09-17 11:43:01;{C7434814-262D-4A81-BA7D-E0DBFC322685};256
1981;1;8;9;{D7EC413D-E3D2-47A0-A4EA-1E0CCD1C53D7};"8,10,{875636EE-BF39-4CC1-9AA0-6E44AD762EF2};";2026-09-17 11:43:01;2026-09-17 11:43:01;{5F536F63-6A82-4454-AB0A-A53DAFC21B52};256
1982;1;8;9;{F789A494-A086-42E6-AA4B-24934EAC5038};"8,10,{21456536-BC85-4E19-812B-30735A926D9E};";2026-09-17 11:43:01;2026-09-17 11:43:01;{33931EF1-15EF-40EB-AE33-13123C5ECA98};256
1983;1;8;10;{242B36B0-58B0-4818-B1ED-1B3458E295E2};"8,9,{B2CE6644-6E54-4BAD-9772-1DB92D51908A};";2026-09-17 11:43:01;2026-09-17 11:43:01;{1EFBBEBD-EE05-43A8-8145-D3D48A10E00A};256
1984;1;8;10;{FA40EA35-F5EE-4483-B87E-8F7FE25855FC};"8,9,{21EE1202-E2F6-4E9E-AB9B-22547E4BE4A1};";2026-09-17 11:43:01;2026-09-17 11:43:01;{A55B557A-8A4E-461A-81CF-1B8DDBD01C84};256
1985;1;8;9;{FD2A8DAD-256C-4DA7-8AE2-563EF4C7A555};"8,10,{2D9A11CC-4238-4356-AB2A-017BBFC46A1E};";2026-09-17 11:43:01;2026-09-17 11:43:01;{030298DF-4F09-481A-88ED-B02CA4329CA6};256
1986;1;8;9;{306EAB87-8017-492E-BCBF-84667F123594};"8,10,{F3BD4825-F2E3-4B9F-8C68-618858969AB7};";2026-09-17 11:43:01;2026-09-17 11:43:01;{85EECB56-7EA8-4A81-A67A-6C9B3E786439};256
1987;1;8;9;{1355F0CE-07AB-4042-B359-96B41589C273};"8,10,{F3754C6C-84B9-4DB9-AFBA-9BD638EA65A4};";2026-09-17 11:43:01;2026-09-17 11:43:01;{47DCFDDE-6AE4-4238-9881-225D8365891C};256
1988;1;8;9;{C4F7F2A2-C56F-425C-830D-65713CF2E101};"8,10,{C893678E-D986-47E9-ADE7-C513EA81A26A};";2026-09-17 11:43:01;2026-09-17 11:43:01;{63AADD1C-3D04-4FC4-BBF9-A093320D2E9C};256
1989;1;8;9;{57A02CE2-5F1F-40B2-BA0C-CAF7765E3AAF};"8,10,{34B31236-98E9-4323-A8BB-AAB5C51E1469};";2026-09-17 11:43:01;2026-09-17 11:43:01;{71FA0761-3325-4710-B615-02F5463C6DD8};256
1990;1;8;10;{936045A5-1381-49BD-85D7-623928E2CAE7};"8,9,{F32C37C5-E97B-4C0C-942D-8306A87A865D};";2026-09-17 11:43:01;2026-09-17 11:43:01;{778CE9FE-E4E1-43A5-AB50-61D2666012A7};256
1991;1;8;10;{80B7D9BF-9945-4521-BA20-251C68FFCA61};"8,9,{C0A20E50-4C6D-41C1-ADA8-4DFD37F26D34};";2026-09-17 11:43:01;2026-09-17 11:43:01;{14B309BF-DF0C-4CBD-B719-21883B3996B7};256
1992;1;8;9;{A6DF431A-E54C-4D11-8F21-54F9BAE536D4};"8,10,{D33D46DD-BBE9-484C-93CE-A4C48D8EB7BC};";2026-09-17 11:43:01;2026-09-17 11:43:01;{A79768C9-54AD-40CB-9057-C173A7D3174A};256
1993;1;8;9;{0B1D4A61-9A90-4BCA-8273-C2176F45EDCE};"8,10,{07C0C299-B2D4-4CBB-9F1D-2FA33D104CDB};";2026-09-17 11:43:01;2026-09-17 11:43:01;{621B0DC3-DDED-42E8-BCC5-9DD44EBB735D};256
1994;1;8;10;{EAD0E4BC-34E7-450A-A5C8-A369BA0E94D3};"8,9,{970B72F3-3077-4240-87AE-E35962C8C695};";2026-09-17 11:43:01;2026-09-17 11:43:01;{18B19E4B-C44B-489E-94D5-8C2ABA19E59D};256
1995;1;8;10;{F0C3C02F-54FC-488E-AE2B-2DA376332F1E};"8,9,{FDF85639-2C7C-45D3-A0C6-9369751CE4C3};";2026-09-17 11:43:01;2026-09-17 11:43:01;{F6972217-CA77-4F7B-ACF5-8A4C267BF1F0};256
1996;1;8;9;{9F2D9EC8-546E-46FB-B8ED-642072C1698C};"8,10,{5B34ED08-C96E-43D2-9967-F6DDE12AF7AA};";2026-09-17 11:43:01;2026-09-17 11:43:01;{B47DDD6E-A4A6-4624-8EC8-962F98790142};256
1997;1;8;10;{F23968B4-7CB5-49C6-809A-E546174E8D03};"8,9,{A9099626-AE42-43B5-A65B-80E1B222D32F};";2026-09-17 11:43:01;2026-09-17 11:43:01;{F984056F-0F5A-49E7-91BE-A15AE15477CE};256
1998;1;8;10;{F3754C6C-84B9-4DB9-AFBA-9BD638EA65A4};"8,9,{1355F0CE-07AB-4042-B359-96B41589C273};8,9,{9BB96EB0-8593-4DD3-ADF7-7266A4DA1BD5};8,9,{A731995B-C9E1-4134-872A-4FCF0C41CC5D};";2026-09-17 11:43:01;2026-09-17 11:43:01;{7D4364AD-6E48-40DC-B364-D5EDA2FDFA26};256
1999;1;8;9;{054857EE-8962-4F88-AF2C-3E9AB97782E6};"8,10,{48D28958-CE66-4104-A8FB-C94EDC5181F0};";2026-09-17 11:43:01;2026-09-17 11:43:01;{5CA4134B-3A53-4BC8-97AC-F78CF9B464D8};256
2000;1;8;9;{EAF61DB2-5B5F-4508-A7C2-FF0CB248603A};"8,10,{B14D45DD-25B8-4629-817A-1CAAB8CA696A};";2026-09-17 11:43:01;2026-09-17 11:43:01;{2D8AC85D-6697-4E33-A918-0D58F89E0DE4};256
2001;1;8;9;{AFB8A991-808D-4690-94DE-29312D29D0B3};"8,10,{19B01A6F-0022-49C2-933C-FFCC469804B7};";2026-09-17 11:43:01;2026-09-17 11:43:01;{88F482C5-AB13-4833-A4AA-6C88C221A8A2};256
2002;1;8;9;{3D018A79-62FA-452D-9AE4-032DEBA6C7E6};"8,10,{7A0A6F29-A68A-43F8-8FA9-EEA1E4E43B46};";2026-09-17 11:43:01;2026-09-17 11:43:01;{32C7BB38-B41E-4752-BCA0-1B481065C7B4};256
2003;1;8;9;{7ACAE0A6-5ED4-4F0F-8A3C-DD2461EB751B};"8,10,{5B5F31D1-7BD2-49F9-A346-2C125AF3B799};";2026-09-17 11:43:01;2026-09-17 11:43:01;{D1B0FA84-0C28-4484-BDF3-5F69A00402F5};256
2004;1;8;10;{24CC79B2-2B08-46DF-8F8E-D3A582C70FDF};"8,9,{FA65C755-8E61-4551-80D0-25CBE3E95491};";2026-09-17 11:43:01;2026-09-17 11:43:01;{BC4DFB74-77AA-4AA2-BD9C-8B11D9BBA323};256
2005;1;8;9;{7D20C79A-AFC3-4373-A2A4-5E34C6F202DC};"8,10,{2DF75EA3-F3ED-4EFD-82E1-363542CC3B94};";2026-09-17 11:43:01;2026-09-17 11:43:01;{C60B80A5-0F35-473C-B659-40F66AE6DBF7};256
2006;1;8;9;{3963035F-C84D-49FC-8562-8D442C7026A7};"8,10,{EC0E503C-C001-4000-BCF4-64A79E8D69D4};";2026-09-17 11:43:01;2026-09-17 11:43:01;{46514F71-E558-46AD-B9EC-26A7F6AA73EF};256
2007;1;8;9;{46FB1D55-BBDE-4A6C-8A85-97D43F690BD4};"8,10,{EAEC4A39-619F-47F3-B0D4-A4D7A8CAAF7B};";2026-09-17 11:43:01;2026-09-17 11:43:01;{B283972D-881E-4F98-8218-0C8E09602FE7};256
2008;1;8;9;{6EBD5423-29E8-4496-A509-542693503795};"8,10,{2AEDD945-F2C5-40D4-93E7-52B6B705760E};";2026-09-17 11:43:01;2026-09-17 11:43:01;{F09260A2-901E-4345-9D4D-2F20A3A7BDA5};256
2009;1;8;9;{7911D903-265A-4986-B4AB-36E4CAE3C7A5};"8,10,{B14D45DD-25B8-4629-817A-1CAAB8CA696A};";2026-09-17 11:43:01;2026-09-17 11:43:01;{3BABE7EB-3AD7-490E-9716-ACEA181E396C};256
2010;1;8;10;{8413ADC4-E528-4279-B4C5-A43353C84968};"8,9,{C8C9CCFC-5E45-43A8-8449-1491B7F4B74C};";2026-09-17 11:43:01;2026-09-17 11:43:01;{317354C4-20DD-4EDC-A1D4-B6528F348430};256
2011;1;8;9;{29FF0C64-120F-438E-986C-40E691AABA3F};"8,10,{9DC45BAF-FA0E-4133-AFB9-3F0B394CF9CB};";2026-09-17 11:43:01;2026-09-17 11:43:01;{AA6C7DCE-B2C4-4C2B-92EE-A1BBB0F0BF5B};256
2012;1;8;9;{00A30167-B4BB-41D2-9299-3085E99DC545};"8,10,{5B34ED08-C96E-43D2-9967-F6DDE12AF7AA};";2026-09-17 11:43:01;2026-09-17 11:43:01;{1FD77FE5-40EF-4CDC-A268-1243E27F2070};256
2013;1;8;9;{6906BECB-324C-472A-97EC-471E549AE239};"8,10,{E6D838B8-0FAC-427D-8A85-FBF8999A09AA};";2026-09-17 11:43:01;2026-09-17 11:43:01;{98FC1608-11CE-45FD-95FE-72B9628A76DE};256
2014;1;8;9;{DABC385E-3DF3-4133-8BB3-21B6009325B5};"8,10,{A5C30FA8-C93C-4D8C-8136-CEE674521E8B};";2026-09-17 11:43:01;2026-09-17 11:43:01;{4E4C51B6-FCDA-4399-BC4F-AC25DF671D34};256
2015;1;8;10;{F34380D2-9609-4D52-96CF-9C434C82EEF6};"8,9,{8D3360AB-E0A2-43F3-8885-3991D88728D3};";2026-09-17 11:43:01;2026-09-17 11:43:01;{94B81FFA-9F68-41A8-89C5-BEDDACABFAC2};256
2016;1;8;10;{0435E333-C726-4EAA-8444-1D470C8D6AEF};"8,9,{8BD5A1D2-3068-441C-BA47-62239F6735D0};8,9,{A4EAFD21-86F9-40DE-A1AD-8495A9A39319};";2026-09-17 11:43:01;2026-09-17 11:43:01;{0D287F94-948C-4AB2-8214-09787EB7C0C1};256
2017;1;8;9;{8BD5A1D2-3068-441C-BA47-62239F6735D0};"8,10,{0435E333-C726-4EAA-8444-1D470C8D6AEF};";2026-09-17 11:43:01;2026-09-17 11:43:01;{B88EA5D1-818A-48F5-A3EE-305BDF3FA39A};256
2018;1;8;9;{290E8A87-1203-453D-B903-C94C747A96DF};"8,10,{0A85DADE-3C3F-4905-B70A-72CD73DD5AED};";2026-09-17 11:43:01;2026-09-17 11:43:01;{B9F6843D-55ED-4CC4-BC9D-8597E2B0477C};256
2019;1;8;9;{F03764FD-A8F4-423F-99EB-F696EFD722D0};"8,10,{AC5237CC-6F45-4ABD-9B19-4E46B962E7EE};";2026-09-17 11:43:01;2026-09-17 11:43:01;{790CE8AB-54A8-4AE6-BED5-D0E3DD0E1144};256
2020;1;8;9;{7C2957E4-4752-412F-AAF2-8E7ED230DED9};"8,10,{C7B69C1C-3934-4607-8E23-F1E6F961E2CB};";2026-09-17 11:43:01;2026-09-17 11:43:01;{7EB108FF-1D2C-4F28-BFFD-0CB0DAAF8A97};256
2021;1;8;9;{6880C372-1C76-46B3-8DC9-4BC32B9CD034};"8,10,{DA824C50-F1C4-4CAD-B275-D4C7DEA119F9};";2026-09-17 11:43:01;2026-09-17 11:43:01;{98668ADD-CFB1-4DBE-A735-7D8759991915};256
2022;1;8;9;{54F2590C-8901-4C6B-95B5-6B7658500092};"8,10,{C4A75EF8-6FA9-4B73-936B-E4BF29056D3A};";2026-09-17 11:43:01;2026-09-17 11:43:01;{41759FB9-AFF3-43DE-A15E-9E25053D670E};256
2023;1;8;10;{DE9D85DC-CAA1-4734-BB85-1C1875B77CE1};"8,9,{6F3A28DE-2AAF-4B3D-92C6-466DD256C255};";2026-09-17 11:43:01;2026-09-17 11:43:01;{1E751CE3-F35A-4839-A035-C47C627BE2AE};256
2024;1;8;9;{89E8E7AE-538F-4527-9D80-94587088FC80};"8,10,{ABE26E71-0346-49ED-811E-A1C89334A947};";2026-09-17 11:43:01;2026-09-17 11:43:01;{402BBC1B-1111-48A2-ADE1-21CA87E1FA93};256
2025;1;8;10;{1B0B5990-D88A-4B7D-8B4B-BB2FB71150E4};"8,9,{51C75BCB-FD83-4546-81C3-430B41FF46FA};";2026-09-17 11:43:01;2026-09-17 11:43:01;{FF27CE0E-DECA-4DD3-BA31-374A750B1903};256
2026;1;8;9;{D1EB8C78-0CD3-4633-A033-1BF39E41C642};"8,10,{CC9F6A82-1490-4230-AD83-8A85A3EE41B2};";2026-09-17 11:43:01;2026-09-17 11:43:01;{634554AA-8A96-4E4B-85AC-8485AF3A6E06};256
2027;1;8;9;{E75C0468-BDA6-4088-B807-744399564BC2};"8,10,{07C0C299-B2D4-4CBB-9F1D-2FA33D104CDB};";2026-09-17 11:43:01;2026-09-17 11:43:01;{3320BE12-7059-4B84-AB8D-3DBFA24AF2AE};256
2028;1;8;9;{54579F15-CB8F-4358-B1BA-257A64360A6F};"8,10,{81FE7A80-1442-46EE-967F-A3BECF53E90B};";2026-09-17 11:43:01;2026-09-17 11:43:01;{BC3E3528-A003-405C-898E-F6BDD67A0A24};256
2029;1;8;9;{572386CD-2E98-421E-8C26-C2A4DF82DDD9};"8,10,{D33D46DD-BBE9-484C-93CE-A4C48D8EB7BC};";2026-09-17 11:43:01;2026-09-17 11:43:01;{7317855F-0839-4E9E-853F-58ECA80DA749};256
2030;1;8;9;{056A5284-773F-4207-8C73-163E68C8F15D};"8,10,{08EF5B8F-80C0-4091-BBFE-5BF694391D3C};";2026-09-17 11:43:01;2026-09-17 11:43:01;{52D6686A-2C19-4036-A89B-51796B97D7B8};256
2031;1;8;10;{D7518997-2380-410F-94E5-055C04958F46};"8,9,{B1716308-9CB8-45BD-9014-CF47115DDDC6};8,9,{40C92033-2CB6-4772-A44D-EED26C30C649};8,9,{D32213AC-FE59-40C9-8956-80F52FDF641A};";2026-09-17 11:43:01;2026-09-17 11:43:01;{A5699D93-B862-4ECE-AA97-426F5AA04D74};256
2032;1;8;10;{D379FC59-AFE3-448F-BE6A-5AE987CCF608};"8,9,{7634B183-2851-4B92-8CB5-3B11546D66DB};";2026-09-17 11:43:01;2026-09-17 11:43:01;{94FB7D8D-6DBB-4EC2-82B5-CBB439015AB3};256
2033;1;8;9;{141C477F-84C8-48A4-A177-EED5503156A4};"8,10,{9FB19F7B-93E9-45D4-A629-7F5D148F9E07};";2026-09-17 11:43:01;2026-09-17 11:43:01;{9A1D5A8C-75BE-4713-B661-727ED5990EDA};256
2034;1;8;9;{BE38D9B8-7188-4637-BF1E-B892B6A2CEF0};"8,10,{C673E645-11E4-41F4-951F-269882C4997D};";2026-09-17 11:43:01;2026-09-17 11:43:01;{C98D48DE-4E98-4192-9898-5A3D9DAA25A1};256
2035;1;8;9;{C5A2EE2B-0EB7-45B3-8449-44B8551258CD};"8,10,{2DF75EA3-F3ED-4EFD-82E1-363542CC3B94};";2026-09-17 11:43:01;2026-09-17 11:43:01;{4075996B-5928-42A7-A2C5-C1A8704154DC};256
2036;1;8;9;{5BA664FA-0A41-479A-A7AC-144F198AD935};"8,10,{D4706042-4778-45CD-AE64-C9C3DF9F9A5D};";2026-09-17 11:43:01;2026-09-17 11:43:01;{D4314191-B0E9-415E-83E1-D82CECBDD56C};256
2037;1;8;9;{9E2E569D-565C-4BD7-926D-BEB2865365AC};"8,10,{5A5C02D1-4EBF-4992-8021-AEA0C9A6FD21};";2026-09-17 11:43:01;2026-09-17 11:43:01;{1EEE69D3-EE05-4C7C-80AA-2D0EC45E13FA};256
2038;1;8;9;{A4EAFD21-86F9-40DE-A1AD-8495A9A39319};"8,10,{0435E333-C726-4EAA-8444-1D470C8D6AEF};";2026-09-17 11:43:01;2026-09-17 11:43:01;{C538F533-9E06-4DEF-8200-F37A09E8D8AD};256
2039;1;8;9;{1A904DD6-42AF-4B50-BA0F-2D1B9DAD4AF4};"8,10,{08EF5B8F-80C0-4091-BBFE-5BF694391D3C};";2026-09-17 11:43:01;2026-09-17 11:43:01;{D30A9175-6B4B-4498-86FB-C92B05EAD082};256
2040;1;8;9;{6F3A28DE-2AAF-4B3D-92C6-466DD256C255};"8,10,{DE9D85DC-CAA1-4734-BB85-1C1875B77CE1};";2026-09-17 11:43:01;2026-09-17 11:43:01;{303218A7-4C50-4C10-8CAF-15374552D794};256
2041;1;8;9;{9BB96EB0-8593-4DD3-ADF7-7266A4DA1BD5};"8,10,{F3754C6C-84B9-4DB9-AFBA-9BD638EA65A4};";2026-09-17 11:43:01;2026-09-17 11:43:01;{6766A599-9659-4673-81AC-43419ED8B299};256
2042;1;8;9;{E2C8BD90-0D56-4688-9831-5CD7604FF8AE};"8,10,{9444DCB6-63DD-4132-8C26-0BF1162A90EA};";2026-09-17 11:43:01;2026-09-17 11:43:01;{C412010C-6F7A-499F-8E2F-D2A74A64B3F5};256
2043;1;8;9;{CC90BF8B-F382-4454-8543-0601CCA5BB69};"8,10,{BF02FA7C-9A67-4FF3-8F41-505D719296F1};";2026-09-17 11:43:01;2026-09-17 11:43:01;{645DFBB1-79E0-4C88-9417-CF745F90C1F8};256
2044;1;8;9;{6145BB7F-7E93-40A9-B7C6-4C3CC0AE3B60};"8,10,{B527D4C8-8F64-431D-A71D-6F168A1D012D};";2026-09-17 11:43:01;2026-09-17 11:43:01;{E1500A9A-B62F-4F6A-ABE3-930B19DE2E25};256
2045;1;8;10;{98EB4222-EA3F-4792-8F47-DFE409EA921C};"8,9,{7F2CD4F2-5C95-4609-9A73-A07854231D40};";2026-09-17 11:43:01;2026-09-17 11:43:01;{2587E747-C502-4A7C-B248-7E1D03141E71};256
2046;1;8;9;{3CDB9FFF-DB22-4AF6-B46B-16FA826EC8A5};"8,10,{C673E645-11E4-41F4-951F-269882C4997D};";2026-09-17 11:43:01;2026-09-17 11:43:01;{8B19076D-3422-4FC0-BA06-3B36D6E46CD3};256
2047;1;8;10;{3E898BB2-44D4-4EE3-B410-2E27187E1580};"8,9,{03E598C6-72B7-4D81-B2F2-0A3A3D71EFB4};";2026-09-17 11:43:01;2026-09-17 11:43:01;{C29E50A3-C40A-43E6-9583-F09AA237DEF9};256
2048;1;8;9;{418C3F0D-7FB0-49C3-9666-03815D64AC27};"8,10,{2F2A0274-5617-4B55-A6F7-C1AA754B0EBD};";2026-09-17 11:43:01;2026-09-17 11:43:01;{6D8A716E-F1DD-46B4-92AB-EB08FCA3903E};256
2049;1;8;9;{6F00A766-48E2-41F7-9C1A-F31F13921578};"8,10,{D396C65B-37EC-4047-B8AA-2D093503052E};";2026-09-17 11:43:01;2026-09-17 11:43:01;{53307307-D74A-4104-ABBC-921E20B194EE};256
2050;1;8;9;{6D006778-D2B6-4B9E-B6A5-CD294B86CBBD};"8,10,{A688E6F5-F78A-4A1E-B1F3-6C3C33325157};";2026-09-17 11:43:01;2026-09-17 11:43:01;{2892C932-1CA1-474A-9C40-636B4703431B};256
2051;1;8;10;{1FDFF952-E6A5-45EF-B0A0-56BBED9A68E6};"8,9,{8DE8F4EB-2CDD-45DB-A395-B9087A74FA7C};8,9,{F14A2FDF-C1D6-4D2E-BAA2-629BC4920CF3};";2026-09-17 11:43:01;2026-09-17 11:43:01;{AE313F07-4FB9-482E-8DA6-2F2EB99A637D};256
2052;1;8;9;{8DE8F4EB-2CDD-45DB-A395-B9087A74FA7C};"8,10,{1FDFF952-E6A5-45EF-B0A0-56BBED9A68E6};";2026-09-17 11:43:01;2026-09-17 11:43:01;{93290DA1-976B-4FBC-8DE9-2E5ED791145D};256
2053;1;8;9;{9602E897-F96C-4B13-B559-320399F8B667};"8,10,{474BA650-2829-47DF-B2A8-CAE128F1CE60};";2026-09-17 11:43:01;2026-09-17 11:43:01;{CD98176D-4F70-45B2-91A6-E4F7BDA1379D};256
2054;1;8;9;{C4A90B68-775B-43A1-BDD6-E5CFD86C7890};"8,10,{21ECDAED-76B3-40F4-B694-B0E46882489E};";2026-09-17 11:43:01;2026-09-17 11:43:01;{E0EB4BCD-64F1-4316-9415-5D3462E512D3};256
2055;1;8;9;{2FDA0FA7-1D34-4782-9803-6D5561E7DA7C};"8,10,{F74D65E1-0111-48E7-9DD2-F5C9035BF1D4};";2026-09-17 11:43:01;2026-09-17 11:43:01;{FB36EE9A-7DF5-4AE8-947C-B7E7497AFBA9};256
2056;1;8;10;{33CABC5A-F685-4DC5-BB8C-582D4CE56648};"8,9,{9EE47212-E7F3-44B7-B3D9-33DAA5C5CAC8};";2026-09-17 11:43:01;2026-09-17 11:43:01;{35A58353-F834-48C9-80F1-65C35C0B05B9};256
2057;1;8;9;{6944B25A-670A-433A-82C5-C390CE4360B7};"8,10,{C7B69C1C-3934-4607-8E23-F1E6F961E2CB};";2026-09-17 11:43:01;2026-09-17 11:43:01;{CC56167E-1DAF-45BC-9159-E5487FEE85D5};256
2058;1;8;10;{5CEA1C2F-FA4D-4A48-B2A8-C9ADA704A5B9};"8,9,{28531491-5CB9-4F61-83A3-E99A30A88AEB};";2026-09-17 11:43:01;2026-09-17 11:43:01;{9901229B-7B33-4E24-8770-5D283DB9D6B3};256
2059;1;8;10;{7E80CB95-F021-4DE3-9D63-A77A3654A9A8};"8,9,{19E38122-2F3A-4D7A-AF57-FC20CB0A2D0F};8,9,{CEDA86D1-D966-48FF-BBEB-2D24CA51D412};";2026-09-17 11:43:01;2026-09-17 11:43:01;{ED5D0F29-8559-4081-AE64-1FA7325F0140};256
2060;1;8;10;{1AB9011F-616B-4775-9C39-386980F01DB4};"8,9,{22263F30-5837-4D5C-BE6C-0119B8323627};";2026-09-17 11:43:01;2026-09-17 11:43:01;{D0B0FCE5-CF46-441E-86D9-C2C52FF0C03C};256
2061;1;8;9;{28531491-5CB9-4F61-83A3-E99A30A88AEB};"8,10,{5CEA1C2F-FA4D-4A48-B2A8-C9ADA704A5B9};";2026-09-17 11:43:01;2026-09-17 11:43:01;{6C597CA8-8452-4D48-8831-60F2881AC6EF};256
2062;1;8;9;{75134F0F-5B32-443C-98E8-C9E1C2C17A28};"8,10,{BBAA87BB-DB69-45F1-8F9D-7396ACD8523C};";2026-09-17 11:43:01;2026-09-17 11:43:01;{C95B7514-E8CD-4606-9A6C-A6A9B6BF31E1};256
2063;1;8;10;{CA83982E-B5C3-4C6E-B24A-61B0EA00B9B3};"8,9,{3DFABADD-B1FC-4441-8285-BD5139B8EC50};";2026-09-17 11:43:01;2026-09-17 11:43:01;{E898F8A2-E363-40AD-8BD6-7DC5F6955F58};256
2064;1;8;9;{3DFABADD-B1FC-4441-8285-BD5139B8EC50};"8,10,{CA83982E-B5C3-4C6E-B24A-61B0EA00B9B3};";2026-09-17 11:43:01;2026-09-17 11:43:01;{DF186B48-96E9-4285-A926-0ABAB096AF54};256
2065;1;8;10;{B792056E-8EC7-4C28-9704-2A1408F7065F};"8,9,{A46BD2AE-23B1-4E6C-B950-895B8394C865};";2026-09-17 11:43:01;2026-09-17 11:43:01;{3A44FE2D-97D5-4EA8-9B69-49A9DB481681};256
2066;1;8;10;{FCD3A01D-E859-49A0-8E59-60A43EFE4AA4};"8,9,{BCAC6D32-A63A-4BF4-A10F-248EE6AB6A30};8,9,{A181F5C4-1B02-4AF7-A067-E5FB0D31D276};";2026-09-17 11:43:01;2026-09-17 11:43:01;{68A507B3-0190-419C-887B-8C9E57140C2A};256
2067;1;8;9;{BCAC6D32-A63A-4BF4-A10F-248EE6AB6A30};"8,10,{FCD3A01D-E859-49A0-8E59-60A43EFE4AA4};";2026-09-17 11:43:01;2026-09-17 11:43:01;{2D32BF64-FF14-425A-AC1A-EDDE2B48ED04};256
2068;1;8;9;{E2102C4C-9398-435B-8F9B-4EB883C3D40D};"8,10,{0DCA3631-1A9D-40D0-8A0D-3A24FCF3115F};";2026-09-17 11:43:01;2026-09-17 11:43:01;{189EAFEF-1425-43AB-9E0C-50D9796546E0};256
2069;1;8;9;{A106CDBF-1136-4206-8A70-2604BA475CA3};"8,10,{94E7C452-C371-417A-96B0-1C451EF58EB5};";2026-09-17 11:43:01;2026-09-17 11:43:01;{D92481CD-2D6F-4C16-A98C-7D7412EE834C};256
2070;1;8;9;{CD74AE39-58FF-4104-96D1-17C36640F027};"8,10,{C08B3363-595E-4CD3-AFAA-FD4ED108BC34};";2026-09-17 11:43:01;2026-09-17 11:43:01;{27CB7BB7-AC19-48C9-833C-FEB5F27A9918};256
2071;1;8;9;{F14A2FDF-C1D6-4D2E-BAA2-629BC4920CF3};"8,10,{1FDFF952-E6A5-45EF-B0A0-56BBED9A68E6};";2026-09-17 11:43:01;2026-09-17 11:43:01;{EDFDD427-1338-4108-A68A-C0478A2C322D};256
2072;1;8;9;{202038BA-36F6-4899-B20E-72C2B041ED7F};"8,10,{9145EC37-8502-4E04-8A4D-D21D15F9AEC8};";2026-09-17 11:43:01;2026-09-17 11:43:01;{1EDCE154-7084-4978-B538-3FD30A2FFE3F};256
2073;1;8;10;{F08AC013-8726-43F5-8EDE-4A624ECEBCEF};"8,9,{134E1852-090A-4E3F-A8DE-A9676ABBE1BD};";2026-09-17 11:43:01;2026-09-17 11:43:01;{9B97D67D-241F-4F29-9840-0A58BBF0D995};256
2074;1;8;9;{C9E93449-AAE5-47CA-985E-A07F9771758A};"8,10,{A6A2C96C-79A4-4C99-B811-4846FE6D90E2};";2026-09-17 11:43:01;2026-09-17 11:43:01;{8B739A7A-8608-4E84-BABD-AEBB994AB57D};256
2075;1;8;9;{A996E613-D913-49DF-A66C-D517D8D45889};"8,10,{D6BC4C61-4A72-4FC9-9640-B5AFC09DAE1B};";2026-09-17 11:43:01;2026-09-17 11:43:01;{98442B59-07CC-4303-9C15-B4CA786D11D5};256
2076;1;8;9;{A181F5C4-1B02-4AF7-A067-E5FB0D31D276};"8,10,{FCD3A01D-E859-49A0-8E59-60A43EFE4AA4};";2026-09-17 11:43:01;2026-09-17 11:43:01;{77F8C294-F849-431E-9D14-49FC6EA9CBA3};256
2077;1;8;9;{A88022CC-266B-4015-995B-85D0D7337D89};"8,10,{C08B3363-595E-4CD3-AFAA-FD4ED108BC34};";2026-09-17 11:43:01;2026-09-17 11:43:01;{909F0D55-86E1-43F7-897C-C5B2214004D5};256
2078;1;8;9;{75C8413C-8C52-4324-B80D-1D9CC4E89F48};"8,10,{48E119A3-2B23-4CC2-83C0-DA2351891B3D};";2026-09-17 11:43:01;2026-09-17 11:43:01;{4F3635CF-8827-40BA-B329-DEF62A1B57C4};256
2079;1;8;10;{10FB4F34-5C0D-4F35-B041-6DFD8D83857B};"8,9,{89F89A1F-4599-42F3-ACC0-2722FCE0E7D4};";2026-09-17 11:43:01;2026-09-17 11:43:01;{E5E708F0-F8EB-43DF-A494-73A6664128C5};256
2080;1;8;9;{89F89A1F-4599-42F3-ACC0-2722FCE0E7D4};"8,10,{10FB4F34-5C0D-4F35-B041-6DFD8D83857B};";2026-09-17 11:43:01;2026-09-17 11:43:01;{BED7482D-9AFF-4A04-AC8E-B366A89BDC1B};256
2081;1;8;9;{A1563415-34E9-41CF-A470-334B8BAE25F9};"8,10,{07C0C299-B2D4-4CBB-9F1D-2FA33D104CDB};";2026-09-17 11:43:01;2026-09-17 11:43:01;{17BC80EA-D5B5-4002-A028-33DCBFEC426F};256
2082;1;8;10;{7EF60E76-5BE3-4B0F-8F1D-D315CBAE9F5A};"8,9,{A823B807-6FFC-4273-B2A3-3B49759A0FC2};8,9,{A3B7C88D-C421-4C2D-BAA8-AB7F18711578};";2026-09-17 11:43:01;2026-09-17 11:43:01;{F7154BC7-3706-4F7F-A3D5-E274F5BDE3AC};256
2083;1;8;10;{2B31CF62-41F4-4A6B-AACC-3142F8216A2A};"8,9,{1703A295-9069-4D02-9536-89E82B1126B7};";2026-09-17 11:43:01;2026-09-17 11:43:01;{0A29C5C6-9BFE-494B-8413-9A5241D9598B};256
2084;1;8;9;{93796F35-7FE9-4FDD-8598-7E68F26A8F55};"8,10,{190EEDF4-0040-4CA4-9D44-9F2EB612B612};";2026-09-17 11:43:01;2026-09-17 11:43:01;{CFC1B8D7-249D-48D1-8F19-48CC02A7D6A1};256
2085;1;8;9;{7233F649-B840-46E1-8010-6F8EEA985815};"8,10,{64A5841A-D858-467C-B834-BB68BAE7C1ED};";2026-09-17 11:43:01;2026-09-17 11:43:01;{EE759DCA-E63C-4498-AF52-F5F4FF05796C};256
2086;1;8;9;{6E8D04FE-7AFC-4C6B-BD0C-3383D3A9C728};"8,10,{BAE43623-A027-4C7C-8DFB-2EC8BDB0A77F};";2026-09-17 11:43:01;2026-09-17 11:43:01;{534F6680-7F13-4DA0-AA55-AB45185BC086};256
2087;1;8;10;{556B9EBA-E67F-464A-A0E5-789EC952654D};"8,9,{50FE75AF-0F6D-4A04-85B8-C831A042A8E3};8,9,{7FF21390-2CA0-43ED-9072-C3C6B0F73CA4};";2026-09-17 11:43:01;2026-09-17 11:43:01;{820BE147-B343-4634-98C8-BD55C1942DC0};256
2088;1;8;9;{50FE75AF-0F6D-4A04-85B8-C831A042A8E3};"8,10,{556B9EBA-E67F-464A-A0E5-789EC952654D};";2026-09-17 11:43:01;2026-09-17 11:43:01;{29A8D220-B9C8-408A-BE92-4CF2B3354944};256
2089;1;8;9;{C95F6D0F-ACB0-4225-9D40-8A733EE66162};"8,10,{CBB6FBC7-317E-4816-9A45-E2685B8219A9};";2026-09-17 11:43:01;2026-09-17 11:43:01;{BD3950A0-0E86-4002-96A0-CC7FA1EA79E5};256
2090;1;8;10;{1E35F047-669D-4F7F-987D-FAFF6D27A4DD};"8,9,{682F77A2-1912-45F6-BE95-4BC30656A0D8};8,9,{CF9B0164-087A-4F41-91C6-704D6D69FDF7};8,9,{C7504C30-97FC-4D81-913E-63E96A7AC6E4};8,9,{088E4B01-E808-4420-AB82-AD5DDEE689DA};";2026-09-17 11:43:01;2026-09-17 11:43:01;{2E1F9D86-F342-4DA7-B4D3-E12C28795CAE};256
2091;1;8;9;{682F77A2-1912-45F6-BE95-4BC30656A0D8};"8,10,{1E35F047-669D-4F7F-987D-FAFF6D27A4DD};";2026-09-17 11:43:01;2026-09-17 11:43:01;{9256CA33-8F19-4D5F-8C4F-EDFEADC7FE7C};256
2092;1;8;9;{A941A532-9D08-4742-AB2C-A65BB0DFF7FC};"8,10,{2A89EE3F-8883-4EE5-BC88-453FF762303A};";2026-09-17 11:43:01;2026-09-17 11:43:01;{95C6D14A-42EC-4754-9D55-2722235E3C71};256
2093;1;8;9;{0EEFCCE6-E435-4EB8-98D2-E308922A81D2};"8,10,{691B7F76-EE8F-46D0-A44B-F575931966EC};";2026-09-17 11:43:01;2026-09-17 11:43:01;{ED8208E3-2B3C-40BC-92D2-0E64DCD27055};256
2094;1;8;9;{D78E3B37-CBA7-4C85-B946-3A3A18DE1D2D};"8,10,{C7B69C1C-3934-4607-8E23-F1E6F961E2CB};";2026-09-17 11:43:01;2026-09-17 11:43:01;{E9B98417-A766-4D7B-873D-21C967051FF5};256
2095;1;8;9;{FA34140E-B2B3-44F6-A38E-E1CB313D019E};"8,10,{F97D5F08-81B5-413F-812A-F0344ACA939A};";2026-09-17 11:43:01;2026-09-17 11:43:01;{E65CC4CD-740F-43B5-A2A2-50F0495033F6};256
2096;1;8;9;{C39A4B53-E40D-4B6F-B527-4170E0BCE45A};"8,10,{3551B921-8BCE-4C4B-A11B-BC23E78E0079};";2026-09-17 11:43:01;2026-09-17 11:43:01;{9D06A017-0D74-4A0E-AA45-65D7229F9B70};256
2097;1;8;10;{53B498E5-2E1A-4342-9298-9DE57A48A992};"8,9,{910C50F5-93E5-4DE5-A0BA-DAD021C784FB};";2026-09-17 11:43:01;2026-09-17 11:43:01;{63CCC037-E831-464F-AA4B-6BA304C28AD4};256
2098;1;8;9;{6BB582E3-CE9A-4DB3-8763-C7FC680F30B6};"8,10,{DEF73C89-9F7E-46E7-B049-1F1CBCDE78C9};";2026-09-17 11:43:01;2026-09-17 11:43:01;{3FE764A3-104D-4160-8286-EC8851DF4A3D};256
2099;1;8;10;{9879D063-4C97-47CC-8207-C1DDA6215949};"8,9,{54D692D9-F64F-4466-AFB6-ACA387D351D3};8,9,{CDD5A868-EC46-4331-82EB-8908AF402E33};";2026-09-17 11:43:01;2026-09-17 11:43:01;{65090C36-35E2-41DD-8F8A-4B83C5B315DB};256
2100;1;8;10;{029ABEC5-251B-441C-9C27-1A924D14A8BD};"8,9,{860C19CC-7BD3-4020-B22A-B6304CE5456A};";2026-09-17 11:43:01;2026-09-17 11:43:01;{C434647E-ABD3-4D55-97DA-0EEB7E4CF600};256
2101;1;8;9;{48642C7E-3C56-46AE-9257-D8E784FDCEB4};"8,10,{B40DECB0-2C2B-4C4E-9971-84F5059C1533};";2026-09-17 11:43:01;2026-09-17 11:43:01;{68987ADA-2601-49F9-B3B7-4F67C4820ABC};256
2102;1;8;10;{196CC9B3-D448-430E-9378-E4624B8628D9};"8,9,{212756A3-778C-4B89-9FC6-66025FCBDE4F};";2026-09-17 11:43:01;2026-09-17 11:43:01;{FA7A2397-5D36-4137-97BC-88950C948C00};256
2103;1;8;9;{860C19CC-7BD3-4020-B22A-B6304CE5456A};"8,10,{029ABEC5-251B-441C-9C27-1A924D14A8BD};";2026-09-17 11:43:01;2026-09-17 11:43:01;{A77D7AA2-D6C6-4878-99F2-8AFC9E8ADA50};256
2104;1;8;9;{E0C2BE62-F056-4637-BB4B-65045649B3A9};"8,10,{2BD74BC2-E24D-4E49-887E-3ECD6F2DE23A};";2026-09-17 11:43:01;2026-09-17 11:43:01;{16BAA72E-B645-4267-A2CE-D6AC61F6E9AD};256
2105;1;8;9;{C50581BA-48AC-49B6-8B6C-F1FF9B7317F0};"8,10,{A9E13EAB-42B1-46FD-823E-9E78CF97C566};";2026-09-17 11:43:01;2026-09-17 11:43:01;{8BDD43B4-76DA-46A7-A76A-EDA9911C3458};256
2106;1;8;10;{EDDE4B35-8384-462C-A025-3BFB82A0F536};"8,9,{7A6B071E-951D-4054-841F-6E5CF03F7952};8,9,{F7E48A81-1900-4C61-81E4-76D02C06A103};8,9,{AFDED94F-E5D0-4B8B-BBDE-9C04AD70BB30};";2026-09-17 11:43:01;2026-09-17 11:43:01;{8D40A8B5-13F2-4FAC-A352-DE42DEE63658};256
2107;1;8;9;{236948E0-4056-456D-A450-200D598028A2};"8,10,{EEBA47FB-5522-477E-8996-4EBC2DEC8DEE};";2026-09-17 11:43:01;2026-09-17 11:43:01;{FB410BCC-3B09-433E-910A-4B64422BB2CF};256
2108;1;8;9;{CF9B0164-087A-4F41-91C6-704D6D69FDF7};"8,10,{1E35F047-669D-4F7F-987D-FAFF6D27A4DD};";2026-09-17 11:43:01;2026-09-17 11:43:01;{F415D2E4-2272-406B-A698-E68661B905E9};256
2109;1;8;9;{32844835-24A4-4779-971C-DD279F0271E0};"8,10,{22AF94E9-E9DB-486C-B586-09ECF921A953};";2026-09-17 11:43:01;2026-09-17 11:43:01;{BBB368D9-415B-49C6-B9B3-5A8F27495C8B};256
2110;1;8;10;{F78F0167-6135-4EAB-91C9-5E3C2C58AF60};"8,9,{DA7EAE53-DCEE-4829-AA89-F2E571772D02};";2026-09-17 11:43:01;2026-09-17 11:43:01;{5A8EBDF5-12CC-423B-9CC9-7DD2A7031D04};256
2111;1;8;9;{FFAAF672-E83F-4060-ABD1-513F9752506A};"8,10,{D8490DD9-1F1C-4EE7-B4F5-4730D75A3F21};";2026-09-17 11:43:01;2026-09-17 11:43:01;{8C2686B2-9DA4-4FB9-B069-9569613E2A7E};256
2112;1;8;9;{DA7EAE53-DCEE-4829-AA89-F2E571772D02};"8,10,{F78F0167-6135-4EAB-91C9-5E3C2C58AF60};";2026-09-17 11:43:01;2026-09-17 11:43:01;{60D0470D-065D-4E16-BDA0-7174F4BE9492};256
2113;1;8;9;{1B2F4A6C-73DD-4EE8-8DE6-528B6E8C6DC9};"8,10,{96497F61-3506-4CA2-B225-9F5FB0587BE9};";2026-09-17 11:43:01;2026-09-17 11:43:01;{4FFABCC1-6991-4012-BE24-E01238E2294E};256
2114;1;8;10;{D585520E-C7DF-466A-A30F-E371E75FA329};"8,9,{3EC138A6-2844-4AB5-926C-3F34C39F4A5A};";2026-09-17 11:43:01;2026-09-17 11:43:01;{8BB39783-1A0A-46DD-BB25-27E9C0E83948};256
2115;1;8;9;{2BDD746F-2195-401C-BB8A-27D6D520393E};"8,10,{F97D5F08-81B5-413F-812A-F0344ACA939A};";2026-09-17 11:43:01;2026-09-17 11:43:01;{D24EE868-9942-443B-9CCC-C5909BB060AE};256
2116;1;8;9;{D4C31A55-103B-4E79-9DDA-61F59DC28861};"8,10,{6A3D2C81-489C-4512-A50A-4E944B84DF13};";2026-09-17 11:43:01;2026-09-17 11:43:01;{5F760ABE-40DC-4467-A40D-D146A884A2D2};256
2117;1;8;10;{8EF37BAC-0A0B-4B87-86A7-07FC4115039F};"8,9,{02AB9340-0BCB-48EE-A7AB-CD6196495056};";2026-09-17 11:43:01;2026-09-17 11:43:01;{F239DA85-04AD-4F86-A835-5ADDB1706F80};256
2118;1;8;9;{629C27C0-8FB1-47C3-B591-405E1D2A9FB7};"8,10,{4AB3D0D7-C004-4756-9E6F-66CEF917E654};";2026-09-17 11:43:01;2026-09-17 11:43:01;{9A2FE04E-02BD-4076-BF68-A9A22D1BA01F};256
2119;1;8;9;{A1D95A28-76E4-42E9-9963-03BC17D04A75};"8,10,{BACC0D07-AF80-4F0A-8E88-BDB9331F4FE6};";2026-09-17 11:43:01;2026-09-17 11:43:01;{55B0D2B7-6C4A-4E9E-822E-A5D7A4784CF4};256
2120;1;8;10;{629EE2D6-67BD-4A03-B43A-F5BD79103461};"8,9,{2A40C7A4-02F0-44B5-B00E-7C7276B2AA1E};";2026-09-17 11:43:01;2026-09-17 11:43:01;{85A0588C-25DC-41A1-8CE7-404C0BC42881};256
2121;1;8;9;{C151263E-6D36-4E5E-87B6-81AD9FCF06D4};"8,10,{26AC1432-A1F7-494B-9CEB-321C829D3AA8};";2026-09-17 11:43:01;2026-09-17 11:43:01;{3F2332D5-3118-43DD-BB1A-00A0AF163926};256
2122;1;8;9;{2A40C7A4-02F0-44B5-B00E-7C7276B2AA1E};"8,10,{629EE2D6-67BD-4A03-B43A-F5BD79103461};";2026-09-17 11:43:01;2026-09-17 11:43:01;{0BD3940F-4562-4E56-9720-4A18886F0038};256
2123;1;8;9;{CD06DC58-1475-4478-B9BD-86A102B0E252};"8,10,{247E5C65-ADB0-4BBD-BBB5-F828B2E96ED9};";2026-09-17 11:43:01;2026-09-17 11:43:01;{896ED9E5-D89E-46CE-8CCE-E3577793E407};256
2124;1;8;10;{CD51CBAE-BF79-4336-8170-C54B2BFA13EA};"8,9,{4A01B5B6-CF62-4F13-A446-E484771E47B4};";2026-09-17 11:43:01;2026-09-17 11:43:01;{7C111692-922E-48A9-9B64-B09667304702};256
2125;1;8;9;{4A01B5B6-CF62-4F13-A446-E484771E47B4};"8,10,{CD51CBAE-BF79-4336-8170-C54B2BFA13EA};";2026-09-17 11:43:01;2026-09-17 11:43:01;{91F15DD3-5754-4F7C-89FF-5C6F94615B46};256
2126;1;8;10;{87C128CB-8F08-42E0-A808-38F6253A263A};"8,9,{35A28E5F-146A-4BC0-96F2-5E824533BEE4};";2026-09-17 11:43:01;2026-09-17 11:43:01;{A58F0218-D5E6-4AC2-9C69-3EC373EE041D};256
2127;1;8;10;{643388EC-DE0D-4D80-BE69-8EACD7D5B4B6};"8,9,{83A0358A-E4E0-4109-8D79-357370F9170E};8,9,{089E6175-4E7C-4C6C-A66E-F2E561229E00};";2026-09-17 11:43:01;2026-09-17 11:43:01;{8F719712-9B94-46D9-976B-F435B42404F1};256
2128;1;8;10;{1D5E41AD-54F5-44BC-B211-B501167AF4CB};"8,9,{D390A2D5-37C3-4852-A24D-CF9AC7A362E1};8,9,{737495B2-CF06-4D3F-BCFE-C55BE586FA01};8,9,{AD271C0B-3B50-4CD2-9010-1742A1042793};";2026-09-17 11:43:01;2026-09-17 11:43:01;{8F572CB3-3044-4926-8941-CC68F40EC33C};256
2129;1;8;10;{D5FAFF7A-0A49-424B-BBB2-A5D5693AA0EB};"8,9,{859F083A-4908-4B8C-A3F7-4A76D55EDC37};";2026-09-17 11:43:01;2026-09-17 11:43:01;{00399807-3891-4D20-AF44-D8E99CADFE55};256
2130;1;8;9;{E2E8C64C-20B0-448D-AFD5-DE2F316205A7};"8,10,{910565FF-4892-49C7-AC3E-F93E1268C33A};";2026-09-17 11:43:01;2026-09-17 11:43:01;{A48EF486-2545-4B77-A550-A357740AF15D};256
2131;1;8;9;{954B55E4-5A6F-4788-9D09-3E2C06AB900A};"8,10,{64FB7061-92DA-4EBE-98F6-24F3B90F8785};";2026-09-17 11:43:01;2026-09-17 11:43:01;{251D658C-3F00-4ADF-B16E-B35F472DDADF};256
2132;1;8;9;{D390A2D5-37C3-4852-A24D-CF9AC7A362E1};"8,10,{1D5E41AD-54F5-44BC-B211-B501167AF4CB};";2026-09-17 11:43:01;2026-09-17 11:43:01;{BBA510E6-7F40-4B10-AB80-641B2A8B7030};256
2133;1;8;9;{2248AE75-3491-446C-BD7B-5B584576AB7F};"8,10,{F386582A-D2F7-476D-9A2B-E9EBADB9DB8D};8,10,{17A05D95-49CC-4FC8-A97E-62740F7CBC9B};";2026-09-17 11:43:01;2026-09-17 11:43:01;{83971AAD-B60E-4361-B215-529F700B3824};256
2134;1;8;9;{672DFF9E-05FC-4356-92EF-362FA4EF25D1};"8,10,{C87372C0-ABBA-4327-AF20-685AEE30B710};";2026-09-17 11:43:01;2026-09-17 11:43:01;{3ECFB689-8DE8-4D5A-AC98-285B50BB0187};256
2135;1;8;9;{70AF3F77-CED0-43F7-88B2-6C5CE9923F99};"8,10,{F97D5F08-81B5-413F-812A-F0344ACA939A};";2026-09-17 11:43:01;2026-09-17 11:43:01;{3E0185E6-48A2-40F9-9BD2-96B41AF36938};256
2136;1;8;9;{ABEEFC86-A50D-43C3-8C4B-C223783F5146};"8,10,{47D3E704-DC04-4ECE-95D6-79A72FE5B180};";2026-09-17 11:43:01;2026-09-17 11:43:01;{60CF8652-328A-4CA7-9615-07DFC4DD4C29};256
2137;1;8;9;{EE571DED-E271-4253-99C7-78B9AAD739BD};"8,10,{ECEF463E-A698-45E1-8D49-69E6BD1A4BC6};";2026-09-17 11:43:01;2026-09-17 11:43:01;{5D51ACD0-0483-4363-A72C-CAABB981608A};256
2138;1;8;9;{6575D48D-4E00-4BF2-A684-305AB1B35A7C};"8,10,{1C23CBA4-1193-4DF1-8C0B-D2E66BF82182};";2026-09-17 11:43:01;2026-09-17 11:43:01;{48E19C48-6F2A-4A03-ACAE-31D3FB39A0B1};256
2139;1;8;9;{9C20D566-100D-427F-A690-144926364DE5};"8,10,{44EA0512-2592-460C-92A6-C4BFD91F4122};";2026-09-17 11:43:01;2026-09-17 11:43:01;{9E3817C9-B292-4B82-8267-B6E8E8F1F9D7};256
2140;1;8;10;{FC6F4E9A-794B-4910-9965-88DD3850BA76};"8,9,{C223CE4A-5DFB-4B3D-BD18-51F0F6B37877};8,9,{716D9DAB-D550-4282-8A44-2AAE5D3B4146};8,9,{8C8B977B-1D0B-42B0-8318-C208FC45DD08};";2026-09-17 11:43:01;2026-09-17 11:43:01;{6A2C0C3F-E941-4A19-B212-46FC54449D96};256
2141;1;8;10;{F6E84504-A87D-42E5-A40E-529250221E1D};"8,9,{80E8FA44-3D53-41D4-9909-3BA81C2CDAB3};8,9,{C7D3B996-7BB3-4439-B2B9-749805AE2BE2};8,9,{6A6AB468-88CB-4923-8210-C7E7BDF49DFB};8,9,{808EDB4F-3C54-4BE3-8EC9-5388E271C007};";2026-09-17 11:43:01;2026-09-17 11:43:01;{E463F7D5-42F1-4C7A-B815-4CAA8CD7F41C};256
2142;1;8;9;{CAD5D4F9-87A1-45D4-90A4-DD990EB70E78};"8,10,{908B57A4-9580-44D1-86BA-AB0C9677E0C9};";2026-09-17 11:43:01;2026-09-17 11:43:01;{4A2B2E3B-3B41-43FF-B01E-6EDB6A72DE71};256
2143;1;8;9;{C7504C30-97FC-4D81-913E-63E96A7AC6E4};"8,10,{1E35F047-669D-4F7F-987D-FAFF6D27A4DD};";2026-09-17 11:43:01;2026-09-17 11:43:01;{DE961725-F708-40A3-86C4-8C2516DF7820};256
2144;1;8;10;{5BC2B945-D554-41DE-A5A3-B2DED76F54A4};"8,9,{B43358EE-58B4-439C-A92C-0B178A935045};";2026-09-17 11:43:01;2026-09-17 11:43:01;{9E137BAB-6E91-4FFA-991D-4BA16EC83E23};256
2145;1;8;9;{B43358EE-58B4-439C-A92C-0B178A935045};"8,10,{5BC2B945-D554-41DE-A5A3-B2DED76F54A4};";2026-09-17 11:43:01;2026-09-17 11:43:01;{B041FDB0-60FE-4169-AE79-6FDA6918A8A3};256
2146;1;8;9;{374DE958-3FAE-48A2-A72A-3964AA7F24CE};"8,10,{EEBA47FB-5522-477E-8996-4EBC2DEC8DEE};";2026-09-17 11:43:01;2026-09-17 11:43:01;{B6B77192-9343-41E5-A89F-4D708DACDC8B};256
2147;1;8;9;{11EDFCAC-E703-4D54-A82F-68BF0F89E4CC};"8,10,{A688E6F5-F78A-4A1E-B1F3-6C3C33325157};";2026-09-17 11:43:01;2026-09-17 11:43:01;{10899D64-F1C1-42B0-BD51-C1FB3F8CD9BD};256
2148;1;8;10;{4ADDFAB4-6AA6-4B19-B809-0715381CF899};"8,9,{6B97A218-0610-4E72-A426-24E3AACFCBC0};8,9,{85B85D2F-3A3E-466F-AAEB-13919AFF4846};8,9,{508B32B3-44AD-4CA4-AE55-9B63A80E66FC};";2026-09-17 11:43:01;2026-09-17 11:43:01;{BFBD84CC-CAC4-43AE-ABA6-688C42ACA5FB};256
2149;1;8;9;{FBEF57F1-AE0B-4499-9A0A-440D9FB73202};"8,10,{7E410695-E368-4662-809E-CEA39E89026F};";2026-09-17 11:43:01;2026-09-17 11:43:01;{3F25CF94-238A-4A0E-BCE6-12CB245F4E6C};256
2150;1;8;9;{AAAAD799-71C8-44C9-94EA-BF6112A33E3A};"8,10,{D796669A-3BC6-4635-A090-0A1B12D5D9C6};";2026-09-17 11:43:01;2026-09-17 11:43:01;{A3642F74-43D0-4D08-A9AA-4CBEBC03B2E2};256
2151;1;8;10;{D849A90A-A861-4ADA-BE03-75E43EA9A4BA};"8,9,{34A55C8F-193E-4195-8CB1-628DD173F90F};";2026-09-17 11:43:01;2026-09-17 11:43:01;{DFB6D9DE-AB57-4A15-86D5-601126BC5BB0};256
2152;1;8;9;{CDD5A868-EC46-4331-82EB-8908AF402E33};"8,10,{9879D063-4C97-47CC-8207-C1DDA6215949};";2026-09-17 11:43:01;2026-09-17 11:43:01;{E862A5BE-0840-422A-921A-740096CD4795};256
2153;1;8;9;{4A9E9E6D-903F-4F79-8538-BC180BB3C163};"8,10,{D8235756-7689-4D6A-90B7-1869351BFD96};";2026-09-17 11:43:01;2026-09-17 11:43:01;{E80D9505-4377-4B95-B751-FF57F190A16B};256
2154;1;8;10;{247E5C65-ADB0-4BBD-BBB5-F828B2E96ED9};"8,9,{B45AF284-7E77-4E18-9C0C-142DCEB00D0A};8,9,{CD06DC58-1475-4478-B9BD-86A102B0E252};";2026-09-17 11:43:01;2026-09-17 11:43:01;{C5C107C7-21A9-49F8-85E6-4CA796C5E136};256
2155;1;8;10;{5D1544CF-F231-439B-A9E9-8F53DECF3455};"8,9,{D7BC9715-A78B-49F0-81F1-8364098BF0AC};";2026-09-17 11:43:01;2026-09-17 11:43:01;{888A0052-7958-47DA-B87C-91CF1468DCE6};256
2156;1;8;9;{72E96AD8-FDFD-4DF6-B248-BB2FFA41BC2F};"8,10,{C7B69C1C-3934-4607-8E23-F1E6F961E2CB};";2026-09-17 11:43:01;2026-09-17 11:43:01;{8B228928-2864-4538-B21E-5519239D0462};256
2157;1;8;10;{BBC10E8E-AACA-49CB-90DA-E3E1FB3E0844};"8,9,{3C76F029-E6FA-41AF-9ECE-4258DBE5ED77};";2026-09-17 11:43:01;2026-09-17 11:43:01;{BB5952DC-D475-48E3-A535-A787C269BF31};256
2158;1;8;10;{234D326A-1D79-4FDB-8336-4F4F31B8A340};"8,9,{1636C53A-1960-4281-8055-34F7A7C6E7CE};8,9,{67871B00-B7A3-464A-B18B-0B504003F517};8,9,{BDFE9ABB-C498-4485-9C1A-852A5E658EB5};";2026-09-17 11:43:01;2026-09-17 11:43:01;{1B2F3011-4330-465F-B32D-3C3556FABA9A};256
2159;1;8;10;{ED051470-BBA5-493F-85E1-E093A4C46CBE};"8,9,{C6398AC4-7BD2-45AF-A3FD-2B4D48EE38C1};8,9,{B7E4E3F1-6E3E-4A15-BEAC-64D831087CF7};8,9,{98E1B90C-BAA1-45D5-8B15-1F6309DA5630};8,9,{2BAD0AEB-F162-4F43-8322-E61267004AE0};8,9,{1053F7D2-E19C-4EB2-A69C-E878B4579925};";2026-09-17 11:43:01;2026-09-17 11:43:01;{212BDFE3-0114-484E-AA55-1ADD9C8F7487};256
2160;1;8;9;{C6398AC4-7BD2-45AF-A3FD-2B4D48EE38C1};"8,10,{ED051470-BBA5-493F-85E1-E093A4C46CBE};";2026-09-17 11:43:01;2026-09-17 11:43:01;{A4FD4F78-6D93-4935-A67E-266C9C74B73E};256
2161;1;8;10;{CA1FEAED-C3AD-4915-86C9-845C36FE2690};"8,9,{502FAC7F-48AA-4086-9561-94C925B317AC};";2026-09-17 11:43:01;2026-09-17 11:43:01;{4720D047-0168-4E1E-9D47-5E6B7822094A};256
2162;1;8;9;{00D866BF-AC40-4D37-99E6-2215FBBEFDE0};"8,10,{D6BC4C61-4A72-4FC9-9640-B5AFC09DAE1B};";2026-09-17 11:43:01;2026-09-17 11:43:01;{606A9794-4033-473C-A9EB-1EE2EE8559B5};256
2163;1;8;9;{EA6359AB-CCF7-412F-B580-EB3051E25A25};"8,10,{94A5F5A5-2BD6-4169-A1E3-CA17DC0DB36D};";2026-09-17 11:43:01;2026-09-17 11:43:01;{1E14DCBE-01E1-4EA2-B8F2-8FCF2A42F7E6};256
2164;1;8;10;{3918088B-FFAF-402D-9D12-DE579AA9EE07};"8,9,{1AF1804D-DF5B-4F3B-B69A-7C26AF8E5E4D};";2026-09-17 11:43:01;2026-09-17 11:43:01;{2CE94FDD-FC5B-4A95-82D7-F5A81E77F4E7};256
2165;1;8;9;{03E29B53-2C8A-4B4A-A907-4813664947B8};"8,10,{875636EE-BF39-4CC1-9AA0-6E44AD762EF2};";2026-09-17 11:43:01;2026-09-17 11:43:01;{0D485954-DEC5-4375-8DD7-E3B58359FB45};256
2166;1;8;9;{146D6AC3-8058-4C6B-9ECD-F7A91F5B74FD};"8,10,{2BD74BC2-E24D-4E49-887E-3ECD6F2DE23A};";2026-09-17 11:43:01;2026-09-17 11:43:01;{D8C97801-F0A4-456B-BECE-099C754E4388};256
2167;1;8;10;{082A3EBC-2869-44FB-876B-A3C0F2ED12B8};"8,9,{9378EA09-7E3C-457A-AE6A-764B8269B441};";2026-09-17 11:43:01;2026-09-17 11:43:01;{BA1CFA60-8D5B-4C91-9633-82E5ED0845D1};256
2168;1;8;10;{57807B76-86E3-4184-8836-ADC760E3500D};"8,9,{5F137DE0-EBD1-458A-915E-92536E37DEE4};8,9,{4C2ABE12-5F14-4E13-BEFD-BD8BC11976CA};";2026-09-17 11:43:01;2026-09-17 11:43:01;{4FD2A947-EF1C-4022-A4EA-155AF92C0408};256
2169;1;8;9;{9378EA09-7E3C-457A-AE6A-764B8269B441};"8,10,{082A3EBC-2869-44FB-876B-A3C0F2ED12B8};";2026-09-17 11:43:01;2026-09-17 11:43:01;{99C86478-B5B0-4369-9C47-8DAAAAF7D796};256
2170;1;8;9;{45B5CEDF-114B-41B9-8EF4-ADD5D734C854};"8,10,{544A194D-CA31-42A5-9C52-FA53FD62914C};";2026-09-17 11:43:01;2026-09-17 11:43:01;{A395A458-DE85-43B9-9C41-EB5B572B0184};256
2171;1;8;9;{088E4B01-E808-4420-AB82-AD5DDEE689DA};"8,10,{1E35F047-669D-4F7F-987D-FAFF6D27A4DD};";2026-09-17 11:43:01;2026-09-17 11:43:01;{966B4BF6-C724-46D3-A6C7-8A52BD7CBAE0};256
2172;1;8;10;{8DC74A40-0044-4593-9769-25F17DC86A76};"8,9,{27D3EEFF-D8E5-4310-9848-5B2FD8BE6688};";2026-09-17 11:43:01;2026-09-17 11:43:01;{F4F450E0-3410-405C-AB84-8BFDB887CAD6};256
2173;1;8;9;{C0A20E50-4C6D-41C1-ADA8-4DFD37F26D34};"8,10,{80B7D9BF-9945-4521-BA20-251C68FFCA61};";2026-09-17 11:43:01;2026-09-17 11:43:01;{CAC37840-F8B6-497A-87B2-ECCCD76AF0D5};256
2174;1;8;9;{850DE9BD-98AF-465B-917A-DF208D352843};"8,10,{4D07F2C6-7C16-4C36-99E3-F6F2C6319873};";2026-09-17 11:43:01;2026-09-17 11:43:01;{11BDC1D7-8B5B-4886-9835-487036C6D231};256
2175;1;8;10;{59AA5CD5-6C78-49BD-B874-68FCD8F359BB};"8,9,{BFB88A6A-CC73-492A-9C10-D34923A21CB9};";2026-09-17 11:43:01;2026-09-17 11:43:01;{B95F46FB-658F-4D4C-B317-F12786658428};256
2176;1;8;10;{903E161B-2EF5-43A6-A2C2-0C21E2EE376E};"8,9,{C8DB04C5-139F-44AF-B0DA-485F58FA2D47};";2026-09-17 11:43:01;2026-09-17 11:43:01;{2C388CD6-779A-468D-8CBA-1813247B30F3};256
2177;1;8;10;{EA6228FE-FAA0-45BE-84BF-87073922EE93};"8,9,{0F28DB91-7D55-41A3-8C8B-F95BCAF67724};";2026-09-17 11:43:01;2026-09-17 11:43:01;{44C2C7CE-7EE2-4F0D-8CEF-F7C964125140};256
2178;1;8;9;{9C226F5C-FF14-49A5-B8DE-C80B794C2B1F};"8,10,{F167B1EB-F3EF-4E71-96B2-DEB8CA9C0B24};";2026-09-17 11:43:01;2026-09-17 11:43:01;{708DA08C-9F42-4E7E-BAEA-DF914A62493E};256
2179;1;8;10;{A9FD1C15-5699-4A95-8171-4A54CCF4F466};"8,9,{F33F4D40-F0C1-4F85-8F94-58147D323BEF};";2026-09-17 11:43:01;2026-09-17 11:43:01;{ACD8A1D7-6ECE-4011-B057-66E161DFB8CB};256
2180;1;8;9;{5E2B0637-FB1D-40F3-BEE3-D9CA51FF3B2C};"8,10,{875636EE-BF39-4CC1-9AA0-6E44AD762EF2};";2026-09-17 11:43:01;2026-09-17 11:43:01;{973E7DB6-C30B-4C06-A7F1-34DBB826365C};256
2181;1;8;10;{91561D26-1F66-4EF3-9D1F-C58ADFB8DF96};"8,9,{EB223DCC-4DE8-4EE5-B8F8-715C974D71FA};";2026-09-17 11:43:01;2026-09-17 11:43:01;{451C01AE-90E6-4525-BA59-BEB8035DB265};256
2182;1;8;9;{EB223DCC-4DE8-4EE5-B8F8-715C974D71FA};"8,10,{91561D26-1F66-4EF3-9D1F-C58ADFB8DF96};";2026-09-17 11:43:01;2026-09-17 11:43:01;{9CB9807D-DADD-4D29-97F6-3189EA20E7D4};256
2183;1;8;9;{1048B36A-71C0-4777-A6F2-89846D0020EB};"8,10,{09D25362-04F4-407B-AE9F-ADD45DACC8BE};";2026-09-17 11:43:01;2026-09-17 11:43:01;{CE3B21FE-5AF6-4BDF-9E33-39ECB586893E};256
2184;1;8;9;{E1BA5235-F19A-467E-A964-42546E77D2BD};"8,10,{5FE78D85-3C73-474D-B25D-AE843E8E1D9E};";2026-09-17 11:43:01;2026-09-17 11:43:01;{8F2C2ED1-24CD-489F-BF7D-6F6B3A964729};256
2185;1;8;9;{2A06EC97-F7D3-4571-9ADF-7C03B57590F5};"8,10,{BBF32D6D-B094-42B0-A167-5F68630101F1};";2026-09-17 11:43:01;2026-09-17 11:43:01;{F5F4F561-5200-4966-9E95-27EC8A01E24E};256
2186;1;8;9;{B7E4E3F1-6E3E-4A15-BEAC-64D831087CF7};"8,10,{ED051470-BBA5-493F-85E1-E093A4C46CBE};";2026-09-17 11:43:01;2026-09-17 11:43:01;{C2565FF0-E2F6-4B6F-AA20-D55EFA3C18FB};256
2187;1;8;9;{2F7F4958-3E0F-403A-ABFA-BD1417B49071};"8,10,{7AA2830C-6CD0-408A-97B3-51C7B945AF02};";2026-09-17 11:43:01;2026-09-17 11:43:01;{AF53C139-25BF-4F52-9742-3B9DD4D3330D};256
2188;1;8;9;{BBAD8BE6-99C8-4683-8006-149A6D567EFF};"8,10,{875636EE-BF39-4CC1-9AA0-6E44AD762EF2};";2026-09-17 11:43:01;2026-09-17 11:43:01;{E41C01F3-55BD-4908-BE6A-4B05D9D75C1B};256
2189;1;8;10;{9055B1A7-8F51-4C24-8DC2-FB1C90361219};"8,9,{EC9475D4-BF3F-4463-87D6-8DF8BF1CAFEB};8,9,{221410C1-CADE-4C12-B14B-4664C7FCF79B};8,9,{36D59B29-D5DD-4E34-B6DE-FB20061ECA3A};8,9,{3853CED8-3CEA-4A13-BCD0-CC001A896680};8,9,{848A23A1-AC29-4CA1-899D-71A594592827};8,9,{5C05EB51-44EC-422B-ABEE-20D199B211B7};8,9,{B817E9D6-1710-48F1-8FB8-C7E183744520};8,9,{C6834D55-27EE-4FFF-9A97-2E33C9E2059D};8,9,{FA7164A2-B4A2-43A2-B742-4D642E96CF17};";2026-09-17 11:43:01;2026-09-17 11:43:01;{DC4A9E24-1FB2-48E9-A776-4C7C63252E19};256
2190;1;8;9;{DA02BC93-F072-41BB-B83C-98DC2D083CB2};"8,10,{7B901C27-E121-4660-9A89-1C48D45C7A2A};";2026-09-17 11:43:01;2026-09-17 11:43:01;{16EBB600-70AF-490C-ABED-B1FBF2BDFFCD};256
2191;1;8;9;{8C8B977B-1D0B-42B0-8318-C208FC45DD08};"8,10,{FC6F4E9A-794B-4910-9965-88DD3850BA76};";2026-09-17 11:43:01;2026-09-17 11:43:01;{FF3FFE2D-D7C0-44EE-B555-B56FA053D6DC};256
2192;1;8;10;{B3FB6DE7-DF9A-4BEC-8801-57716F932C6A};"8,9,{98A531C6-8273-4274-8BC5-4E8E1A1E3176};";2026-09-17 11:43:01;2026-09-17 11:43:01;{EC555A22-F0E8-4D75-8E99-C2EDDD3D6F6C};256
2193;1;8;9;{8E347902-28DE-47AE-8B81-3133C806A4CD};"8,10,{C7B69C1C-3934-4607-8E23-F1E6F961E2CB};";2026-09-17 11:43:01;2026-09-17 11:43:01;{23BA25A0-F7E8-40FF-BA4A-C2C135D7E424};256
2194;1;8;9;{9D907A5F-810F-442C-BF2E-707AFD0D9E12};"8,10,{D8A1370C-EEEF-42DA-A648-7C9F300CAE9F};";2026-09-17 11:43:01;2026-09-17 11:43:01;{FB8BEDCF-5E31-42BD-B898-7A7BC6763BA1};256
2195;1;8;10;{9E453877-DE64-48F3-8B40-E4F4EA1B4BCE};"8,9,{BDE8B223-602B-47D3-A96A-11B4AE7944F8};";2026-09-17 11:43:01;2026-09-17 11:43:01;{D6A5DF73-A193-4BC6-9763-40F074DC245D};256
2196;1;8;10;{2BF5FF81-6668-4FB8-B21B-E5ED3464C173};"8,9,{8CB74886-B2D5-464D-A355-D2572CE5CC26};";2026-09-17 11:43:01;2026-09-17 11:43:01;{C6AD1513-ED30-41E3-B60F-A343C882E1D1};256
2197;1;8;9;{AD271C0B-3B50-4CD2-9010-1742A1042793};"8,10,{1D5E41AD-54F5-44BC-B211-B501167AF4CB};";2026-09-17 11:43:01;2026-09-17 11:43:01;{59E194E0-1D8F-414C-BDB1-89C00B5FAC31};256
2198;1;8;10;{F143E101-0452-4909-BBFA-5FC8E146DD42};"8,9,{B99EDA34-FA55-4ED8-A19B-7CB1291AADEF};";2026-09-17 11:43:01;2026-09-17 11:43:01;{6BA95696-E8DE-4B47-90B2-5383C65CC29C};256
2199;1;8;9;{92A18315-C5E6-4F74-B75F-51B5C0D45362};"8,10,{A925992E-BA9A-4BDD-9D2B-E5E418E7096A};";2026-09-17 11:43:01;2026-09-17 11:43:01;{FF8C6181-19EC-4C02-9870-7448B09E6B27};256
2200;1;8;10;{D90C242C-53FF-48DB-9E35-8B941A25A8F4};"8,9,{5EC7DC68-FB47-4047-B980-295030C0CC32};8,9,{6165BF12-923D-48FF-9B37-9FCFBD9F0C5D};";2026-09-17 11:43:01;2026-09-17 11:43:01;{E9739929-658A-4FA9-B671-A8EC4849FDC5};256
2201;1;8;9;{D4F7DA0C-4ABA-461A-90D0-8384E2AA0A15};"8,10,{9FB19F7B-93E9-45D4-A629-7F5D148F9E07};";2026-09-17 11:43:01;2026-09-17 11:43:01;{2D53B493-834B-4A7A-B96F-715BEF764726};256
2202;1;8;9;{B99EDA34-FA55-4ED8-A19B-7CB1291AADEF};"8,10,{F143E101-0452-4909-BBFA-5FC8E146DD42};";2026-09-17 11:43:01;2026-09-17 11:43:01;{E26FCE54-975E-453C-9671-0EBE85C0DCAA};256
2203;1;8;9;{737495B2-CF06-4D3F-BCFE-C55BE586FA01};"8,10,{1D5E41AD-54F5-44BC-B211-B501167AF4CB};";2026-09-17 11:43:01;2026-09-17 11:43:01;{0B175283-7FF3-427B-A870-2F70F9186CA3};256
2204;1;8;10;{F977FF70-1497-47D4-8E1B-6E3D9A24C328};"8,9,{E728F0CD-AE6D-41DF-9744-5763C375DE90};";2026-09-17 11:43:01;2026-09-17 11:43:01;{005F694D-4A03-4602-9E3C-175AB810B494};256
2205;1;8;9;{DC60CE44-E56F-4ED6-8BCA-9D7173AEE27B};"8,10,{C7B69C1C-3934-4607-8E23-F1E6F961E2CB};";2026-09-17 11:43:01;2026-09-17 11:43:01;{8392EF2E-0DB3-433A-8335-E5587CFA8FBB};256
2206;1;8;9;{35820750-E16F-4A29-AF1C-EE6AC95F454A};"8,10,{C7B69C1C-3934-4607-8E23-F1E6F961E2CB};";2026-09-17 11:43:01;2026-09-17 11:43:01;{4CB911CF-0A26-4132-872A-015C4B06C5CE};256
2207;1;8;9;{3163B45B-447F-496A-A880-DDE607A06A02};"8,10,{27BC6933-50E2-419F-9162-7EBB0723D7EE};";2026-09-17 11:43:01;2026-09-17 11:43:01;{C88D44D5-D305-42E9-BB2D-D179A777D980};256
2208;1;8;10;{DEF73C89-9F7E-46E7-B049-1F1CBCDE78C9};"8,9,{6BB582E3-CE9A-4DB3-8763-C7FC680F30B6};8,9,{7ECABA4D-AD80-44F2-B652-CE779E3D54FF};";2026-09-17 11:43:01;2026-09-17 11:43:01;{EA8F619E-6A31-41B2-B606-65525D887D2E};256
2209;1;8;9;{98E1B90C-BAA1-45D5-8B15-1F6309DA5630};"8,10,{ED051470-BBA5-493F-85E1-E093A4C46CBE};";2026-09-17 11:43:01;2026-09-17 11:43:01;{E558C412-1EFA-4307-ACF1-91E77A7D3283};256
2210;1;8;10;{AAE461DC-65A8-4C90-8A4D-C9B538F7D543};"8,9,{0FE57D45-1960-4369-8CC7-8E4ADF166105};8,9,{3DA2422E-7C61-4A09-AB38-5D2CE74799CF};8,9,{67A157DC-749C-4BFB-B772-14DEAC119328};";2026-09-17 11:43:01;2026-09-17 11:43:01;{7C483970-6622-469D-B6AD-001FED9F9E77};256
2211;1;8;10;{E38E3EA3-9BAC-4357-B7C2-68F3C88A0AFB};"8,9,{D49B47B5-B070-43EB-93A3-34511280651E};";2026-09-17 11:43:01;2026-09-17 11:43:01;{7146B753-D1DE-4303-89D0-569B1DEB5DD0};256
2212;1;8;10;{308F5FC7-94D8-4A41-9D4D-1072BA1DAC89};"8,9,{4E213BBA-BDCB-4B9D-A677-568E03028320};8,9,{D3C72B1B-AB56-48DB-B3FF-F900EEC6D6FF};";2026-09-17 11:43:01;2026-09-17 11:43:01;{BDF1AE6A-AD2D-4FAF-B1A4-41B95992CE6D};256
2213;1;8;10;{5444C605-537D-4846-932D-F6460FE1FE36};"8,9,{121ACD7B-AB20-464E-B71A-3F8CA6D76283};";2026-09-17 11:43:01;2026-09-17 11:43:01;{9F0EA4A5-0F89-46D3-840C-4479CA51EB94};256
2214;1;8;9;{4A57055A-7F41-4B54-B714-24719001897B};"8,10,{FFB6BB72-4069-4B0F-A031-4D3A45BC18EC};";2026-09-17 11:43:01;2026-09-17 11:43:01;{E50FA0CE-452D-4552-94E3-94E4FF79661D};256
2215;1;8;9;{324123E2-BE2D-4555-901F-789E913527C2};"8,10,{A26EB590-D9D6-4D53-B70B-20C45B62B9B6};";2026-09-17 11:43:01;2026-09-17 11:43:01;{29981536-8D89-4A14-8243-745B0BCD509B};256
2216;1;8;9;{07196C4D-1194-4A12-94F9-6CF7F02CC92A};"8,10,{C7B69C1C-3934-4607-8E23-F1E6F961E2CB};";2026-09-17 11:43:01;2026-09-17 11:43:01;{ABE607A2-7632-4EA0-B22B-6643D631499E};256
2217;1;8;9;{EFA319C9-368A-48A9-AC4F-A3B2CEA28150};"8,10,{C7B69C1C-3934-4607-8E23-F1E6F961E2CB};";2026-09-17 11:43:01;2026-09-17 11:43:01;{4B9FF1A1-15E5-485D-9E8B-1089FE28E720};256
2218;1;8;10;{6AA4AF3F-178F-443C-B5B7-6C7BC70C5A94};"8,9,{CD3BBBF9-3B5B-4261-A284-B9295EBF691B};";2026-09-17 11:43:01;2026-09-17 11:43:01;{972203E1-177F-409E-89D2-C5855E9F320E};256
2219;1;8;9;{CD3BBBF9-3B5B-4261-A284-B9295EBF691B};"8,10,{6AA4AF3F-178F-443C-B5B7-6C7BC70C5A94};";2026-09-17 11:43:01;2026-09-17 11:43:01;{EAF7497F-0C95-4346-A3E0-BDDC27737C2E};256
2220;1;8;9;{F4B08A95-95AB-436A-85FD-02EB3DB8757C};"8,10,{937903EF-ED02-4E3B-BB6C-EE937F127AD0};";2026-09-17 11:43:01;2026-09-17 11:43:01;{BCD8950E-A493-4276-BCBE-83D2EE805089};256
2221;1;8;9;{F3283D89-389D-46A8-8782-FD0A58336311};"8,10,{1129A033-7555-46B2-BC11-F5B7FCD2D058};";2026-09-17 11:43:01;2026-09-17 11:43:01;{B97B2B83-5842-480D-914B-8C7364BBA1FE};256
2222;1;8;9;{3BB9B8D0-0BF0-4385-BAB1-F614D01D6865};"8,10,{68214B59-E3D5-40C7-922B-658E2EF11D00};";2026-09-17 11:43:01;2026-09-17 11:43:01;{41A0D2BB-8750-4F8C-9381-A843BBC95950};256
2223;1;8;9;{2C2A03E8-7504-487F-B782-E853510FA6A7};"8,10,{C7B69C1C-3934-4607-8E23-F1E6F961E2CB};";2026-09-17 11:43:01;2026-09-17 11:43:01;{B4093BA1-F3E2-43F0-B97F-AD3CB1CCDBC3};256
2224;1;8;10;{4B7FE7C3-931F-4CDD-9129-4F1F2C84D52E};"8,9,{3BA76E8F-B57C-45EB-AC67-C517AD46969F};8,9,{4E1118A8-4F62-4335-A97C-03D40E68AD9C};8,9,{4F559835-9D58-4157-A4D4-52A7181C6860};8,9,{3815D307-00D5-4446-898E-878764231B9E};8,9,{E188CB09-9B3D-4247-A413-AFA3626D6067};8,9,{2AE51801-75D0-4F91-96F7-ADAC6CD68EE6};";2026-09-17 11:43:01;2026-09-17 11:43:01;{495CD0EC-D006-487D-AD11-7DB4C309DD22};256
2225;1;8;10;{CA8AC2FC-88E1-4E50-A634-5AA471901C8B};"8,9,{D6734B94-A3A5-4439-A2D4-020E1DD33924};8,9,{9926374A-4821-46C7-A894-D0D7D80C1254};8,9,{621B488D-978A-4255-A1B2-6B9CC39E49A5};8,9,{E178DCFC-38E9-41E4-8B62-1B75AA704EB3};8,9,{52FD3B7C-D4C1-4911-AB78-D41B06B26C46};8,9,{7FF45DDA-9909-4D29-8194-85A1254C63B5};";2026-09-17 11:43:01;2026-09-17 11:43:01;{3EEFC26D-FFF4-490E-98D4-A0B0A7064ADE};256
2226;1;8;10;{FE1DDA4C-4702-4218-BBD8-9BA8237A156D};"8,9,{7F94E143-0B25-4CEA-9DDC-9AD4C008DA3D};";2026-09-17 11:43:01;2026-09-17 11:43:01;{94591A0E-59C9-4AD5-9A22-E1F41B8F7389};256
2227;1;8;10;{BDD6037C-11DE-4BBB-8954-E2EA9B1B4BFE};"8,9,{2D940DB8-B6F7-4D6D-B9FE-F0F3F419AFFE};";2026-09-17 11:43:01;2026-09-17 11:43:01;{AD47E553-E0CF-4AC9-9BF3-B90D13D9044C};256
2228;1;8;9;{2BAD0AEB-F162-4F43-8322-E61267004AE0};"8,10,{ED051470-BBA5-493F-85E1-E093A4C46CBE};";2026-09-17 11:43:01;2026-09-17 11:43:01;{143403E2-06C1-40FD-B00D-F70BBBF511D2};256
2229;1;8;10;{48A20E99-AB06-4A3B-9164-B0D5BF45F5CC};"8,9,{F0858C40-281D-4EBA-A79A-B869933D8CE7};";2026-09-17 11:43:01;2026-09-17 11:43:01;{8FDC0DB1-34EB-42B9-A192-B41ADEA71714};256
2230;1;8;10;{7F378F05-A9BA-4DDC-A669-3218B1C6B1C4};"8,9,{08650FC2-31AA-443E-9389-50EC53DDF4A0};8,9,{93D71AF3-3076-4912-9CF8-5092494B1048};";2026-09-17 11:43:01;2026-09-17 11:43:01;{03BB86BB-C286-492D-84CD-54797D9B5B69};256
2231;1;8;9;{F0858C40-281D-4EBA-A79A-B869933D8CE7};"8,10,{48A20E99-AB06-4A3B-9164-B0D5BF45F5CC};";2026-09-17 11:43:01;2026-09-17 11:43:01;{D4127480-4DC8-40E3-B5E8-3E5C90CC8DE8};256
2232;1;8;9;{294C5940-732D-4B3C-B8B9-61928D472B61};"8,10,{1BFBABD3-E25B-47F7-8345-FC26E8CA085E};";2026-09-17 11:43:01;2026-09-17 11:43:01;{359ECCE1-DFD1-4010-B667-46BF34F2D304};256
2233;1;8;10;{EFA71AD4-4496-4834-933D-BCB42FC1EAFD};"8,9,{D0AD73E3-1151-4FBE-8F54-8EA38DA2260E};";2026-09-17 11:43:01;2026-09-17 11:43:01;{C9153FEC-CB1E-4618-9BFF-05763CDA136E};256
2234;1;8;10;{CC9F6A82-1490-4230-AD83-8A85A3EE41B2};"8,9,{552431EA-FBB2-40D0-8838-93705B513E98};8,9,{D1EB8C78-0CD3-4633-A033-1BF39E41C642};";2026-09-17 11:43:01;2026-09-17 11:43:01;{0E161069-CBDC-499E-949B-76B1C173A9FB};256
2235;1;8;9;{A9D2C37C-712E-4BA2-9B72-0F8F636EF8DE};"8,10,{09D25362-04F4-407B-AE9F-ADD45DACC8BE};";2026-09-17 11:43:01;2026-09-17 11:43:01;{12EDA488-A451-48C0-A2F1-3CE4098EBB24};256
2236;1;8;9;{6E4CF924-968A-43E6-96F9-40E4A55F4CA2};"8,10,{4FF56137-82BE-4AD2-A18D-0EA3CAE91B22};";2026-09-17 11:43:01;2026-09-17 11:43:01;{52EF858F-AB64-459A-9ED6-E109ACB2B3D8};256
2237;1;8;10;{46C2BD68-7413-4850-A39A-009290A75124};"8,9,{9957EF1C-398F-40BA-96C9-37FA3FE31B0B};";2026-09-17 11:43:01;2026-09-17 11:43:01;{F73B180E-BE84-44EE-87B2-1793B4842D5D};256
2238;1;8;10;{4C5D376E-5512-424C-860E-761B9F8F2C3E};"8,9,{EE7D77E7-5845-4090-B257-1784C1DD28B2};";2026-09-17 11:43:01;2026-09-17 11:43:01;{1740D78F-2800-4545-9E9C-9DE8606DEC53};256
2239;1;8;9;{9BB6B32C-5011-46DD-8316-ED8FFB2B89ED};"8,10,{FFF01716-B219-475A-AD5C-BDC487B98FBD};";2026-09-17 11:43:01;2026-09-17 11:43:01;{FDAB5396-4468-4725-BE02-B8FAE5C163F0};256
2240;1;8;9;{C92EE835-CF04-4DF9-9AD4-14C6BCA406D0};"8,10,{2EBA3EA1-A3DC-401C-9FE8-EB4EBA473406};";2026-09-17 11:43:01;2026-09-17 11:43:01;{FEED939B-C953-43DB-8D3A-6354E1D4FBE6};256
2241;1;8;9;{EE7D77E7-5845-4090-B257-1784C1DD28B2};"8,10,{4C5D376E-5512-424C-860E-761B9F8F2C3E};";2026-09-17 11:43:01;2026-09-17 11:43:01;{5AF7506C-0D5A-4FBF-9126-042CF176AF2D};256
2242;1;8;9;{34A55C8F-193E-4195-8CB1-628DD173F90F};"8,10,{D849A90A-A861-4ADA-BE03-75E43EA9A4BA};";2026-09-17 11:43:01;2026-09-17 11:43:01;{37E9FECD-18CD-4A4A-9C85-E2D62E86BF93};256
2243;1;8;10;{942DFB39-8E84-4639-ABD4-8511D2722C15};"8,9,{4C08E91D-9C49-4CE9-86CB-945CF64130A4};";2026-09-17 11:43:01;2026-09-17 11:43:01;{6C6A3515-49CB-4AAC-81FB-DF7E543515E8};256
2244;1;8;10;{9B9F8ECD-3EAD-44F0-8070-612F16598F6C};"8,9,{43C4389B-666E-4CB4-BDB9-2EF626769966};";2026-09-17 11:43:01;2026-09-17 11:43:01;{9809C41D-CF12-4BA9-ABFF-84CBA97EA28B};256
2245;1;8;10;{41CAF7E9-A8E3-4D12-BB79-ECBB735BDFAA};"8,9,{40510458-0F85-40CA-AF3D-D57781A141F1};8,9,{32C7ADB9-638A-4475-A435-6342D6233EC0};";2026-09-17 11:43:01;2026-09-17 11:43:01;{C4E77F9F-9B7A-406A-9E5A-425AFC2DFF69};256
2246;1;8;9;{40510458-0F85-40CA-AF3D-D57781A141F1};"8,10,{41CAF7E9-A8E3-4D12-BB79-ECBB735BDFAA};";2026-09-17 11:43:01;2026-09-17 11:43:01;{F4A58F63-F900-4D9B-B745-D13571B45F67};256
2247;1;8;9;{0FE1684D-112E-4E3B-8CA5-1E343D2E6DAD};"8,10,{C283A277-A076-4F7E-8407-6CF16CD99566};";2026-09-17 11:43:01;2026-09-17 11:43:01;{31834FB5-8B3B-4CC7-A74F-39D3D1C9C551};256
2248;1;8;10;{C06182DD-7C24-4A6E-B870-1A74DE5CD7BA};"8,9,{8A623E40-1169-47E5-9DDC-CCA47A990094};";2026-09-17 11:43:01;2026-09-17 11:43:01;{3AAA8791-F03C-4B3D-A176-36D4B2762A5F};256
2249;1;8;9;{70C03644-C52C-4E49-8BC2-0F04E94DC804};"8,10,{0C19EE63-1529-447E-AAFA-AF7A5682A4A2};";2026-09-17 11:43:01;2026-09-17 11:43:01;{2BDC7309-A570-4E66-8989-E8B74EC7D6FB};256
2250;1;8;10;{2EFD62AA-7741-4205-9541-3F4D403831A6};"8,9,{0F94A06F-A050-4FBB-A274-D7600D3E40A9};8,9,{812A9F47-5771-4754-921D-3E945FE1F36A};";2026-09-17 11:43:01;2026-09-17 11:43:01;{A414AF5A-79AE-4F24-B71B-8E17034FB023};256
2251;1;8;10;{83FC715A-2DAF-41DF-8EAE-61FA34F9C08C};"8,9,{B050026A-1A96-47F4-9AFC-9BAEA3DD9989};";2026-09-17 11:43:01;2026-09-17 11:43:01;{110E2C1B-A487-4EE5-ADD3-E1C2F0BA5F84};256
2252;1;8;9;{20AE492B-29CC-4D29-978C-CDDDD41EE8A8};"8,10,{40382173-F2D7-4918-93A0-C2A74BB8562D};";2026-09-17 11:43:01;2026-09-17 11:43:01;{8D69AD0F-E26F-48EF-AAB6-47F6D08DA86D};256
2253;1;8;9;{57029EC0-3E7D-4275-888E-A51349F8101F};"8,10,{70E413E3-66E6-4F88-8730-95222D0E1766};";2026-09-17 11:43:01;2026-09-17 11:43:01;{5D9CC42E-E08A-4173-B124-FC4FB4F9859D};256
2254;1;8;9;{6B97A218-0610-4E72-A426-24E3AACFCBC0};"8,10,{4ADDFAB4-6AA6-4B19-B809-0715381CF899};";2026-09-17 11:43:01;2026-09-17 11:43:01;{7846CD68-AAA1-4BA5-8D4F-669DFCD6AB8C};256
2255;1;8;10;{26D9B0DF-4D0A-4B8D-9872-19DE0E15C0C2};"8,9,{8E7094DA-9B27-4CB5-BF81-AAB88F524319};";2026-09-17 11:43:01;2026-09-17 11:43:01;{52935362-1AB2-42E1-8A3C-1722D4DB0882};256
2256;1;8;9;{87A424DE-555E-448E-BADB-39449573D626};"8,10,{5E4FAB95-F507-4CCE-914D-D0659AB612F9};";2026-09-17 11:43:01;2026-09-17 11:43:01;{849960AE-9230-4059-B887-0FEB7E75C478};256
2257;1;8;9;{8E7094DA-9B27-4CB5-BF81-AAB88F524319};"8,10,{26D9B0DF-4D0A-4B8D-9872-19DE0E15C0C2};";2026-09-17 11:43:01;2026-09-17 11:43:01;{DB37C153-1910-4C75-B755-8DC774B5772E};256
2258;1;8;9;{CFFF72E3-A543-4F00-8E3A-7102959951AC};"8,10,{8B056DB9-24FC-46CB-B514-065C1377CE64};";2026-09-17 11:43:01;2026-09-17 11:43:01;{7DC66438-1E8F-4F3F-AD8C-74693FB4E28E};256
2259;1;8;9;{8CC874D9-19C1-4915-9C36-68A26C213A83};"8,10,{A2A65FA1-F22C-4003-9C7E-C4B74C7A1001};";2026-09-17 11:43:01;2026-09-17 11:43:01;{4535B8FD-E932-4B45-B938-16BCBC7D2259};256
2260;1;8;9;{4B502CC7-4BCC-49A2-BFBF-D5F4C8DA0E2A};"8,10,{9416DDFF-71AD-437C-A192-DFC596BADA69};";2026-09-17 11:43:01;2026-09-17 11:43:01;{0CE6734D-0465-4614-88D0-52540E3A092C};256
2261;1;8;9;{83676288-98F8-43E1-98EA-7AAECED654BF};"8,10,{3393D050-0A01-4745-812F-9B833E141918};";2026-09-17 11:43:01;2026-09-17 11:43:01;{4B381C6D-3CC9-47F6-8AE4-1D71B1CFEA7F};256
2262;1;8;10;{CC4EDECF-4B91-4604-ADD5-B5066177E67A};"8,9,{4FB38698-BB04-4F88-B922-015CE2ABD5CE};";2026-09-17 11:43:01;2026-09-17 11:43:01;{DA75EB45-558E-425C-98BF-7D99519F0F7C};256
2263;1;8;10;{5B5F31D1-7BD2-49F9-A346-2C125AF3B799};"8,9,{E19208B9-8A1A-4CEC-A37B-EFCEF93127F9};8,9,{7ACAE0A6-5ED4-4F0F-8A3C-DD2461EB751B};";2026-09-17 11:43:01;2026-09-17 11:43:01;{12C24E33-3C89-4B18-A165-D0939D68C431};256
2264;1;8;9;{99B61839-ED8F-4016-9BA1-7F2596B17B9E};"8,10,{8B9339B7-F649-43FC-ADEE-737FD6EBBD71};";2026-09-17 11:43:01;2026-09-17 11:43:01;{37530283-2730-44A3-8FF5-D0CCDF906873};256
2265;1;8;10;{F3DEF8FC-ED13-4049-8C66-9331F9E25604};"8,9,{49E924EB-BBD9-4A63-AFE7-0310B559CE84};";2026-09-17 11:43:01;2026-09-17 11:43:01;{5E483E5E-02A6-49A7-BE02-F6375B2C263B};256
2266;1;8;10;{5899A91D-89ED-499F-9CD1-130272E22333};"8,9,{08A1BB4E-8394-410F-965B-1703B2638DAE};";2026-09-17 11:43:01;2026-09-17 11:43:01;{3F707877-7AF2-431E-8DC5-6B12670DA9CB};256
2267;1;8;9;{F5855708-0D90-4270-A48A-13557EDB5BD9};"8,10,{DC79C1E0-3128-4E79-9CEE-968F3D8C4CD3};";2026-09-17 11:43:01;2026-09-17 11:43:01;{BB5F783A-F234-4561-BF36-BA1F767599CE};256
2268;1;8;10;{473E6BAB-0764-4D16-A1A0-E7BDDC0D8A4F};"8,9,{03227E2A-AFE4-48A7-9752-47741921F42A};";2026-09-17 11:43:01;2026-09-17 11:43:01;{6F50F161-AD65-4C5C-A9F1-978AEC7F8791};256
2269;1;8;9;{03227E2A-AFE4-48A7-9752-47741921F42A};"8,10,{473E6BAB-0764-4D16-A1A0-E7BDDC0D8A4F};";2026-09-17 11:43:01;2026-09-17 11:43:01;{A99B1CF8-564B-49FE-9C3F-7FDE75F662A1};256
2270;1;8;10;{0D5C7308-953C-4542-ABFB-16C04C4534ED};"8,9,{DBDDCDBE-658C-4B68-8102-4888D36D9EE2};";2026-09-17 11:43:01;2026-09-17 11:43:01;{858AF2D5-EA13-4DDF-BCAD-0BADF1A5DED0};256
2271;1;8;9;{6199A89E-42A5-4C02-AB43-A49B1D369BD8};"8,10,{9E038C32-2B55-402A-A6BD-EEDD81F4A173};";2026-09-17 11:43:01;2026-09-17 11:43:01;{41BB3C48-5A78-4331-AE1E-B0CCD2A973C3};256
2272;1;8;9;{5E6DB49A-07EF-4419-BAEA-46FBBBEC0D3A};"8,10,{B6BD5E84-6115-4818-89C4-6125F51D2592};";2026-09-17 11:43:01;2026-09-17 11:43:01;{56A66C90-262F-4EE6-BF58-75213DD8AE07};256
2273;1;8;9;{645BBEFE-6D31-4EA2-83BF-76070B7771E5};"8,10,{BA997DB9-858B-4982-9AF0-1EACFAB5805B};";2026-09-17 11:43:01;2026-09-17 11:43:01;{6A71EC1F-E77C-41D7-BD7D-2E22047C0A95};256
2274;1;8;9;{B463FBF2-990E-43E1-B465-46324E6CD3AA};"8,10,{C283A277-A076-4F7E-8407-6CF16CD99566};";2026-09-17 11:43:01;2026-09-17 11:43:01;{AF930F4C-730B-46C6-91EE-2C79D4F182E5};256
2275;1;8;10;{0AE73105-1054-497C-A4FD-DFBE6EF20AC0};"8,9,{6D5A3FEC-F06C-4D4C-81AA-D26422581D5B};8,9,{9A61C180-61D7-4B2D-A7E1-38F21F07B5C4};8,9,{DA7274B3-18DD-4992-8AA0-D950EDC67A41};";2026-09-17 11:43:01;2026-09-17 11:43:01;{7CC4AED1-C6C6-4C57-B559-68C547E71DEC};256
2276;1;8;10;{9C619B7A-65B0-42AE-B11A-49FFD70DC3D8};"8,9,{C60981B5-8DA3-45C0-949E-910B560DD4FA};";2026-09-17 11:43:01;2026-09-17 11:43:01;{F62A2879-884E-4D25-96F1-99AC82838A26};256
2277;1;8;9;{32C7ADB9-638A-4475-A435-6342D6233EC0};"8,10,{41CAF7E9-A8E3-4D12-BB79-ECBB735BDFAA};";2026-09-17 11:43:01;2026-09-17 11:43:01;{2C3E27DD-2909-4E0E-B00A-DECEB6AA7C4A};256
2278;1;8;9;{CE816D08-22A9-4438-A3C6-006D36BE353C};"8,10,{54B52A30-0C63-448F-B8A6-732A454802CD};";2026-09-17 11:43:01;2026-09-17 11:43:01;{E1C7AAC0-0107-4DF0-BD70-A420243099B5};256
2279;1;8;9;{621B488D-978A-4255-A1B2-6B9CC39E49A5};"8,10,{CA8AC2FC-88E1-4E50-A634-5AA471901C8B};";2026-09-17 11:43:01;2026-09-17 11:43:01;{F3DE33BC-F30C-4591-9773-D8E49D3B2A35};256
2280;1;8;10;{73FB1FBD-70C4-457A-8EFD-0AA86FA317BA};"8,9,{EF2A3587-B55A-4541-892A-AC76D04A07AB};";2026-09-17 11:43:01;2026-09-17 11:43:01;{491A9B4A-D068-4D36-BB10-3843C6CE638F};256
2281;1;8;9;{AD61F2F3-D370-4286-B905-F2955A253B05};"8,10,{A8231E31-9705-47AA-B278-A44C5465B1E0};";2026-09-17 11:43:01;2026-09-17 11:43:01;{A99080C5-ECF4-4DAC-AC28-F82AEAEFA57B};256
2282;1;8;9;{E93A98CD-1272-4823-B63F-ABF797924C9E};"8,10,{CAB3CCC7-C0D0-452F-943A-249E41DACCAF};";2026-09-17 11:43:01;2026-09-17 11:43:01;{67543F88-50C4-4FDA-BC7D-6392253952F9};256
2283;1;8;10;{1C11D99D-FE0D-4113-86DC-78A4982C7EFE};"8,9,{C584F38A-72C4-4B09-AB4B-1073007BF4B7};";2026-09-17 11:43:01;2026-09-17 11:43:01;{26B6DCE4-0CC9-45D0-8152-C7D77CC9A4F6};256
2284;1;8;9;{C584F38A-72C4-4B09-AB4B-1073007BF4B7};"8,10,{1C11D99D-FE0D-4113-86DC-78A4982C7EFE};";2026-09-17 11:43:01;2026-09-17 11:43:01;{88861D3C-DB55-442C-B5A6-393B465AA805};256
2285;1;8;10;{7D8A2A56-0659-4615-8911-C3BD544FCA24};"8,9,{CE258B42-A82E-4DE3-B981-CE07B327CD88};8,9,{53FEDE32-CDC3-496E-821A-FD4105AC0ABF};";2026-09-17 11:43:01;2026-09-17 11:43:01;{576F74D6-C945-495F-B046-04A29BEB1B29};256
2286;1;8;9;{0FE57D45-1960-4369-8CC7-8E4ADF166105};"8,10,{AAE461DC-65A8-4C90-8A4D-C9B538F7D543};";2026-09-17 11:43:01;2026-09-17 11:43:01;{DD11B8F6-DC22-40EB-BAE8-54C092DC47CA};256
2287;1;8;9;{DB406A84-B093-44BE-A96A-170A34DAF513};"8,10,{207B73E2-D823-485A-90FD-CC3DFE5E572E};";2026-09-17 11:43:01;2026-09-17 11:43:01;{F3B4F8DA-EFDF-4577-A4EE-46DD05D93994};256
2288;1;8;9;{CE258B42-A82E-4DE3-B981-CE07B327CD88};"8,10,{7D8A2A56-0659-4615-8911-C3BD544FCA24};";2026-09-17 11:43:01;2026-09-17 11:43:01;{82C5C8C6-3B93-4E79-8E00-363D1ED5D1E7};256
2289;1;8;9;{F4A49B6F-CF8E-4DB1-A15B-8C7B95CCBBF7};"8,10,{4DE1878E-3518-4842-AED0-B0DEEFD9628C};";2026-09-17 11:43:01;2026-09-17 11:43:01;{5166B67B-C0E4-47C4-9E75-673935B75F34};256
2290;1;8;10;{4696269D-7E81-467F-8E37-C51C57F47842};"8,9,{A6880A57-1942-4F72-B3DF-FEA7EC08B5EF};8,9,{BD5801C9-6FFA-4ABB-A332-E5F198407788};8,9,{C526D0AD-6A02-4C13-97A9-4EB57F884D0B};";2026-09-17 11:43:01;2026-09-17 11:43:01;{68C2FEAA-C560-49BB-B8A3-5F960966CEF6};256
2291;1;8;10;{CE2F06FE-9C7C-46A9-92A8-4F9BA38D6DF7};"8,9,{B774FD38-A019-4D78-9985-B83905672E47};";2026-09-17 11:43:01;2026-09-17 11:43:01;{F8D150F7-8BD3-4313-BF15-BF71C40BBA4A};256
2292;1;8;10;{1F8F4810-332F-4894-8893-D27503B7BB24};"8,9,{F6AA8534-4732-4A69-9B92-0FD2FB4D3878};";2026-09-17 11:43:01;2026-09-17 11:43:01;{11E0F85D-6582-4D26-AB93-F8ACE68A8D67};256
2293;1;8;10;{BFE322B1-C4F9-4F25-8D3E-8FCE3FE6B35E};"8,9,{C1DD98D5-8979-4D47-8393-9BB65D340B17};";2026-09-17 11:43:01;2026-09-17 11:43:01;{CDE87F23-6335-4708-9BD8-EB323AB4A53E};256
2294;1;8;10;{DCA05BFC-4E7A-4695-9C83-9A28CA66C0A3};"8,9,{9EF08053-37E9-4688-8CA1-C792A1CE93B0};";2026-09-17 11:43:01;2026-09-17 11:43:01;{5A6E413B-F56F-4846-9C74-EA9FE636130D};256
2295;1;8;9;{2B1D5961-58A6-4498-80F4-F22BE3E20E33};"8,10,{9EE0188A-D582-4EFA-873A-B057CD4393AF};";2026-09-17 11:43:01;2026-09-17 11:43:01;{2F20EE52-61BB-430D-B871-54A6E0CC9A2F};256
2296;1;8;9;{A6880A57-1942-4F72-B3DF-FEA7EC08B5EF};"8,10,{4696269D-7E81-467F-8E37-C51C57F47842};";2026-09-17 11:43:01;2026-09-17 11:43:01;{30F47754-F061-448C-A850-56DAC176EA77};256
2297;1;8;9;{98A531C6-8273-4274-8BC5-4E8E1A1E3176};"8,10,{B3FB6DE7-DF9A-4BEC-8801-57716F932C6A};";2026-09-17 11:43:01;2026-09-17 11:43:01;{F5C3CBDC-CA2D-4AB5-A8D2-9E971CCB42B0};256
2298;1;8;9;{B45AF284-7E77-4E18-9C0C-142DCEB00D0A};"8,10,{247E5C65-ADB0-4BBD-BBB5-F828B2E96ED9};";2026-09-17 11:43:01;2026-09-17 11:43:01;{5798DA97-CC1B-4724-B60A-EBC0C2C90FD5};256
2299;1;8;10;{03ED6A7F-54F2-4A44-B819-0B0E51593728};"8,9,{7127FE44-2862-4B72-8105-6982C8ECB553};8,9,{3AD13E17-46B3-45D6-92D0-54F035FA550E};";2026-09-17 11:43:01;2026-09-17 11:43:01;{BD465029-4164-49CC-BB21-A048CABF9E7E};256
2300;1;8;9;{46D5CF91-7851-427D-9F03-FBDB69786A89};"8,10,{8B056DB9-24FC-46CB-B514-065C1377CE64};";2026-09-17 11:43:01;2026-09-17 11:43:01;{04A53B9E-D4E3-42C2-8A47-03A0A6E3FCA8};256
2301;1;8;9;{212756A3-778C-4B89-9FC6-66025FCBDE4F};"8,10,{196CC9B3-D448-430E-9378-E4624B8628D9};";2026-09-17 11:43:01;2026-09-17 11:43:01;{3F0BBEBF-1E5F-4E1B-855E-253CEB6D0FA5};256
2302;1;8;9;{7127FE44-2862-4B72-8105-6982C8ECB553};"8,10,{03ED6A7F-54F2-4A44-B819-0B0E51593728};";2026-09-17 11:43:01;2026-09-17 11:43:01;{283F9B98-5290-4369-A165-8D4C950109EB};256
2303;1;8;9;{77764531-3E9C-40C6-996F-D03CD8704F92};"8,10,{33210B1A-22D5-4768-895D-D94C66279BD0};";2026-09-17 11:43:01;2026-09-17 11:43:01;{37F3592A-4A80-4C50-857D-5CD0B395A66A};256
2304;1;8;9;{90FF1A07-D150-4760-BD62-6D11047565B3};"8,10,{09D25362-04F4-407B-AE9F-ADD45DACC8BE};";2026-09-17 11:43:01;2026-09-17 11:43:01;{85859657-554C-47FB-94B1-AA68D3703911};256
2305;1;8;9;{EC9475D4-BF3F-4463-87D6-8DF8BF1CAFEB};"8,10,{9055B1A7-8F51-4C24-8DC2-FB1C90361219};";2026-09-17 11:43:01;2026-09-17 11:43:01;{D6CC937A-A04A-459D-91D2-923A3E0B15B0};256
2306;1;8;10;{CA0AFFA9-C5CF-4EE5-9060-87726B0EAB10};"8,9,{25B771B6-4C65-42A0-83EB-A26CD32AB405};";2026-09-17 11:43:01;2026-09-17 11:43:01;{49AE94CB-B656-4669-84B6-E7DF8F974225};256
2307;1;8;10;{E9247A39-CF9E-45B9-AC84-D0F1C31C6BA6};"8,9,{930250AC-DC09-4F15-B0EC-7BC47284D1D0};";2026-09-17 11:43:01;2026-09-17 11:43:01;{527A0A96-E9B6-4012-8CFE-242144D53AE8};256
2308;1;8;9;{56EFF229-68D1-450B-9146-4C0138A3E304};"8,10,{D6B335FD-1B04-479B-8C20-7EC1D89AEEEE};";2026-09-17 11:43:01;2026-09-17 11:43:01;{9EF4F151-FC4B-4BB6-B58D-22AC1E71381F};256
2309;1;8;9;{29D68E31-7DB4-499F-91A1-5141B7A7FA88};"8,10,{2D0DC45D-FB98-410D-9B3C-8E256C7ABEFF};";2026-09-17 11:43:01;2026-09-17 11:43:01;{AC809D62-818A-472E-8ED4-B28E5290BE80};256
2310;1;8;9;{384E6830-A52E-4F0F-8DEE-E1680E2B2419};"8,10,{CA6CF650-06C1-4426-9BC6-59AFEA35802E};";2026-09-17 11:43:01;2026-09-17 11:43:01;{1DC90A57-FA3F-4706-8859-1EE0DD746743};256
2311;1;8;9;{BC3245A1-2FCC-4230-B609-B855AA1024B7};"8,10,{D0249124-6778-45A0-84F0-676DF70352E6};";2026-09-17 11:43:01;2026-09-17 11:43:01;{9CF82193-E93F-48AF-961C-2F35963C1BA1};256
2312;1;8;9;{940B8FF5-0FAC-4862-8009-865DC2C518B1};"8,10,{BA01F7F3-BCCA-479A-8906-2F06583BFA5A};";2026-09-17 11:43:01;2026-09-17 11:43:01;{2166ABCA-3DD7-44E3-BE02-C469E042F7EB};256
2313;1;8;9;{4EAEC42D-7DC9-4531-B86F-4F037D2D7C3D};"8,10,{32F4D0B0-6836-4FE1-B0A0-1845E383D08D};";2026-09-17 11:43:01;2026-09-17 11:43:01;{7B99C207-E981-46F7-8258-59058F64E1BD};256
2314;1;8;9;{7972847F-8CF5-4527-AD64-3C3CF542642B};"8,10,{72305EF3-CAE5-4E29-8590-23CB29670F3A};";2026-09-17 11:43:01;2026-09-17 11:43:01;{69F52E44-45DD-4552-ABCE-CF7E16812D5D};256
2315;1;8;10;{A26EB590-D9D6-4D53-B70B-20C45B62B9B6};"8,9,{A8F98338-DDF5-421E-909E-70B8FE88AA22};8,9,{827E7280-28DA-41B3-AC93-EE1D9C6E5999};8,9,{324123E2-BE2D-4555-901F-789E913527C2};8,9,{B35A3CC0-554C-426B-948B-B03D65458066};";2026-09-17 11:43:01;2026-09-17 11:43:01;{CB554C8C-1BFB-46FB-A5AA-C221B65ACD09};256
2316;1;8;9;{A8F98338-DDF5-421E-909E-70B8FE88AA22};"8,10,{A26EB590-D9D6-4D53-B70B-20C45B62B9B6};";2026-09-17 11:43:01;2026-09-17 11:43:01;{8FAE2C58-C041-4CC1-AD28-52E8DFE0CB68};256
2317;1;8;10;{998831DB-382A-40EC-A8BC-D6C4B8B21A33};"8,9,{1B663C91-6065-4581-812C-7C39E558CA80};";2026-09-17 11:43:01;2026-09-17 11:43:01;{85568D5D-4BEC-4BAF-BBA2-824E3F4A8562};256
2318;1;8;9;{477696EB-A137-484B-8788-2DE9A13EC51E};"8,10,{2F93BE45-E0AB-4F82-9E21-B214318C2D9E};";2026-09-17 11:43:01;2026-09-17 11:43:01;{AFBCCF27-1AD2-4F64-B9B5-F59980E2F1DC};256
2319;1;8;9;{65755276-8112-4CB1-85D9-F3FD4C722379};"8,10,{56166AE5-DB2C-44F4-8D6A-69A883A83140};";2026-09-17 11:43:01;2026-09-17 11:43:01;{F3558365-4713-4C2E-99AF-EA191EA9A45B};256
2320;1;8;9;{A38F7267-7E99-4D42-BB80-E1C3B60C867A};"8,10,{878F1689-EA3B-463B-808B-49B83A38FF85};";2026-09-17 11:43:01;2026-09-17 11:43:01;{2EB6B7A3-A0E8-4CFE-98A2-8E0009BA653C};256
2321;1;8;9;{9B3C98AC-311F-470B-A897-07F4886510F8};"8,10,{9E038C32-2B55-402A-A6BD-EEDD81F4A173};";2026-09-17 11:43:01;2026-09-17 11:43:01;{622FE12C-E0ED-4014-A8C1-D68E04D0A47D};256
2322;1;8;9;{483A47D8-B675-484B-A9C6-D045AF3616CC};"8,10,{9269824E-5263-4481-A227-7A05156F9BC3};";2026-09-17 11:43:01;2026-09-17 11:43:01;{1945C162-D55E-4F09-80D8-C3B1076ED8F8};256
2323;1;8;10;{FFDA2CCB-6E16-4807-9719-E02D4DB4865B};"8,9,{40182E23-4EE8-4A0A-92D5-D0BC480DB118};";2026-09-17 11:43:01;2026-09-17 11:43:01;{6CA8D6C4-3FE0-46FB-AE4F-81EB952BCC76};256
2324;1;8;9;{40182E23-4EE8-4A0A-92D5-D0BC480DB118};"8,10,{FFDA2CCB-6E16-4807-9719-E02D4DB4865B};";2026-09-17 11:43:01;2026-09-17 11:43:01;{7C71F831-7F46-4A58-8648-6CA563ED8430};256
2325;1;8;9;{2AECE3F9-25A8-47A7-8D11-2E86BDFDB96F};"8,10,{E4D377D5-D4F5-4107-B028-D3527DF4201A};";2026-09-17 11:43:01;2026-09-17 11:43:01;{CBAF06E2-BF9E-4655-9197-49D272FB87E5};256
2326;1;8;9;{8F9A39D5-7048-4597-9CF4-9A0FFD121335};"8,10,{CCEF85C2-52FA-4843-84F0-E06A044B72FE};";2026-09-17 11:43:01;2026-09-17 11:43:01;{4D0E69F3-9992-4D92-96E8-9A54C7A9561E};256
2327;1;8;9;{9EB5B587-5DD4-4972-B13B-C7212C4F8782};"8,10,{9CB51322-005C-40FD-ABA2-222E75F54EC7};";2026-09-17 11:43:01;2026-09-17 11:43:01;{7ADCF111-A3D7-4010-9D08-C971737631F7};256
2328;1;8;9;{D76D5378-6296-47A2-9BA2-98EAE996C8AD};"8,10,{FFB6BB72-4069-4B0F-A031-4D3A45BC18EC};";2026-09-17 11:43:01;2026-09-17 11:43:01;{DA40F820-8AA3-4AAB-A453-B364AAF1886E};256
2329;1;8;9;{3AD13E17-46B3-45D6-92D0-54F035FA550E};"8,10,{03ED6A7F-54F2-4A44-B819-0B0E51593728};";2026-09-17 11:43:01;2026-09-17 11:43:01;{A9BC4FBA-AA09-479B-BC40-3CB2CEC9DE29};256
2330;1;8;9;{7DA4BB4D-2A77-403D-A96F-A463E43A8ABF};"8,10,{EC0CE698-D937-4DB8-A5CE-AD7324D4A39D};";2026-09-17 11:43:01;2026-09-17 11:43:01;{42AF0E00-432A-46F5-9EE2-29FA5943507B};256
2331;1;8;10;{9DC45BAF-FA0E-4133-AFB9-3F0B394CF9CB};"8,9,{29FF0C64-120F-438E-986C-40E691AABA3F};";2026-09-17 11:43:01;2026-09-17 11:43:01;{55A60A08-021D-4D7C-83CE-D5FF9D59C57B};256
2332;1;8;10;{C0D838FE-6F5D-42D5-BACF-3B580437557C};"8,9,{3EDEEFEB-4B84-4174-BA68-FBC9463AAA80};";2026-09-17 11:43:01;2026-09-17 11:43:01;{449C6B12-58D5-456B-8C26-6219210A2E52};256
2333;1;8;10;{622AFCB2-EE50-463B-8A27-ACF631E7DFDE};"8,9,{CFEE3748-5B5E-4741-AFC3-F4CE9A135B34};";2026-09-17 11:43:01;2026-09-17 11:43:01;{91A72D85-C19C-430C-984B-16D821FD6DDA};256
2334;1;8;10;{9AB4C12C-606D-4BEF-9009-B1836AB85A94};"8,9,{DA8262F0-1A66-4C6A-896A-60AE0919D68A};";2026-09-17 11:43:01;2026-09-17 11:43:01;{685F180D-6D85-4A6D-8998-3F93D4087789};256
2335;1;8;9;{AAF1CEA4-CBEA-4438-B7B6-AE624D3CE2CB};"8,10,{4DE1878E-3518-4842-AED0-B0DEEFD9628C};";2026-09-17 11:43:01;2026-09-17 11:43:01;{224C6D48-80E3-474F-92AA-36204D405890};256
2336;1;8;9;{52FD3B7C-D4C1-4911-AB78-D41B06B26C46};"8,10,{CA8AC2FC-88E1-4E50-A634-5AA471901C8B};";2026-09-17 11:43:01;2026-09-17 11:43:01;{9194B551-4E5E-4C7F-8797-9867A7A9B64F};256
2337;1;8;9;{827E7280-28DA-41B3-AC93-EE1D9C6E5999};"8,10,{A26EB590-D9D6-4D53-B70B-20C45B62B9B6};";2026-09-17 11:43:01;2026-09-17 11:43:01;{3D29FE5E-A4C0-487A-9A51-59642600C0D4};256
2338;1;8;10;{D955FA8C-DD88-495F-B801-A38A4476C979};"8,9,{0B4566E8-314F-4F34-B3F7-B79F9D5DCF90};";2026-09-17 11:43:01;2026-09-17 11:43:01;{CCDE5A1D-A4AF-4CD8-A554-FEA89DFF7403};256
2339;1;8;9;{319775F5-935E-48A9-9B9C-96252805853A};"8,10,{A4E31113-52FC-49F4-B084-FCB702F12190};";2026-09-17 11:43:01;2026-09-17 11:43:01;{7A0AF2BD-C29C-430D-887A-15510F1A5388};256
2340;1;8;9;{FA81946E-953B-4F6F-98C8-8D0F1640A20D};"8,10,{D4706042-4778-45CD-AE64-C9C3DF9F9A5D};";2026-09-17 11:43:01;2026-09-17 11:43:01;{30FD67BB-B93E-4287-947B-E3ECE9BBBFCC};256
2341;1;8;10;{0743460D-2483-4D6F-BDF1-717FA44D626E};"8,9,{9909ACDD-1FD7-49FD-BCD1-CBF67E6341B7};";2026-09-17 11:43:01;2026-09-17 11:43:01;{E9D59360-B707-4BD3-B4E8-68CB03F5A520};256
2342;1;8;9;{43426728-17F9-431F-BDBC-4612B0D7C682};"8,10,{192CA816-E418-4AC6-AA5C-D59E0C5279E4};";2026-09-17 11:43:01;2026-09-17 11:43:01;{6D1AC207-E885-429D-A206-FBF4F080588F};256
2343;1;8;9;{C1B90A8C-A39C-4E67-AE19-DABFF907E55E};"8,10,{1063A945-00F8-4365-8C0E-4DBC813736F8};";2026-09-17 11:43:01;2026-09-17 11:43:01;{943EA45F-1FCF-4723-AB1B-6E22A254BC38};256
2344;1;8;9;{C526D0AD-6A02-4C13-97A9-4EB57F884D0B};"8,10,{4696269D-7E81-467F-8E37-C51C57F47842};";2026-09-17 11:43:01;2026-09-17 11:43:01;{7B7D8678-6188-4A7B-975D-36A57CEEA1C3};256
2345;1;8;10;{07845604-D80A-4AB7-86F4-2C1A3B3DE206};"8,9,{85118097-6AB5-4984-893E-8D60ECE5FC20};";2026-09-17 11:43:01;2026-09-17 11:43:01;{A73C1351-5A09-4A0C-A86B-AB65BD2E6DC8};256
2346;1;8;9;{C5C685A5-E0A3-49A1-8D5A-79A6CE47D0B1};"8,10,{E68F63D4-A4CC-4A23-A8B9-663C14840552};";2026-09-17 11:43:01;2026-09-17 11:43:01;{672F06E1-726D-4E2C-9763-E1831AEBC8D1};256
2347;1;8;10;{68F85214-3B80-4611-B04D-299DD714C7D8};"8,9,{4AAF8726-13F7-4F2E-8C57-1664FD056A9C};8,9,{67D13C81-273F-41BA-AC09-089BDEF5F5BC};8,9,{857E0D0B-9AF6-4E12-A5A2-A7812A370312};8,9,{DD0C2C0C-D1CA-4E34-8113-01051D193371};";2026-09-17 11:43:01;2026-09-17 11:43:01;{324EE28D-FA78-43BB-8F04-27CA26ED2068};256
2348;1;8;9;{4AAF8726-13F7-4F2E-8C57-1664FD056A9C};"8,10,{68F85214-3B80-4611-B04D-299DD714C7D8};";2026-09-17 11:43:01;2026-09-17 11:43:01;{134BCF7F-E6EA-426B-BA43-C1CB2A46EE7C};256
2349;1;8;9;{D54B5792-D67C-4F48-89D8-BC538DAD81F0};"8,10,{7EB338A3-0CF2-47B6-BE33-4663129BE968};";2026-09-17 11:43:01;2026-09-17 11:43:01;{646F3759-CC31-4555-8CEB-B78A9A278397};256
2350;1;8;9;{AF8E4143-0AA4-4124-9715-CFDE8C805221};"8,10,{5AD5A2E1-FC50-431A-B326-215AF84DCBF4};";2026-09-17 11:43:01;2026-09-17 11:43:01;{606A087F-A7E6-4993-A6EB-1A161FE507C1};256
2351;1;8;9;{7FF45DDA-9909-4D29-8194-85A1254C63B5};"8,10,{CA8AC2FC-88E1-4E50-A634-5AA471901C8B};";2026-09-17 11:43:01;2026-09-17 11:43:01;{FEEAF437-FB01-40A2-AF7E-3AFB4A6053A4};256
2352;1;8;10;{40382173-F2D7-4918-93A0-C2A74BB8562D};"8,9,{20AE492B-29CC-4D29-978C-CDDDD41EE8A8};";2026-09-17 11:43:01;2026-09-17 11:43:01;{D119A016-7A2E-4658-91E3-68E9B07EC1C2};256
2353;1;8;10;{44EA0512-2592-460C-92A6-C4BFD91F4122};"8,9,{6ED171DD-9C17-45CB-8FAA-6E2F4431E0C6};8,9,{151A81CD-E42E-499D-A1C1-52C4EC290AB2};8,9,{9C20D566-100D-427F-A690-144926364DE5};";2026-09-17 11:43:01;2026-09-17 11:43:01;{57A9F31A-ED52-4844-8DBA-6ABBE66E0A83};256
2354;1;8;9;{6ED171DD-9C17-45CB-8FAA-6E2F4431E0C6};"8,10,{44EA0512-2592-460C-92A6-C4BFD91F4122};";2026-09-17 11:43:01;2026-09-17 11:43:01;{45F7F9E4-A414-424D-BB18-0D3D7A16BE3D};256
2355;1;8;10;{E31DCE17-62D1-4171-BB3A-D1B724EF2285};"8,9,{9D8EFCE7-8796-4D04-8059-59310DFA6FA5};";2026-09-17 11:43:01;2026-09-17 11:43:01;{CB1ABCAE-539A-46B2-9674-58BE7C452471};256
2356;1;8;9;{53FEDE32-CDC3-496E-821A-FD4105AC0ABF};"8,10,{7D8A2A56-0659-4615-8911-C3BD544FCA24};";2026-09-17 11:43:01;2026-09-17 11:43:01;{EB17B931-BDCB-4F11-AA63-D3972A623A09};256
2357;1;8;9;{F578EA4B-1C43-4D32-9AA7-4918336D219A};"8,10,{6FB39F5E-9A8E-4509-8DAC-03082D4D0981};";2026-09-17 11:43:01;2026-09-17 11:43:01;{562DA117-29D0-4CB0-ADB7-5CA307AE20FE};256
2358;1;8;10;{220BC5CD-BCE0-4243-87A3-AB6585130E6D};"8,9,{620ABCDA-E734-4BA8-B98A-255E7BE2B4FD};";2026-09-17 11:43:01;2026-09-17 11:43:01;{DCE6636B-652B-4FDD-AFB8-EDD281AE23B4};256
2359;1;8;10;{3C1A7D3F-AED0-4CE4-BF46-6F97C9237625};"8,9,{178E65F5-A22D-4556-A73B-C22844AD4D70};";2026-09-17 11:43:01;2026-09-17 11:43:01;{DB57E8C4-4640-4443-9E2F-5584DE801A9D};256
2360;1;8;9;{769BE8C3-2590-4942-96B6-386D9F555E7F};"8,10,{444DDE48-B3FF-4890-AF62-D07AAD3310CF};";2026-09-17 11:43:01;2026-09-17 11:43:01;{AE45A129-3D27-497D-BFA1-38CCAE8DEE51};256
2361;1;8;9;{D9141172-BCC5-4158-A8C4-33838D64E5F9};"8,10,{9C7CD6F5-17B9-4E6F-BBC9-70D6C9979C5C};";2026-09-17 11:43:01;2026-09-17 11:43:01;{7E30A4E9-2706-41FB-8587-03B4BA7856C5};256
2362;1;8;9;{178E65F5-A22D-4556-A73B-C22844AD4D70};"8,10,{3C1A7D3F-AED0-4CE4-BF46-6F97C9237625};";2026-09-17 11:43:01;2026-09-17 11:43:01;{5FC47533-C899-4521-A3EA-ACBB52152E1F};256
2363;1;8;9;{466CA9F5-5280-4926-B163-DF0FB72BC300};"8,10,{EDC014A6-5B5F-4244-96A5-13BAF3C607FE};";2026-09-17 11:43:01;2026-09-17 11:43:01;{3DE4415A-0633-4092-BDB1-45F7617FF150};256
2364;1;8;9;{36D59B29-D5DD-4E34-B6DE-FB20061ECA3A};"8,10,{9055B1A7-8F51-4C24-8DC2-FB1C90361219};";2026-09-17 11:43:01;2026-09-17 11:43:01;{A2D21259-5A20-4640-933B-9CB437EC5AB4};256
2365;1;8;9;{1E291586-DD7E-4590-AA2E-AF3A6517377A};"8,10,{A528A5D1-A056-4B06-8A10-7D0EBAD3DCD2};";2026-09-17 11:43:01;2026-09-17 11:43:01;{D16118D7-EA30-4405-A7A3-09998A6D83DF};256
2366;1;8;10;{0D055033-D2BE-4A30-AE19-C9C9D416F718};"8,9,{FACC9CC3-2704-4999-8AB4-909776C706D7};8,9,{D6E39089-090C-4203-90C0-DA1BBAAA2CDF};";2026-09-17 11:43:01;2026-09-17 11:43:01;{60CE7635-74AC-479A-A533-CACC9A52BF4D};256
2367;1;8;9;{FACC9CC3-2704-4999-8AB4-909776C706D7};"8,10,{0D055033-D2BE-4A30-AE19-C9C9D416F718};";2026-09-17 11:43:01;2026-09-17 11:43:01;{BA3AD52C-02EB-4BA7-8FE4-4B85F8A5C5EB};256
2368;1;8;10;{72865738-68FF-426C-8E6A-F62007BF5CD9};"8,9,{E25D802E-92C0-4D22-BD6D-C4E9949F4A0E};";2026-09-17 11:43:01;2026-09-17 11:43:01;{7F82B6DF-1697-49AE-B362-AD792C5AC44F};256
2369;1;8;9;{5AFDA4E4-0078-4A84-8C75-833278408105};"8,10,{A4E31113-52FC-49F4-B084-FCB702F12190};";2026-09-17 11:43:01;2026-09-17 11:43:01;{4C47CD80-B692-486F-8D86-ED56EC4E10E2};256
2370;1;8;9;{4D967198-511C-4F61-B6FA-D5AB33F4999C};"8,10,{E008448E-BF8E-471F-859E-B1B94DDD9321};";2026-09-17 11:43:01;2026-09-17 11:43:01;{37FA7A51-9916-486D-8951-24ED5C485CBE};256
2371;1;8;9;{2CA3E980-0405-4538-82DE-9EDAA476BEED};"8,10,{D1F7769A-5683-4E35-9384-DB7BC043198C};";2026-09-17 11:43:01;2026-09-17 11:43:01;{CC15BFC5-E38C-4B35-B3D5-ADD5FFC62866};256
2372;1;8;9;{F9E8EFF5-DE99-4397-81C8-0E49DD083E37};"8,10,{8C7DCBF7-4A1A-4FC7-B36C-7B9E29D1CF2E};";2026-09-17 11:43:01;2026-09-17 11:43:01;{7CFAC3D9-F46A-4FAB-8945-3E0624FE7E53};256
2373;1;8;9;{502FAC7F-48AA-4086-9561-94C925B317AC};"8,10,{CA1FEAED-C3AD-4915-86C9-845C36FE2690};";2026-09-17 11:43:01;2026-09-17 11:43:01;{0285B6A4-E4ED-47FD-9E3C-3B23FADF040D};256
2374;1;8;10;{FD3BF881-A88E-43DB-BD9F-92DA22BB469F};"8,9,{F80EFF07-39AF-4397-B6AE-2CE009F24416};8,9,{3D14BDB4-4819-47BA-9058-03C4B1412EED};";2026-09-17 11:43:01;2026-09-17 11:43:01;{CA19FCAA-7907-4366-ACB1-253928D5AB81};256
2375;1;8;9;{1A686938-E988-426C-B698-41160DED7991};"8,10,{9CD0A379-D26A-4931-A8C7-41C10B64D6B6};";2026-09-17 11:43:01;2026-09-17 11:43:01;{3EEB44C2-E598-4D76-AD9E-ACA4CDBB276C};256
2376;1;8;10;{40BEA8BD-FA6E-4348-B325-B3CBADCA3D30};"8,9,{92985CB2-F5B8-4216-8305-85280F3CFE9D};";2026-09-17 11:43:01;2026-09-17 11:43:01;{7173D36B-BFCD-4F7C-AF3B-98B7354EAD8E};256
2377;1;8;10;{A8EE1D2F-F47B-473B-84B1-E66D8EF3858A};"8,9,{B663D091-F494-4274-99CC-6D4829B42FF5};";2026-09-17 11:43:01;2026-09-17 11:43:01;{19CA237B-AD80-492B-9D21-D80F6F63BF96};256
2378;1;8;10;{A688E6F5-F78A-4A1E-B1F3-6C3C33325157};"8,9,{9EA3C47B-44B8-4068-9AFA-A36C8010D789};8,9,{91FB3E79-82B9-4D11-965B-36C835324745};8,9,{11EDFCAC-E703-4D54-A82F-68BF0F89E4CC};8,9,{6D006778-D2B6-4B9E-B6A5-CD294B86CBBD};8,9,{491EE29E-7FBB-414F-98C0-1BC2091670F6};8,9,{EF240B61-3642-4B54-A2F9-006157D25D2A};8,9,{54CE8258-BEB4-4197-9A0C-83928A680839};8,9,{E4C0B50A-D070-4096-A268-38650C5B530E};";2026-09-17 11:43:01;2026-09-17 11:43:01;{EF5DB24F-263A-4EAE-992D-651FE254DC88};256
2379;1;8;9;{CF8C1E2A-D958-4A2E-85DB-664565CD8AB8};"8,10,{1945E352-56EA-4D94-A921-3F6563BF8877};";2026-09-17 11:43:01;2026-09-17 11:43:01;{3EC4A380-AB17-4EF7-B8E2-5423D5976E34};256
2380;1;8;10;{AC5B37EA-F511-4307-A734-2B1FCF10FF51};"8,9,{D82606B9-AF1B-4577-8476-86A784AF21E4};";2026-09-17 11:43:01;2026-09-17 11:43:01;{C75445D7-86C3-4D2C-8C11-F1F559730B83};256
2381;1;8;9;{4B63F1B2-AB36-45AE-B06F-F65CA062CEA0};"8,10,{C0D584EA-B602-4D08-B5DD-674AC5EED8D2};";2026-09-17 11:43:01;2026-09-17 11:43:01;{8E9A339B-5E73-49C4-A654-13A153A235C0};256
2382;1;8;9;{A261AE7B-7FB1-4534-A459-872806786665};"8,10,{51781CBD-840B-4FF8-A802-D5A2DCFD4B07};";2026-09-17 11:43:01;2026-09-17 11:43:01;{54B278C7-6040-4519-92C1-79D658CDF381};256
2383;1;8;9;{C5A9CCF0-20E6-4752-A687-8C3CC7D0E588};"8,10,{23DB1E7E-6091-44A9-8286-B4CB6CB309D4};";2026-09-17 11:43:01;2026-09-17 11:43:01;{ADBC4B3E-5E47-437D-B99D-D057BB0F81B3};256
2384;1;8;9;{D82606B9-AF1B-4577-8476-86A784AF21E4};"8,10,{AC5B37EA-F511-4307-A734-2B1FCF10FF51};";2026-09-17 11:43:01;2026-09-17 11:43:01;{A08B7BE3-555D-43B5-BABD-50974D53B520};256
2385;1;8;10;{96497F61-3506-4CA2-B225-9F5FB0587BE9};"8,9,{A9D068E6-45B1-431E-BE6F-1FF7BBE5762E};8,9,{DE718CA4-6026-4624-83BE-61D32A6B7968};8,9,{96E6F56A-FFDE-4C97-A339-9B0708B8B883};8,9,{69923D83-BD15-469E-AB3D-9BF4C929DF9F};8,9,{6C0D3395-F175-44D7-90B1-956CE363AAA6};8,9,{340B4EE7-8D71-4C9B-8FA3-6E9F38332E8C};8,9,{34EE52D8-0BE7-4BF7-8303-404FADB8496D};8,9,{1B2F4A6C-73DD-4EE8-8DE6-528B6E8C6DC9};8,9,{DACB93ED-9608-4548-ADA3-1927685EF12A};8,9,{EEF538FB-1D20-4F75-8AA5-7D7A6256E7AE};8,9,{57B82B6A-BF59-40C5-B309-AD31A1C7EBC6};Additional rule violations exist.";2026-09-17 11:43:01;2026-09-17 11:43:01;{531DB382-866A-4297-BE18-5F9AB2AD5F0B};256
2386;1;8;9;{38EF11B6-AD74-42A4-9C08-202EE5420C38};"8,10,{9C0B8460-80CB-475F-96FA-824639B97523};";2026-09-17 11:43:01;2026-09-17 11:43:01;{A3862257-8632-44D9-907E-5CA4852D1B44};256
2387;1;8;9;{19E38122-2F3A-4D7A-AF57-FC20CB0A2D0F};"8,10,{7E80CB95-F021-4DE3-9D63-A77A3654A9A8};";2026-09-17 11:43:01;2026-09-17 11:43:01;{AC5D8ED4-E7D3-47F8-B631-FAA4F87DB4BE};256
2388;1;8;10;{791F6829-3BBC-442E-91AB-D1E21CE2EC50};"8,9,{597E2D81-92E6-4894-B71A-176C5E61B223};";2026-09-17 11:43:01;2026-09-17 11:43:01;{D3EC695F-3636-44CE-88FB-518B7AE95020};256
2389;1;8;9;{554F0808-3718-44CF-8CF2-937E5BD82F74};"8,10,{E3E355F3-7EF9-463E-BC0F-A73D491BF899};";2026-09-17 11:43:01;2026-09-17 11:43:01;{EA1E6198-5442-4049-BB55-74E87CA1539E};256
2390;1;8;10;{5A305665-D420-4A92-AE57-8828206F5B8C};"8,9,{5C92D1A2-00E2-4664-8933-629E0ECDDF16};";2026-09-17 11:43:01;2026-09-17 11:43:01;{9811206E-28FC-4048-A2FE-605867CC02B5};256
2391;1;8;10;{41EFA5A3-BDDD-4943-9213-98CF63BF119B};"8,9,{FFE2E49D-B995-4699-B69B-F771658D911B};8,9,{24BF77F8-4C37-405B-901B-1E61325FE41B};";2026-09-17 11:43:01;2026-09-17 11:43:01;{AF181D32-8C36-4A5B-9C3B-B19DE59DD396};256
2392;1;8;10;{FD7ECE8F-137E-49D0-87C6-F0FBAF73F08F};"8,9,{911DFBB8-5565-456F-BAB6-F1D6D2F5B7F2};";2026-09-17 11:43:01;2026-09-17 11:43:01;{B6AAFFB8-FB27-44AC-B4C6-07B1A334CEDC};256
2393;1;8;9;{5C92D1A2-00E2-4664-8933-629E0ECDDF16};"8,10,{5A305665-D420-4A92-AE57-8828206F5B8C};";2026-09-17 11:43:01;2026-09-17 11:43:01;{BFBDC5EE-5567-44A8-98AC-945F00C653E5};256
2394;1;8;10;{44702EA5-C38E-434B-AD89-E721E6666DA2};"8,9,{54D3ACF9-C758-4B2D-82A8-A82E63069E49};";2026-09-17 11:43:01;2026-09-17 11:43:01;{D2D7D9B8-C84C-4200-82A0-C599C14A78C3};256
2395;1;8;10;{FB574795-1F08-4D4D-8916-F279E21AB2CA};"8,9,{74534B1A-9E62-4A98-8B53-9F647031DD0E};";2026-09-17 11:43:01;2026-09-17 11:43:01;{3B119585-CFB4-4492-BC7E-195057602E07};256
2396;1;8;9;{8518DDD2-1F01-4756-B1E2-17E538CB7196};"8,10,{EA9065D6-A756-49A7-B7E8-BEA370F94E54};";2026-09-17 11:43:01;2026-09-17 11:43:01;{6356513C-17AD-4C13-BC7A-417A8555FE61};256
2397;1;8;9;{BC2524D4-BCF7-486B-9B87-B722D7E2EE4B};"8,10,{1A74D6A2-6E5A-46EB-9F5D-3B9BA9F79C90};";2026-09-17 11:43:01;2026-09-17 11:43:01;{43733A1F-AB32-4C52-9ACC-C18DD680294C};256
2398;1;8;10;{E8B25EAD-C71D-46B9-8D1C-A639FBF4397C};"8,9,{9A6452B6-2A9F-490F-9E9A-2076E3A92963};8,9,{88143F3F-A198-410D-B799-7FB7368190E7};8,9,{83D5B677-55E1-40A6-B1E5-36C4C51BCF24};";2026-09-17 11:43:01;2026-09-17 11:43:01;{0BB88FDD-52D8-4A9C-B47E-23DA5DD5D5FC};256
2399;1;8;9;{634A9826-D809-40F2-ADD4-15603371E4BC};"8,10,{FD8A0E84-F96D-497D-AA2B-7ABAD31FF7B6};";2026-09-17 11:43:01;2026-09-17 11:43:01;{57578770-45C6-452C-930A-EAEE6BE27660};256
2400;1;8;9;{9A6452B6-2A9F-490F-9E9A-2076E3A92963};"8,10,{E8B25EAD-C71D-46B9-8D1C-A639FBF4397C};";2026-09-17 11:43:01;2026-09-17 11:43:01;{417569F0-36A9-4722-B593-D3BD4AB38A8F};256
2401;1;8;10;{3440E4C9-30BE-4F8F-8C2B-25F0BC09F59C};"8,9,{9BA0E92C-D631-4E08-AA3E-C5AD69E457A2};8,9,{829B3288-2F4A-4505-B50B-15C58E9CF1D9};";2026-09-17 11:43:01;2026-09-17 11:43:01;{4FFD646F-766C-4DBB-9C93-591B510E234E};256
2402;1;8;10;{9F1350DE-23C0-46B4-BCB7-B18CDED6F884};"8,9,{5D65AE87-E8B7-4D21-8D70-8E0BBBEEA352};8,9,{E6AB19DC-4451-466F-8621-111E3098FD2E};";2026-09-17 11:43:01;2026-09-17 11:43:01;{8BE63B74-BA0A-4E5C-85CE-E45664A4F6E6};256
2403;1;8;10;{90D6667C-1BAB-4BD3-B3B4-F0F813F30011};"8,9,{7664EF27-4822-4C7F-92E8-679BEF93C7FE};";2026-09-17 11:43:01;2026-09-17 11:43:01;{D1906671-2F73-4168-A8CC-4CF2E271E219};256
2404;1;8;9;{88143F3F-A198-410D-B799-7FB7368190E7};"8,10,{E8B25EAD-C71D-46B9-8D1C-A639FBF4397C};";2026-09-17 11:43:01;2026-09-17 11:43:01;{C59B1427-E543-4A1B-9083-6BB244A2E417};256
2405;1;8;10;{5F2AB283-B41F-49AF-9AD8-01B969C0CA94};"8,9,{12074FA8-FE2A-4F0D-8676-A1F7CF55C88D};";2026-09-17 11:43:01;2026-09-17 11:43:01;{7D550071-CDBE-4E41-9FEA-053B199F01CA};256
2406;1;8;9;{FD83FBDC-3397-4023-A6D8-50912C5A3547};"8,10,{9ECFD259-2591-4F75-B486-63A5B5DDD028};";2026-09-17 11:43:01;2026-09-17 11:43:01;{61703D4E-D96B-409D-BC3E-B31CC3D996E5};256
2407;1;8;9;{12074FA8-FE2A-4F0D-8676-A1F7CF55C88D};"8,10,{5F2AB283-B41F-49AF-9AD8-01B969C0CA94};";2026-09-17 11:43:01;2026-09-17 11:43:01;{DB0CFA6F-BB62-4832-A3BA-F59CB7EE1D24};256
2408;1;8;9;{AC767285-C041-4229-9780-0DABE546A984};"8,10,{60F1F81C-1A10-4342-8879-CB6B3851FD0C};";2026-09-17 11:43:01;2026-09-17 11:43:01;{4F79925B-7254-48B6-8BBF-6EA40F1E4E27};256
2409;1;8;9;{4BB95B5D-F355-4BB8-8CD4-135D031A9ECD};"8,10,{580A6523-AA6A-4A06-B13F-EFD19766ACCB};";2026-09-17 11:43:01;2026-09-17 11:43:01;{B75A9F5F-A096-4C18-A885-00E7C64BBA06};256
2410;1;8;9;{848A23A1-AC29-4CA1-899D-71A594592827};"8,10,{9055B1A7-8F51-4C24-8DC2-FB1C90361219};";2026-09-17 11:43:01;2026-09-17 11:43:01;{B7943EE7-C4FE-4A94-81E7-203868B5332C};256
2411;1;8;9;{1C6F3B02-8A54-4772-8B2B-537E9E6324DD};"8,10,{908B57A4-9580-44D1-86BA-AB0C9677E0C9};";2026-09-17 11:43:01;2026-09-17 11:43:01;{DFDA82EC-DABF-490A-9207-6D17D499312C};256
2412;1;8;10;{2BB9FD83-5737-469D-BBC4-E5FC75B7F6A3};"8,9,{11E722EF-F442-46F3-9DA6-BFA1ACDD94D2};";2026-09-17 11:43:01;2026-09-17 11:43:01;{E0422B6A-E781-465E-BCD4-766973F75652};256
2413;1;8;10;{EC0CE698-D937-4DB8-A5CE-AD7324D4A39D};"8,9,{B0024C19-BA24-49F4-9591-DC34E63D6D71};8,9,{42FAD803-45C1-4925-8E1E-8DD02E9CB23C};8,9,{7EC0A92D-EA51-4DF2-AC4B-4235FBC917E1};8,9,{7DA4BB4D-2A77-403D-A96F-A463E43A8ABF};8,9,{FCDC3296-374C-4112-A94B-0F883C800CD7};8,9,{570A4126-FD94-462A-9635-0237910656B3};";2026-09-17 11:43:01;2026-09-17 11:43:01;{D888AE79-02C1-45C2-8E9F-678645E27088};256
2414;1;8;9;{11E722EF-F442-46F3-9DA6-BFA1ACDD94D2};"8,10,{2BB9FD83-5737-469D-BBC4-E5FC75B7F6A3};";2026-09-17 11:43:01;2026-09-17 11:43:01;{976C0A85-8EBD-4E56-94A5-B4209D1BCA70};256
2415;1;8;10;{C13574BC-6AB1-408D-88FD-EEFDAE5468FF};"8,9,{6D75089A-96C0-4AF4-8E1A-413AACA14AF6};";2026-09-17 11:43:01;2026-09-17 11:43:01;{14AD1EC4-339D-4FED-A34B-7315E3E9ED57};256
2416;1;8;10;{442BB262-E383-46B1-AF3C-8D168C42CE1D};"8,9,{771127AB-0573-4006-A32D-D480D69F61FF};8,9,{63515FB3-381E-4078-9295-13A43AC8878B};";2026-09-17 11:43:01;2026-09-17 11:43:01;{E88BAA92-2B7A-463A-B3E9-029C507E3604};256
2417;1;8;9;{37E1AE37-030A-420F-A199-3D215160B8F6};"8,10,{191EA2A6-5B91-47C5-8BBF-D587B5243FC7};";2026-09-17 11:43:01;2026-09-17 11:43:01;{A0C0F235-C2EC-453F-8A3A-F3F887DC2A5D};256
2418;1;8;10;{E215FDC1-C2E0-4ABC-B04D-A0EA7C646A3A};"8,9,{D124A106-B977-43E7-A67D-6E860700283A};";2026-09-17 11:43:01;2026-09-17 11:43:01;{4FD251C0-E110-460F-9B50-5A711FC2926D};256
2419;1;8;9;{7CC067A1-CD1A-4D63-A0CB-FDECBD3CCD19};"8,10,{11510CB7-8C67-4B8B-9B69-7E423900C1CA};";2026-09-17 11:43:01;2026-09-17 11:43:01;{D789636C-6F56-440A-8B86-5A4582032E44};256
2420;1;8;9;{CD61FB48-F8FB-417D-B190-6CDC46A37AEE};"8,10,{B3A0C612-1130-49EE-AEE6-7C73065BEED6};";2026-09-17 11:43:01;2026-09-17 11:43:01;{6D14A67D-E9A2-47C6-A89A-EFA31DA48170};256
2421;1;8;9;{D124A106-B977-43E7-A67D-6E860700283A};"8,10,{E215FDC1-C2E0-4ABC-B04D-A0EA7C646A3A};";2026-09-17 11:43:01;2026-09-17 11:43:01;{323E6199-C445-45F2-97A3-AE9E86DF2704};256
2422;1;8;10;{14506CA2-2FAD-4E32-8B87-556138E00B4B};"8,9,{0FDB751F-08E4-435A-9BD9-1D868A5F8069};";2026-09-17 11:43:01;2026-09-17 11:43:01;{3491BDA4-7F75-4B92-8FF1-351055770208};256
2423;1;8;10;{C97D1945-1E76-4460-B2E6-9AFCD9A324C0};"8,9,{B289A51B-0110-4467-AF99-E4101D4EF872};";2026-09-17 11:43:01;2026-09-17 11:43:01;{4ED40E02-033C-4A84-934A-6EE8A98D6B78};256
2424;1;8;9;{BAB27E16-A734-4371-A242-2B2DAEF32A82};"8,10,{5578DC3B-B5A5-4F53-B9DD-9C410826A581};";2026-09-17 11:43:01;2026-09-17 11:43:01;{FB462E60-ACF1-4B5C-9DF3-554822D3663F};256
2425;1;8;9;{202473D7-38D0-4ED2-A770-89057DB1E6E0};"8,10,{9FF76D99-F4D0-4366-AE68-2EC5AF2A0E9C};";2026-09-17 11:43:01;2026-09-17 11:43:01;{6445F26E-F080-4BAA-B0DC-EB58E5A1C1BD};256
2426;1;8;9;{56EF2A01-6FA1-4FD4-AEA6-17194EB557A6};"8,10,{5EA43645-25AC-46B4-968C-A2302F82DA23};";2026-09-17 11:43:01;2026-09-17 11:43:01;{D90FDE49-C470-4F21-A893-884FB09FD48C};256
2427;1;8;10;{9D419E78-CE61-4B8A-9ADA-4B214B3D5381};"8,9,{721379F9-A519-45CB-8222-34015F365A5F};";2026-09-17 11:43:01;2026-09-17 11:43:01;{8F058771-A816-44EE-BD50-DAFA0C967A1C};256
2428;1;8;9;{C8D1EB9E-84B4-4C1A-A074-DE821B6821C0};"8,10,{22A23D0F-4D34-4A5E-BF10-6EA710675899};";2026-09-17 11:43:01;2026-09-17 11:43:01;{A0A8857F-CB21-4019-A5AA-1BB8EF4DE531};256
2429;1;8;9;{A41E4B36-66EA-4CA6-947E-FEAB6CF98AD4};"8,10,{B5F6B9F4-8EAC-4271-9BEC-46E7867062B1};";2026-09-17 11:43:01;2026-09-17 11:43:01;{A801C210-C320-4F0F-9577-32D0809FA0A8};256
2430;1;8;9;{885D39C8-DB1E-4E99-A06A-C035D0988015};"8,10,{A4E31113-52FC-49F4-B084-FCB702F12190};";2026-09-17 11:43:01;2026-09-17 11:43:01;{0D7BD0B3-E7C6-4AA0-8971-6B39502F20CE};256
2431;1;8;9;{CEF662B9-9B30-43A4-9290-FCC2B9240C53};"8,10,{4B004626-1280-4854-A52B-57CA51C0EC42};";2026-09-17 11:43:01;2026-09-17 11:43:01;{8F9639C7-9DAF-40D7-9B30-A6076F7E856B};256
2432;1;8;9;{0CEDBA7C-DD4B-4B8C-8FE7-46E493F2356E};"8,10,{02D7CE73-5500-4388-A79D-5EE4B7C6B6AB};";2026-09-17 11:43:01;2026-09-17 11:43:01;{8EB81585-2C12-407E-A29C-2C28C19DB1A4};256
2433;1;8;9;{A01317D7-B111-4677-8C19-3D3E4BA1E83E};"8,10,{56EE0288-E268-4E3B-9051-7300AF108D5C};";2026-09-17 11:43:01;2026-09-17 11:43:01;{832EBA7C-9126-4B1F-A2A2-A60D32F51A6D};256
2434;1;8;10;{A215CBE5-EE42-4237-8EC4-1F65F6C353BB};"8,9,{3D34787B-3CA9-4B29-9D93-40E338351EFD};";2026-09-17 11:43:01;2026-09-17 11:43:01;{0BDA9324-325F-44B0-B80C-4317656F4F50};256
2435;1;8;10;{C2C4F966-DE99-4A95-9787-691E9EBE195C};"8,9,{61929E0E-A7F5-4A70-85D6-FA6B0DFC50C5};";2026-09-17 11:43:01;2026-09-17 11:43:01;{42FB9CD4-5A0E-4A63-A6D0-810B99060EDF};256
2436;1;8;9;{3D34787B-3CA9-4B29-9D93-40E338351EFD};"8,10,{A215CBE5-EE42-4237-8EC4-1F65F6C353BB};";2026-09-17 11:43:01;2026-09-17 11:43:01;{F7F18A20-D346-4C89-9946-6766E02C1903};256
2437;1;8;10;{192CA816-E418-4AC6-AA5C-D59E0C5279E4};"8,9,{43426728-17F9-431F-BDBC-4612B0D7C682};";2026-09-17 11:43:01;2026-09-17 11:43:01;{FA77A0CA-1C1A-419B-9BE4-7CF5EFCBEDC4};256
2438;1;8;9;{B35FC613-D564-4D8C-AFAC-F58A710D94A5};"8,10,{8BBEC2A3-CC6C-49C4-BB8C-7E17C0B8417F};";2026-09-17 11:43:01;2026-09-17 11:43:01;{49A08CC4-0F28-4795-B034-5A62BF26B271};256
2439;1;8;9;{A51130EA-8AEB-4B19-AB3A-AB27510D9CC9};"8,10,{5DDA4F8A-6D93-4933-9E67-34531C1C5D98};";2026-09-17 11:43:01;2026-09-17 11:43:01;{C4E8BA4C-A18E-4163-BE83-8A6EF132801D};256
2440;1;8;9;{C4363A77-19D6-4D28-8649-F7B7464170A8};"8,10,{099EA110-C52E-4BAD-875E-706D43AA60C4};";2026-09-17 11:43:01;2026-09-17 11:43:01;{EF58D1F0-8108-424E-BFD9-0406305CE324};256
2441;1;8;9;{84B572A6-2EB1-45E5-975F-CBEF7AC15AB4};"8,10,{FDF09C71-6FB8-4437-819D-0EFB47BDD11E};";2026-09-17 11:43:01;2026-09-17 11:43:01;{B1407CE9-8BD3-4A1C-955D-469BA516F080};256
2442;1;8;10;{D1606506-DA13-42EC-981F-CB7C92F6EB1D};"8,9,{40030208-D386-4401-8D88-F59EE733A843};";2026-09-17 11:43:01;2026-09-17 11:43:01;{63D480DC-6CBF-4C0F-8024-4DE1493C855C};256
2443;1;8;9;{3E1B747F-7104-42E3-9363-B2EE39F7C9FB};"8,10,{0DE7496A-8C7F-47B8-A684-D0B8005B7B03};";2026-09-17 11:43:01;2026-09-17 11:43:01;{52C3331A-D223-4A30-9EC2-2EA656162AE9};256
2444;1;8;10;{783AF818-7486-4ECA-B27B-5C04BD926EB5};"8,9,{B25EAEC9-F11E-4679-8BE2-3CEF7D82613B};";2026-09-17 11:43:01;2026-09-17 11:43:01;{ADBCC255-CB99-456F-8B6F-33B121BB6182};256
2445;1;8;9;{552431EA-FBB2-40D0-8838-93705B513E98};"8,10,{CC9F6A82-1490-4230-AD83-8A85A3EE41B2};";2026-09-17 11:43:01;2026-09-17 11:43:01;{FE1EE695-B3B0-434A-80F1-B12ABAC4CB56};256
2446;1;8;9;{A09DA614-07BF-45AD-896E-D46629CFAFE5};"8,10,{0EBC01C7-984F-4E5B-9476-604AED7EE827};";2026-09-17 11:43:01;2026-09-17 11:43:01;{D0915159-B4A9-4384-858A-7D1B79322F67};256
2447;1;8;9;{08650FC2-31AA-443E-9389-50EC53DDF4A0};"8,10,{7F378F05-A9BA-4DDC-A669-3218B1C6B1C4};";2026-09-17 11:43:01;2026-09-17 11:43:01;{34F1AF2D-C90E-421A-8165-A8800F72EE9E};256
2448;1;8;9;{BCEA090E-31C3-4586-BBCB-7A94DFAF8C59};"8,10,{53DADB14-8408-4999-96DC-DD8CA3012C64};";2026-09-17 11:43:01;2026-09-17 11:43:01;{876FE4E7-77E5-41F3-ADEB-F5101BE99040};256
2449;1;8;9;{19859A9C-889E-4644-899E-2904A2939E09};"8,10,{24F00D40-DC8E-47D5-A248-67B169B8EEA5};";2026-09-17 11:43:01;2026-09-17 11:43:01;{9F47F29E-EAA5-42AD-A7DE-30C54B6C3D69};256
2450;1;8;9;{5AF03B75-0984-47EB-A260-8E28AB62D74F};"8,10,{8B2267A0-429F-44A9-B623-4B8C80EB9766};";2026-09-17 11:43:01;2026-09-17 11:43:01;{86788731-AFCA-42C0-95BB-A05BC7944032};256
2451;1;8;9;{CB459D9A-37AB-4A69-B31D-FEB3C4E30B3D};"8,10,{CF4916F6-6E07-415C-AE18-3BF41C7F3E58};";2026-09-17 11:43:01;2026-09-17 11:43:01;{77674DE4-45BB-4B3B-BE2C-ADAA227D827E};256
2452;1;8;9;{2801C3C8-691F-4453-9B27-58DBC3591F55};"8,10,{B485955A-C1D5-4B3E-B833-CC7B09C2E241};";2026-09-17 11:43:01;2026-09-17 11:43:01;{ADA3058C-C0E4-4526-9A0B-9FA3DAEE4BA7};256
2453;1;8;9;{A57394BB-ADDC-4B1F-81F8-259CD65E8E6A};"8,10,{8B2267A0-429F-44A9-B623-4B8C80EB9766};";2026-09-17 11:43:01;2026-09-17 11:43:01;{8AB2C1D4-6385-4DDD-8334-99957474D041};256
2454;1;8;9;{B3C8101F-D4F5-4F57-BB19-2BDB6C02F986};"8,10,{C04B1742-E25B-4C6E-9395-518DA68EC889};";2026-09-17 11:43:01;2026-09-17 11:43:01;{4AD4E036-72C3-414F-AC52-E888A33A5ADF};256
2455;1;8;9;{DEA498FE-D556-4E53-B2FA-60EA5A15B694};"8,10,{099EA110-C52E-4BAD-875E-706D43AA60C4};";2026-09-17 11:43:01;2026-09-17 11:43:01;{322139F9-0CB5-40A2-BBB8-FBAC842D3060};256
2456;1;8;9;{B1238C59-C492-40F4-8015-D41AAD86D5C4};"8,10,{F8F1A41E-7BB6-45B2-8161-A7AC92D5E94C};";2026-09-17 11:43:01;2026-09-17 11:43:01;{B2120E63-73ED-4A1F-B616-674F0BAA8025};256
2457;1;8;9;{ECA1A28A-44BD-4EEB-BF9E-26B41B35CF08};"8,10,{8B2267A0-429F-44A9-B623-4B8C80EB9766};";2026-09-17 11:43:01;2026-09-17 11:43:01;{F6F0EB89-9D08-4FA9-A701-76C1D366360E};256
2458;1;8;9;{061231CE-74E2-4D68-AAAE-5887EFEAD8CF};"8,10,{926D11CB-71FC-4B28-88FA-88FFA7778A0C};";2026-09-17 11:43:01;2026-09-17 11:43:01;{679523DC-336C-413F-A82D-8EF0A93744E9};256
2459;1;8;9;{01B484E1-D2A6-4F61-8B0D-891B2C50903A};"8,10,{2834C6A7-5AF4-4B65-96D4-D439929467AB};";2026-09-17 11:43:01;2026-09-17 11:43:01;{A2B4550F-3BBF-4CCF-A5A6-6D02FA575A0F};256
2460;1;8;10;{AC39FD71-03EC-4E69-8E14-9F139727C9F0};"8,9,{3357C7F4-95D4-45B0-9225-9542F3F2B673};8,9,{D2CF5E37-CEAF-4CC8-9DCF-0B859C2AF24A};";2026-09-17 11:43:01;2026-09-17 11:43:01;{7C70ECD7-68D7-485E-8FEB-86915BD7DCF6};256
2461;1;8;10;{C6C07B9C-6F67-4885-B917-71887BB7D7F1};"8,9,{E9294261-AA53-44D6-9D7F-C2724502DC87};8,9,{79874CB3-1389-4573-A207-6C4080D4B140};8,9,{C1B6DA59-6DB3-4D46-9E82-97308BB06EEE};";2026-09-17 11:43:01;2026-09-17 11:43:01;{02D73E98-0E9B-4DC4-822B-3FB9986AFE7C};256
2462;1;8;10;{28437D5A-D15F-4ED6-B7D7-3A8C3375F364};"8,9,{9AADF7F4-D64D-4C12-8E1E-416C4660EDB1};";2026-09-17 11:43:01;2026-09-17 11:43:01;{45A935FF-19E0-408C-AC5B-A251E59B57C2};256
2463;1;8;9;{9A9CC8E7-E78B-4B61-A8B3-0D8C22AC9E6E};"8,10,{AB2D1DB3-ABE8-4A0B-996B-7F5DFDF504F8};";2026-09-17 11:43:01;2026-09-17 11:43:01;{AF3B37D4-1CD7-4AA0-A8BB-D2C891FDA887};256
2464;1;8;9;{CDBCC93E-E445-4A6B-96AB-91176478DFBD};"8,10,{E4B8DA12-F68A-488A-8219-A1BAC7861716};";2026-09-17 11:43:01;2026-09-17 11:43:01;{02BBD94C-A1CA-452D-8C32-C4831EB3654B};256
2465;1;8;9;{859F083A-4908-4B8C-A3F7-4A76D55EDC37};"8,10,{D5FAFF7A-0A49-424B-BBB2-A5D5693AA0EB};";2026-09-17 11:43:01;2026-09-17 11:43:01;{C2953ADB-58E7-489D-A254-802ADF488FD0};256
2466;1;8;10;{39CE3319-ADB3-4035-B4D2-2507D84440AD};"8,9,{09865382-84AB-4964-89CB-5F6E4D72D0E0};";2026-09-17 11:43:01;2026-09-17 11:43:01;{1B455126-A7FE-4F83-84E0-1CE5B0D1F884};256
2467;1;8;9;{06443B14-76D5-4854-A1DE-C25D16BC99C1};"8,10,{79231438-0747-4FCB-AA21-B8EBD08F166A};";2026-09-17 11:43:01;2026-09-17 11:43:01;{72AE8997-7524-4909-8C6A-6109D479CA8D};256
2468;1;8;10;{FFB6BB72-4069-4B0F-A031-4D3A45BC18EC};"8,9,{4FF89B42-0F49-49D2-BB1E-D6757B39CDFE};8,9,{4A57055A-7F41-4B54-B714-24719001897B};8,9,{9BEABE71-B458-481D-BF79-9498C907484D};8,9,{D76D5378-6296-47A2-9BA2-98EAE996C8AD};";2026-09-17 11:43:01;2026-09-17 11:43:01;{E88396FE-A320-4E54-9F81-B5030288FD89};256
2469;1;8;10;{BAE43623-A027-4C7C-8DFB-2EC8BDB0A77F};"8,9,{522D97FA-B3A9-4761-B689-C56D7E73107B};8,9,{5051B4CD-CE7F-4621-8472-A4438785B910};8,9,{6E8D04FE-7AFC-4C6B-BD0C-3383D3A9C728};";2026-09-17 11:43:01;2026-09-17 11:43:01;{A0C9861E-34D2-4311-A79D-5134EC2DFC16};256
2470;1;8;9;{81FD245C-BE7B-4E2B-AD4B-630142254E57};"8,10,{F49F9210-0D2B-4CC7-A37F-36D4F1422F9E};";2026-09-17 11:43:01;2026-09-17 11:43:01;{02F710A1-3511-4788-B343-0B9713BA788C};256
2471;1;8;10;{56385AA0-8076-4E71-A187-56883437501A};"8,9,{1E7E7F61-E133-413A-ACE7-822267CDC517};8,9,{E1BB7D65-9831-4EA5-A022-49E5B8ACE985};8,9,{BF73B0A5-522E-451C-A19F-3C0F8538D629};";2026-09-17 11:43:01;2026-09-17 11:43:01;{D17AB96C-6A55-42CF-A2A8-6F400173D7D3};256
2472;1;8;9;{1E7E7F61-E133-413A-ACE7-822267CDC517};"8,10,{56385AA0-8076-4E71-A187-56883437501A};";2026-09-17 11:43:01;2026-09-17 11:43:01;{DFD3FD8A-0B85-4C2B-AFC0-A26B4949B392};256
2473;1;8;9;{E5B639D4-C867-471C-98EC-7D267CC61484};"8,10,{D539BBA5-7A41-4400-8D8E-4AE95E288855};";2026-09-17 11:43:01;2026-09-17 11:43:01;{D071AF78-9BF8-4542-8FD9-2C6CF803D693};256
2474;1;8;9;{DDCC3ADF-A704-440D-A229-6E55147E219E};"8,10,{7BB921B6-ED23-49DA-8BE6-57B9BA80F547};";2026-09-17 11:43:01;2026-09-17 11:43:01;{1FC0A92D-A1F2-4C64-A358-F5B564502CDC};256
2475;1;8;9;{911DFBB8-5565-456F-BAB6-F1D6D2F5B7F2};"8,10,{FD7ECE8F-137E-49D0-87C6-F0FBAF73F08F};";2026-09-17 11:43:01;2026-09-17 11:43:01;{55176825-38B3-45EE-A712-AA3C40500FB7};256
2476;1;8;10;{B485955A-C1D5-4B3E-B833-CC7B09C2E241};"8,9,{2801C3C8-691F-4453-9B27-58DBC3591F55};";2026-09-17 11:43:01;2026-09-17 11:43:01;{788B81C4-E48C-4819-B61E-084B5B001D08};256
2477;1;8;10;{EFDA5292-34EC-4401-85F9-F7D9DA702DAE};"8,9,{29C81710-DEB2-4989-A1F2-9B3486E8A9C5};";2026-09-17 11:43:01;2026-09-17 11:43:01;{D5E81C51-E36D-4AA9-A61E-29C142562274};256
2478;1;8;9;{8E1D235F-4226-45E2-B289-F91083EB6C80};"8,10,{BDA3129B-CD2F-4D04-A6E7-DFA2A1056074};";2026-09-17 11:43:01;2026-09-17 11:43:01;{8FCB253D-0C09-4B9E-A6D5-DFC242A19479};256
2479;1;8;9;{02F146FE-EB52-4C53-BDD1-921DB611B5A1};"8,10,{28981833-279A-4C0E-AEC6-CA2986C1B786};";2026-09-17 11:43:01;2026-09-17 11:43:01;{D84AAF08-70E5-4DC4-9D2B-D3F2C46292BC};256
2480;1;8;9;{4A6287A9-139D-4DF9-A100-E1CBF799EE5C};"8,10,{B527D4C8-8F64-431D-A71D-6F168A1D012D};";2026-09-17 11:43:01;2026-09-17 11:43:01;{5BDF5A39-8D38-4731-9A83-7833E3892CA2};256
2481;1;8;9;{F7076F72-3B50-4544-A829-EA8DB039FE3A};"8,10,{92A4D76B-1FCB-48E7-AD79-6AB2AF66A9B3};";2026-09-17 11:43:01;2026-09-17 11:43:01;{23D52526-CE76-44C9-9890-E952974F2C5B};256
2482;1;8;9;{CCEB414D-1F46-4B83-91D5-DB1BEB0C4DC2};"8,10,{0BEDE384-12F0-44DC-8FAD-D1E54CFB390B};";2026-09-17 11:43:01;2026-09-17 11:43:01;{C4BE78E4-2E06-46A4-9D5F-255A548EBF2E};256
2483;1;8;9;{3D31E10F-B8CB-4B65-BEC3-C4310AAD9E66};"8,10,{C1347C23-AF8A-4096-9D4D-33182BF8C408};";2026-09-17 11:43:01;2026-09-17 11:43:01;{E9346CFB-76CA-4BE7-93E6-6DF8070736C3};256
2484;1;8;9;{E310B08C-66C4-4EA1-8EBC-1CCDDF0708B9};"8,10,{908B57A4-9580-44D1-86BA-AB0C9677E0C9};";2026-09-17 11:43:01;2026-09-17 11:43:01;{39D3DD38-9A39-4EE3-8D7C-09B91576CA80};256
2485;1;8;9;{B14F7640-BC34-41DD-8360-F33E782730A1};"8,10,{B527D4C8-8F64-431D-A71D-6F168A1D012D};";2026-09-17 11:43:01;2026-09-17 11:43:01;{FFA02429-E6CA-4F43-86D3-30B6EFAA7294};256
2486;1;8;9;{59B81E16-EDE9-49F6-9633-92571C60E1DC};"8,10,{95534152-CE54-456D-A405-4E3CD00EC463};";2026-09-17 11:43:01;2026-09-17 11:43:01;{E11B0378-AEB7-46C5-8F0D-87D51EF78D48};256
2487;1;8;10;{21ECDAED-76B3-40F4-B694-B0E46882489E};"8,9,{C4A90B68-775B-43A1-BDD6-E5CFD86C7890};";2026-09-17 11:43:01;2026-09-17 11:43:01;{CA928AF3-4B6A-412E-A6C5-E105EF25FAE2};256
2488;1;8;9;{A9B97089-6E6B-47EA-A07F-1F47266B3A92};"8,10,{1CF7992B-A6A3-4968-92C8-B1EC8E610888};";2026-09-17 11:43:01;2026-09-17 11:43:01;{F1121C52-7F40-4547-8875-AEEA5CBF4348};256
2489;1;8;9;{C1B6DA59-6DB3-4D46-9E82-97308BB06EEE};"8,10,{C6C07B9C-6F67-4885-B917-71887BB7D7F1};";2026-09-17 11:43:01;2026-09-17 11:43:01;{46277C23-50C7-4076-A3E5-4405E7AA9703};256
2490;1;8;10;{C74C5877-B4E1-4F18-A5CC-3B3B9040229E};"8,9,{C4D9A1B7-02C1-40BF-944B-E77E7E82D06F};";2026-09-17 11:43:01;2026-09-17 11:43:01;{2F77F8CC-8988-4E3C-AC3B-C0C89123655E};256
2491;1;8;10;{146E49A2-B92B-4E6E-83BF-584EE19E873D};"8,9,{BF6F45A6-2D28-444A-AE56-11CCBB1510EB};";2026-09-17 11:43:01;2026-09-17 11:43:01;{64FEF952-1DAA-4CA0-AC38-F131B22327B7};256
2492;1;8;9;{E1BB7D65-9831-4EA5-A022-49E5B8ACE985};"8,10,{56385AA0-8076-4E71-A187-56883437501A};";2026-09-17 11:43:01;2026-09-17 11:43:01;{4B363F1E-0039-4388-90B6-301299AC0861};256
2493;1;8;9;{77C07F85-CBC4-4C49-BB60-6AA4F5D24E89};"8,10,{6F3FEA72-3368-42D3-A2DF-F3B680164326};";2026-09-17 11:43:01;2026-09-17 11:43:01;{028CC23F-90EB-4DB7-B69E-E2F36F500DE1};256
2494;1;8;9;{8A62D393-4FFD-402E-AE60-3F76E63408F8};"8,10,{94CDCFA4-FFE8-440D-A904-4C56D98F1F3C};";2026-09-17 11:43:01;2026-09-17 11:43:01;{9A3524A3-E8FB-4FD2-A18F-62BC2C670F2A};256
2495;1;8;9;{73CBE972-37A7-49C4-B505-D41E7F8DE1A6};"8,10,{E93F6930-BFC7-44EF-BBC0-9E52307C0A1E};";2026-09-17 11:43:01;2026-09-17 11:43:01;{451CC6C9-EC88-4354-91B3-800BA198901C};256
2496;1;8;10;{A3DEADCC-602D-4DF1-821D-69A149FDAC2D};"8,9,{48DB368D-0143-44ED-9FDE-C0BFBD7638BC};";2026-09-17 11:43:01;2026-09-17 11:43:01;{9ACE72BA-F2C6-4771-BD05-6DBB828ACFE1};256
2497;1;8;9;{E5015C70-EACF-4A66-9B48-5F00FFA45124};"8,10,{1E442669-DCDE-4A9C-8391-04CA8675D953};";2026-09-17 11:43:01;2026-09-17 11:43:01;{2695E2E9-6BAE-4411-876A-B9A97BCD29D2};256
2498;1;8;10;{D396C65B-37EC-4047-B8AA-2D093503052E};"8,9,{6F00A766-48E2-41F7-9C1A-F31F13921578};";2026-09-17 11:43:01;2026-09-17 11:43:01;{98E1C72B-44D3-47C7-BE16-FC72B6A074C7};256
2499;1;8;10;{878F1689-EA3B-463B-808B-49B83A38FF85};"8,9,{55156C6F-68CC-4D82-BDAB-AF973F027FF8};8,9,{CE8A7942-8A6E-4811-9E64-3E257293591A};8,9,{4E4AC4EB-91D8-47DA-A9DA-1663D175AFE4};8,9,{A38F7267-7E99-4D42-BB80-E1C3B60C867A};8,9,{E170CC34-7018-4ACF-BF91-F427854D1807};";2026-09-17 11:43:01;2026-09-17 11:43:01;{0125B849-D924-4118-9063-4C335934876F};256
2500;1;8;9;{55156C6F-68CC-4D82-BDAB-AF973F027FF8};"8,10,{878F1689-EA3B-463B-808B-49B83A38FF85};";2026-09-17 11:43:01;2026-09-17 11:43:01;{1A01B591-CEBC-42BC-B17A-3C6F7A31D7FB};256
2501;1;8;10;{7BF73792-A4C4-4EE6-A58A-5E3100685A8E};"8,9,{2B960C6D-BCAD-4546-9705-EE7D7EAA274B};";2026-09-17 11:43:01;2026-09-17 11:43:01;{15415922-DB5C-4EEB-9F88-65EF706CE661};256
2502;1;8;9;{2B960C6D-BCAD-4546-9705-EE7D7EAA274B};"8,10,{7BF73792-A4C4-4EE6-A58A-5E3100685A8E};";2026-09-17 11:43:01;2026-09-17 11:43:01;{74DE682B-A688-49F1-A545-FF711A1671A9};256
2503;1;8;9;{1B05EF4F-A9D3-4F10-9B5D-1A4E95CF3630};"8,10,{7BF49C61-E234-4A43-9395-B9E51C342589};";2026-09-17 11:43:01;2026-09-17 11:43:01;{CA96C320-EAEC-40C4-8CE6-F40639B4206C};256
2504;1;8;9;{43B6E6ED-79B4-4EBB-B226-BB6573DE2739};"8,10,{2756DB38-B380-473A-B19A-D365C28322B8};";2026-09-17 11:43:01;2026-09-17 11:43:01;{4BCA6F8F-054A-460F-B02C-4C5F88A1A374};256
2505;1;8;9;{4D56DC23-5992-46A2-9D27-CDB93C831B8C};"8,10,{24AD77E7-EFB0-47AD-B814-201918030402};";2026-09-17 11:43:01;2026-09-17 11:43:01;{C0FE9634-7F5D-4064-B8D7-6C4287088FA6};256
2506;1;8;9;{0919345D-4ADA-4E39-86C8-CD578775F069};"8,10,{122A50EA-2B68-4052-8708-BE6CCFC73CF8};";2026-09-17 11:43:01;2026-09-17 11:43:01;{E612C26D-7B99-4682-98FA-62381A1FAD81};256
2507;1;8;10;{B96C6E2E-F767-40FC-B9C2-F9F25195D49B};"8,9,{D25AFBC6-D8C0-4053-8F76-85D4FFA55375};";2026-09-17 11:43:01;2026-09-17 11:43:01;{839B92B3-470E-4DA8-9345-BFDD36B35B98};256
2508;1;8;9;{D7BC9715-A78B-49F0-81F1-8364098BF0AC};"8,10,{5D1544CF-F231-439B-A9E9-8F53DECF3455};";2026-09-17 11:43:01;2026-09-17 11:43:01;{90289839-BE3C-456B-A319-D8B703C7F666};256
2509;1;8;10;{8D0DB330-5027-4D7B-AD76-91D32FC29A02};"8,9,{367B4437-D751-4E06-A1CA-67CC7C138B1D};8,9,{496829B6-1CE8-4C1B-8E15-994D949AC63B};";2026-09-17 11:43:01;2026-09-17 11:43:01;{20B4F295-7C23-4292-800E-700D9136F926};256
2510;1;8;10;{F49F9210-0D2B-4CC7-A37F-36D4F1422F9E};"8,9,{81FD245C-BE7B-4E2B-AD4B-630142254E57};";2026-09-17 11:43:01;2026-09-17 11:43:01;{8CEE87C4-0CCF-4AF4-8C52-265209619A0C};256
2511;1;8;9;{8DD73B67-00E5-4239-8FDE-700CD2F5D82C};"8,10,{6FB39F5E-9A8E-4509-8DAC-03082D4D0981};";2026-09-17 11:43:01;2026-09-17 11:43:01;{FA571FC2-CF03-4ACE-9F5F-EE0693982042};256
2512;1;8;10;{B87EBCBC-1443-45C7-9ED0-2049AB256409};"8,9,{51C2EDFC-E343-4138-A14E-932872956FA6};";2026-09-17 11:43:01;2026-09-17 11:43:01;{655A90C2-14A6-442C-9031-B8FAB182217D};256
2513;1;8;9;{7C635F73-3510-4658-9335-140622D47F59};"8,10,{896C3999-45CC-46CB-B63B-10E890475389};";2026-09-17 11:43:01;2026-09-17 11:43:01;{B3D19443-C6B0-4A30-B936-61439991AA5A};256
2514;1;8;9;{496829B6-1CE8-4C1B-8E15-994D949AC63B};"8,10,{8D0DB330-5027-4D7B-AD76-91D32FC29A02};";2026-09-17 11:43:01;2026-09-17 11:43:01;{CF7AB78C-4874-4714-B11D-DBE1FC542EBB};256
2515;1;8;10;{99CA3F4B-CF17-4EE5-A73C-CC3DC37D5D7A};"8,9,{D6661654-BD73-45AE-BF5B-C0C7A5A0F39E};";2026-09-17 11:43:01;2026-09-17 11:43:01;{50370155-EB91-48F7-BE52-5373F5E75FBD};256
2516;1;8;9;{D6661654-BD73-45AE-BF5B-C0C7A5A0F39E};"8,10,{99CA3F4B-CF17-4EE5-A73C-CC3DC37D5D7A};";2026-09-17 11:43:01;2026-09-17 11:43:01;{B5324A42-FD23-43EC-AC50-77526D16B9A2};256
2517;1;8;10;{9BA50BB6-139A-40E5-9688-C0EB8DFE0A86};"8,9,{7BB48881-32FF-4A55-8536-119E84209E98};8,9,{C9294065-3069-48E9-8E83-1DDE484C0A8D};";2026-09-17 11:43:01;2026-09-17 11:43:01;{DA132AF7-BC82-4157-AB5E-38B4CB1FA372};256
2518;1;8;9;{DC4D983B-F3B2-434D-8BE0-866F67FF4AA3};"8,10,{5C70C229-367E-4677-88CE-8595C44E95C6};";2026-09-17 11:43:01;2026-09-17 11:43:01;{2CF373C3-713E-4310-9E54-72B06C97C5F8};256
2519;1;8;10;{3F375C51-9D63-471E-AE31-02B21599C09A};"8,9,{6CE48314-10B7-4E10-99A5-2F6A90965079};";2026-09-17 11:43:01;2026-09-17 11:43:01;{01493C2B-BB21-41EA-A9A6-3E12B9DE47B3};256
2520;1;8;9;{4E4AC4EB-91D8-47DA-A9DA-1663D175AFE4};"8,10,{878F1689-EA3B-463B-808B-49B83A38FF85};";2026-09-17 11:43:01;2026-09-17 11:43:01;{7D0DCFC6-DC24-483F-80DB-8714E406CD73};256
2521;1;8;10;{140936A6-C9AB-40E8-BF69-999E5A88AC09};"8,9,{442AFEA1-112B-4361-A3BD-14A407A54AD0};";2026-09-17 11:43:01;2026-09-17 11:43:01;{2875413A-8E99-43DC-8326-8BE032C40E00};256
2522;1;8;9;{11C9C915-DCFD-44CF-A8C7-F77BE2B8541D};"8,10,{72FF5F17-3BAA-4CC9-8829-5A76D39EAF43};";2026-09-17 11:43:01;2026-09-17 11:43:01;{BBF642AA-2BF2-4E62-9CD1-69D0D09317D4};256
2523;1;8;10;{A2404D6F-A004-40AE-B532-445636148206};"8,9,{68975084-C3DF-4A48-BE2C-06FF7E1E4D8A};";2026-09-17 11:43:01;2026-09-17 11:43:01;{18FF6BFB-D465-41B4-A89C-948B48E52C9C};256
2524;1;8;9;{53AA9FC5-EDFF-45DB-869B-6D3E79F47558};"8,10,{A8231E31-9705-47AA-B278-A44C5465B1E0};";2026-09-17 11:43:01;2026-09-17 11:43:01;{151E4F65-59AE-4DD1-AA0F-639CEC690758};256
2525;1;8;9;{68975084-C3DF-4A48-BE2C-06FF7E1E4D8A};"8,10,{A2404D6F-A004-40AE-B532-445636148206};";2026-09-17 11:43:01;2026-09-17 11:43:01;{FC94BB83-13F3-4523-AC0B-4B812AC286A8};256
2526;1;8;9;{1EB706E0-E5F5-41C5-9777-E186EF707831};"8,10,{9521B414-3AD0-46AC-9251-B7C899F7BFF2};";2026-09-17 11:43:01;2026-09-17 11:43:01;{6D1B7B7C-F847-448B-B2C5-F471ADF87EA7};256
2527;1;8;9;{B19DBCC8-B820-4BD9-BACE-053B9DDA0105};"8,10,{528F31FB-0D24-4F63-A35E-FEE6C9FA4B24};";2026-09-17 11:43:01;2026-09-17 11:43:01;{F73A5921-4C70-428A-9A77-A9207F20BBFB};256
2528;1;8;10;{ADFD7158-9CD3-4EB0-97B8-0A285DF362FC};"8,9,{4B2A1569-DC46-4CB6-86F8-EB8489D82696};";2026-09-17 11:43:01;2026-09-17 11:43:01;{D857A0CC-2B47-4F64-AC7A-68A8C636348E};256
2529;1;8;10;{45D190F4-D5BA-4FCD-8FB2-E696836F4C13};"8,9,{D4CB8147-A858-4448-98ED-802576B81C90};";2026-09-17 11:43:01;2026-09-17 11:43:01;{F19D0713-8B2D-49E6-B62B-C666290DE375};256
2530;1;8;10;{B3A0C612-1130-49EE-AEE6-7C73065BEED6};"8,9,{CD61FB48-F8FB-417D-B190-6CDC46A37AEE};8,9,{0B518D1C-08B4-4A54-AB15-3BED3C0EAF3E};";2026-09-17 11:43:01;2026-09-17 11:43:01;{E115FAFA-0AD7-41FD-B727-109675911615};256
2531;1;8;9;{D4CB8147-A858-4448-98ED-802576B81C90};"8,10,{45D190F4-D5BA-4FCD-8FB2-E696836F4C13};";2026-09-17 11:43:01;2026-09-17 11:43:01;{4B535DE5-F779-459A-90D3-6B9B888308D1};256
2532;1;8;9;{84D20AE4-3921-464C-8FCC-104DBAE3DA09};"8,10,{1F037272-0992-4F29-9671-F38B2CCA216E};";2026-09-17 11:43:01;2026-09-17 11:43:01;{8BC4021F-35B2-4529-B99E-8AD123F38D3A};256
2533;1;8;10;{94A5F5A5-2BD6-4169-A1E3-CA17DC0DB36D};"8,9,{EA6359AB-CCF7-412F-B580-EB3051E25A25};8,9,{750EE348-5ADF-4876-89D3-F84F227AA141};";2026-09-17 11:43:01;2026-09-17 11:43:01;{FBDCA7C1-C3C7-4CED-9D33-6BB747D90A5E};256
2534;1;8;9;{02786ACB-2046-4207-8B2B-19719C3CACDD};"8,10,{D56702DE-E0E8-41DC-B557-88C489E124E2};";2026-09-17 11:43:01;2026-09-17 11:43:01;{BA4B53DF-DDE2-4EBD-9403-E877DA0751DC};256
2535;1;8;9;{50077C3B-61DD-4AFC-9876-8788FEFD40BD};"8,10,{6060AAD2-9555-41BB-AC20-B11A025DC920};";2026-09-17 11:43:01;2026-09-17 11:43:01;{741F883F-0868-48E7-A6A7-D09780137D45};256
2536;1;8;9;{77D679CF-94F6-45C7-A09B-D27033A7CFB0};"8,10,{5FB6DC06-283F-46E4-8C2E-C28D91E46148};";2026-09-17 11:43:01;2026-09-17 11:43:01;{CDF25872-5605-4A01-9485-FDA5313AB3A5};256
2537;1;8;9;{E170CC34-7018-4ACF-BF91-F427854D1807};"8,10,{878F1689-EA3B-463B-808B-49B83A38FF85};";2026-09-17 11:43:01;2026-09-17 11:43:01;{32E30A51-61E2-48E9-874A-E1E18A5CCA96};256
2538;1;8;9;{7DE47CF9-F481-4AA3-A2DA-2D52EE095FA6};"8,10,{B8428D93-7670-4DC8-A1F9-8B3B2E451D31};";2026-09-17 11:43:01;2026-09-17 11:43:01;{8EC09240-B10E-4220-944E-59131C16D07C};256
2539;1;8;9;{3357C7F4-95D4-45B0-9225-9542F3F2B673};"8,10,{AC39FD71-03EC-4E69-8E14-9F139727C9F0};";2026-09-17 11:43:01;2026-09-17 11:43:01;{6D494D9F-ED39-45CD-BD10-ADE79035B9CD};256
2540;1;8;9;{C6834D55-27EE-4FFF-9A97-2E33C9E2059D};"8,10,{9055B1A7-8F51-4C24-8DC2-FB1C90361219};";2026-09-17 11:43:01;2026-09-17 11:43:01;{3AD7EF0C-BC5A-4C50-9237-56D79B2D4095};256
2541;1;8;9;{4DA94334-8B2D-4109-9FD0-7F67B5C20B1E};"8,10,{2933F5ED-2966-4946-8B17-7D4A551A5E57};";2026-09-17 11:43:01;2026-09-17 11:43:01;{E865C1B0-3C25-48FB-A072-34D7FECADA2B};256
2542;1;8;10;{80E676B1-5B69-4212-B482-FCB88272D0DC};"8,9,{911E697A-7DC7-4BA2-817D-B8814C996965};";2026-09-17 11:43:01;2026-09-17 11:43:01;{4F9313EA-EE27-4F8B-9BC0-753AD5C9DD7E};256
2543;1;8;10;{8C146565-12DA-4121-9175-DBDD3C71513B};"8,9,{94EF2CD7-899E-4B6D-8F2A-E77C0ADE6BC7};";2026-09-17 11:43:01;2026-09-17 11:43:01;{9AD660EF-1A6F-4CB8-8D95-C9AC82B00236};256
2544;1;8;10;{A3A75C81-4972-4800-91FF-443AD9CD4CE7};"8,9,{E1F3B062-28F5-4DB9-BCEB-E699D0A42F67};8,9,{14A2AF30-7AEA-43D0-96EF-9003FC1A76A2};8,9,{26011A59-FAD1-46C5-9145-99AE7165D237};";2026-09-17 11:43:01;2026-09-17 11:43:01;{0CD8BA67-73E8-44DA-ABE4-E42ACD7E519C};256
2545;1;8;9;{102349A4-F7FF-4FF3-8654-AC8069E42BED};"8,10,{51604B71-9F1F-438A-881C-BF78CE347137};";2026-09-17 11:43:01;2026-09-17 11:43:01;{A85176F8-705A-402E-B1D2-BAE7D8DCE92C};256
2546;1;8;9;{FA7164A2-B4A2-43A2-B742-4D642E96CF17};"8,10,{9055B1A7-8F51-4C24-8DC2-FB1C90361219};";2026-09-17 11:43:01;2026-09-17 11:43:01;{E4E75146-C90B-4C4C-BA93-70A9A0F2E21D};256
2547;1;8;9;{14A2AF30-7AEA-43D0-96EF-9003FC1A76A2};"8,10,{A3A75C81-4972-4800-91FF-443AD9CD4CE7};";2026-09-17 11:43:01;2026-09-17 11:43:01;{789DA295-E747-4594-9BDD-FF13CB59420F};256
2548;1;8;9;{EFCA6969-D1E8-45F2-A581-7E1B491269D9};"8,10,{AA189C60-85F3-4009-9193-1EA8AA94D1CD};";2026-09-17 11:43:01;2026-09-17 11:43:01;{8262EA1B-0D2B-45D4-9C65-417128D9B159};256
2549;1;8;9;{5AB65995-E72D-4596-AF6B-C4F78EA6E241};"8,10,{E9ECBABE-5E11-424D-B69A-AE59B638FB20};";2026-09-17 11:43:01;2026-09-17 11:43:01;{5D1153EA-6D21-4028-88F4-FD004345849F};256
2550;1;8;9;{A72E26BB-618D-4EF4-974D-8F0AB8AEA499};"8,10,{99619E03-B1FB-4660-B26A-B08E4CF4FA2B};";2026-09-17 11:43:01;2026-09-17 11:43:01;{65958E52-6464-4BDA-B457-98124E22D0B5};256
2551;1;8;10;{DF07905E-5F7B-4305-B748-85E020BC775A};"8,9,{315CCA4C-AE15-4D64-8572-DE46D0575CE3};";2026-09-17 11:43:01;2026-09-17 11:43:01;{E55002E1-B0FE-47AD-87D9-7B5BA47160D5};256
2552;1;8;10;{67B5EA22-24EE-453B-BAE1-DC522D90DEAC};"8,9,{DE0A0A14-EE1D-42DB-BB8C-896AEB7770EC};8,9,{DCE6A705-F775-4D36-8DC8-C090D71A7489};";2026-09-17 11:43:01;2026-09-17 11:43:01;{14904B0F-9066-4C85-A371-BC8E523573B4};256
2553;1;8;9;{7E3EA74A-CF5C-48BC-A8DD-32744BF6FA43};"8,10,{B56CB206-8862-4CF0-AA84-5FC665703C5A};";2026-09-17 11:43:01;2026-09-17 11:43:01;{D880194B-B378-4249-BE1C-D5B39978AE28};256
2554;1;8;10;{22E25E3D-2A13-4153-B077-F2FBE28265DB};"8,9,{4D2B3919-3BA0-4168-BC9F-3C196F9D0AC9};";2026-09-17 11:43:01;2026-09-17 11:43:01;{6F05C9B0-DA40-47B1-ACA3-3AE4945B9689};256
2555;1;8;10;{D1F7769A-5683-4E35-9384-DB7BC043198C};"8,9,{2CA3E980-0405-4538-82DE-9EDAA476BEED};";2026-09-17 11:43:01;2026-09-17 11:43:01;{E7AE89B1-3047-4246-8E57-2EA5758F0B8E};256
2556;1;8;9;{DE0A0A14-EE1D-42DB-BB8C-896AEB7770EC};"8,10,{67B5EA22-24EE-453B-BAE1-DC522D90DEAC};";2026-09-17 11:43:01;2026-09-17 11:43:01;{D5022E2A-C4B0-43B3-86EC-C04A5FF65ED0};256
2557;1;8;9;{105F62A4-5764-4B1D-84F4-31269155B512};"8,10,{9ECB6C4B-A663-4EFB-9A46-48EC42CB0E23};";2026-09-17 11:43:01;2026-09-17 11:43:01;{F3161465-C730-46C4-8C7D-0B062C537BD3};256
2558;1;8;9;{FBC7C97C-0CF6-403A-937E-8DEFC5FDB5ED};"8,10,{79497693-D28F-4B31-AFEA-D3878CD5F1D5};";2026-09-17 11:43:01;2026-09-17 11:43:01;{3ABE42CB-5EE7-47A9-9B2A-2025FA0953DE};256
2559;1;8;9;{13A654DA-A10B-40F4-A285-A763BCE778FA};"8,10,{1DCC962A-0B58-40F8-AD4F-7CDCEB9EB6B4};";2026-09-17 11:43:01;2026-09-17 11:43:01;{D071386C-0A7C-48F7-B62A-C34B24AE13BF};256
2560;1;8;9;{C08E2324-528C-4726-AB8A-74A0923D51D6};"8,10,{4C3588DE-274C-425C-8B4C-5B47B4466BE7};";2026-09-17 11:43:01;2026-09-17 11:43:01;{0BA65E8A-676E-48B0-B0F4-930DA128ADE0};256
2561;1;8;9;{26011A59-FAD1-46C5-9145-99AE7165D237};"8,10,{A3A75C81-4972-4800-91FF-443AD9CD4CE7};";2026-09-17 11:43:01;2026-09-17 11:43:01;{06106527-D90D-41EA-B455-9CC86AF919FF};256
2562;1;8;9;{6A34D2DD-3DE9-457C-8C04-BB704A20DCC0};"8,10,{EFB3D21F-6B8D-4FCA-98AC-AF2A36E9095C};";2026-09-17 11:43:01;2026-09-17 11:43:01;{DA737F07-CA0B-4824-A5C7-2D9E568BD029};256
2563;1;8;9;{E5B7F768-8DD6-4082-A022-7757DB8B178B};"8,10,{3EE2CC39-1615-4F5D-98E2-361CB4E74F91};";2026-09-17 11:43:01;2026-09-17 11:43:01;{37568012-24B2-44A0-9F20-3EAFB7F825AF};256
2564;1;8;10;{5D2433D4-BF88-44DB-8F9A-B9DA173F4A6E};"8,9,{E3AC55DE-3D23-4AAD-AA17-DDCD55A1A660};";2026-09-17 11:43:01;2026-09-17 11:43:01;{5C864247-4AF1-42C4-8EF9-84BB4F04C65B};256
2565;1;8;10;{21456536-BC85-4E19-812B-30735A926D9E};"8,9,{F789A494-A086-42E6-AA4B-24934EAC5038};";2026-09-17 11:43:01;2026-09-17 11:43:01;{260EFC91-054B-4B4A-9404-61EB680B3186};256
2566;1;8;10;{E6EBC16C-96D3-44F5-92BE-E8B93F9425ED};"8,9,{BB3B03F5-E892-4CA7-8F94-ADBDF164801B};8,9,{7F302373-F62B-4511-A2B0-86798762539D};";2026-09-17 11:43:01;2026-09-17 11:43:01;{7E5716E2-24DF-4528-9FC8-D7021F28D90F};256
2567;1;8;9;{3D552C6B-25F0-4918-B048-ACDE9A987107};"8,10,{80814660-93F3-4735-93B3-CE1A2C76D503};";2026-09-17 11:43:01;2026-09-17 11:43:01;{1F88EB8B-5B4F-4C0F-B4FC-04DE386CA2C4};256
2568;1;8;9;{92C251E6-06DE-4495-AC88-0288AD40FF07};"8,10,{472FB89D-EFAA-4710-8A1B-93F830D6F125};";2026-09-17 11:43:01;2026-09-17 11:43:01;{FC142A7E-BA1B-4A06-AD74-79A3FFF22E60};256
2569;1;8;9;{BB3B03F5-E892-4CA7-8F94-ADBDF164801B};"8,10,{E6EBC16C-96D3-44F5-92BE-E8B93F9425ED};";2026-09-17 11:43:01;2026-09-17 11:43:01;{69F89053-4170-45DB-B05C-0E5A0AD0A0B3};256
2570;1;8;9;{9CBAC044-9D10-4FDF-A88E-A7E7AA0DC9D2};"8,10,{FA95EAD0-90F3-4312-BBE4-741BE33AF88B};";2026-09-17 11:43:01;2026-09-17 11:43:01;{F4890342-B303-4EF4-896F-78A7A3524432};256
2571;1;8;10;{BFED3C95-D06F-4316-8D10-DFC32DC922CA};"8,9,{D3F41E20-9884-43A1-9F5E-68AB7311A07A};";2026-09-17 11:43:01;2026-09-17 11:43:01;{76F03B4B-B062-4A13-AA62-8F84129D8E46};256
2572;1;8;10;{09610C26-B102-4D02-BBDF-B377B0EA07EE};"8,9,{3BB9DAF2-D3ED-4D93-85E4-F28BBB198C51};8,9,{20E6FDFC-0F6C-4917-82A8-D8378C3F74A4};";2026-09-17 11:43:01;2026-09-17 11:43:01;{AD96B4E3-74CA-4E1C-9B82-208DF0BB0344};256
2573;1;8;9;{43A6DBDB-4B16-4A99-A442-BE0E2E376C88};"8,10,{82DDFDCA-50D2-44E1-877E-F39A01A7EF74};";2026-09-17 11:43:01;2026-09-17 11:43:01;{224811EC-E7B1-4C99-A9B2-8173B6E870B1};256
2574;1;8;9;{3BB9DAF2-D3ED-4D93-85E4-F28BBB198C51};"8,10,{09610C26-B102-4D02-BBDF-B377B0EA07EE};";2026-09-17 11:43:01;2026-09-17 11:43:01;{8554E6E3-288A-4270-BEDB-0CE3CF8B124F};256
2575;1;8;9;{E71B4707-47F0-4A45-8E96-5D8506749811};"8,10,{8B9ECEFD-FD99-47AD-B8AB-D1AE2F7C2AFF};";2026-09-17 11:43:01;2026-09-17 11:43:01;{CE34649A-AE00-4F46-9A5C-021A6674BC24};256
2576;1;8;9;{0B3F26FD-4CEB-4BEC-BEAB-A2CBE8F35142};"8,10,{286ECF4E-3982-4CE5-81C4-1E9DA46BCE29};";2026-09-17 11:43:01;2026-09-17 11:43:01;{8C53AB33-E10A-44C6-8804-28E4230FDEC2};256
2577;1;8;9;{20E6FDFC-0F6C-4917-82A8-D8378C3F74A4};"8,10,{09610C26-B102-4D02-BBDF-B377B0EA07EE};";2026-09-17 11:43:01;2026-09-17 11:43:01;{112B0738-A0BF-47A3-9A48-4ED2ACF5CC9F};256
2578;1;8;9;{01A21C8A-1239-486F-A846-594A2F358AE2};"8,10,{EFB3D21F-6B8D-4FCA-98AC-AF2A36E9095C};";2026-09-17 11:43:01;2026-09-17 11:43:01;{C8EB3AE0-6EB5-4D96-8C82-67FABDD3F829};256
2579;1;8;10;{1B494530-0365-47B5-8072-E6752EF50E1A};"8,9,{4C6E0B8B-C9A8-44AF-9DE0-3838BC07DA5F};";2026-09-17 11:43:01;2026-09-17 11:43:01;{04EFFB47-31DA-4414-8C6E-931DB3F2DCFF};256
2580;1;8;10;{75B5CA39-C031-48C5-9907-C6B71E773C63};"8,9,{70D10CE7-1BF8-4C4A-B143-FF2C084DFEB0};";2026-09-17 11:43:01;2026-09-17 11:43:01;{95707FEB-C006-42B8-A0F4-302367AFED4A};256
2581;1;8;9;{DCE6A705-F775-4D36-8DC8-C090D71A7489};"8,10,{67B5EA22-24EE-453B-BAE1-DC522D90DEAC};";2026-09-17 11:43:01;2026-09-17 11:43:01;{457B5B99-F5A9-4A50-A650-CED13197CA49};256
2582;1;8;10;{A4CE31F3-C029-4D4C-B167-D64461808553};"8,9,{D99F2167-BE92-49F7-BFD8-83E057F72382};";2026-09-17 11:43:01;2026-09-17 11:43:01;{F56222BA-C854-4E27-8743-FE3047FABA28};256
2583;1;8;9;{C4FD26E7-3930-4ACF-93C6-66181735D5C4};"8,10,{356FEA70-2E80-401D-9AF7-FBAF0208C928};";2026-09-17 11:43:01;2026-09-17 11:43:01;{CAD55FB0-D92D-4C19-A399-AA13AE3A0E66};256
2584;1;8;9;{1A6243B7-79B7-4FDE-B2FA-7E5948D58485};"8,10,{9FCDD5FF-12CB-4D29-8B31-FD1FA30C62B3};";2026-09-17 11:43:01;2026-09-17 11:43:01;{B3CF5A73-4810-42AE-A52C-20A1B0BC9E09};256
2585;1;8;9;{D99F2167-BE92-49F7-BFD8-83E057F72382};"8,10,{A4CE31F3-C029-4D4C-B167-D64461808553};";2026-09-17 11:43:01;2026-09-17 11:43:01;{D3B41F77-AED5-4C63-8D69-8A1669169799};256
2586;1;8;10;{9C182C9E-2C1B-44F2-B73C-C9412E1B307E};"8,9,{57F3CB81-CC08-4AA3-BB64-8B9202069D72};";2026-09-17 11:43:01;2026-09-17 11:43:01;{35C69495-30AF-4FEF-AC58-13ED29090580};256
2587;1;8;10;{F829AEC0-502D-4C81-BE44-3E1354A1AA4B};"8,9,{C8EFBEFD-48E5-49E0-BDCB-BADF6B8C861B};8,9,{B91D1ED4-AD4B-4CBC-914C-BDE42811BA76};";2026-09-17 11:43:01;2026-09-17 11:43:01;{1A052453-36D4-4492-8A5E-AF87E8AF7E35};256
2588;1;8;10;{8631A0FB-6607-4C92-B6E4-FDC4616ECD98};"8,9,{707E254E-407C-4FFA-B921-83173A91787D};";2026-09-17 11:43:01;2026-09-17 11:43:01;{18006FDA-3559-40BA-BB17-562885728C59};256
2589;1;8;9;{C5998169-2FB9-4DF1-8A62-490672E58A69};"8,10,{6D1DCB48-C13A-42F4-8372-91D5E2352E9C};";2026-09-17 11:43:01;2026-09-17 11:43:01;{7CE7F5C6-6A3D-4D3E-97A1-103BC9147C38};256
2590;1;8;10;{91D6B5D9-36D0-4BE6-B5FA-53222F4C85F4};"8,9,{5A852975-9DCF-4FFA-889E-21B21FDA45DD};8,9,{B3639F9C-2458-499B-BDA5-EAEDBE819FB3};";2026-09-17 11:43:01;2026-09-17 11:43:01;{457F8BF2-ED44-40ED-BBE3-74A4CC95F8C3};256
2591;1;8;9;{5A852975-9DCF-4FFA-889E-21B21FDA45DD};"8,10,{91D6B5D9-36D0-4BE6-B5FA-53222F4C85F4};";2026-09-17 11:43:01;2026-09-17 11:43:01;{AD7CFD3E-F773-4E15-B351-1193A433F2E1};256
2592;1;8;9;{5C823C9A-F80B-4E2B-8DC9-811EAD197FAF};"8,10,{0D8AB929-1F42-4EF1-A1CA-FEEE2E4C0F39};";2026-09-17 11:43:01;2026-09-17 11:43:01;{32BCB093-72CA-4827-A20F-95AC38490D35};256
2593;1;8;9;{B91D1ED4-AD4B-4CBC-914C-BDE42811BA76};"8,10,{F829AEC0-502D-4C81-BE44-3E1354A1AA4B};";2026-09-17 11:43:01;2026-09-17 11:43:01;{42E53227-14FA-4782-BADD-9290F08DB989};256
2594;1;8;9;{09B59B5B-2B52-4F33-A1F9-90B6667C0EDE};"8,10,{F252C895-DBA0-4BED-AF7B-098C5B2F4632};";2026-09-17 11:43:01;2026-09-17 11:43:01;{11BA0BE4-80D3-4B38-8A4A-88E78E633B08};256
2595;1;8;9;{68AFFC92-D83E-4833-83DA-25203E7D5417};"8,10,{1CFBF729-C082-4061-94E7-B2FCE43206D6};";2026-09-17 11:43:01;2026-09-17 11:43:01;{D8078F26-BFF4-4217-9B13-98BE9A61EF4E};256
2596;1;8;10;{D6F65787-82A9-4776-B54B-1F41740447BE};"8,9,{71C82EC1-0D3D-4170-B132-44537BC53E1A};8,9,{91AF69F6-BBFE-4065-975D-F50634C6D666};";2026-09-17 11:43:01;2026-09-17 11:43:01;{2AE5325D-066C-4B9A-ACEA-E910F9C25A89};256
2597;1;8;10;{548A4D24-08EA-4D40-BFC3-20A58B2E2C2B};"8,9,{4053C4FF-8E4C-4D63-857B-5A81B5F9C6E0};";2026-09-17 11:43:01;2026-09-17 11:43:01;{95A1230D-B605-4251-A71D-B8198C9585FE};256
2598;1;8;10;{B6BD5E84-6115-4818-89C4-6125F51D2592};"8,9,{BF4F0DE2-5B41-4271-8910-32AF94B49701};8,9,{3E2D7133-0740-45F3-B57B-4A9E3C90D143};8,9,{E5FE3029-1124-4850-B99D-1B45620ECCF6};8,9,{5E6DB49A-07EF-4419-BAEA-46FBBBEC0D3A};";2026-09-17 11:43:01;2026-09-17 11:43:01;{C3DA881B-4793-40C7-A9B9-B5CE1CDB47B5};256
2599;1;8;10;{51781CBD-840B-4FF8-A802-D5A2DCFD4B07};"8,9,{A261AE7B-7FB1-4534-A459-872806786665};";2026-09-17 11:43:01;2026-09-17 11:43:01;{A9C0FE4A-AD2B-4AA3-9EAE-C15D4DD90A4C};256
2600;1;8;10;{5FE94F79-4DEF-43B5-81D8-771ED9132D5C};"8,9,{D695F4B2-3B68-45D3-A569-96EA5E8CA537};8,9,{27C64035-256D-4433-94BE-278C44BAB0F3};8,9,{DC5523BD-8F1B-4B3B-8E59-8B311E6D675B};";2026-09-17 11:43:01;2026-09-17 11:43:01;{7D931DD8-7180-4CE0-9D5D-9AD0E1B65CBC};256
2601;1;8;9;{D695F4B2-3B68-45D3-A569-96EA5E8CA537};"8,10,{5FE94F79-4DEF-43B5-81D8-771ED9132D5C};";2026-09-17 11:43:01;2026-09-17 11:43:01;{A9AFEAFA-ADE6-4DDF-9DF2-131748612939};256
2602;1;8;9;{B40DCF5F-FDEA-4E1E-8B4A-2E5AA36C7817};"8,10,{8B9339B7-F649-43FC-ADEE-737FD6EBBD71};";2026-09-17 11:43:01;2026-09-17 11:43:01;{DE28D9BA-ABC1-4C4B-A1D3-C86E9E66498A};256
2603;1;8;10;{80814660-93F3-4735-93B3-CE1A2C76D503};"8,9,{CDB7D19B-8F53-46FF-B7D7-490BB04052C3};8,9,{3D552C6B-25F0-4918-B048-ACDE9A987107};8,9,{A8680D87-7169-4D3C-9B53-BCDBAF715DA6};8,9,{CEB08C2F-519B-4212-9269-523FDF1F8BAE};8,9,{77918B00-1FD8-4509-A816-379A6315696B};8,9,{DC6564F8-7B4B-4058-B283-2CDB2003A50F};8,9,{402E62C6-768B-4CC8-BBC7-0394D52208F0};";2026-09-17 11:43:01;2026-09-17 11:43:01;{91179BFA-9B9E-45D3-917F-2EEB8A3E4A48};256
2604;1;8;10;{C510DEAD-5A9F-4E06-81AE-B5DDAFC170B6};"8,9,{F4FE6D77-2037-48F3-B012-56B08407CC4A};";2026-09-17 11:43:01;2026-09-17 11:43:01;{D7BF2217-986B-4E86-8955-68F6B1B863E9};256
2605;1;8;9;{70D10CE7-1BF8-4C4A-B143-FF2C084DFEB0};"8,10,{75B5CA39-C031-48C5-9907-C6B71E773C63};";2026-09-17 11:43:01;2026-09-17 11:43:01;{1BCE9BF5-E136-44E8-9A5C-A3914CC61BD6};256
2606;1;8;9;{A8680D87-7169-4D3C-9B53-BCDBAF715DA6};"8,10,{80814660-93F3-4735-93B3-CE1A2C76D503};";2026-09-17 11:43:01;2026-09-17 11:43:01;{5D326F4A-CF6E-4A1F-AA10-0EC4B02823DC};256
2607;1;8;9;{91AF69F6-BBFE-4065-975D-F50634C6D666};"8,10,{D6F65787-82A9-4776-B54B-1F41740447BE};";2026-09-17 11:43:01;2026-09-17 11:43:01;{EAC53008-3363-44AC-B5B1-8E6FFD8AC9ED};256
2608;1;8;9;{E5FE3029-1124-4850-B99D-1B45620ECCF6};"8,10,{B6BD5E84-6115-4818-89C4-6125F51D2592};";2026-09-17 11:43:01;2026-09-17 11:43:01;{DC82729E-067F-46FC-A5E9-797C996BA0CF};256
2609;1;8;10;{074EAC5C-35A6-4491-B8B5-333413075F42};"8,9,{DDA04DAE-DA6D-460F-AB46-51874668EC4F};";2026-09-17 11:43:01;2026-09-17 11:43:01;{07EB93DE-83E4-402E-8ACC-BB21090A8226};256
2610;1;8;9;{7B2B264E-4556-4EF2-88B7-B332BA8B3733};"8,10,{7824ACD9-26D0-4154-877A-1832C61EA82C};";2026-09-17 11:43:01;2026-09-17 11:43:01;{2D1B9BDA-15E8-495D-ADF6-6B9D06B4E5AB};256
2611;1;8;10;{497C72BB-348A-4C4E-B56C-6AD085948DF1};"8,9,{F44AA871-67CC-41AC-B05E-B6F7A82C751C};";2026-09-17 11:43:01;2026-09-17 11:43:01;{F6AA862D-CB2B-4D37-89AD-894D2A33F55D};256
2612;1;8;10;{E450C738-B32C-4928-B959-BBFD28F2BD14};"8,9,{01FB7815-60C2-4B1E-9AAA-5378E5EB5605};";2026-09-17 11:43:01;2026-09-17 11:43:01;{EBEBCBA5-F106-404D-B3DC-7E0354B1F2F6};256
2613;1;8;10;{8634AC13-A93A-4237-9CD3-DABE362E3020};"8,9,{9544CDCE-623B-4724-97F7-D13236337B6E};";2026-09-17 11:43:01;2026-09-17 11:43:01;{A5858EE7-0F68-4EED-A0DA-EDDEC319D7D2};256
2614;1;8;9;{D683C68D-298A-48B4-B5BE-1A5FE5EE783D};"8,10,{06BCEA83-8D9E-4F5F-A324-CD9C953CF59D};";2026-09-17 11:43:01;2026-09-17 11:43:01;{56FD5088-D75B-45C1-B29B-4D8D6858585E};256
2615;1;8;9;{7E2C412F-3E1F-454F-9D65-D4EEA7E1831A};"8,10,{FDE77184-C0D9-414B-B3F9-62EB0FC6FC5D};";2026-09-17 11:43:01;2026-09-17 11:43:01;{2213F9FB-D362-431A-BACF-EDCEE89E2D22};256
2616;1;8;9;{CF55DEC3-8797-4A33-93E4-CA59FDCAAF8A};"8,10,{890A2E78-CD16-456E-82C7-5F5193288B05};";2026-09-17 11:43:01;2026-09-17 11:43:01;{607501E1-6450-48D6-8F89-A6FCC58897BB};256
2617;1;8;9;{74377041-9240-44B1-A0EB-6DCB8114988A};"8,10,{11E57DD8-B9A9-499D-9AFC-076557DBA0DE};";2026-09-17 11:43:01;2026-09-17 11:43:01;{F0DE7DBE-0A8D-4A8A-BED1-3DFA221FC190};256
2618;1;8;10;{1BFBABD3-E25B-47F7-8345-FC26E8CA085E};"8,9,{294C5940-732D-4B3C-B8B9-61928D472B61};";2026-09-17 11:43:01;2026-09-17 11:43:01;{07F2CFF9-359B-488D-821F-2A4ECFF8E6B0};256
2619;1;8;9;{E5870E27-1918-4252-8A11-1A5ADD29040F};"8,10,{39289A16-6212-474F-B3DC-A39EE0E444AE};";2026-09-17 11:43:01;2026-09-17 11:43:01;{368AD857-FEFB-4C1F-AF29-1901C1CB37E5};256
2620;1;8;9;{3528E241-08D2-4E68-9C55-AF3FA6331553};"8,10,{EC4F6A74-6466-46FB-9255-7BBFD8150709};";2026-09-17 11:43:01;2026-09-17 11:43:01;{055E227C-CC70-4CBA-8AE1-536B3F03C25B};256
2621;1;8;10;{978B14DD-00BD-47BF-9865-B7B174738A86};"8,9,{C3B3E305-3B20-49F8-AD1C-E8F93DE62233};";2026-09-17 11:43:01;2026-09-17 11:43:01;{B3DCA8F9-5EAC-4C21-8E72-7543CA655061};256
2622;1;8;10;{A2BC8D8F-768E-4EE9-B553-19A620CAEB82};"8,9,{13F7A8B7-AC8B-418A-829A-511188C4930A};";2026-09-17 11:43:01;2026-09-17 11:43:01;{61809A43-75B4-48BD-9E50-720885786C05};256
2623;1;8;9;{13F7A8B7-AC8B-418A-829A-511188C4930A};"8,10,{A2BC8D8F-768E-4EE9-B553-19A620CAEB82};";2026-09-17 11:43:01;2026-09-17 11:43:01;{001C3A54-2999-4402-857A-264A5378FC2E};256
2624;1;8;10;{F09EF35A-070C-4F60-AF4B-539F8C061816};"8,9,{0325F25D-09DF-44DF-BEE1-E814C6534F4A};";2026-09-17 11:43:01;2026-09-17 11:43:01;{6D3E9CC1-B572-4453-B724-98F694F1F67B};256
2625;1;8;10;{887146E4-AC65-40F0-84B6-7880869B56A0};"8,9,{79DD4D1E-ED2A-40C7-A1EB-8B9874138988};8,9,{B34EC017-74AB-4F1D-902F-412C07E0DF7F};";2026-09-17 11:43:01;2026-09-17 11:43:01;{10B05C29-6C76-44B1-9D08-2AC4D4D28555};256
2626;1;8;9;{B3639F9C-2458-499B-BDA5-EAEDBE819FB3};"8,10,{91D6B5D9-36D0-4BE6-B5FA-53222F4C85F4};";2026-09-17 11:43:01;2026-09-17 11:43:01;{4413E927-4765-4559-A04E-1771413CCD12};256
2627;1;8;9;{D925963E-89DD-4093-A56F-F1C11CE6BE19};"8,10,{E9620DE6-B0DD-4D30-8C5F-92FDC568ACDE};";2026-09-17 11:43:01;2026-09-17 11:43:01;{F6939C69-CE44-48DC-B2F3-008C873EA8E6};256
2628;1;8;9;{27C64035-256D-4433-94BE-278C44BAB0F3};"8,10,{5FE94F79-4DEF-43B5-81D8-771ED9132D5C};";2026-09-17 11:43:01;2026-09-17 11:43:01;{E8FDCF3F-3301-490C-B999-4404AF0795D3};256
2629;1;8;10;{CE13CB17-CB0C-4FF6-8582-DFC836D8AC14};"8,9,{CFD29AA3-4E69-4999-83B5-F69EBBA533A9};";2026-09-17 11:43:01;2026-09-17 11:43:01;{88AAABDB-5763-4D09-A992-5C188B64CAD1};256
2630;1;8;10;{09146569-1E11-41BF-843E-13F0AC6F2123};"8,9,{D9142161-DA03-422A-AE73-40651B47AD20};8,9,{C8BEF891-66C2-4019-A345-0EAD2129FE25};";2026-09-17 11:43:01;2026-09-17 11:43:01;{1373A6D4-B259-405C-8BD1-593646D19962};256
2631;1;8;10;{3AC230D9-3923-4971-94D0-E5A4DC190FB8};"8,9,{B5CA0596-86E6-41A4-B073-4C91FA1F370A};";2026-09-17 11:43:01;2026-09-17 11:43:01;{1433F1C8-FBBB-4D9E-9ACF-004393F2C419};256
2632;1;8;9;{B5CA0596-86E6-41A4-B073-4C91FA1F370A};"8,10,{3AC230D9-3923-4971-94D0-E5A4DC190FB8};";2026-09-17 11:43:01;2026-09-17 11:43:01;{7A0CB1AF-4A08-43CF-A726-A246775078F7};256
2633;1;8;9;{5F57D51F-BD01-4A3D-B351-C76EAEFF5DC2};"8,10,{384CD41B-7E10-4FBE-AFF3-DEF474F5EEB2};";2026-09-17 11:43:01;2026-09-17 11:43:01;{C48CC331-0E7B-472D-A6C7-ECA6530EA3F3};256
2634;1;8;9;{93874114-ACB1-4E47-80D0-EB85BDE402B3};"8,10,{4C6FDD0D-E602-4F97-924F-08224943A727};";2026-09-17 11:43:01;2026-09-17 11:43:01;{66E532B6-FC9E-49AF-B882-BE06A98ABB9A};256
2635;1;8;9;{C13E4C93-A84E-4AA2-8565-6AFC7BAF2D9A};"8,10,{070EEC6B-02DA-4FFC-A4D8-4F744D95C336};";2026-09-17 11:43:01;2026-09-17 11:43:01;{8DE6592F-AD9B-468B-82D1-427C5D922082};256
2636;1;8;10;{7BF49C61-E234-4A43-9395-B9E51C342589};"8,9,{1B05EF4F-A9D3-4F10-9B5D-1A4E95CF3630};";2026-09-17 11:43:01;2026-09-17 11:43:01;{18453BFB-9A9A-4BA7-8040-9F9533032D10};256
2637;1;8;9;{5B3BF4B7-CACA-42FC-9612-32893925A0E0};"8,10,{C30C6485-05C4-4A78-BC24-E5F7C53493BC};";2026-09-17 11:43:01;2026-09-17 11:43:01;{B24E2DC4-83D3-4CBF-B0C5-D082433B5F52};256
2638;1;8;10;{BB417685-A8BA-4F0E-B42A-3A0B28699CE7};"8,9,{B25C89A9-641D-40CA-BA17-DD97E41FBECA};";2026-09-17 11:43:01;2026-09-17 11:43:01;{33B0AFDA-3C3C-47F4-AB23-D7EBE94DF999};256
2639;1;8;9;{CCF9B787-8A78-4EFF-AEEE-DF7FA6ADDB14};"8,10,{99C2CBBF-7442-4325-9AFF-B82140FD6878};";2026-09-17 11:43:01;2026-09-17 11:43:01;{3DDA89C0-9EBB-4A84-A382-A3FA7DC93A48};256
2640;1;8;9;{D502C0D0-318B-4191-8344-DF93B31103E8};"8,10,{E4FF594E-7BB9-4FAE-926A-409ADAE9118B};";2026-09-17 11:43:01;2026-09-17 11:43:01;{141B5B3F-7E19-4BF7-834E-259B3704B5FF};256
2641;1;8;9;{4580AF2D-6917-4EC9-B4B3-680EFCE3F64D};"8,10,{13DB3630-53FF-4A69-B15F-B14D81F11C6E};";2026-09-17 11:43:01;2026-09-17 11:43:01;{51DFA05C-4368-49F0-800C-62E3B1C454A0};256
2642;1;8;9;{B25C89A9-641D-40CA-BA17-DD97E41FBECA};"8,10,{BB417685-A8BA-4F0E-B42A-3A0B28699CE7};";2026-09-17 11:43:01;2026-09-17 11:43:01;{B85622E2-0AFE-46D0-9D74-EB16C0DE6B77};256
2643;1;8;9;{8EC6CAA6-3B54-43EF-93F8-1DDBE925E5E0};"8,10,{5484FCCC-C091-4C93-AEC9-E3CFE3398C32};";2026-09-17 11:43:01;2026-09-17 11:43:01;{FF3F82D6-0A83-4F4B-B198-CFC3071703B2};256
2644;1;8;10;{C893678E-D986-47E9-ADE7-C513EA81A26A};"8,9,{C4F7F2A2-C56F-425C-830D-65713CF2E101};";2026-09-17 11:43:01;2026-09-17 11:43:01;{095C2ADB-0B8B-4A9C-B157-9EA24E0507CD};256
2645;1;8;10;{9E56D13D-55E1-4B05-AA7C-35F91A58F3F3};"8,9,{AD7CFDDD-0F01-482C-A61E-B330F745550A};";2026-09-17 11:43:01;2026-09-17 11:43:01;{BDDBFF84-FD27-4202-9E42-881B33C1C48F};256
2646;1;8;9;{176D2416-3B93-4EBA-A7DD-A32B5B4A0667};"8,10,{F5CC856E-3778-4FC5-BA4B-5A1A98BBB620};";2026-09-17 11:43:01;2026-09-17 11:43:01;{4B9B2BD2-E1A0-4B77-A3B1-928279AC63AA};256
2647;1;8;9;{AD7CFDDD-0F01-482C-A61E-B330F745550A};"8,10,{9E56D13D-55E1-4B05-AA7C-35F91A58F3F3};";2026-09-17 11:43:01;2026-09-17 11:43:01;{6631C9A4-B407-4BAF-8009-EA77F3782641};256
2648;1;8;10;{A3D9AABB-DFFA-4B15-BFFD-74369327D609};"8,9,{267364E3-1301-4BC0-B446-9532A1F423E2};";2026-09-17 11:43:01;2026-09-17 11:43:01;{29EE262D-6CA7-4989-AD45-25148BF25B5E};256
2649;1;8;9;{4420C8B5-D66B-49AE-AA32-78F57ABF2ABC};"8,10,{DE0C9E80-B59F-4021-BFF1-78F2740C22EF};";2026-09-17 11:43:01;2026-09-17 11:43:01;{CF5A1D81-8CE4-4EB2-AF22-195A849EF113};256
2650;1;8;10;{A7A60257-34F0-44BD-BC89-B949482BA6D1};"8,9,{DDF13FAA-0730-436C-923D-018B398E6498};";2026-09-17 11:43:01;2026-09-17 11:43:01;{DE8555DE-7F05-44D4-A693-4A67A0A53B5C};256
2651;1;8;9;{DDF13FAA-0730-436C-923D-018B398E6498};"8,10,{A7A60257-34F0-44BD-BC89-B949482BA6D1};";2026-09-17 11:43:01;2026-09-17 11:43:01;{0A975D27-5676-4B8B-9A4B-BAF8B25B14A8};256
2652;1;8;10;{79F36F95-9B4F-426C-9664-EE76684D9EA7};"8,9,{F81AE60A-94A4-4123-BC56-8C39AA347900};";2026-09-17 11:43:01;2026-09-17 11:43:01;{50B16968-5E2B-465A-90E3-764BC5D07023};256
2653;1;8;9;{F81AE60A-94A4-4123-BC56-8C39AA347900};"8,10,{79F36F95-9B4F-426C-9664-EE76684D9EA7};";2026-09-17 11:43:01;2026-09-17 11:43:01;{6F87670C-461D-4768-907B-5107762C36FB};256
2654;1;8;9;{4EB2FB0B-DC91-4F61-9464-B8B4624CADA7};"8,10,{E0A8E2DA-5B4B-4EEA-A6F6-8F93606CCDC0};";2026-09-17 11:43:01;2026-09-17 11:43:01;{4B6A6117-F60E-4F49-934A-8CCB428F50C0};256
2655;1;8;10;{94CF88E1-7C74-44B1-A943-8DFEA28D6F9D};"8,9,{778A758F-559F-4B71-87CF-5A63C41C7169};";2026-09-17 11:43:01;2026-09-17 11:43:01;{1A202C85-4886-45B9-98B0-81CA747324E2};256
2656;1;8;10;{BD412EC3-2CDD-4278-8410-804BF996AA76};"8,9,{256C1396-95B2-4352-97DF-F9EBF9C4B88F};";2026-09-17 11:43:01;2026-09-17 11:43:01;{6AAC2870-6E82-4AAC-BB69-C1894C01F8F6};256
2657;1;8;10;{B94C6439-EDE5-4853-9486-37FB15425BA7};"8,9,{F6302036-3C94-4F3D-A058-B4FAB3D6274A};";2026-09-17 11:43:01;2026-09-17 11:43:01;{24CF249A-FBB9-477F-972D-81A3D54517F6};256
2658;1;8;9;{61929E0E-A7F5-4A70-85D6-FA6B0DFC50C5};"8,10,{C2C4F966-DE99-4A95-9787-691E9EBE195C};";2026-09-17 11:43:01;2026-09-17 11:43:01;{03D636A8-EE89-4180-83F3-122BBF5662A8};256
2659;1;8;10;{28981833-279A-4C0E-AEC6-CA2986C1B786};"8,9,{02F146FE-EB52-4C53-BDD1-921DB611B5A1};";2026-09-17 11:43:01;2026-09-17 11:43:01;{F7245CC6-7AC6-4403-BD7E-3351F0509773};256
2660;1;8;9;{FFAA182A-78F6-4797-8445-422D1C8B3BE6};"8,10,{4D6AA7D7-B005-461D-B8DA-952186665351};";2026-09-17 11:43:01;2026-09-17 11:43:01;{683F340B-6183-41FA-BF4F-2B73F812F250};256
2661;1;8;9;{861B3CC0-48B8-4311-8291-37E060A4008A};"8,10,{7FB61DD9-77CA-4408-88B8-93F6D8F15E31};";2026-09-17 11:43:01;2026-09-17 11:43:01;{AAFE59C3-74A1-45DC-B2DD-6754E8E5829C};256
2662;1;8;9;{81D3F880-594F-488F-85BE-699B8A9BC3DB};"8,10,{5551E4AA-BF05-40A7-AD50-FA986620635F};";2026-09-17 11:43:01;2026-09-17 11:43:01;{8C74CA26-FE8F-47E6-A4C1-0380BC6C83FA};256
2663;1;8;10;{6EBC6AFB-56C4-4D1E-A4BD-9143FF5DAF70};"8,9,{009CB3B2-EFF0-4C67-B9CB-15EABDA8D5C6};8,9,{1C150562-70CE-4C65-9099-B13711B0D934};8,9,{CA579748-CBD7-4E97-AF50-6FE7151D38F8};";2026-09-17 11:43:01;2026-09-17 11:43:01;{54BF9EF0-6A4A-4867-93E5-B81B9ACB81B0};256
2664;1;8;9;{E1B112FF-47A0-4D83-A4DA-3FCE052AD9DC};"8,10,{7E410695-E368-4662-809E-CEA39E89026F};";2026-09-17 11:43:01;2026-09-17 11:43:01;{16F0E14B-BB32-41E7-84AE-B9DE34224900};256
2665;1;8;9;{1C150562-70CE-4C65-9099-B13711B0D934};"8,10,{6EBC6AFB-56C4-4D1E-A4BD-9143FF5DAF70};";2026-09-17 11:43:01;2026-09-17 11:43:01;{BFA880A5-A07D-4BD5-88A4-E220C3F87A55};256
2666;1;8;9;{85118097-6AB5-4984-893E-8D60ECE5FC20};"8,10,{07845604-D80A-4AB7-86F4-2C1A3B3DE206};";2026-09-17 11:43:01;2026-09-17 11:43:01;{676C41B8-E157-4AFF-8FBD-02088F377357};256
2667;1;8;10;{803B885D-8E23-405D-A7C6-DDE80E198CF4};"8,9,{76699D1F-A8B2-4C8E-A25E-FA4816A08B05};";2026-09-17 11:43:01;2026-09-17 11:43:01;{D5FBBAE1-AF37-464F-A81A-A167EBBE215F};256
2668;1;8;9;{76699D1F-A8B2-4C8E-A25E-FA4816A08B05};"8,10,{803B885D-8E23-405D-A7C6-DDE80E198CF4};";2026-09-17 11:43:01;2026-09-17 11:43:01;{CFE577CB-3EA7-4937-B882-094429FFFA31};256
2669;1;8;9;{A3479EA9-68CC-4FF1-9EAF-7AD54C7739CC};"8,10,{48311EB9-0846-4B34-BE73-15A236A39ED6};";2026-09-17 11:43:01;2026-09-17 11:43:01;{E0553962-7289-4763-8E7B-0EC79EE76AE9};256
2670;1;8;10;{B7DBA62E-077F-4925-B14B-3F9057CB004A};"8,9,{DA7B9EB1-EE29-44ED-891D-7D51EBFDB425};8,9,{FA91EE17-D017-490E-979A-2E0192B55E28};";2026-09-17 11:43:01;2026-09-17 11:43:01;{4E9628B8-9D31-4131-9FAF-B6A1DDA03AF6};256
2671;1;8;9;{F6302036-3C94-4F3D-A058-B4FAB3D6274A};"8,10,{B94C6439-EDE5-4853-9486-37FB15425BA7};";2026-09-17 11:43:01;2026-09-17 11:43:01;{0D070D4C-4ED8-47E7-86CA-2935F74731FE};256
2672;1;8;9;{D834BC41-AEEF-4290-A0FF-2A1B6C30B497};"8,10,{CCEF85C2-52FA-4843-84F0-E06A044B72FE};";2026-09-17 11:43:01;2026-09-17 11:43:01;{A5E33991-0043-4DD2-89C7-F89E9C2726DC};256
2673;1;8;10;{03A19D60-B845-4247-A6A7-F807059E104A};"8,9,{0F2C0BC9-1D79-400F-9104-31531EF7684C};8,9,{C421F084-74F2-4B0D-9173-A0AD745DFE2A};8,9,{959A0EB8-09C3-4E9D-8456-11E340283703};";2026-09-17 11:43:01;2026-09-17 11:43:01;{E8B09A8B-FA4F-4369-B192-4576DA75876B};256
2674;1;8;9;{0CE7C59E-4876-4A6F-971D-718A4709B79C};"8,10,{52648F1C-BD5F-4C61-9A1F-DFE383C29CD5};";2026-09-17 11:43:01;2026-09-17 11:43:01;{D6399D98-271F-418D-92BB-3B0B92AF35C5};256
2675;1;8;9;{0F2C0BC9-1D79-400F-9104-31531EF7684C};"8,10,{03A19D60-B845-4247-A6A7-F807059E104A};";2026-09-17 11:43:01;2026-09-17 11:43:01;{54BE3CD0-AB5D-4113-BB78-ABDF02E561A5};256
2676;1;8;10;{7070FF62-4451-44C9-A2F9-224720FCEE21};"8,9,{8983F10C-A68A-4B64-9F09-00120BC3787E};";2026-09-17 11:43:01;2026-09-17 11:43:01;{3EE662AA-7E7C-46CF-A8CC-677C7DB94C6A};256
2677;1;8;10;{520A6E84-5C04-45E6-946A-38BED0F0E989};"8,9,{10B7661B-81E1-4E31-93ED-D72159577D17};";2026-09-17 11:43:01;2026-09-17 11:43:01;{6E6202CE-0AF4-4F13-9DE7-26F5614A7571};256
2678;1;8;9;{10B7661B-81E1-4E31-93ED-D72159577D17};"8,10,{520A6E84-5C04-45E6-946A-38BED0F0E989};";2026-09-17 11:43:01;2026-09-17 11:43:01;{C7ADF2E4-1074-43FC-8555-A7453DECF811};256
2679;1;8;10;{3AE25539-46E2-460C-B176-54306E7BFF18};"8,9,{1AD5C5AB-930D-4946-BEF5-364B07E47059};";2026-09-17 11:43:01;2026-09-17 11:43:01;{381B885C-8DE7-4150-9A52-A876B20742C9};256
2680;1;8;9;{91FB3E79-82B9-4D11-965B-36C835324745};"8,10,{A688E6F5-F78A-4A1E-B1F3-6C3C33325157};";2026-09-17 11:43:01;2026-09-17 11:43:01;{BDED780F-B119-46BD-975D-24A8B49A374B};256
2681;1;8;9;{5FE3072B-58E5-44F3-9B61-FF082D6913F5};"8,10,{CCEF85C2-52FA-4843-84F0-E06A044B72FE};";2026-09-17 11:43:01;2026-09-17 11:43:01;{9F610780-FAB6-4D18-BA52-91FC1F11E7EF};256
2682;1;8;10;{6C8170BC-3FEB-4C29-9BC5-0CEE611D21E6};"8,9,{446C244A-7932-4379-A122-95B2F54BD5AB};";2026-09-17 11:43:01;2026-09-17 11:43:01;{1059689B-85DD-4919-92EE-756BCFD7FEDF};256
2683;1;8;9;{446C244A-7932-4379-A122-95B2F54BD5AB};"8,10,{6C8170BC-3FEB-4C29-9BC5-0CEE611D21E6};";2026-09-17 11:43:01;2026-09-17 11:43:01;{D0EC9F7C-9B5F-40B2-BC41-36E1B1BCAF5D};256
2684;1;8;9;{86E7221B-6BB0-4513-8F95-513FC835FB90};"8,10,{DE52EFBC-D843-4BFA-85D3-2A41ACDD432A};";2026-09-17 11:43:01;2026-09-17 11:43:01;{A06E4DC9-546D-4BB7-9DC1-0F47C4E38AC3};256
2685;1;8;10;{8180F2C3-CBFB-4BA2-AB96-6885D321EEDE};"8,9,{4A1A287B-43B8-46B9-8CC2-456847A064D9};";2026-09-17 11:43:01;2026-09-17 11:43:01;{5F11561A-E98B-496A-815F-0E6FE5E5A1F0};256
2686;1;8;10;{C53FADD8-C875-446E-9AD3-FCFC65522F09};"8,9,{796F58D8-37DF-4311-A603-7468C908DF44};";2026-09-17 11:43:01;2026-09-17 11:43:01;{A0486F7D-5097-4A50-92C6-3E22A1E6527D};256
2687;1;8;9;{B4E324E4-2CBF-4D0A-B1FC-2DF27D3FFA51};"8,10,{E9620DE6-B0DD-4D30-8C5F-92FDC568ACDE};";2026-09-17 11:43:01;2026-09-17 11:43:01;{804AD28C-6B24-4BBB-9B26-450D124C02AA};256
2688;1;8;10;{68696DD3-F1A9-4FFF-98B4-D5226DF480C8};"8,9,{3876AD38-412B-4D03-ADCB-E0788C48D445};8,9,{7A3817C1-ADD7-4201-AB79-A15588035D4B};8,9,{BAB51811-D92C-4805-953C-CF88DF116E45};8,9,{54988668-364F-4C7D-9FFB-203A975D0AFB};";2026-09-17 11:43:01;2026-09-17 11:43:01;{8CB3A443-FA33-44CB-84A5-BF0BCD1B2934};256
2689;1;8;9;{0100E87D-CED7-4AD6-BF99-06815885CF4F};"8,10,{DE0C9E80-B59F-4021-BFF1-78F2740C22EF};";2026-09-17 11:43:01;2026-09-17 11:43:01;{3567FA74-310F-473C-B8D3-B6D45D3C6EB1};256
2690;1;8;10;{2526DD2E-4689-4F5D-BE4F-53B05D27E097};"8,9,{DA8B0DC9-0110-4D8F-B3B7-0207F829DAE1};";2026-09-17 11:43:01;2026-09-17 11:43:01;{73BA05F7-7B70-4349-A7F1-3076CD4AE9BE};256
2691;1;8;9;{959A0EB8-09C3-4E9D-8456-11E340283703};"8,10,{03A19D60-B845-4247-A6A7-F807059E104A};";2026-09-17 11:43:01;2026-09-17 11:43:01;{F19061E7-40E2-4091-9CCD-DE5828487AB0};256
2692;1;8;9;{963AEC96-5958-4CF1-A52E-37FAE3455F41};"8,10,{F38B28A8-11C3-473D-815D-CA405B382554};";2026-09-17 11:43:01;2026-09-17 11:43:01;{4995C5A4-7860-4D00-98E8-26651D44689D};256
2693;1;8;9;{970B72F3-3077-4240-87AE-E35962C8C695};"8,10,{EAD0E4BC-34E7-450A-A5C8-A369BA0E94D3};";2026-09-17 11:43:01;2026-09-17 11:43:01;{5EA64F75-2B7A-49FE-A2C0-832BFC38B6D4};256
2694;1;8;10;{4CE6BD62-CA4F-4DCC-919F-D3D15E00BE88};"8,9,{991E531C-3761-43D3-943B-1366DD2FCADD};";2026-09-17 11:43:01;2026-09-17 11:43:01;{3E9F1B63-6C16-407F-BEE5-4256F65928FB};256
2695;1;8;9;{36614FE4-1186-4680-B59A-7FC9ECA4EAF6};"8,10,{1C2230AE-76A1-46B1-BABE-3CC77F30FE72};";2026-09-17 11:43:01;2026-09-17 11:43:01;{803DED28-5492-4354-B73F-1FAC1B1BBD36};256
2696;1;8;10;{0EBC01C7-984F-4E5B-9476-604AED7EE827};"8,9,{A09DA614-07BF-45AD-896E-D46629CFAFE5};";2026-09-17 11:43:01;2026-09-17 11:43:01;{12F39C31-2A55-4500-90EA-F8B21FE727A9};256
2697;1;8;10;{24F00D40-DC8E-47D5-A248-67B169B8EEA5};"8,9,{C8D04A29-B980-41AB-BEBB-8AC2CCA256ED};8,9,{19859A9C-889E-4644-899E-2904A2939E09};8,9,{613D2F42-83C5-4233-AB9B-E8D8D94C96D8};8,9,{4B91CB41-8C28-485D-9B20-7C6A526371BB};";2026-09-17 11:43:01;2026-09-17 11:43:01;{56B99BB9-FF31-42B0-895D-D13925023F15};256
2698;1;8;10;{3386D851-3B4A-4275-ADC7-A4332E708914};"8,9,{ED30DC4C-DD6C-4560-8DFD-FC7F86A4946F};";2026-09-17 11:43:01;2026-09-17 11:43:01;{133CE3B3-7089-45F2-B390-F384C627D822};256
2699;1;8;10;{8488FC0C-216E-4AE2-8B8D-F4F5FBBBE7D6};"8,9,{A139D639-BC17-49C9-95B8-4EB04EFB49A3};8,9,{26FB17FD-C6A9-4EFC-B251-7FD9D176E49A};8,9,{AB054D89-6410-45BA-B2ED-B5C565DF9724};";2026-09-17 11:43:01;2026-09-17 11:43:01;{0A8FBD52-7FDB-429E-9EAA-641A98E5F940};256
2700;1;8;10;{F475478C-D80E-4DB8-A4B4-16BE41EE3E8C};"8,9,{2B9A8798-27E8-4A8B-8BAC-6EAD3509ADB0};";2026-09-17 11:43:01;2026-09-17 11:43:01;{ACEB0E23-1846-438C-954C-24C04EE7CF0D};256
2701;1;8;9;{0955DA35-3252-40B0-93A4-2B1A6A5DC23D};"8,10,{6A3D2C81-489C-4512-A50A-4E944B84DF13};";2026-09-17 11:43:01;2026-09-17 11:43:01;{47E38034-D5BB-4ACE-BE76-E795DE1A000F};256
2702;1;8;9;{2B9A8798-27E8-4A8B-8BAC-6EAD3509ADB0};"8,10,{F475478C-D80E-4DB8-A4B4-16BE41EE3E8C};";2026-09-17 11:43:01;2026-09-17 11:43:01;{EE5BCDE8-D971-4EF5-B072-E875491A4F20};256
2703;1;8;9;{A624FF9A-F04F-4B25-B2F3-05377BC09DA8};"8,10,{2F21F428-9885-4814-982D-774E0C62A22B};";2026-09-17 11:43:01;2026-09-17 11:43:01;{74F4EC12-A002-4497-B40A-952DED97ACAF};256
2704;1;8;10;{BFF72526-BE40-41A5-ACAC-FE4C690E9394};"8,9,{69E6404C-C87E-4C59-B7A1-04A48C1BDDC7};8,9,{B7605530-2069-4066-B6DA-DED2AEA6692F};8,9,{E9DA7C5C-4A07-42F9-B030-E9F79D19A579};";2026-09-17 11:43:01;2026-09-17 11:43:01;{7CF39A38-98FF-441A-B8A7-8C93FC638D7C};256
2705;1;8;10;{2F21F428-9885-4814-982D-774E0C62A22B};"8,9,{237DAD0A-4D24-484F-B609-F1358F42E93E};8,9,{9BD982E7-2161-4818-8E55-37C6425D4989};8,9,{DF2AAFBB-8622-435B-8CFE-55D0DBCAF02A};8,9,{4401240C-6486-42C1-88FC-DC9E7740F8AD};8,9,{989ACDC7-7A68-447B-832B-CE5661F0F2E2};8,9,{A624FF9A-F04F-4B25-B2F3-05377BC09DA8};8,9,{B23A6423-C0B0-43A2-AEC1-10A56302272A};";2026-09-17 11:43:01;2026-09-17 11:43:01;{5D09EA2B-B4EA-4180-88EB-4BCBD536EA41};256
2706;1;8;10;{23957449-9141-48EB-A467-60A9163572B5};"8,9,{61A5EA61-E93F-4CD7-9FFC-E33BCF69DC09};8,9,{72C28FF9-878A-4766-9A0C-5267F09F80C8};";2026-09-17 11:43:01;2026-09-17 11:43:01;{2BB63782-5B9B-42E0-B81A-BC07CBA43A9D};256
2707;1;8;9;{237DAD0A-4D24-484F-B609-F1358F42E93E};"8,10,{2F21F428-9885-4814-982D-774E0C62A22B};";2026-09-17 11:43:01;2026-09-17 11:43:01;{541F0772-A04B-4AC0-AD88-3F5391680832};256
2708;1;8;9;{35A28E5F-146A-4BC0-96F2-5E824533BEE4};"8,10,{87C128CB-8F08-42E0-A808-38F6253A263A};";2026-09-17 11:43:01;2026-09-17 11:43:01;{29FDFA93-88EB-4431-8572-DCBA1AEAB3AA};256
2709;1;8;10;{DF347BE6-2B6B-4198-82D8-36FFF4CEABB9};"8,9,{CCEDF4DC-D353-47F1-88DE-C9334D5A5C04};";2026-09-17 11:43:01;2026-09-17 11:43:01;{B79F9671-6A55-4137-8C56-ECBD4F4388CA};256
2710;1;8;9;{BCC693AE-DF19-41B6-95B7-817F63AA2ADF};"8,10,{ACB5E119-84EA-4633-8E05-1C7BD2275D2D};";2026-09-17 11:43:01;2026-09-17 11:43:01;{38906F7F-198A-490E-A0CD-1BCDA15B02E3};256
2711;1;8;10;{8C7DCBF7-4A1A-4FC7-B36C-7B9E29D1CF2E};"8,9,{9AD56AAC-5227-420B-AE85-5A40696151B3};8,9,{D0378BA9-795C-4476-AC16-022B9E464D62};8,9,{F9E8EFF5-DE99-4397-81C8-0E49DD083E37};";2026-09-17 11:43:01;2026-09-17 11:43:01;{6F7E5736-B072-441E-A4C6-1B72CE66FF08};256
2712;1;8;9;{8B825915-8CD9-4815-A4B0-8AF146EFE5A4};"8,10,{B6F2344C-4054-4DF9-8B33-B147E5B09F09};";2026-09-17 11:43:01;2026-09-17 11:43:01;{F8EB33D0-2684-4351-BEF9-E156E9DAE0CB};256
2713;1;8;9;{C5CBF930-3C1A-4061-920E-C803EBE8282C};"8,10,{32FEB3F1-A44D-4C6E-805E-63158A468AC5};";2026-09-17 11:43:01;2026-09-17 11:43:01;{61BA818B-DB79-4EE3-8870-5677597879CF};256
2714;1;8;9;{A537050E-EDA7-4D59-BA5C-56E1B23D6810};"8,10,{4CAAE333-32CF-40EF-A9ED-F32BF25EDF24};";2026-09-17 11:43:01;2026-09-17 11:43:01;{CEA8BDB6-594D-4E72-B6D2-791FF6F996E8};256
2715;1;8;9;{BEC93599-18C2-4CD8-86B0-391DB7AC907A};"8,10,{1C2230AE-76A1-46B1-BABE-3CC77F30FE72};";2026-09-17 11:43:01;2026-09-17 11:43:01;{F9DE5F47-731C-4425-8323-F4E96EBCB7AC};256
2716;1;8;9;{43C4389B-666E-4CB4-BDB9-2EF626769966};"8,10,{9B9F8ECD-3EAD-44F0-8070-612F16598F6C};";2026-09-17 11:43:01;2026-09-17 11:43:01;{6D9DAAE5-1710-4A97-8ACD-65CA9937AE06};256
2717;1;8;10;{8B9339B7-F649-43FC-ADEE-737FD6EBBD71};"8,9,{B40DCF5F-FDEA-4E1E-8B4A-2E5AA36C7817};8,9,{F7841FC4-F825-4DBC-95DC-8CA78CEDF4E8};8,9,{99B61839-ED8F-4016-9BA1-7F2596B17B9E};";2026-09-17 11:43:01;2026-09-17 11:43:01;{0AA9D1FC-8376-48C6-B6E3-CD833D02B7F4};256
2718;1;8;9;{7FD744C9-E772-4E3C-9714-CB37EE7752CF};"8,10,{DA070056-FD85-4A9D-8097-8A3FF97DC9F9};";2026-09-17 11:43:01;2026-09-17 11:43:01;{ABDBEFAB-894E-439B-9CA4-94ECAA82FAEA};256
2719;1;8;9;{D0378BA9-795C-4476-AC16-022B9E464D62};"8,10,{8C7DCBF7-4A1A-4FC7-B36C-7B9E29D1CF2E};";2026-09-17 11:43:01;2026-09-17 11:43:01;{5AB45384-3FF3-4EB8-B2B5-22F8E4045E3E};256
2720;1;8;10;{74BDB6FB-DFF4-4E52-A929-921B310E09BE};"8,9,{F15D54F5-9730-4C68-AF52-9B06D9F02A70};8,9,{21B92734-64EE-458A-B290-283A900A050B};";2026-09-17 11:43:01;2026-09-17 11:43:01;{0EE076F3-11BA-4150-A112-67E24B799118};256
2721;1;8;9;{AB054D89-6410-45BA-B2ED-B5C565DF9724};"8,10,{8488FC0C-216E-4AE2-8B8D-F4F5FBBBE7D6};";2026-09-17 11:43:01;2026-09-17 11:43:01;{F2183FAE-2C4B-4118-87C4-EF38D55FBCA3};256
2722;1;8;10;{C463702F-C2CC-414B-AEF4-869F04286203};"8,9,{251461AB-542D-4C6A-A228-DEACF83B327D};";2026-09-17 11:43:01;2026-09-17 11:43:01;{2A615CC7-9898-45C5-950B-79D23C28BA77};256
2723;1;8;9;{8CCE250C-84D1-448A-A6DC-FD778CFBF2E1};"8,10,{1C2230AE-76A1-46B1-BABE-3CC77F30FE72};";2026-09-17 11:43:01;2026-09-17 11:43:01;{37C7A78C-5408-4CF8-BDD4-7E712C2ABDA9};256
2724;1;8;9;{C4D9A1B7-02C1-40BF-944B-E77E7E82D06F};"8,10,{C74C5877-B4E1-4F18-A5CC-3B3B9040229E};";2026-09-17 11:43:01;2026-09-17 11:43:01;{61AFA663-CB6C-4D80-B321-659A698E88AD};256
2725;1;8;9;{340BB560-0365-4C75-87A8-B764C25AF172};"8,10,{C0129E2C-386F-44A3-9D9C-ADAE59BFAEBD};";2026-09-17 11:43:01;2026-09-17 11:43:01;{F87D1B52-2662-49CF-9209-71C631CD312F};256
2726;1;8;9;{F3AA97A6-DADC-4E03-A6F1-A91AB8787BC2};"8,10,{D438274C-F597-41FE-A01D-82486D5E0C3C};";2026-09-17 11:43:01;2026-09-17 11:43:01;{3CA13122-859C-4E0E-85CA-DDF7C6A9FF2B};256
2727;1;8;9;{783435D5-0B84-4C2C-8429-CEECCB3C679E};"8,10,{27079F95-D5A1-47C7-8795-4C7456CE92CF};";2026-09-17 11:43:01;2026-09-17 11:43:01;{BA640C82-1958-49C9-94CD-4F057062E480};256
2728;1;8;10;{C78A6B14-A052-4349-9977-93FBB4FB7559};"8,9,{1B6CA485-6E06-4084-BEE9-10C04B57DAEB};8,9,{84F022CA-0A3A-446C-8FF5-8E37362A68E2};";2026-09-17 11:43:01;2026-09-17 11:43:01;{81359E64-5980-4951-AB43-864CC87C4E59};256
2729;1;8;9;{4A7983FA-7403-4B43-8590-B052271FB7BD};"8,10,{9C7EE114-3D02-4791-8D9C-05A40CAD9E6A};";2026-09-17 11:43:01;2026-09-17 11:43:01;{E2AB664E-ED79-4436-AC3F-89FE2A2DC1AF};256
2730;1;8;10;{239EA180-2515-49D9-8C68-9EC4C73C695D};"8,9,{B9F1EA52-52C3-4822-8B39-E7AD564902E0};";2026-09-17 11:43:01;2026-09-17 11:43:01;{72017F17-A05C-4AE6-B2BF-62F2F1E25C47};256
2731;1;8;9;{D0016D0D-A29B-453A-A05D-334CEE446933};"8,10,{803D11D2-61D8-402E-A433-857F6C4B8095};";2026-09-17 11:43:01;2026-09-17 11:43:01;{21E55C34-AF75-4086-8597-DB50123E2EFD};256
2732;1;8;9;{B8565053-A78A-48D7-B78C-AA0D3E62BA80};"8,10,{A385031E-0994-48C9-842A-C686DA471F9A};";2026-09-17 11:43:01;2026-09-17 11:43:01;{E87D7737-7F4A-44DB-83A1-41D311AA4088};256
2733;1;8;9;{AC28E321-6EF7-4B36-B874-11786888A57A};"8,10,{D46F1678-0DED-437A-93A2-CB4EF96F1D58};";2026-09-17 11:43:01;2026-09-17 11:43:01;{24FEF58E-DFBC-4C08-8849-559B82F659EB};256
2734;1;8;9;{3D7A9B90-554A-43FD-9AE9-6F643CF47500};"8,10,{7B1CCFFE-04D1-47F4-A662-4A1BC938F1C1};";2026-09-17 11:43:01;2026-09-17 11:43:01;{0F7EFDEA-5BC2-43FF-BA4C-86979D895191};256
2735;1;8;9;{BCC21C8A-473A-440E-B80A-BD758ABD9EE9};"8,10,{FDF09C71-6FB8-4437-819D-0EFB47BDD11E};";2026-09-17 11:43:01;2026-09-17 11:43:01;{F5DE0BDF-882D-45AB-9511-458BAD6D8779};256
2736;1;8;9;{7BB48881-32FF-4A55-8536-119E84209E98};"8,10,{9BA50BB6-139A-40E5-9688-C0EB8DFE0A86};";2026-09-17 11:43:01;2026-09-17 11:43:01;{35D6AE78-9607-4808-AE2D-80AAE9CFD64A};256
2737;1;8;10;{E0A8E2DA-5B4B-4EEA-A6F6-8F93606CCDC0};"8,9,{4EB2FB0B-DC91-4F61-9464-B8B4624CADA7};";2026-09-17 11:43:01;2026-09-17 11:43:01;{1D1F34E2-C086-4780-9A54-AAB3515BAC1D};256
2738;1;8;10;{528887C3-977C-4E46-9FAD-106BED3DD3FA};"8,9,{A45987FB-203F-42EE-8730-83DF57BAC7FF};";2026-09-17 11:43:01;2026-09-17 11:43:01;{15117271-BF50-4BB2-B299-DC865E2DB2FD};256
2739;1;8;9;{A45987FB-203F-42EE-8730-83DF57BAC7FF};"8,10,{528887C3-977C-4E46-9FAD-106BED3DD3FA};";2026-09-17 11:43:01;2026-09-17 11:43:01;{09EB0E51-1CB9-451D-A936-E3558143E548};256
2740;1;8;9;{BAB51811-D92C-4805-953C-CF88DF116E45};"8,10,{68696DD3-F1A9-4FFF-98B4-D5226DF480C8};";2026-09-17 11:43:01;2026-09-17 11:43:01;{FA798833-738E-45D2-9368-79F6E17177C5};256
2741;1;8;9;{9EA3C47B-44B8-4068-9AFA-A36C8010D789};"8,10,{A688E6F5-F78A-4A1E-B1F3-6C3C33325157};";2026-09-17 11:43:01;2026-09-17 11:43:01;{686B1C6B-6A20-42F5-8CB5-480EAB2938DA};256
2742;1;8;9;{D78F26B5-C0A4-4BC6-A6C7-C3F3834A2C8E};"8,10,{AD5FD97E-CFC1-45E9-A262-9537643C3AB6};";2026-09-17 11:43:01;2026-09-17 11:43:01;{7CA5132E-4FA6-4BD9-BEC0-67A336321E57};256
2743;1;8;9;{21EB1914-A539-42DC-87A9-A9C901955EAD};"8,10,{3E9430C1-B948-4B8C-8881-568BF75BD307};";2026-09-17 11:43:01;2026-09-17 11:43:01;{369C36DB-761E-46DE-9F79-AD1258D827CB};256
2744;1;8;9;{DF2AAFBB-8622-435B-8CFE-55D0DBCAF02A};"8,10,{2F21F428-9885-4814-982D-774E0C62A22B};";2026-09-17 11:43:01;2026-09-17 11:43:01;{E66F37F4-E06E-4D1F-BF45-30F88A3F784C};256
2745;1;8;10;{910565FF-4892-49C7-AC3E-F93E1268C33A};"8,9,{C4F88522-55CC-4CA7-8B1E-8EC013A7746E};8,9,{234829A7-7B81-443E-A724-E70EB1428CF9};8,9,{4ED47079-022E-4C5B-AE37-66229119AF1E};8,9,{F0E0BB08-81B0-46DF-92AD-1DE2681985C6};8,9,{C738E467-5B12-4800-80E4-19D81E958D36};8,9,{E3D54A39-9C16-48DF-9055-595802877857};8,9,{36EDF4B4-7B2F-44EE-B8D1-8B2E4875D368};8,9,{E2E8C64C-20B0-448D-AFD5-DE2F316205A7};8,9,{FEA6932E-5A0E-4CE9-9276-284B96391365};";2026-09-17 11:43:01;2026-09-17 11:43:01;{486B8D23-5458-43E7-8B4D-761900C0E4BB};256
2746;1;8;9;{965DF1B7-B3F7-4F63-9B23-9127FCCDBEAB};"8,10,{996FBC5E-81D7-4A67-9F51-2A7056288CF8};";2026-09-17 11:43:01;2026-09-17 11:43:01;{65614A24-EEDD-4FFE-A2DB-95B7E8256403};256
2747;1;8;9;{46FD885A-590C-4663-9620-047F058055C1};"8,10,{4D021BBC-4B7F-4B23-BD24-C9A215AA383C};";2026-09-17 11:43:01;2026-09-17 11:43:01;{56B909E1-883E-46EA-BD71-1F8701CC7259};256
2748;1;8;10;{54AC8C6E-7857-42B3-B4A1-3C9260B81725};"8,9,{DAAAB92F-3685-4B96-8277-A05081C094D3};";2026-09-17 11:43:01;2026-09-17 11:43:01;{4DFF2DAB-CE76-4140-975C-20F85B4EEC59};256
2749;1;8;10;{B0E374FE-745F-4A0F-BBAB-2CDE18CCF1A7};"8,9,{FE83A7F6-FAF9-4E25-AB3D-21E9D2ED3EA8};8,9,{FE38C6FE-36D2-4A4A-ADD9-7EEFEB87AC12};8,9,{2C558740-982E-47CB-81AC-82F63ED15667};";2026-09-17 11:43:01;2026-09-17 11:43:01;{07CCCEE1-A0B2-4460-AE9F-37214950053D};256
2750;1;8;10;{8CAE0F6F-6854-4157-AF62-427D8E6D066E};"8,9,{03771C8B-2DFB-40F6-A585-D39D51569EB4};";2026-09-17 11:43:01;2026-09-17 11:43:01;{21D3F867-BB64-4441-80C7-5D2EC126670D};256
2751;1;8;9;{FE83A7F6-FAF9-4E25-AB3D-21E9D2ED3EA8};"8,10,{B0E374FE-745F-4A0F-BBAB-2CDE18CCF1A7};";2026-09-17 11:43:01;2026-09-17 11:43:01;{7822BF49-DA5C-40BE-92D3-076EABFFCF1B};256
2752;1;8;10;{A8231E31-9705-47AA-B278-A44C5465B1E0};"8,9,{193C87C9-3806-46C5-BD1F-5E1CC07DB424};8,9,{2476F87C-4757-4261-9009-06A54099EC8E};8,9,{AD61F2F3-D370-4286-B905-F2955A253B05};8,9,{E5C3BC87-4308-4282-B875-249DBD85DF5D};8,9,{53AA9FC5-EDFF-45DB-869B-6D3E79F47558};";2026-09-17 11:43:01;2026-09-17 11:43:01;{9AA599EE-F420-4ED7-9955-A68FD044C0AC};256
2753;1;8;10;{E3FEF260-CED9-4B8C-B0AA-124EBB005A97};"8,9,{68636BA6-FBDA-4131-BEAD-A95F8F20C841};8,9,{F554525B-B66A-4BE2-A7C0-CCF4733A059C};";2026-09-17 11:43:01;2026-09-17 11:43:01;{FB5D4CE2-BA62-4FFE-B2EC-88AEBBDB0512};256
2754;1;8;9;{C9294065-3069-48E9-8E83-1DDE484C0A8D};"8,10,{9BA50BB6-139A-40E5-9688-C0EB8DFE0A86};";2026-09-17 11:43:01;2026-09-17 11:43:01;{B7687A42-DA5F-41C0-B1BC-3AEB9C7413D1};256
2755;1;8;9;{70C7F53B-E75D-45E8-BA6D-85E7E66F6601};"8,10,{81A24124-3A7B-4154-87E8-C39EF7A57CE8};";2026-09-17 11:43:01;2026-09-17 11:43:01;{08848108-0B60-4BA4-B251-FD51F26C9517};256
2756;1;8;10;{5EA43645-25AC-46B4-968C-A2302F82DA23};"8,9,{56EF2A01-6FA1-4FD4-AEA6-17194EB557A6};";2026-09-17 11:43:01;2026-09-17 11:43:01;{5B912820-AA8B-48B3-9A01-2D9D6DEC9813};256
2757;1;8;10;{1F037272-0992-4F29-9671-F38B2CCA216E};"8,9,{84D20AE4-3921-464C-8FCC-104DBAE3DA09};";2026-09-17 11:43:01;2026-09-17 11:43:01;{3FE78ECC-DCFE-400A-9FBC-87862E958B2E};256
2758;1;8;10;{2000B897-8DBD-45F5-9545-0BF1629E9E57};"8,9,{D2CC4310-BB7A-4114-8156-B0343A224ED4};";2026-09-17 11:43:01;2026-09-17 11:43:01;{0FC907C3-873B-44CC-A09C-9B6547EDF7EF};256
2759;1;8;9;{CE6F29FD-5E57-475F-9251-FCE326F31EDE};"8,10,{2FA68ACF-FE44-4F6B-9C08-B4B425D0743C};";2026-09-17 11:43:01;2026-09-17 11:43:01;{030CA69C-F95F-404F-B39F-538530FBE7AB};256
2760;1;8;9;{57FBABA9-E5F6-4561-A7CA-7FADFD917AB4};"8,10,{CBB6FBC7-317E-4816-9A45-E2685B8219A9};";2026-09-17 11:43:01;2026-09-17 11:43:01;{8222CCAC-465D-4FDC-BE4A-C9C97313F40E};256
2761;1;8;9;{234829A7-7B81-443E-A724-E70EB1428CF9};"8,10,{910565FF-4892-49C7-AC3E-F93E1268C33A};";2026-09-17 11:43:01;2026-09-17 11:43:01;{5364BFEB-2271-4EA1-B76F-536819A3A799};256
2762;1;8;9;{DA7274B3-18DD-4992-8AA0-D950EDC67A41};"8,10,{0AE73105-1054-497C-A4FD-DFBE6EF20AC0};";2026-09-17 11:43:01;2026-09-17 11:43:01;{54F8C876-E7B0-4EA2-9412-01E3100F5108};256
2763;1;8;9;{B8DD4AF3-E72A-41BD-979B-4AAA357AA003};"8,10,{B6A44105-DA45-45D9-B822-3E08AE481DFF};";2026-09-17 11:43:01;2026-09-17 11:43:01;{48F0CEBC-EE3C-496B-BB0F-6C316BCFB687};256
2764;1;8;10;{A385031E-0994-48C9-842A-C686DA471F9A};"8,9,{B8565053-A78A-48D7-B78C-AA0D3E62BA80};8,9,{5D73D2E5-7D79-44BF-82C2-7ECD4A223AA7};8,9,{6CF4D034-1B17-4AAD-9567-56CBC55F97C1};8,9,{CB38B718-ACB5-4F13-966B-FFE78589F335};";2026-09-17 11:43:01;2026-09-17 11:43:01;{B0542CC2-14A3-46B2-ACEA-D00F20D6B287};256
2765;1;8;9;{812A9F47-5771-4754-921D-3E945FE1F36A};"8,10,{2EFD62AA-7741-4205-9541-3F4D403831A6};";2026-09-17 11:43:01;2026-09-17 11:43:01;{5D4F915C-4FAB-4B9F-A9B1-1BAB6BB61574};256
2766;1;8;10;{0C18B3A2-C757-4D06-84F1-1659BF4D8FC4};"8,9,{4C771432-4E00-4266-A898-258C94CF1BBF};8,9,{7593DD19-16A6-4994-9B0A-2F4C21560B9D};";2026-09-17 11:43:01;2026-09-17 11:43:01;{1234570A-00E5-46EB-9E46-3E7DD6E3AAF3};256
2767;1;8;9;{4401240C-6486-42C1-88FC-DC9E7740F8AD};"8,10,{2F21F428-9885-4814-982D-774E0C62A22B};";2026-09-17 11:43:01;2026-09-17 11:43:01;{2BD68A37-EE23-400F-A06E-0FFABBF5B86B};256
2768;1;8;10;{63BB5601-AB21-4593-B35A-F843E2FA9653};"8,9,{01F16F91-585A-4170-A208-1FE71A3E627B};";2026-09-17 11:43:01;2026-09-17 11:43:01;{AA52641E-8284-41A6-8BE5-5644F831116F};256
2769;1;8;10;{BFA364E0-21A5-47AB-89C2-B7A97625828A};"8,9,{B55DBB86-6EC8-43F5-94B4-C17E0228513A};";2026-09-17 11:43:01;2026-09-17 11:43:01;{7B085898-4933-4CB5-9EF3-5A282AAA51D0};256
2770;1;8;9;{06622B9A-6EE3-4083-918B-04BD31D270D8};"8,10,{DF34C0EF-6D4E-49A4-A00D-5DD8594A48A1};";2026-09-17 11:43:01;2026-09-17 11:43:01;{03660464-50F0-4ECE-BB3D-D31FC36E06B6};256
2771;1;8;10;{6EAC6A95-A38E-4353-97C4-BE2E28978421};"8,9,{D1A72467-FF39-47CF-B5CD-C2C0A96F4D35};";2026-09-17 11:43:01;2026-09-17 11:43:01;{DDF88D7A-938B-48FC-A2FD-24FBD1E8CE14};256
2772;1;8;10;{80CFB5FF-323D-43DB-9E92-5C0812CE1A2C};"8,9,{DBD20A14-0058-4298-84AD-D1B998C3EE57};";2026-09-17 11:43:01;2026-09-17 11:43:01;{66182513-79DD-42D3-A792-86FBF4B91AB4};256
2773;1;8;10;{B4B1D5F2-BA10-4381-8515-D5CD90B9007B};"8,9,{5A8BC956-B053-43DB-8158-2BD6FB245CEF};";2026-09-17 11:43:01;2026-09-17 11:43:01;{02CADCE4-738A-4287-A26D-E8CB85956C99};256
2774;1;8;9;{AE8C028E-D4EC-44D8-913E-431CD982315E};"8,10,{F8A4C7BC-CD74-4BBE-A745-D83283BC5A8F};";2026-09-17 11:43:01;2026-09-17 11:43:01;{28EAB316-DB07-44AF-B471-F30671527733};256
2775;1;8;9;{9957EF1C-398F-40BA-96C9-37FA3FE31B0B};"8,10,{46C2BD68-7413-4850-A39A-009290A75124};";2026-09-17 11:43:01;2026-09-17 11:43:01;{11B20B0E-5323-43CA-9043-3ED9595C6528};256
2776;1;8;9;{4A85FFD6-E052-4079-A6AC-EEEBE4A19102};"8,10,{563B2ACF-7EF2-4DD3-9AEE-C2C77FFB956E};";2026-09-17 11:43:01;2026-09-17 11:43:01;{ED16D594-5975-46F0-BE0B-F8E153F6B1E5};256
2777;1;8;9;{8AFF5702-6712-488E-A44C-91756DA47C21};"8,10,{33210B1A-22D5-4768-895D-D94C66279BD0};";2026-09-17 11:43:01;2026-09-17 11:43:01;{6E3A75E6-22D8-4766-8AF8-A2643708A900};256
2778;1;8;9;{85B85D2F-3A3E-466F-AAEB-13919AFF4846};"8,10,{4ADDFAB4-6AA6-4B19-B809-0715381CF899};";2026-09-17 11:43:01;2026-09-17 11:43:01;{4A4BD789-435F-4354-B213-57A526379DEE};256
2779;1;8;10;{31F208C5-D5B3-43A2-8727-6FAE20DD8F61};"8,9,{171BB6E0-CAD2-46BF-B078-053D84B8B30A};";2026-09-17 11:43:01;2026-09-17 11:43:01;{24A75414-016C-4E69-8C36-6322BD5212CC};256
2780;1;8;9;{A6F7C75B-943B-4C53-81FC-8645BB87C60E};"8,10,{F3A3250B-C54E-4928-A879-696FBE2F1FFD};";2026-09-17 11:43:01;2026-09-17 11:43:01;{53B10800-51CD-4D74-A17C-471F69FEE38A};256
2781;1;8;9;{171BB6E0-CAD2-46BF-B078-053D84B8B30A};"8,10,{31F208C5-D5B3-43A2-8727-6FAE20DD8F61};";2026-09-17 11:43:01;2026-09-17 11:43:01;{8C902289-B3B9-4A0E-AC74-2520C88E667C};256
2782;1;8;9;{D412E89F-F4D0-47A3-B92F-540765A02F73};"8,10,{7A2ED4C7-DDC0-4DC0-8B24-51C78FCD1E4C};";2026-09-17 11:43:01;2026-09-17 11:43:01;{000538E0-3516-42B5-8329-F5336BEC88F2};256
2783;1;8;9;{72BDA239-B978-4B12-9F2B-AFC58D3015D7};"8,10,{7DF67EBB-2DD7-4DD0-9957-5B3DCE1E7696};";2026-09-17 11:43:01;2026-09-17 11:43:01;{6FBDCA8C-88B6-4572-9C3F-7931DEB34EDF};256
2784;1;8;9;{21EE1202-E2F6-4E9E-AB9B-22547E4BE4A1};"8,10,{FA40EA35-F5EE-4483-B87E-8F7FE25855FC};";2026-09-17 11:43:01;2026-09-17 11:43:01;{D2F8ABBE-0DED-413B-A034-51678EC26A4E};256
2785;1;8;9;{6F7144C9-32C1-483C-9E8B-1A056BE92CC8};"8,10,{A925992E-BA9A-4BDD-9D2B-E5E418E7096A};";2026-09-17 11:43:01;2026-09-17 11:43:01;{26777D4B-7E0C-4F82-AE5A-F0132E8BD3E8};256
2786;1;8;10;{5AE9CAE6-36A6-469C-8E37-8E3D9B9FAB47};"8,9,{838C4333-6415-4783-B618-5990A2D941E7};";2026-09-17 11:43:01;2026-09-17 11:43:01;{42163FE2-FD31-4A4E-AE3C-7FC284EB75EC};256
2787;1;8;9;{F0E0BB08-81B0-46DF-92AD-1DE2681985C6};"8,10,{910565FF-4892-49C7-AC3E-F93E1268C33A};";2026-09-17 11:43:01;2026-09-17 11:43:01;{7243F961-FA44-4B37-B337-A75E86E85D47};256
2788;1;8;9;{3F93B655-E53A-44B9-B5E2-4A7C3C99D2F8};"8,10,{DD69F25D-AF6C-43A9-A68D-8CFFC6CE00AB};";2026-09-17 11:43:01;2026-09-17 11:43:01;{8B23411F-252B-485F-A134-71540A9894CF};256
2789;1;8;10;{C20FD20A-2EB3-40CB-B9D1-AA308E0E03D5};"8,9,{7218B57A-0013-40FF-B07A-CB5957FE7DE5};";2026-09-17 11:43:01;2026-09-17 11:43:01;{40884C7A-868F-4CCE-90B2-5C61D274C749};256
2790;1;8;9;{4B4AFCC5-1B6E-4EA7-BC84-191935B3DC76};"8,10,{A4A9A672-6725-4A92-8956-8082847211E8};";2026-09-17 11:43:01;2026-09-17 11:43:01;{E81885E0-6A84-4102-8350-FAA176C1F189};256
2791;1;8;10;{AAF1A20B-D1D4-4C3D-A7EE-CF7B076BA921};"8,9,{BD3D9826-7E49-44ED-9D32-1B85854952C4};";2026-09-17 11:43:01;2026-09-17 11:43:01;{F1BA0179-5B05-4E2E-8963-841A61C1D58F};256
2792;1;8;9;{A3EBA016-8E7E-4ED0-8B4C-00EA1CF881D1};"8,10,{11510CB7-8C67-4B8B-9B69-7E423900C1CA};";2026-09-17 11:43:01;2026-09-17 11:43:01;{511DB0FF-F15B-478D-818C-AAA4A4D25001};256
2793;1;8;10;{E6F00C7E-1229-494F-9726-E076DAF1C40C};"8,9,{FEF603ED-9524-405F-A6D7-F9C82F8A55E6};";2026-09-17 11:43:01;2026-09-17 11:43:01;{5BE18FA8-2A0B-45C0-8CEE-CB23F92FE48C};256
2794;1;8;10;{8A0AF39A-05D1-460A-B59F-2BD6CC8BE4B1};"8,9,{A49CBD3F-DC86-4AA5-9732-9474BB0B5DE2};";2026-09-17 11:43:01;2026-09-17 11:43:01;{CB296845-22E3-46F3-8CC8-2191ED2D2CEE};256
2795;1;8;9;{A49CBD3F-DC86-4AA5-9732-9474BB0B5DE2};"8,10,{8A0AF39A-05D1-460A-B59F-2BD6CC8BE4B1};";2026-09-17 11:43:01;2026-09-17 11:43:01;{1959D66E-4553-4169-80F7-75C47A1DF0BF};256
2796;1;8;9;{1F3E790B-9046-4DB3-A801-798DA3834897};"8,10,{A76CB12A-C900-404E-A2B3-B21789C3D3B6};";2026-09-17 11:43:01;2026-09-17 11:43:01;{82CB3D4B-A422-4092-B803-0972B417721A};256
2797;1;8;10;{7273B370-A8F8-4795-A798-84442BBA26CA};"8,9,{D4878435-6B5F-4D09-BF6C-FD242DC27D26};";2026-09-17 11:43:01;2026-09-17 11:43:01;{1F855235-C502-4D9E-91D4-1A5286A2B8A7};256
2798;1;8;9;{8E7BFE36-7370-4118-848A-F44005FBD162};"8,10,{A925992E-BA9A-4BDD-9D2B-E5E418E7096A};";2026-09-17 11:43:01;2026-09-17 11:43:01;{77495108-6BC6-4F18-AA9B-55832D19276E};256
2799;1;8;9;{A738E8AB-E4B8-4729-A01E-CE4E4AE824CE};"8,10,{BE6FBC09-D761-4F4A-B85C-0FB7B4476E45};";2026-09-17 11:43:01;2026-09-17 11:43:01;{27ACD8A7-A5BE-419B-872D-9363ACD5CB6F};256
2800;1;8;10;{85A24053-DD8C-412E-801C-6FED817963A7};"8,9,{221242DE-DF89-4070-A572-25C2D4A73B46};";2026-09-17 11:43:01;2026-09-17 11:43:01;{0FDCDE0A-0C29-4722-8683-1EA620594F9A};256
2801;1;8;9;{41814A65-58A1-4B55-BAFC-67D8F659D0EA};"8,10,{5BC9DEBC-6646-4D9F-BA43-B2F75E9BFBEB};";2026-09-17 11:43:01;2026-09-17 11:43:01;{3A7792AD-7F1E-422B-9710-18DA8AC395BC};256
2802;1;8;9;{221242DE-DF89-4070-A572-25C2D4A73B46};"8,10,{85A24053-DD8C-412E-801C-6FED817963A7};";2026-09-17 11:43:01;2026-09-17 11:43:01;{300FB700-9BBD-4176-9F4E-3F4579B3D2E9};256
2803;1;8;10;{528F31FB-0D24-4F63-A35E-FEE6C9FA4B24};"8,9,{1F75C043-A42D-40DC-968E-64B3F19EBB94};8,9,{D98BA9BC-8A18-49A9-AA83-C56A2D972A74};8,9,{EBFD1007-6C65-4B6B-ABF4-581454F6A68A};8,9,{97BA3FF2-6129-45A9-B0EB-48AE85B540E2};8,9,{3EE5F191-6BA5-4ED6-B60C-600B84765B79};8,9,{B19DBCC8-B820-4BD9-BACE-053B9DDA0105};";2026-09-17 11:43:01;2026-09-17 11:43:01;{C52CB66A-77E3-41AF-BFBB-3DC3F272DE4E};256
2804;1;8;9;{1F75C043-A42D-40DC-968E-64B3F19EBB94};"8,10,{528F31FB-0D24-4F63-A35E-FEE6C9FA4B24};";2026-09-17 11:43:01;2026-09-17 11:43:01;{7BAC340C-A919-4CBF-B5E5-A7ABCBF96A9A};256
2805;1;8;10;{DB0C56FC-B57C-46DC-B0E4-E06B7AA6772B};"8,9,{03C915CA-ABBD-46A6-B6A9-FA7631ADA3DE};8,9,{95D54A65-62C5-4397-B253-969C5731811B};";2026-09-17 11:43:01;2026-09-17 11:43:01;{D20DB07A-13CA-4505-A642-AE5BF0E8502C};256
2806;1;8;10;{9297FA51-5C9E-442A-9203-C762F15E3C4A};"8,9,{053B2A92-0DAD-4024-B149-8AB7439131F2};";2026-09-17 11:43:01;2026-09-17 11:43:01;{DA3CF3EF-AA3F-440F-B7F0-7DE23A4DE021};256
2807;1;8;9;{B330B30F-DD93-4DF1-95F4-7788DE3A3ACF};"8,10,{67593140-00C3-469E-9C7F-AB998C3F6FCF};";2026-09-17 11:43:01;2026-09-17 11:43:01;{8501553D-D1FD-4A94-8A1E-5F399BC193CE};256
2808;1;8;9;{F15D54F5-9730-4C68-AF52-9B06D9F02A70};"8,10,{74BDB6FB-DFF4-4E52-A929-921B310E09BE};";2026-09-17 11:43:01;2026-09-17 11:43:01;{7F994B87-E9D5-4863-A1C1-69688A5CD547};256
2809;1;8;9;{60805A7E-9BB7-4915-BD75-B707F3B75FD2};"8,10,{B5F6B9F4-8EAC-4271-9BEC-46E7867062B1};";2026-09-17 11:43:01;2026-09-17 11:43:01;{B56A916C-CCBF-41F7-9E33-C16325EE9DCD};256
2810;1;8;9;{0D1E0CA7-BC48-4F60-8415-66EE573B067E};"8,10,{DB9A0953-4558-4C43-AB6C-B7360B04CF80};";2026-09-17 11:43:01;2026-09-17 11:43:01;{B3B28F50-88A0-406E-AC7C-8CE8113785AF};256
2811;1;8;10;{D308E9F1-32C3-4512-85B9-18F7E8A4F4A9};"8,9,{4AE3E5CC-8736-4BE4-8D74-1D107341103C};8,9,{716C3CAC-6C4F-437E-9C26-D37755A9458E};8,9,{806DBEDD-1C3F-4720-AA40-48A7416CFFD7};";2026-09-17 11:43:01;2026-09-17 11:43:01;{5C7F7894-C0C1-4DE7-9B07-5F3635559EC1};256
2812;1;8;9;{4AE3E5CC-8736-4BE4-8D74-1D107341103C};"8,10,{D308E9F1-32C3-4512-85B9-18F7E8A4F4A9};";2026-09-17 11:43:01;2026-09-17 11:43:01;{997C0AEF-69F6-4DE4-9785-1E13D335C6A0};256
2813;1;8;9;{D01D6F4C-62B4-41B9-8AE5-BAC4556879E1};"8,10,{5A78D746-66B4-4BCC-87F4-B465A4CE9057};";2026-09-17 11:43:01;2026-09-17 11:43:01;{93530148-D6F1-4E98-872B-6C5848749A77};256
2814;1;8;9;{DDFF2EAB-7A1C-483A-BF3F-C7AFC914FD47};"8,10,{A80DD8E7-040A-43EC-B3E8-A3EE14F58259};";2026-09-17 11:43:01;2026-09-17 11:43:01;{4AEA312F-D2E2-4D90-8DE2-82A92E6A033F};256
2815;1;8;10;{C3EE8970-F1FF-4F2E-8892-D9FB6A40EB88};"8,9,{2E7BA0B1-A3C5-4DA2-87B2-F4D13B9412DA};8,9,{660B0BBA-5793-4788-9D02-17DE15492894};";2026-09-17 11:43:01;2026-09-17 11:43:01;{47B1187C-C11E-40A4-ADF6-3E2D9FD300C3};256
2816;1;8;10;{96F26D5E-F487-4BB6-9633-08E1A6388A3E};"8,9,{59B5002E-1450-48AC-8AE3-48CB381A5792};";2026-09-17 11:43:01;2026-09-17 11:43:01;{00A3E05A-C49C-4FE8-9D19-BFDDFE1A8F0E};256
2817;1;8;9;{D98BA9BC-8A18-49A9-AA83-C56A2D972A74};"8,10,{528F31FB-0D24-4F63-A35E-FEE6C9FA4B24};";2026-09-17 11:43:01;2026-09-17 11:43:01;{8058E830-5818-4B02-9BC7-9827F5937BDA};256
2818;1;8;9;{503BBB5B-F076-4B1C-9E7A-B84011C76E26};"8,10,{527ECE9B-92CA-4856-9C3B-719F34DED1F8};";2026-09-17 11:43:01;2026-09-17 11:43:01;{7046C426-42AB-476E-B27B-6143395ECFF0};256
2819;1;8;10;{866E32D1-4A11-4250-A18D-4AE482CC24E0};"8,9,{A6E11DCD-E171-4454-9736-A88DD298619E};8,9,{78BF3073-393F-4826-AB34-D15B99E7C4A6};";2026-09-17 11:43:01;2026-09-17 11:43:01;{DF442565-8BAD-4475-B2B4-F71585F67D89};256
2820;1;8;9;{97BA3FF2-6129-45A9-B0EB-48AE85B540E2};"8,10,{528F31FB-0D24-4F63-A35E-FEE6C9FA4B24};";2026-09-17 11:43:01;2026-09-17 11:43:01;{05AC750B-8479-4142-AEC4-E73EC0BF86B8};256
2821;1;8;10;{3BE59568-3A16-4FAA-B824-64CB7A0B1D7B};"8,9,{1006111A-BBF7-4083-83E2-B7691754DDC4};";2026-09-17 11:43:01;2026-09-17 11:43:01;{5AAFF662-E78C-4B0C-9E5F-E994BDF42AAF};256
2822;1;8;9;{3EE5F191-6BA5-4ED6-B60C-600B84765B79};"8,10,{528F31FB-0D24-4F63-A35E-FEE6C9FA4B24};";2026-09-17 11:43:01;2026-09-17 11:43:01;{0B78D491-F7AF-48B5-985C-A93F1635F3FC};256
2823;1;8;10;{97E7C5E2-B6C5-4A37-BE8A-E7CD6F02CEEB};"8,9,{D190FE94-F5E3-45CC-B0D3-ADDC7D45B77D};";2026-09-17 11:43:01;2026-09-17 11:43:01;{95A05B22-1567-4A5B-BB86-329D62ED8898};256
2824;1;8;10;{C0129E2C-386F-44A3-9D9C-ADAE59BFAEBD};"8,9,{340BB560-0365-4C75-87A8-B764C25AF172};";2026-09-17 11:43:01;2026-09-17 11:43:01;{A43EC719-5F51-444A-B466-788EB3BBD5CA};256
2825;1;8;9;{B791D202-7581-48D1-826F-ABA48336CBE1};"8,10,{0C9FA3C6-E5A9-4171-AD33-60BDAD172F99};";2026-09-17 11:43:01;2026-09-17 11:43:01;{20BB0275-E335-4FCB-AAB0-40503B82D2B2};256
2826;1;8;10;{DA070056-FD85-4A9D-8097-8A3FF97DC9F9};"8,9,{7FD744C9-E772-4E3C-9714-CB37EE7752CF};";2026-09-17 11:43:01;2026-09-17 11:43:01;{70B0B815-4FE8-4BAC-8D43-E0398FDD1347};256
2827;1;8;9;{C738E467-5B12-4800-80E4-19D81E958D36};"8,10,{910565FF-4892-49C7-AC3E-F93E1268C33A};";2026-09-17 11:43:01;2026-09-17 11:43:01;{1C74B425-8107-4980-82B8-8911DD51D47D};256
2828;1;8;9;{D2CF5E37-CEAF-4CC8-9DCF-0B859C2AF24A};"8,10,{AC39FD71-03EC-4E69-8E14-9F139727C9F0};";2026-09-17 11:43:01;2026-09-17 11:43:01;{039E15A2-BE06-46AA-BDC6-9F00997D781D};256
2829;1;8;9;{21B92734-64EE-458A-B290-283A900A050B};"8,10,{74BDB6FB-DFF4-4E52-A929-921B310E09BE};";2026-09-17 11:43:01;2026-09-17 11:43:01;{C0CA909A-C21E-4C7B-AD6E-ADB66E613A49};256
2830;1;8;9;{EE915736-0AEF-4408-8347-A0175BDB9381};"8,10,{C8AEB757-CF60-419B-B451-7DB4122FC56C};";2026-09-17 11:43:01;2026-09-17 11:43:01;{EE805673-5E23-4123-A3AB-C56A66B14E9B};256
2831;1;8;10;{89F79600-45C0-453F-92FF-AEFC3345B380};"8,9,{03DE565C-085F-4A10-ADEF-655726E00FE4};";2026-09-17 11:43:01;2026-09-17 11:43:01;{09A96203-E7C6-48F6-8802-C5469A98E0E2};256
2832;1;8;10;{243DFE70-7B95-4DFD-AA84-E055DF6E5432};"8,9,{4E53A8B8-44D6-416C-B104-5239B63B7727};";2026-09-17 11:43:01;2026-09-17 11:43:01;{FE1E79B7-AB83-4D45-BF2A-61A992E577FA};256
2833;1;8;10;{2C6DD044-960B-4CA4-9D0E-0EC67BADDD48};"8,9,{429861DA-121D-4EE1-A8AE-D358D91A2213};";2026-09-17 11:43:01;2026-09-17 11:43:01;{F669F795-3409-4BD2-A2C8-FA231B9EBD07};256
2834;1;8;9;{03DE565C-085F-4A10-ADEF-655726E00FE4};"8,10,{89F79600-45C0-453F-92FF-AEFC3345B380};";2026-09-17 11:43:01;2026-09-17 11:43:01;{9AA8E8B4-0F90-45E7-9EE5-E990891AD8E9};256
2835;1;8;10;{8B056DB9-24FC-46CB-B514-065C1377CE64};"8,9,{EC8EE49F-0542-4AD9-BAD4-AA88690C3464};8,9,{492FA5AD-BA06-45D2-9FBD-D16821F1625B};8,9,{CFFF72E3-A543-4F00-8E3A-7102959951AC};8,9,{46D5CF91-7851-427D-9F03-FBDB69786A89};8,9,{CC669576-A3BC-48D9-A896-45DA4D5834AD};8,9,{9F5E8633-2731-4563-B072-3A46EEF51B82};8,9,{D29857B8-960B-4AE8-B774-5C819F1E3169};8,9,{93A2AE0C-4883-4D4F-B714-58703B7EE4B7};8,9,{EC9104C6-A2A2-4496-BB74-710D38A91C12};";2026-09-17 11:43:01;2026-09-17 11:43:01;{BFB7E90A-B933-4466-97E1-7D4C601FDAC3};256
2836;1;8;10;{BF8EB609-961B-45DC-9E2C-09E66873F9C3};"8,9,{091D7CDE-3CC4-4025-AE5F-DD1B8AD0B3B3};";2026-09-17 11:43:01;2026-09-17 11:43:01;{12402BFD-7ADD-4C31-8176-5730474EF0B1};256
2837;1;8;9;{EF240B61-3642-4B54-A2F9-006157D25D2A};"8,10,{A688E6F5-F78A-4A1E-B1F3-6C3C33325157};";2026-09-17 11:43:01;2026-09-17 11:43:01;{3A4B278B-93CE-4DE1-8F30-7FF13194B83C};256
2838;1;8;10;{CF47129D-8C1A-48E4-A75F-4D5FE43C1A5C};"8,9,{39437A2D-BFB1-4A2E-9096-13534FC7328B};";2026-09-17 11:43:01;2026-09-17 11:43:01;{FE3EE298-0D51-48A1-8F82-0C83D4156B17};256
2839;1;8;9;{39437A2D-BFB1-4A2E-9096-13534FC7328B};"8,10,{CF47129D-8C1A-48E4-A75F-4D5FE43C1A5C};";2026-09-17 11:43:01;2026-09-17 11:43:01;{6AB0F715-675B-4060-90EE-C321B2742C33};256
2840;1;8;10;{C357F706-F3EF-464A-A5F1-2F0AC1916647};"8,9,{65385DA7-49D3-49ED-AFCC-1F902EF9F2E6};";2026-09-17 11:43:01;2026-09-17 11:43:01;{68ABB8FF-377F-4268-88BA-3DB3C0EC9919};256
2841;1;8;10;{F042E4D3-C78B-45E9-8DF6-428B46E65B31};"8,9,{596457C6-0341-4F02-BEA9-3E62008B5A6C};";2026-09-17 11:43:01;2026-09-17 11:43:01;{5EEE1D2B-CF0B-44B8-92FB-A9754D3584E0};256
2842;1;8;9;{E7E643DA-865D-420A-A725-14A51EB721DB};"8,10,{10FBB386-4CB8-44BD-8174-B3B896F84722};";2026-09-17 11:43:01;2026-09-17 11:43:01;{02C52316-81B8-4EC7-A2BB-141BAE325A07};256
2843;1;8;10;{391A654D-D3BA-4919-96E0-F406ACF117F0};"8,9,{4B7887AF-D1A0-46DF-A561-DA49848E0B6C};";2026-09-17 11:43:01;2026-09-17 11:43:01;{3AF6599C-9204-4EEB-85C6-AE2E99C7E2E7};256
2844;1;8;9;{64F3BDBA-96BE-4101-9383-B2615975F21F};"8,10,{7ACF0E18-A5C1-478B-AB11-8C034C32FCBD};";2026-09-17 11:43:01;2026-09-17 11:43:01;{2D8671D2-9E24-4857-841D-7A66EC55DE38};256
2845;1;8;10;{AA189C60-85F3-4009-9193-1EA8AA94D1CD};"8,9,{EFCA6969-D1E8-45F2-A581-7E1B491269D9};";2026-09-17 11:43:01;2026-09-17 11:43:01;{949E6742-0EA5-4973-9100-7E5D05D4C445};256
2846;1;8;10;{F7F3C361-EA20-45A3-8942-285E5B580FC4};"8,9,{0F628149-B956-4FC3-8CE5-A25FFC5EAAEE};8,9,{3AB9A992-9C36-4611-8191-9CBB918BAF4A};";2026-09-17 11:43:01;2026-09-17 11:43:01;{396FAD9D-61BE-4D6E-8A43-E9256B48483E};256
2847;1;8;10;{191EA2A6-5B91-47C5-8BBF-D587B5243FC7};"8,9,{37E1AE37-030A-420F-A199-3D215160B8F6};";2026-09-17 11:43:01;2026-09-17 11:43:01;{D5628372-FD6E-44B2-9B91-C91C16E0FEDF};256
2848;1;8;9;{B1716308-9CB8-45BD-9014-CF47115DDDC6};"8,10,{D7518997-2380-410F-94E5-055C04958F46};";2026-09-17 11:43:01;2026-09-17 11:43:01;{C9D80594-7787-4A24-8937-15EE2EC3AA19};256
2849;1;8;9;{3A06F63E-3A4E-409D-87E7-5EB635B6DFD0};"8,10,{A4D0896D-E731-49C1-9A52-9EE9D6BA52D0};";2026-09-17 11:43:01;2026-09-17 11:43:01;{06B65CDB-3552-4241-BDDD-2A412FB1A20A};256
2850;1;8;10;{B6B7E4E1-8A6B-4A4D-8075-094537B8471C};"8,9,{836FA8AD-2B2B-40E0-9902-21910A9431C8};";2026-09-17 11:43:01;2026-09-17 11:43:01;{BC5E61E1-4010-4B43-BC53-F28F63AD8391};256
2851;1;8;9;{836FA8AD-2B2B-40E0-9902-21910A9431C8};"8,10,{B6B7E4E1-8A6B-4A4D-8075-094537B8471C};";2026-09-17 11:43:01;2026-09-17 11:43:01;{A8B4B343-66C6-4F8B-A379-DF9851BFBC10};256
2852;1;8;9;{35830C09-3BBC-4597-9E3D-5B5F824D1CCC};"8,10,{69DBEE20-73A6-4B20-8730-930C2CDE2817};";2026-09-17 11:43:01;2026-09-17 11:43:01;{ADE1B459-65F0-4B8E-AAD3-D4DE486195D1};256
2853;1;8;9;{698BEC3A-BBBE-4565-90EE-DA5EF2F8960D};"8,10,{4D7090B9-738D-4BBA-B846-342A0B1AEC63};";2026-09-17 11:43:01;2026-09-17 11:43:01;{F4B7FDDD-AEEB-4199-A8D6-18922119A525};256
2854;1;8;9;{54CE8258-BEB4-4197-9A0C-83928A680839};"8,10,{A688E6F5-F78A-4A1E-B1F3-6C3C33325157};";2026-09-17 11:43:01;2026-09-17 11:43:01;{0712C7DB-A300-4367-A312-8AE54D876138};256
2855;1;8;10;{8D35CF97-A316-43EE-966A-7AA40223A8D0};"8,9,{12ACD7B0-75E4-465C-8B53-D51235570898};";2026-09-17 11:43:01;2026-09-17 11:43:01;{FC143DEE-A534-4332-93EA-864F650FF131};256
2856;1;8;9;{12ACD7B0-75E4-465C-8B53-D51235570898};"8,10,{8D35CF97-A316-43EE-966A-7AA40223A8D0};";2026-09-17 11:43:01;2026-09-17 11:43:01;{B1E80619-A17B-4722-8591-86BAC7310460};256
2857;1;8;9;{D51F8F59-7C09-4E8C-A9F3-87CADA07C5A1};"8,10,{288831FE-7FCF-4F73-B42D-DC94BF58A664};";2026-09-17 11:43:01;2026-09-17 11:43:01;{BC937473-7493-49EA-812C-14C8F2DC9376};256
2858;1;8;9;{BD3D9826-7E49-44ED-9D32-1B85854952C4};"8,10,{AAF1A20B-D1D4-4C3D-A7EE-CF7B076BA921};";2026-09-17 11:43:01;2026-09-17 11:43:01;{14149EA0-9026-4E1D-A0BE-6A3CEAC18F6C};256
2859;1;8;9;{67A157DC-749C-4BFB-B772-14DEAC119328};"8,10,{AAE461DC-65A8-4C90-8A4D-C9B538F7D543};";2026-09-17 11:43:01;2026-09-17 11:43:01;{2F4AA304-32FF-4A35-912E-45EDEE5340C8};256
2860;1;8;10;{1DCC962A-0B58-40F8-AD4F-7CDCEB9EB6B4};"8,9,{13A654DA-A10B-40F4-A285-A763BCE778FA};";2026-09-17 11:43:01;2026-09-17 11:43:01;{75DA4415-AE2F-4F6A-A946-FE422F25535F};256
2861;1;8;10;{87F3F023-DB83-46DC-BAFC-9BBD82843099};"8,9,{8983F10C-A68A-4B64-9F09-00120BC3787E};";2026-09-17 11:43:01;2026-09-17 11:43:01;{AA48B646-14CF-46D7-964F-B05627B9D8EA};256
2862;1;8;9;{83A0358A-E4E0-4109-8D79-357370F9170E};"8,10,{643388EC-DE0D-4D80-BE69-8EACD7D5B4B6};";2026-09-17 11:43:01;2026-09-17 11:43:01;{E5186F20-5C79-4795-A2C9-5610608DF738};256
2863;1;8;9;{69DBD23E-D155-469A-89A9-436030E3C029};"8,10,{CC0BC1EC-767C-42DA-B91F-D78A2DBD0535};";2026-09-17 11:43:01;2026-09-17 11:43:01;{DB1C7DCD-B934-415E-9969-311D69B5A515};256
2864;1;8;10;{7820817C-592C-412D-A550-781E6C1C0129};"8,9,{3CFE1121-9DCE-4418-AE14-435091189E97};";2026-09-17 11:43:01;2026-09-17 11:43:01;{652936C6-D649-4B8D-B4F4-18D2C73B398E};256
2865;1;8;9;{3CFE1121-9DCE-4418-AE14-435091189E97};"8,10,{7820817C-592C-412D-A550-781E6C1C0129};";2026-09-17 11:43:01;2026-09-17 11:43:01;{DD1B6E01-7B03-42B7-AFC8-A37165A6F833};256
2866;1;8;10;{FC91986D-9446-4893-A62C-061A8FE6CAC5};"8,9,{2905501D-40C8-46F9-8E74-20947F7B58AA};";2026-09-17 11:43:01;2026-09-17 11:43:01;{D3805F73-4CAF-45F6-917A-42F2E08D6A10};256
2867;1;8;9;{C5DB44C6-6370-44F7-B021-21CF9643BC0A};"8,10,{CF22C874-50FF-4DC9-91B8-3645E1CEBA7D};";2026-09-17 11:43:01;2026-09-17 11:43:01;{CB2B23BF-612D-49E8-A374-F9E344921BF0};256
2868;1;8;9;{2905501D-40C8-46F9-8E74-20947F7B58AA};"8,10,{FC91986D-9446-4893-A62C-061A8FE6CAC5};";2026-09-17 11:43:01;2026-09-17 11:43:01;{F1A018C3-1F1E-4334-BB10-7F408830E449};256
2869;1;8;9;{8A623E40-1169-47E5-9DDC-CCA47A990094};"8,10,{C06182DD-7C24-4A6E-B870-1A74DE5CD7BA};";2026-09-17 11:43:01;2026-09-17 11:43:01;{67038CF9-3588-49A4-93A1-2F0D0B3DDFCE};256
2870;1;8;9;{CCEDF4DC-D353-47F1-88DE-C9334D5A5C04};"8,10,{DF347BE6-2B6B-4198-82D8-36FFF4CEABB9};";2026-09-17 11:43:01;2026-09-17 11:43:01;{0AF15A57-9132-499C-993A-FFE0F1828BBC};256
2871;1;8;9;{FDF85639-2C7C-45D3-A0C6-9369751CE4C3};"8,10,{F0C3C02F-54FC-488E-AE2B-2DA376332F1E};";2026-09-17 11:43:01;2026-09-17 11:43:01;{26FEEBB0-8E52-4F33-9799-7D0C22170912};256
2872;1;8;10;{C5148135-F520-476B-B840-280982BA0C69};"8,9,{8E4320A9-39FB-4581-B235-B1BCE7820CCC};";2026-09-17 11:43:01;2026-09-17 11:43:01;{B9D3D494-9405-452C-B4A2-36191352D823};256
2873;1;8;9;{8E4320A9-39FB-4581-B235-B1BCE7820CCC};"8,10,{C5148135-F520-476B-B840-280982BA0C69};";2026-09-17 11:43:01;2026-09-17 11:43:01;{E3D50FFE-DFFA-4107-A399-5648C6A7D664};256
2874;1;8;9;{8CB74886-B2D5-464D-A355-D2572CE5CC26};"8,10,{2BF5FF81-6668-4FB8-B21B-E5ED3464C173};";2026-09-17 11:43:01;2026-09-17 11:43:01;{651A5D06-9196-442F-8614-7E9A817EBF5C};256
2875;1;8;10;{485398A3-B833-4BB0-9D39-0C930D344F4A};"8,9,{ACFE156E-27A9-4D7F-BFAF-4CA55C8A80EC};8,9,{97F84EDA-34CE-4B6D-BE95-A2B98A1C165E};";2026-09-17 11:43:01;2026-09-17 11:43:01;{BF703F81-AC48-4E88-AEA2-BBF56D03A7B7};256
2876;1;8;10;{190EEDF4-0040-4CA4-9D44-9F2EB612B612};"8,9,{93796F35-7FE9-4FDD-8598-7E68F26A8F55};";2026-09-17 11:43:01;2026-09-17 11:43:01;{CCDE1177-A44C-4165-8EE7-280C9D4FA29E};256
2877;1;8;9;{460FCD2D-0EBC-4C57-B50D-EED9AC02B638};"8,10,{45EB7253-045A-4108-87E6-E5CC14834473};";2026-09-17 11:43:01;2026-09-17 11:43:01;{59C4A70E-E0CD-49FE-B9C9-F8F88D93FA84};256
2878;1;8;10;{977498B6-8661-45C4-9094-58053050CA64};"8,9,{73A169F5-605F-4F99-8CA7-BDE965F63391};";2026-09-17 11:43:01;2026-09-17 11:43:01;{C9560D8E-6D56-4B4F-8156-6CCA9EFB489A};256
2879;1;8;9;{73A169F5-605F-4F99-8CA7-BDE965F63391};"8,10,{977498B6-8661-45C4-9094-58053050CA64};";2026-09-17 11:43:01;2026-09-17 11:43:01;{60A931A8-5F89-4E07-AE11-889994CFB80D};256
2880;1;8;9;{1069C8DA-91A7-4EBE-AFB3-CA1964757299};"8,10,{C104A229-6B09-49EB-9E22-CC5DF80B51CA};";2026-09-17 11:43:01;2026-09-17 11:43:01;{613D0AC3-BCEA-42C7-BF19-D2CD382A6273};256
2881;1;8;9;{5D73D2E5-7D79-44BF-82C2-7ECD4A223AA7};"8,10,{A385031E-0994-48C9-842A-C686DA471F9A};";2026-09-17 11:43:01;2026-09-17 11:43:01;{42E72F5A-37BE-471A-9ABD-DEC48B039581};256
2882;1;8;10;{F2B45AA7-B084-470E-8941-6F39423082D5};"8,9,{C4990579-DB7F-4E50-B8DF-DF3FE302A48A};";2026-09-17 11:43:01;2026-09-17 11:43:01;{754B2043-B806-4843-8AFD-00CB3B34981A};256
2883;1;8;9;{97F84EDA-34CE-4B6D-BE95-A2B98A1C165E};"8,10,{485398A3-B833-4BB0-9D39-0C930D344F4A};";2026-09-17 11:43:01;2026-09-17 11:43:01;{08B1651D-89AE-4927-883F-2AE5AD52E520};256
2884;1;8;10;{9C5ED88F-8C53-4D33-8A66-53ABEAC681B4};"8,9,{419E9A72-DD95-4085-B43E-8A356A8AC0F6};8,9,{921B8FBE-3439-41EE-A783-6C450AE1E693};";2026-09-17 11:43:01;2026-09-17 11:43:01;{1F4654FB-473C-417C-9370-0A9C79A5684B};256
2885;1;8;9;{BDE8B223-602B-47D3-A96A-11B4AE7944F8};"8,10,{9E453877-DE64-48F3-8B40-E4F4EA1B4BCE};";2026-09-17 11:43:01;2026-09-17 11:43:01;{03B01864-B1B2-4119-9CE6-49D6E6523184};256
2886;1;8;9;{4160FB45-DB97-4EAD-A4B0-E965AF2E30E0};"8,10,{22784293-B0C6-4386-B6C3-0172E46FE29C};";2026-09-17 11:43:01;2026-09-17 11:43:01;{0F9896C4-AA52-4FE4-9269-E0EAC6C17AE0};256
2887;1;8;10;{01E71C42-BD87-4A25-AEB2-E99F4C78E113};"8,9,{C02BA6A8-6979-4CB5-9F18-A452FA76BC6E};";2026-09-17 11:43:01;2026-09-17 11:43:01;{1E025797-AA95-4898-95D2-E2EB08A47331};256
2888;1;8;9;{C02BA6A8-6979-4CB5-9F18-A452FA76BC6E};"8,10,{01E71C42-BD87-4A25-AEB2-E99F4C78E113};";2026-09-17 11:43:01;2026-09-17 11:43:01;{857BB3EA-FF9A-482C-AFC2-B07296C76E68};256
2889;1;8;9;{806DBEDD-1C3F-4720-AA40-48A7416CFFD7};"8,10,{D308E9F1-32C3-4512-85B9-18F7E8A4F4A9};";2026-09-17 11:43:01;2026-09-17 11:43:01;{39862C08-ED51-4EFE-9453-CC64ADFD12C6};256
2890;1;8;10;{848F1984-E5D0-4FE6-8200-32D4FD7A24E3};"8,9,{78498F4B-6432-4D6E-AEAA-3C4B3D265A44};";2026-09-17 11:43:01;2026-09-17 11:43:01;{B4065238-9487-4F02-8604-815F9E386C4D};256
2891;1;8;9;{CD9C7FA9-94DE-4957-8A2C-DC63418F7B7F};"8,10,{0C9FA3C6-E5A9-4171-AD33-60BDAD172F99};";2026-09-17 11:43:01;2026-09-17 11:43:01;{1E3E1D37-4D98-4509-B2F9-6F98227AE735};256
2892;1;8;10;{789693CF-454F-45B7-951B-A099730E24F9};"8,9,{DC73A30B-E3D9-4E77-BC5C-3E21374364B5};";2026-09-17 11:43:01;2026-09-17 11:43:01;{ECA8CDF5-810B-4B62-8DE8-BDFDB883A29C};256
2893;1;8;9;{40C92033-2CB6-4772-A44D-EED26C30C649};"8,10,{D7518997-2380-410F-94E5-055C04958F46};";2026-09-17 11:43:01;2026-09-17 11:43:01;{1C8E1C44-0DA5-4C99-97FD-5D1F2109FB04};256
2894;1;8;9;{01F16F91-585A-4170-A208-1FE71A3E627B};"8,10,{63BB5601-AB21-4593-B35A-F843E2FA9653};";2026-09-17 11:43:01;2026-09-17 11:43:01;{630A7EEF-CBE6-4069-B230-A483376951A6};256
2895;1;8;10;{14F56CD6-3190-49E8-85F2-5323882C9979};"8,9,{6EABF516-5227-44ED-94CE-10BB82703F9F};";2026-09-17 11:43:01;2026-09-17 11:43:01;{A19464D4-783E-4ED1-9EA0-1CFFDD7BAF79};256
2896;1;8;9;{6EABF516-5227-44ED-94CE-10BB82703F9F};"8,10,{14F56CD6-3190-49E8-85F2-5323882C9979};";2026-09-17 11:43:01;2026-09-17 11:43:01;{2A4FDDA2-59F4-44B3-8C50-3D5044133B41};256
2897;1;8;9;{089E6175-4E7C-4C6C-A66E-F2E561229E00};"8,10,{643388EC-DE0D-4D80-BE69-8EACD7D5B4B6};";2026-09-17 11:43:01;2026-09-17 11:43:01;{411329E3-84CF-4E3E-BF1C-64B91A5E33A7};256
2898;1;8;10;{4939C40F-DAA4-4773-A1A4-0296E8885A4D};"8,9,{00BA98BD-2730-48C5-BBBF-E79523C896F2};";2026-09-17 11:43:01;2026-09-17 11:43:01;{E70AAD66-FAF5-4D7E-A6EA-94E3085FFA3B};256
2899;1;8;9;{00BA98BD-2730-48C5-BBBF-E79523C896F2};"8,10,{4939C40F-DAA4-4773-A1A4-0296E8885A4D};";2026-09-17 11:43:01;2026-09-17 11:43:01;{8325D8FE-F377-41A2-8CCE-B96A429538A7};256
2900;1;8;10;{B81B88EE-FDA9-488A-9224-71023898A6EE};"8,9,{AED46277-CA96-4951-A5EE-628375989FDE};";2026-09-17 11:43:01;2026-09-17 11:43:01;{5F97262F-2AF0-4DB2-AF20-57B41DABFAD1};256
2901;1;8;10;{D3AE8186-FF93-41F1-9417-C92F24C5A7FD};"8,9,{B8536001-EAAD-42B1-8ADB-9E412BEFF436};";2026-09-17 11:43:01;2026-09-17 11:43:01;{4D59D4B3-12CA-4C07-BB3E-BDB1D7CBCC1E};256
2902;1;8;9;{36944C76-DCB4-4C9F-941C-475E3E2CC363};"8,10,{5E00A005-DC29-47D9-9F87-C799037586BE};";2026-09-17 11:43:01;2026-09-17 11:43:01;{8CAC157F-327D-4372-9C2B-D4AE8CF32640};256
2903;1;8;10;{54D1D75B-B19B-49CB-833E-D0A25920678E};"8,9,{5EADC661-0B01-43D3-A7E5-4AAAC2A0DB72};";2026-09-17 11:43:01;2026-09-17 11:43:01;{C792C3CE-C2CD-4D9A-9033-A97A4F312146};256
2904;1;8;10;{E05B38C3-1FA3-463B-B194-22BB4DCE1EE6};"8,9,{01627B89-D728-4661-9292-3987E3DBB378};8,9,{9E749823-1CC0-4F3A-B0E9-34E049805705};8,9,{D6C18B2E-0A78-4341-A021-BC8180F9A038};";2026-09-17 11:43:01;2026-09-17 11:43:01;{9D374B9B-CBA4-41FC-9BF0-D24DDB3748BD};256
2905;1;8;10;{F5CC856E-3778-4FC5-BA4B-5A1A98BBB620};"8,9,{176D2416-3B93-4EBA-A7DD-A32B5B4A0667};";2026-09-17 11:43:01;2026-09-17 11:43:01;{BADC4945-F695-4820-A3DD-1570288854CA};256
2906;1;8;9;{6FE23DD0-ACC8-472D-B6FD-6AA03A453376};"8,10,{20D173D8-24EE-4455-A9ED-E55900922FDE};";2026-09-17 11:43:01;2026-09-17 11:43:01;{F42C7C92-BE48-4048-B0CD-34CC3A41CDB9};256
2907;1;8;9;{2B3CF58E-8D75-4FA4-8E32-9AB27B1A2FA1};"8,10,{01498D4E-E4D8-4148-AEAE-296418C345B4};";2026-09-17 11:43:01;2026-09-17 11:43:01;{35DBF29E-E023-4AE7-88D7-74FE6CEB1ED2};256
2908;1;8;9;{2A6B75CA-FF79-4F57-8B73-BD3B13716916};"8,10,{76D5A792-74FD-442B-B68F-FAA5F0C0801C};";2026-09-17 11:43:01;2026-09-17 11:43:01;{DF6AB3E7-816C-4070-BA44-9943B05E771D};256
2909;1;8;9;{DC4ACD17-CD69-42AD-B5D7-894BEB0E6612};"8,10,{292F1344-CA0E-4A18-A4D3-EC5748A007E1};";2026-09-17 11:43:01;2026-09-17 11:43:01;{D93AB144-76D6-4C42-96D4-B564730863C7};256
2910;1;8;9;{1C7EBF2A-0295-404F-BFA0-696816DE00CD};"8,10,{004DA892-E3D1-4986-925E-A1308D0C6F1E};";2026-09-17 11:43:01;2026-09-17 11:43:01;{F4DF9974-77A1-4AD5-A99C-FB1E250BB0ED};256
2911;1;8;9;{AE96B754-5805-480C-AF91-C6CD919DE8F0};"8,10,{37831AE6-185D-4467-801F-2C95D7C9D5A3};";2026-09-17 11:43:01;2026-09-17 11:43:01;{A59B60E9-1C89-4031-9940-15FD8476CE73};256
2912;1;8;10;{472FB89D-EFAA-4710-8A1B-93F830D6F125};"8,9,{92C251E6-06DE-4495-AC88-0288AD40FF07};8,9,{D430B1BF-9EBE-4FA6-ABFE-07DA4B127419};";2026-09-17 11:43:01;2026-09-17 11:43:01;{9B3B60AC-F7EB-47F3-85F4-398304D79D94};256
2913;1;8;10;{1CF7992B-A6A3-4968-92C8-B1EC8E610888};"8,9,{A9B97089-6E6B-47EA-A07F-1F47266B3A92};8,9,{9323D9DE-C4B9-4508-AC1A-D9DAAE53BC56};8,9,{D7C2C754-3B15-4DFE-93B4-7F2775F0AE3E};8,9,{3FF71B2C-DDAA-483E-9074-46376C7C09D5};";2026-09-17 11:43:01;2026-09-17 11:43:01;{3248939B-EDB3-4203-BF5D-846D9B8DFAB1};256
2914;1;8;9;{4C2ABE12-5F14-4E13-BEFD-BD8BC11976CA};"8,10,{57807B76-86E3-4184-8836-ADC760E3500D};";2026-09-17 11:43:01;2026-09-17 11:43:01;{891D3BD4-6C0E-4473-A758-EA6686D75F04};256
2915;1;8;10;{53DADB14-8408-4999-96DC-DD8CA3012C64};"8,9,{372F1443-72AC-4F57-AADC-BBC59FD4FB7B};8,9,{BCEA090E-31C3-4586-BBCB-7A94DFAF8C59};";2026-09-17 11:43:01;2026-09-17 11:43:01;{9A0FCA5D-AD54-48BD-ADB3-37BB7ADB731C};256
2916;1;8;10;{DB4DEA95-F119-43B2-AC89-3590E71C8EA9};"8,9,{868F697D-2AA2-4CFF-928E-11F9749E836E};";2026-09-17 11:43:01;2026-09-17 11:43:01;{C420056D-3059-4B00-8526-2A2612A66B37};256
2917;1;8;9;{9323D9DE-C4B9-4508-AC1A-D9DAAE53BC56};"8,10,{1CF7992B-A6A3-4968-92C8-B1EC8E610888};";2026-09-17 11:43:01;2026-09-17 11:43:01;{090D927E-5003-4392-BF3E-E5BE0E4582D4};256
2918;1;8;9;{25423F68-A03A-43FA-8293-3C03EADAFD12};"8,10,{E2FEC8DF-14C6-4556-AD56-273C85E3F95F};";2026-09-17 11:43:01;2026-09-17 11:43:01;{FEA85556-5515-41D5-B24B-2C5E7019CA0E};256
2919;1;8;10;{156AAD7C-765E-4775-B25D-8EC4CFE46A57};"8,9,{DB288B46-99A0-4CC3-B45A-EC7806A09BB2};";2026-09-17 11:43:01;2026-09-17 11:43:01;{00A2ABEB-CC6C-4A39-8E48-610AC59AC15D};256
2920;1;8;9;{6266C78E-C5E2-4746-8D19-6781B69B294A};"8,10,{77781E58-3D01-4832-B1AA-5BAA88F35A95};";2026-09-17 11:43:01;2026-09-17 11:43:01;{A5795A63-77B1-4526-97AD-9A4103617883};256
2921;1;8;10;{20AD6E0E-E9BB-4EF6-9EA5-84FFBC17FB7A};"8,9,{4D1448D0-F515-4F55-A78E-215BD07A3D9A};";2026-09-17 11:43:01;2026-09-17 11:43:01;{18F11A0D-A56D-4AC4-8217-FCFBE3D971DE};256
2922;1;8;9;{1B706A97-8067-4519-9AAD-A3BE1F56E541};"8,10,{4E638439-D7C3-4266-BB1B-5B4521C8A5CC};";2026-09-17 11:43:01;2026-09-17 11:43:01;{1B47BD4D-2AEE-49A2-B967-A96030CC5919};256
2923;1;8;9;{E3DDC8AF-6018-47A7-B3BF-B14265F85DC7};"8,10,{BE6FBC09-D761-4F4A-B85C-0FB7B4476E45};";2026-09-17 11:43:01;2026-09-17 11:43:01;{D84A1DE8-0F00-4F39-9884-14F6E9FBAA7B};256
2924;1;8;9;{3F0ED80E-D804-4F1D-9510-BFA51268EDC9};"8,10,{69DBEE20-73A6-4B20-8730-930C2CDE2817};";2026-09-17 11:43:01;2026-09-17 11:43:01;{9B402A5A-3F5A-4727-9DF9-52EC17814642};256
2925;1;8;9;{419E9A72-DD95-4085-B43E-8A356A8AC0F6};"8,10,{9C5ED88F-8C53-4D33-8A66-53ABEAC681B4};";2026-09-17 11:43:01;2026-09-17 11:43:01;{DE7C86B5-18A4-4CA4-A2D5-2823E54026F0};256
2926;1;8;10;{38BAC8E6-604F-466A-993D-C5B407918778};"8,9,{7BC4380D-EA08-4C2C-BB7E-B8D59D8FADA9};8,9,{7AD2A5B4-D0C1-4E5F-8C96-770AAC4297F8};";2026-09-17 11:43:01;2026-09-17 11:43:01;{50ABA77E-8FC4-4A5F-B8E0-4CB862CA3D7B};256
2927;1;8;9;{7BC4380D-EA08-4C2C-BB7E-B8D59D8FADA9};"8,10,{38BAC8E6-604F-466A-993D-C5B407918778};";2026-09-17 11:43:01;2026-09-17 11:43:01;{DFE445D8-6904-40D8-AE5F-5B72489F04EE};256
2928;1;8;9;{53FA83E4-E342-47D6-AD8F-AA32378A15BA};"8,10,{7824ACD9-26D0-4154-877A-1832C61EA82C};";2026-09-17 11:43:01;2026-09-17 11:43:01;{16ECD70E-C414-4EB9-B3D1-A4FB50DA597B};256
2929;1;8;10;{0D96A456-FAF1-4ADA-B773-DC6D7D39123E};"8,9,{D81645DE-1128-4BF5-9488-90DF6CE41F77};";2026-09-17 11:43:01;2026-09-17 11:43:01;{1BBA015F-13CA-4ABA-BA1C-07BFF3E75838};256
2930;1;8;10;{0B7CE34B-C39A-49BA-80C7-01E142F9143F};"8,9,{DB63BA0F-B5B7-4A84-98F2-9C13A017D795};";2026-09-17 11:43:01;2026-09-17 11:43:01;{B186EB97-B3EF-4D83-B034-980EFD913099};256
2931;1;8;9;{C3B3E305-3B20-49F8-AD1C-E8F93DE62233};"8,10,{978B14DD-00BD-47BF-9865-B7B174738A86};";2026-09-17 11:43:01;2026-09-17 11:43:01;{B6CCD0C4-ECA6-4B7A-A7DF-1FE0F8D81CCE};256
2932;1;8;9;{4B23F5BB-87FC-4F76-9226-8656A9420403};"8,10,{CF5721CD-C4EC-4EF2-8453-8399B751F2C0};";2026-09-17 11:43:01;2026-09-17 11:43:01;{9C9EAD26-E05C-4877-A86B-6152D185EC08};256
2933;1;8;9;{AB68B563-9B42-4443-87D8-C8B1E46D6BD8};"8,10,{E41BAAA4-B8BD-43BC-B647-A1C9802BC617};";2026-09-17 11:43:01;2026-09-17 11:43:01;{E246483F-279D-4CE6-9A11-8596764E45D3};256
2934;1;8;10;{CAB3CCC7-C0D0-452F-943A-249E41DACCAF};"8,9,{E93A98CD-1272-4823-B63F-ABF797924C9E};";2026-09-17 11:43:01;2026-09-17 11:43:01;{253CAEA7-EF61-4118-97B8-93A6C854B55F};256
2935;1;8;9;{FD4090B8-B39B-49F8-9638-A408421A2B07};"8,10,{DFB42826-8F41-4F57-A9FF-209E41F542F8};";2026-09-17 11:43:01;2026-09-17 11:43:01;{B3F31DC9-DA2C-4BE9-9B75-AD91398B472A};256
2936;1;8;9;{D066B135-65A9-486A-8D0F-82F60F489418};"8,10,{3A40E79B-2C2D-4168-8021-9E3FCE37E8CF};";2026-09-17 11:43:01;2026-09-17 11:43:01;{E1769199-32CD-456D-A7EF-7C00ABBFF808};256
2937;1;8;9;{921B8FBE-3439-41EE-A783-6C450AE1E693};"8,10,{9C5ED88F-8C53-4D33-8A66-53ABEAC681B4};";2026-09-17 11:43:01;2026-09-17 11:43:01;{E9E53D2A-CD2D-4BE4-AC10-3E791102896D};256
2938;1;8;9;{17ACE493-F638-4A21-89B4-D7AB30371C71};"8,10,{0BEDE384-12F0-44DC-8FAD-D1E54CFB390B};";2026-09-17 11:43:01;2026-09-17 11:43:01;{A64E612F-2F29-4A64-973E-3FC7C965C077};256
2939;1;8;9;{CF7CBCD0-B6B1-45F8-9AD3-C9A0E10D452E};"8,10,{DC257272-524A-416E-B313-F4C03B775C77};";2026-09-17 11:43:01;2026-09-17 11:43:01;{D77A3AD7-D86F-46FE-B56E-850E6609BCEE};256
2940;1;8;10;{FB5E5A6B-521D-41BA-A339-7FE07EBC050E};"8,9,{270ABE58-DDFE-408D-B2F9-662CB5344C40};";2026-09-17 11:43:01;2026-09-17 11:43:01;{9EA6E20E-DC6A-437E-8337-366D2E1D1408};256
2941;1;8;9;{270ABE58-DDFE-408D-B2F9-662CB5344C40};"8,10,{FB5E5A6B-521D-41BA-A339-7FE07EBC050E};";2026-09-17 11:43:01;2026-09-17 11:43:01;{1B83577A-BAA8-46B4-9A63-91E1A859C344};256
2942;1;8;9;{C60981B5-8DA3-45C0-949E-910B560DD4FA};"8,10,{9C619B7A-65B0-42AE-B11A-49FFD70DC3D8};";2026-09-17 11:43:01;2026-09-17 11:43:01;{DB117043-9E37-4CB4-9846-4EAD7643477E};256
2943;1;8;9;{44F4C323-2E70-4707-8DF3-0773650EC9AB};"8,10,{ECEF463E-A698-45E1-8D49-69E6BD1A4BC6};";2026-09-17 11:43:01;2026-09-17 11:43:01;{F8C910B1-54B6-4F13-A783-DE443E7249C9};256
2944;1;8;10;{06910C68-F371-4E09-8B05-0B1C8D34AB3B};"8,9,{F25CB97E-3191-4FE8-8F72-15C3D8AB5FC1};";2026-09-17 11:43:01;2026-09-17 11:43:01;{64788781-BDF8-4830-8378-3A511A7DA427};256
2945;1;8;9;{F25CB97E-3191-4FE8-8F72-15C3D8AB5FC1};"8,10,{06910C68-F371-4E09-8B05-0B1C8D34AB3B};";2026-09-17 11:43:01;2026-09-17 11:43:01;{519A7C55-98FB-4638-B20E-D838016E27C9};256
2946;1;8;9;{B26ECEA2-FB1A-4505-8604-35C3D87736CE};"8,10,{11510CB7-8C67-4B8B-9B69-7E423900C1CA};";2026-09-17 11:43:01;2026-09-17 11:43:01;{2C986166-F80E-49DC-9EA5-A1EB2954BE55};256
2947;1;8;9;{57B82B6A-BF59-40C5-B309-AD31A1C7EBC6};"8,10,{96497F61-3506-4CA2-B225-9F5FB0587BE9};";2026-09-17 11:43:01;2026-09-17 11:43:01;{8727C391-EBE9-4CF0-918E-F94323DD89A6};256
2948;1;8;9;{DACDD8C4-1339-4FFC-9A24-2448388F334C};"8,10,{588BFCDF-6CF1-45C0-A37F-56083E060083};";2026-09-17 11:43:01;2026-09-17 11:43:01;{511884C8-A84E-49E9-AD1C-EF00799C5530};256
2949;1;8;9;{12F08541-FBE3-4377-BEC7-7590EC99F427};"8,10,{684A9F63-1F4A-4E8C-9741-ADD98D9E72FD};";2026-09-17 11:43:01;2026-09-17 11:43:01;{ED276F42-9EFD-491C-80DB-1957C5E89E52};256
2950;1;8;9;{CA7A77B5-88A3-46B7-A725-39367530658B};"8,10,{A05248EA-D065-4AD9-A330-F69149D51C5B};";2026-09-17 11:43:01;2026-09-17 11:43:01;{2B958972-41D7-43A9-913D-FA597A4BDEA7};256
2951;1;8;9;{A8AC9E2C-3AA6-4F2C-B805-4EDA06275F89};"8,10,{9D5854D6-E19E-4DF2-A980-6E48A44EB6BC};";2026-09-17 11:43:01;2026-09-17 11:43:01;{BB540FE1-6549-45E1-B6DD-2EA31BA880C5};256
2952;1;8;9;{E012A25B-3563-431B-A864-8DD8BBCFCFC9};"8,10,{791E871A-519F-4197-BD94-FC6F89E4AEF0};";2026-09-17 11:43:01;2026-09-17 11:43:01;{6C495F8E-4B66-47BE-90C8-E26F31DFF6E5};256
2953;1;8;10;{22784293-B0C6-4386-B6C3-0172E46FE29C};"8,9,{4160FB45-DB97-4EAD-A4B0-E965AF2E30E0};";2026-09-17 11:43:01;2026-09-17 11:43:01;{AF0DF48A-149A-4075-80AF-4FE0BFAE78D2};256
2954;1;8;9;{8883A43B-F9F3-4D76-A2DC-15CE90F7EF4C};"8,10,{FDE77184-C0D9-414B-B3F9-62EB0FC6FC5D};";2026-09-17 11:43:01;2026-09-17 11:43:01;{B92D97A4-DBA5-4BB1-8D03-A10C97B3345B};256
2955;1;8;9;{617197F2-F3BE-4676-8AA8-5C81B953241D};"8,10,{9A0D7A73-FE23-45B6-8726-7A7C577BCC0C};";2026-09-17 11:43:01;2026-09-17 11:43:01;{4979B36C-9834-464C-A7F6-CF2803E847F8};256
2956;1;8;10;{27BC6933-50E2-419F-9162-7EBB0723D7EE};"8,9,{B2BA656C-D564-4904-BEA9-27BA285F6CD6};8,9,{3163B45B-447F-496A-A880-DDE607A06A02};";2026-09-17 11:43:01;2026-09-17 11:43:01;{912302AB-5BD2-4B3A-9EDE-760F17AE790B};256
2957;1;8;9;{773B781D-10FE-404B-A220-79F113D6A014};"8,10,{12F9258E-AC18-42A9-88A8-77F971E99167};";2026-09-17 11:43:01;2026-09-17 11:43:01;{5900D8E6-B563-4E80-ADEA-7A97E9D1032A};256
2958;1;8;9;{B2BA656C-D564-4904-BEA9-27BA285F6CD6};"8,10,{27BC6933-50E2-419F-9162-7EBB0723D7EE};";2026-09-17 11:43:01;2026-09-17 11:43:01;{6645CD78-DA73-457C-82BE-0B18837B0905};256
2959;1;8;9;{D6C18B2E-0A78-4341-A021-BC8180F9A038};"8,10,{E05B38C3-1FA3-463B-B194-22BB4DCE1EE6};";2026-09-17 11:43:01;2026-09-17 11:43:01;{AF913081-5D48-495B-90F1-28F94FEDE180};256
2960;1;8;9;{72C28FF9-878A-4766-9A0C-5267F09F80C8};"8,10,{23957449-9141-48EB-A467-60A9163572B5};";2026-09-17 11:43:01;2026-09-17 11:43:01;{F5DDD5E0-1553-4A72-9336-58FC2DE9C845};256
2961;1;8;10;{BBF3D269-38BF-4621-BB31-819912AAF731};"8,9,{16A6419F-EB46-4C49-9F7C-64F76D19C9CE};";2026-09-17 11:43:01;2026-09-17 11:43:01;{AE51128D-0EC6-4FC9-AAC9-D86306F45781};256
2962;1;8;9;{16A6419F-EB46-4C49-9F7C-64F76D19C9CE};"8,10,{BBF3D269-38BF-4621-BB31-819912AAF731};";2026-09-17 11:43:01;2026-09-17 11:43:01;{A2D69433-3D38-4993-B508-CCF5EF8729EF};256
2963;1;8;9;{30A406B7-D7D6-4B13-BD75-B01C41A2ECBC};"8,10,{E9D41F46-5CA0-4306-B6F7-DD8AF0A8EA5F};";2026-09-17 11:43:01;2026-09-17 11:43:01;{439B1DB7-FEA8-441A-9C10-A72EF2548980};256
2964;1;8;9;{644609EC-C5F2-4C91-9FDD-C801BF878C83};"8,10,{83E5218E-3CF0-458C-9196-FF19536A7436};";2026-09-17 11:43:01;2026-09-17 11:43:01;{F3338F19-416F-4AB7-9BCC-8F960B15DBFF};256
2965;1;8;10;{D0E2EDBA-C5C1-48CE-AF0B-9419BDE1898A};"8,9,{532530C2-4067-454D-A338-EC468555BA67};";2026-09-17 11:43:01;2026-09-17 11:43:01;{9B7DE846-2D0A-4AF7-9BF2-8309F6A43994};256
2966;1;8;9;{532530C2-4067-454D-A338-EC468555BA67};"8,10,{D0E2EDBA-C5C1-48CE-AF0B-9419BDE1898A};";2026-09-17 11:43:01;2026-09-17 11:43:01;{0BCAD47A-42A8-40EA-8231-C24C7C9C76F7};256
2967;1;8;9;{EC8EE49F-0542-4AD9-BAD4-AA88690C3464};"8,10,{8B056DB9-24FC-46CB-B514-065C1377CE64};";2026-09-17 11:43:01;2026-09-17 11:43:01;{A9BF04BA-2401-4BD0-8B82-867578C863AA};256
2968;1;8;9;{375A9833-B94B-464E-AB5A-DCB6F5C5C25F};"8,10,{CB6F1FAF-AF20-4F67-A487-2D1A38DD17C6};";2026-09-17 11:43:01;2026-09-17 11:43:01;{10C899FE-C285-433D-A2D8-C104FD7BBDF2};256
2969;1;8;10;{37831AE6-185D-4467-801F-2C95D7C9D5A3};"8,9,{AE96B754-5805-480C-AF91-C6CD919DE8F0};";2026-09-17 11:43:01;2026-09-17 11:43:01;{507DBF0F-D0CB-4CA4-AD5B-55BBA0F4AB2E};256
2970;1;8;10;{C0304347-1B82-4807-9F96-ABA9F1613CE2};"8,9,{AE5A92C2-7864-4302-9D6F-55C2192F5A66};8,9,{92BF97EC-E7DC-4052-B070-D839EDD26B60};";2026-09-17 11:43:01;2026-09-17 11:43:01;{342BD418-A662-4D0C-A213-3FAEE3CDAF22};256
2971;1;8;9;{AE5A92C2-7864-4302-9D6F-55C2192F5A66};"8,10,{C0304347-1B82-4807-9F96-ABA9F1613CE2};";2026-09-17 11:43:01;2026-09-17 11:43:01;{888372CB-36D6-4B5D-ACC6-F9E35C13A19A};256
2972;1;8;10;{064B6E01-AF74-46C3-81C7-489D11C99467};"8,9,{6AB5FE39-5C6B-4565-994B-608E303FB813};";2026-09-17 11:43:01;2026-09-17 11:43:01;{E6ED80B7-7E92-45FF-B99C-D39248411557};256
2973;1;8;9;{3F957F0A-9284-44A8-A948-793CEA25CBED};"8,10,{3E560064-C303-4838-AC13-BA6EBA4924BD};";2026-09-17 11:43:01;2026-09-17 11:43:01;{05C7DC83-80A2-426C-A0A2-0F708823D12A};256
2974;1;8;9;{6AB5FE39-5C6B-4565-994B-608E303FB813};"8,10,{064B6E01-AF74-46C3-81C7-489D11C99467};";2026-09-17 11:43:01;2026-09-17 11:43:01;{06876005-B389-4152-93A9-7C049691D46D};256
2975;1;8;9;{9D8EFCE7-8796-4D04-8059-59310DFA6FA5};"8,10,{E31DCE17-62D1-4171-BB3A-D1B724EF2285};";2026-09-17 11:43:01;2026-09-17 11:43:01;{EF8DF35C-FEF7-4120-84C2-7D7F11734C2D};256
2976;1;8;10;{F58EF816-6CBE-498E-A90C-F3F709BFC3DE};"8,9,{A6BCF5FD-4B63-497F-89FE-7CC6BE9B9AFF};";2026-09-17 11:43:01;2026-09-17 11:43:01;{ED0796FD-940D-446E-9914-15FF2C5B83AE};256
2977;1;8;10;{356FEA70-2E80-401D-9AF7-FBAF0208C928};"8,9,{C4FD26E7-3930-4ACF-93C6-66181735D5C4};";2026-09-17 11:43:01;2026-09-17 11:43:01;{FFA02E53-CF3A-42EE-9E85-AA64CEEBB4D1};256
2978;1;8;9;{86C1FCB3-7DCC-4625-9566-8BE6D4C025D3};"8,10,{9C280B7B-DAD9-493A-9A90-7B382316A577};";2026-09-17 11:43:01;2026-09-17 11:43:01;{40A49C13-8844-49C7-8CEC-DF57F0C32055};256
2979;1;8;10;{A902BCAC-F213-4666-8348-996BD049918F};"8,9,{47CA0AF8-0707-45BC-9759-64E8CEFBEA75};";2026-09-17 11:43:01;2026-09-17 11:43:01;{5B87ACE1-173E-49DC-83A9-2F368A41379C};256
2980;1;8;9;{26609CA0-FCAE-4662-A897-2538CABB8A87};"8,10,{6683BAA6-70A0-4060-8B37-DC111958161B};";2026-09-17 11:43:01;2026-09-17 11:43:01;{91480413-970E-47DA-B233-D7C9B4418D55};256
2981;1;8;10;{9521B414-3AD0-46AC-9251-B7C899F7BFF2};"8,9,{1EB706E0-E5F5-41C5-9777-E186EF707831};";2026-09-17 11:43:01;2026-09-17 11:43:01;{AA0589EA-F942-44BB-A500-1BE67DF2FCA7};256
2982;1;8;9;{2C8BDD9B-E543-4A82-A2A1-38EA1026A0C8};"8,10,{D99EE6ED-7F80-4A6B-8E44-40D0D02284DC};";2026-09-17 11:43:01;2026-09-17 11:43:01;{3FDAAB59-F79B-4B73-B4A0-C9640AE0ECC6};256
2983;1;8;9;{26946854-B2E2-40EB-9881-A98D668E57B3};"8,10,{F9D05A8B-8E3A-498B-8BE4-36D61F589E5E};";2026-09-17 11:43:01;2026-09-17 11:43:01;{221C8374-6D1A-4687-9420-BDFEBDC61171};256
2984;1;8;9;{4C771432-4E00-4266-A898-258C94CF1BBF};"8,10,{0C18B3A2-C757-4D06-84F1-1659BF4D8FC4};";2026-09-17 11:43:01;2026-09-17 11:43:01;{3AF66173-1E68-418A-952C-172900E52400};256
2985;1;8;9;{D810DCB5-0D0B-4A1C-B3C8-9593D4BF8442};"8,10,{9C280B7B-DAD9-493A-9A90-7B382316A577};";2026-09-17 11:43:01;2026-09-17 11:43:01;{96A221E3-AD4E-481A-B115-FA6FFC0E0ED4};256
2986;1;8;9;{7593DD19-16A6-4994-9B0A-2F4C21560B9D};"8,10,{0C18B3A2-C757-4D06-84F1-1659BF4D8FC4};";2026-09-17 11:43:01;2026-09-17 11:43:01;{6C98C95A-E7CF-4290-99A8-E69F2EDCD402};256
2987;1;8;9;{D6AC56AB-C3E7-436D-9C5C-92287AF4468B};"8,10,{EEB3DB0A-9C31-41CE-860A-1CEE3DB632FB};";2026-09-17 11:43:01;2026-09-17 11:43:01;{1E4AFFDE-1217-4EB4-A00A-DA2E619F887B};256
2988;1;8;10;{B555DDBF-BC8C-43D0-8280-12698A47D520};"8,9,{26089413-02FB-499C-9B99-1E62E34FB437};";2026-09-17 11:43:01;2026-09-17 11:43:01;{C43EFAA5-CFA7-4E21-9ECE-A60BC471BFB8};256
2989;1;8;9;{26089413-02FB-499C-9B99-1E62E34FB437};"8,10,{B555DDBF-BC8C-43D0-8280-12698A47D520};";2026-09-17 11:43:01;2026-09-17 11:43:01;{D257FA1B-52C9-4D42-AF12-9EC1FB8AFD05};256
2990;1;8;9;{7634B183-2851-4B92-8CB5-3B11546D66DB};"8,10,{D379FC59-AFE3-448F-BE6A-5AE987CCF608};";2026-09-17 11:43:01;2026-09-17 11:43:01;{6C4401FF-A219-4F0B-AE36-F54D6479A853};256
2991;1;8;9;{446531DC-36C4-4BF4-A6F9-00BBD3696AE2};"8,10,{7824ACD9-26D0-4154-877A-1832C61EA82C};";2026-09-17 11:43:01;2026-09-17 11:43:01;{27C6AB63-7766-42DB-BD26-793FB3204F26};256
2992;1;8;9;{1F455CFF-4891-4F9A-8274-54ADCF5748D0};"8,10,{A386D37A-DDD3-4A6F-B084-2A990F58285C};";2026-09-17 11:43:01;2026-09-17 11:43:01;{C459B646-CB03-4EFA-B11D-70D6F763CC68};256
2993;1;8;10;{0AD02CE2-1DE0-4F3B-B2B8-B1E8FEB5446C};"8,9,{99037329-6D77-4F9C-9249-5FF5B668BD4D};";2026-09-17 11:43:01;2026-09-17 11:43:01;{8DDAFD4D-003C-4A2D-9035-3047F2EAAC2B};256
2994;1;8;9;{BFCE8D22-4F05-404E-8AB8-206B638F8D08};"8,10,{87EA0FB5-93C1-4298-A24F-4BDCE5622EFF};";2026-09-17 11:43:01;2026-09-17 11:43:01;{82938098-0F4C-417C-BDD9-C6B661C9E77B};256
2995;1;8;10;{AB7B270A-E661-4AAD-94F3-012A494927C3};"8,9,{402C07F7-A009-45DD-AAD1-4816EB20B104};8,9,{B00DA582-93F8-48FF-B0C8-4CCEF61D7DA1};";2026-09-17 11:43:01;2026-09-17 11:43:01;{0D393E7E-534F-4BF3-AEC7-ADC1E1AC7D98};256
2996;1;8;9;{BC797E07-07F2-43A9-8050-3D38039215EF};"8,10,{DC257272-524A-416E-B313-F4C03B775C77};";2026-09-17 11:43:01;2026-09-17 11:43:01;{EAAF7994-1E55-422D-B713-742479F6636A};256
2997;1;8;10;{0EFC57B6-3999-4ACC-B371-79CE3885F934};"8,9,{68C206AE-FE0F-4175-B475-116AEE7C59E2};8,9,{DC7CC37B-3E82-4777-9B00-E17683E25A7C};8,9,{48B596A1-935C-46EA-A188-D750E6E66426};";2026-09-17 11:43:01;2026-09-17 11:43:01;{C9CABF42-5CB1-4EAD-AE7E-A98F69DE512F};256
2998;1;8;10;{D9675DF6-6AFB-40CE-A38F-A7FBA63A6C76};"8,9,{7BC183BD-F47D-4905-AEA7-01BC1996C32A};8,9,{595765C2-D27F-4ADD-A851-63327A4059BE};";2026-09-17 11:43:01;2026-09-17 11:43:01;{8DF9F796-3F40-4AA9-8911-EAE45269DD20};256
2999;1;8;9;{68C206AE-FE0F-4175-B475-116AEE7C59E2};"8,10,{0EFC57B6-3999-4ACC-B371-79CE3885F934};";2026-09-17 11:43:01;2026-09-17 11:43:01;{F8F4D7D9-B39B-471D-BF48-29F92A8133CD};256
3000;1;8;9;{FE06B90D-81A8-4EF1-97D9-05A1A3BBA0C5};"8,10,{A2A65FA1-F22C-4003-9C7E-C4B74C7A1001};";2026-09-17 11:43:01;2026-09-17 11:43:01;{4D890939-A80D-4F87-B6A5-F3C86E1F6FD5};256
3001;1;8;9;{DC7CC37B-3E82-4777-9B00-E17683E25A7C};"8,10,{0EFC57B6-3999-4ACC-B371-79CE3885F934};";2026-09-17 11:43:01;2026-09-17 11:43:01;{18DC3B0A-D772-434A-86AF-D65995A2C672};256
3002;1;8;9;{B4DC19A1-2604-48A6-ADA9-52B5D3DE6130};"8,10,{FDE77184-C0D9-414B-B3F9-62EB0FC6FC5D};";2026-09-17 11:43:01;2026-09-17 11:43:01;{CC1BB168-D428-400B-9916-3C471932B5D5};256
3003;1;8;10;{78BAD186-4FAA-441E-8B8E-72C1DEF047BD};"8,9,{6ED8D052-8437-4795-B3C3-549E1AA5418F};";2026-09-17 11:43:01;2026-09-17 11:43:01;{E8466C9B-ECA4-442D-8E83-817461B75889};256
3004;1;8;9;{6ED8D052-8437-4795-B3C3-549E1AA5418F};"8,10,{78BAD186-4FAA-441E-8B8E-72C1DEF047BD};";2026-09-17 11:43:01;2026-09-17 11:43:01;{C071AACF-DA62-4581-BDFF-CE68D71C47D2};256
3005;1;8;9;{FC1196EB-7181-416A-80C4-BA5C633405C9};"8,10,{5C7FDE73-B8F4-4000-92FB-5F6B42AB3A2B};";2026-09-17 11:43:01;2026-09-17 11:43:01;{30946218-6874-480D-8C3F-5567522AD572};256
3006;1;8;9;{A9099626-AE42-43B5-A65B-80E1B222D32F};"8,10,{F23968B4-7CB5-49C6-809A-E546174E8D03};";2026-09-17 11:43:01;2026-09-17 11:43:01;{E1498788-4EC6-4032-85F1-6FDE3DE75DCD};256
3007;1;8;9;{2F7B730E-C725-4C0B-99DA-0F216AFE0829};"8,10,{B9B0D496-EE85-44E7-BD6E-D47CF2E2ACBB};";2026-09-17 11:43:01;2026-09-17 11:43:01;{0B8667F1-2BB3-4781-91D7-0783CDFEA6B6};256
3008;1;8;10;{BBF32D6D-B094-42B0-A167-5F68630101F1};"8,9,{2A06EC97-F7D3-4571-9ADF-7C03B57590F5};";2026-09-17 11:43:01;2026-09-17 11:43:01;{F26593C8-BFBC-4BCF-8907-C4FFB8B856BB};256
3009;1;8;9;{567E6370-57F2-4C10-8BC3-A38ECE05EB4C};"8,10,{DC584DD8-8C0D-4C1A-850B-BC00BB81F67E};";2026-09-17 11:43:01;2026-09-17 11:43:01;{C85A3897-F6C1-4DA3-A4F4-B814F74F4C67};256
3010;1;8;10;{1CB610DC-09A7-4F35-A5C3-CD63D2E169BE};"8,9,{A90C6057-221B-470E-B029-6153296DF694};";2026-09-17 11:43:01;2026-09-17 11:43:01;{46646A7B-5D18-457D-AE32-4F6ED0DF56BC};256
3011;1;8;10;{9C80A8D0-9062-47DE-87DA-B3F47CB48A59};"8,9,{A58AC6BE-3251-4ECD-BB41-8ACB8BE04F25};8,9,{951BA22F-DA74-44A7-8A51-A2D26F6FA58D};8,9,{112CAF28-5225-4551-9C2C-C4444BE0A794};";2026-09-17 11:43:01;2026-09-17 11:43:01;{D597E52F-37A9-42E4-9EC7-92BC5F5FE740};256
3012;1;8;10;{B1CAC787-8897-48B0-B3DA-06733F3CC260};"8,9,{FA7725E7-C0A7-4F0A-8190-9CCDF6DD21FD};8,9,{D8BED4F7-9098-4E68-B2A7-9718740051A0};";2026-09-17 11:43:01;2026-09-17 11:43:01;{D26B47FB-55B6-4388-A84B-BB3E293BF04D};256
3013;1;8;9;{A90C6057-221B-470E-B029-6153296DF694};"8,10,{1CB610DC-09A7-4F35-A5C3-CD63D2E169BE};";2026-09-17 11:43:01;2026-09-17 11:43:01;{A121A898-0B9C-4FAA-947E-88FB6AF230B0};256
3014;1;8;10;{28FBCA4F-21A4-4954-A875-BB9EF7D589D0};"8,9,{192ACEED-2145-4BEB-91FC-05733C47AB58};8,9,{6BF790FB-F01D-47D3-9BFA-13DFD4ED2C57};8,9,{432D2995-F575-4F74-AC97-43F3C9B11D6C};8,9,{6EA4229C-CECA-4E06-92EB-3A7CC3FFA127};";2026-09-17 11:43:01;2026-09-17 11:43:01;{6D6A39B6-6F16-4A94-816F-2356C26551BA};256
3015;1;8;9;{68ACE083-B12F-4364-B49E-58534399B92C};"8,10,{F6B20E16-6A78-486B-A3AB-FACBA88E7D50};";2026-09-17 11:43:01;2026-09-17 11:43:01;{FD0807A1-6A8A-4F06-91B3-8D901756A9C3};256
3016;1;8;9;{192ACEED-2145-4BEB-91FC-05733C47AB58};"8,10,{28FBCA4F-21A4-4954-A875-BB9EF7D589D0};";2026-09-17 11:43:01;2026-09-17 11:43:01;{1CFB0DBB-EB54-4992-BA53-E466D7B57BA5};256
3017;1;8;9;{CC669576-A3BC-48D9-A896-45DA4D5834AD};"8,10,{8B056DB9-24FC-46CB-B514-065C1377CE64};";2026-09-17 11:43:01;2026-09-17 11:43:01;{7F5AE951-2928-45BE-9306-F9DE98405E19};256
3018;1;8;9;{DD262EBC-E41B-4373-A8C4-3DBE2A3518CD};"8,10,{51E3DFF2-87EF-4A38-B3EC-F7273F0CFDCD};";2026-09-17 11:43:01;2026-09-17 11:43:01;{2DF194EA-EFA5-41A4-9C91-FE54BC06E3EE};256
3019;1;8;9;{E25D802E-92C0-4D22-BD6D-C4E9949F4A0E};"8,10,{72865738-68FF-426C-8E6A-F62007BF5CD9};";2026-09-17 11:43:01;2026-09-17 11:43:01;{CA2F2A39-D431-467C-861D-6A95EFAADFC4};256
3020;1;8;10;{7ABE6A65-33D3-4B85-8D9C-54D2E4CE26DB};"8,9,{55D200AA-60F2-4667-B478-4684D60EEFC4};";2026-09-17 11:43:01;2026-09-17 11:43:01;{4367B1C5-6E10-4911-B0D6-6B8C0410F45F};256
3021;1;8;9;{82773716-2758-46EE-AD75-DA265D13C0C3};"8,10,{2A75DB0C-34D2-41BC-963D-974682F72993};";2026-09-17 11:43:01;2026-09-17 11:43:01;{E4BC1908-024E-4B07-9F96-75D2439BCD95};256
3022;1;8;9;{55D200AA-60F2-4667-B478-4684D60EEFC4};"8,10,{7ABE6A65-33D3-4B85-8D9C-54D2E4CE26DB};";2026-09-17 11:43:01;2026-09-17 11:43:01;{409524C4-FB62-472C-9527-6033A802FCC4};256
3023;1;8;10;{B56CB206-8862-4CF0-AA84-5FC665703C5A};"8,9,{7E3EA74A-CF5C-48BC-A8DD-32744BF6FA43};8,9,{3095CF38-0FE3-4BBF-93AA-10CEF2EB04F6};";2026-09-17 11:43:01;2026-09-17 11:43:01;{0A0C2D22-6C00-4AA7-9826-43386E0564FB};256
3024;1;8;9;{6F0DD223-7684-4CB5-8B9F-641BBC59173A};"8,10,{35ACF776-3099-4264-AED0-74A1F29F447D};";2026-09-17 11:43:01;2026-09-17 11:43:01;{BC188F50-8023-47D0-B878-A264086A7CCA};256
3025;1;8;10;{F69416EE-F371-40DB-A633-EE16FB59359A};"8,9,{24A43D08-3CD5-4093-B594-337736550831};8,9,{736DDBED-B7F4-44AB-9089-C7CA6BB99404};";2026-09-17 11:43:01;2026-09-17 11:43:01;{1C1531F7-62F5-4BB5-A86C-0B4B2DB17EEA};256
3026;1;8;9;{DD2260F2-8B38-460C-81D6-C41948851C51};"8,10,{E8774A51-5AC4-454E-9C7B-E1485D58ED81};";2026-09-17 11:43:01;2026-09-17 11:43:01;{84963551-023C-429F-B51B-CA1FD6D680DC};256
3027;1;8;9;{24A43D08-3CD5-4093-B594-337736550831};"8,10,{F69416EE-F371-40DB-A633-EE16FB59359A};";2026-09-17 11:43:01;2026-09-17 11:43:01;{C4BD9FCA-4E64-4B3C-8DB5-EF9E74C01421};256
3028;1;8;10;{A8C2E09E-33CB-48BC-8321-61D9379EC072};"8,9,{2D0A6905-4F98-4F3D-AE32-F23EF2BA276E};";2026-09-17 11:43:01;2026-09-17 11:43:01;{0FDEAA83-77F5-4C46-9339-9BF347C0F821};256
3029;1;8;10;{6FF59185-B474-4985-8166-1597972C1F50};"8,9,{3CEEFEAC-6A90-4403-B2AB-A2963B6CA98B};";2026-09-17 11:43:01;2026-09-17 11:43:01;{5C4CED67-03C2-44D9-B744-F49A5DAFFA84};256
3030;1;8;9;{2D0A6905-4F98-4F3D-AE32-F23EF2BA276E};"8,10,{A8C2E09E-33CB-48BC-8321-61D9379EC072};";2026-09-17 11:43:01;2026-09-17 11:43:01;{C6D41F35-9F3E-4377-B47A-CC13DB15796E};256
3031;1;8;10;{1A953B0C-A024-4A20-A9C4-FF7EE9A1447D};"8,9,{4A5826A5-2D80-4B98-9687-35BA439944F2};";2026-09-17 11:43:01;2026-09-17 11:43:01;{5AA0179D-46A8-4D21-A15C-1A1B8FF70503};256
3032;1;8;9;{4A5826A5-2D80-4B98-9687-35BA439944F2};"8,10,{1A953B0C-A024-4A20-A9C4-FF7EE9A1447D};";2026-09-17 11:43:01;2026-09-17 11:43:01;{2F74BD44-0EE9-4999-A7A4-7E8777AAFD8C};256
3033;1;8;9;{CD85FE6D-E369-4246-AF0C-061C1F060EF6};"8,10,{7A2EC232-330A-45BB-8A87-29FCC45F1920};";2026-09-17 11:43:01;2026-09-17 11:43:01;{7185964A-CDA0-480B-AA35-85DBED3C1112};256
3034;1;8;10;{5A78D746-66B4-4BCC-87F4-B465A4CE9057};"8,9,{D01D6F4C-62B4-41B9-8AE5-BAC4556879E1};8,9,{A1C3C746-6703-48B8-AD15-D9CAA4FD9FC8};";2026-09-17 11:43:01;2026-09-17 11:43:01;{244F2009-A7A3-4F64-9F80-33F2667422CA};256
3035;1;8;9;{61341590-8DBF-4C6E-93EC-F4D5B4113BE6};"8,10,{DC257272-524A-416E-B313-F4C03B775C77};";2026-09-17 11:43:01;2026-09-17 11:43:01;{6092CD6C-4C27-42D2-AA07-0BB2A347C5F3};256
3036;1;8;9;{F6DC856C-FA87-404E-9E74-6DC73F6C2F30};"8,10,{CCBE8971-FA4B-417A-AFA7-926FE4660CED};";2026-09-17 11:43:01;2026-09-17 11:43:01;{9E4C121C-0F64-4D0A-8AE4-0CA88C240799};256
3037;1;8;10;{80DF96FE-01D4-4318-8A52-CAC6ACBD31F4};"8,9,{4B63BF02-48B2-4AA1-87C7-0F2C961776A1};";2026-09-17 11:43:01;2026-09-17 11:43:01;{2DBA56C1-A4CA-4060-940F-0952D4088D43};256
3038;1;8;9;{6833C945-9BA2-4DE3-8127-79101F917233};"8,10,{DC257272-524A-416E-B313-F4C03B775C77};";2026-09-17 11:43:01;2026-09-17 11:43:01;{11B60AEC-898D-4A42-A5BF-4E39828C3F21};256
3039;1;8;10;{B17AB166-512E-474E-843D-55924A28AD98};"8,9,{A1B788A2-9023-4134-A2C4-FF397B030F0D};";2026-09-17 11:43:01;2026-09-17 11:43:01;{535F79C0-9DF3-4D0B-8607-A70E46F763B2};256
3040;1;8;10;{0BBE33BB-3172-4921-A284-641EF2AE1259};"8,9,{385EF4B7-4A14-4FB1-BC11-421CF09AAF35};8,9,{7B73D975-36E2-40AE-88B4-0E584EE4396C};";2026-09-17 11:43:01;2026-09-17 11:43:01;{36C3407E-8E64-4CE7-97FF-8A11BFF9F70E};256
3041;1;8;10;{BFAF3A2C-1A34-40E4-B570-2AF8A6E6E80B};"8,9,{00E5D860-642A-45CB-8BA8-D003D7CE18E9};";2026-09-17 11:43:01;2026-09-17 11:43:01;{B5E76592-9F82-4085-83C6-FC8D6444B397};256
3042;1;8;9;{24511F5F-B4D5-4553-8A19-7141E8D9FCCF};"8,10,{C02209CF-FE1D-46C1-95BE-99AB5A3B1BD3};";2026-09-17 11:43:01;2026-09-17 11:43:01;{06A2CBDB-5779-4E0E-98BF-A553B7662777};256
3043;1;8;9;{385EF4B7-4A14-4FB1-BC11-421CF09AAF35};"8,10,{0BBE33BB-3172-4921-A284-641EF2AE1259};";2026-09-17 11:43:01;2026-09-17 11:43:01;{52F8EDA4-A9AE-475B-AEA6-9CD1648873F2};256
3044;1;8;9;{48B596A1-935C-46EA-A188-D750E6E66426};"8,10,{0EFC57B6-3999-4ACC-B371-79CE3885F934};";2026-09-17 11:43:01;2026-09-17 11:43:01;{351C14DF-E813-4CAA-8931-C7BB24E22378};256
3045;1;8;10;{5484FCCC-C091-4C93-AEC9-E3CFE3398C32};"8,9,{8EC6CAA6-3B54-43EF-93F8-1DDBE925E5E0};";2026-09-17 11:43:01;2026-09-17 11:43:01;{A0EEBBB8-E054-4138-8733-426F38C395DB};256
3046;1;8;9;{EF2A3587-B55A-4541-892A-AC76D04A07AB};"8,10,{73FB1FBD-70C4-457A-8EFD-0AA86FA317BA};";2026-09-17 11:43:01;2026-09-17 11:43:01;{D4F2D303-A0FD-4A68-A274-3390BB2F05E8};256
3047;1;8;10;{890A2E78-CD16-456E-82C7-5F5193288B05};"8,9,{CF55DEC3-8797-4A33-93E4-CA59FDCAAF8A};";2026-09-17 11:43:01;2026-09-17 11:43:01;{C6E4128E-D514-4462-9FE3-2A4EE4BDC1D0};256
3048;1;8;9;{7AD2A5B4-D0C1-4E5F-8C96-770AAC4297F8};"8,10,{38BAC8E6-604F-466A-993D-C5B407918778};";2026-09-17 11:43:01;2026-09-17 11:43:01;{AF12F331-DB50-4F06-9E40-FB1F3335315A};256
3049;1;8;9;{C9EB50F7-3D0A-448B-896B-9B387BF7DA55};"8,10,{DC257272-524A-416E-B313-F4C03B775C77};";2026-09-17 11:43:01;2026-09-17 11:43:01;{B45F752F-F5E4-4FE5-8346-1F58D500948E};256
3050;1;8;9;{C876D6D0-0B73-4A2B-93CF-20965CD6A286};"8,10,{7A2EC232-330A-45BB-8A87-29FCC45F1920};";2026-09-17 11:43:01;2026-09-17 11:43:01;{42132718-5462-4854-BDE4-D8AACF387FF3};256
3051;1;8;9;{A6BCF5FD-4B63-497F-89FE-7CC6BE9B9AFF};"8,10,{F58EF816-6CBE-498E-A90C-F3F709BFC3DE};";2026-09-17 11:43:01;2026-09-17 11:43:01;{1CF331D6-AD5C-4D0F-A1F6-18E2C5611FB7};256
3052;1;8;10;{C0D584EA-B602-4D08-B5DD-674AC5EED8D2};"8,9,{26824237-A5DE-4EC6-9D97-372EB1AD7FE3};8,9,{CA6CD4AD-26CE-4311-BBC7-1621002BA298};8,9,{1D8A34E4-754F-4C7B-8C24-11039E616D1D};8,9,{8A790E99-F050-4B1A-B5ED-3FC537EA928A};8,9,{5E0AB54C-DF10-4C09-ACEA-9BBACEFBA5E9};8,9,{4B63F1B2-AB36-45AE-B06F-F65CA062CEA0};8,9,{1B841836-AA92-4966-A2AE-F70EEACB1BDA};";2026-09-17 11:43:01;2026-09-17 11:43:01;{D1F157AB-E5DA-4713-9319-DC02AEA5AA94};256
3053;1;8;10;{6B1ACEB5-ACD8-478F-A490-F8AF94E9440A};"8,9,{2DB96AFD-39F9-448E-A708-467841FDCDEC};";2026-09-17 11:43:01;2026-09-17 11:43:01;{29B4086D-957E-4004-BA3F-7C6A38271EF8};256
3054;1;8;9;{DAF7C8F8-0F45-41A2-B2F1-C87FF83DE36A};"8,10,{6683BAA6-70A0-4060-8B37-DC111958161B};";2026-09-17 11:43:01;2026-09-17 11:43:01;{7C164112-1194-44EF-BF40-E322C84962EF};256
3055;1;8;9;{26824237-A5DE-4EC6-9D97-372EB1AD7FE3};"8,10,{C0D584EA-B602-4D08-B5DD-674AC5EED8D2};";2026-09-17 11:43:01;2026-09-17 11:43:01;{83E64115-8FC9-4130-A948-82232DDE079B};256
3056;1;8;9;{472211E3-297C-4384-AE80-419F463C709A};"8,10,{DB4B4028-6059-42DB-8A9F-F29193B282A7};";2026-09-17 11:43:01;2026-09-17 11:43:01;{4BDD208F-3156-4EB7-A7B9-6CF693AACA59};256
3057;1;8;9;{9422263A-2E2B-41BF-B957-4D63F4C936ED};"8,10,{242D43B4-0E8C-41E0-84F4-0C67003DE1D3};";2026-09-17 11:43:01;2026-09-17 11:43:01;{9085DE97-EDFF-4B92-8FCE-6564A2C43B98};256
3058;1;8;10;{B6ADEEC6-4297-499C-9D21-B78C7D6C1132};"8,9,{1FBEED8A-D293-4265-8CA2-D525A0D540C2};";2026-09-17 11:43:01;2026-09-17 11:43:01;{11A4988E-F132-45EB-A88A-81B8B5621C2C};256
3059;1;8;9;{1FBEED8A-D293-4265-8CA2-D525A0D540C2};"8,10,{B6ADEEC6-4297-499C-9D21-B78C7D6C1132};";2026-09-17 11:43:01;2026-09-17 11:43:01;{67EC9DE4-6A7A-4F7B-AA1D-34A6EBA3E1C2};256
3060;1;8;9;{9F5E8633-2731-4563-B072-3A46EEF51B82};"8,10,{8B056DB9-24FC-46CB-B514-065C1377CE64};";2026-09-17 11:43:01;2026-09-17 11:43:01;{994CA4FD-7D01-47DD-82D1-55D01BD7FA45};256
3061;1;8;10;{FE0F2ADB-FAD2-49E0-9CBC-7620EDAE93E9};"8,9,{02B66AE7-02F4-498F-9871-B51311D3B618};";2026-09-17 11:43:01;2026-09-17 11:43:01;{874ABDD2-BEBE-441E-9F53-D8E77C74012D};256
3062;1;8;10;{11E57DD8-B9A9-499D-9AFC-076557DBA0DE};"8,9,{74377041-9240-44B1-A0EB-6DCB8114988A};8,9,{07F74662-4F35-4594-9EF6-912ACEA2F0AD};";2026-09-17 11:43:01;2026-09-17 11:43:01;{0816367B-D36F-4D16-8C87-F7B18B3643DF};256
3063;1;8;10;{0829EEBF-7FD4-4CA4-B2A5-453E0439D903};"8,9,{55D26D4A-59B3-45B1-B921-E408C75CE4D4};";2026-09-17 11:43:01;2026-09-17 11:43:01;{E8D3304E-0FAE-40CF-8701-2D844E85F82D};256
3064;1;8;9;{55D26D4A-59B3-45B1-B921-E408C75CE4D4};"8,10,{0829EEBF-7FD4-4CA4-B2A5-453E0439D903};";2026-09-17 11:43:01;2026-09-17 11:43:01;{49781C77-A7EF-430E-8F76-7D17E08EAD62};256
3065;1;8;10;{67593140-00C3-469E-9C7F-AB998C3F6FCF};"8,9,{B330B30F-DD93-4DF1-95F4-7788DE3A3ACF};";2026-09-17 11:43:01;2026-09-17 11:43:01;{13073EA1-8EAD-4F93-AC1E-24E0FC52D401};256
3066;1;8;10;{82864CAF-5B0F-4BEF-8E88-08EF8DC22B51};"8,9,{AC0E99F2-5D9C-486A-9526-37CE8DC0170E};";2026-09-17 11:43:01;2026-09-17 11:43:01;{D7D2CB80-F848-49E7-9F8F-B064386922D2};256
3067;1;8;9;{22E78F40-1619-48D5-B8D6-2338BB8B6184};"8,10,{CBB6FBC7-317E-4816-9A45-E2685B8219A9};";2026-09-17 11:43:01;2026-09-17 11:43:01;{A69B22ED-0E6E-481E-876D-EA0DAE362FFA};256
3068;1;8;9;{AC0E99F2-5D9C-486A-9526-37CE8DC0170E};"8,10,{82864CAF-5B0F-4BEF-8E88-08EF8DC22B51};";2026-09-17 11:43:01;2026-09-17 11:43:01;{DC039EBC-F70D-4F02-A8BC-8592885FC908};256
3069;1;8;9;{27C43035-3ABB-4023-A79A-6B763041DCA6};"8,10,{D36D1F9F-83D1-4C5D-BB77-86B063844671};";2026-09-17 11:43:01;2026-09-17 11:43:01;{B7B2AF4F-63DE-4791-AE36-177BC9D4A7F3};256
3070;1;8;10;{66AA7EF8-E137-4EBD-9DA9-D757E50B58F5};"8,9,{2D5DE0FE-D2B3-4FD3-A619-51509F0FEBD1};";2026-09-17 11:43:01;2026-09-17 11:43:01;{3DDD237A-362F-4BE0-9C43-F37FA4B189C0};256
3071;1;8;9;{6EA4229C-CECA-4E06-92EB-3A7CC3FFA127};"8,10,{28FBCA4F-21A4-4954-A875-BB9EF7D589D0};";2026-09-17 11:43:01;2026-09-17 11:43:01;{A7CB15BE-A84E-435C-B4F0-A0147710D52C};256
3072;1;8;10;{A3B3338B-E4CB-4F20-BF3C-97FFF67EE716};"8,9,{547F63C2-C0CD-492C-8DE1-7102B91E335B};";2026-09-17 11:43:01;2026-09-17 11:43:01;{F4A3AE74-C636-4CB6-9162-C0C8072AA3BA};256
3073;1;8;10;{B521FEFE-42DD-426F-A7FF-D093BB22BF2C};"8,9,{33FEE300-D837-4B54-B9D6-4F8A80B6F66F};";2026-09-17 11:43:01;2026-09-17 11:43:01;{162C6BA1-5B96-4043-B4BD-2044B0F99B0F};256
3074;1;8;10;{C1347C23-AF8A-4096-9D4D-33182BF8C408};"8,9,{8E707ACF-61D3-45F7-A429-E0FEF281E204};8,9,{3D31E10F-B8CB-4B65-BEC3-C4310AAD9E66};";2026-09-17 11:43:01;2026-09-17 11:43:01;{AD4CD97D-AEF9-42E0-AF38-6BC678CB21FA};256
3075;1;8;9;{547F63C2-C0CD-492C-8DE1-7102B91E335B};"8,10,{A3B3338B-E4CB-4F20-BF3C-97FFF67EE716};";2026-09-17 11:43:01;2026-09-17 11:43:01;{25406122-BAE6-4A84-A7F4-A26161D759FB};256
3076;1;8;10;{C1871471-AD63-40F8-9814-FE29E045F779};"8,9,{C9D522E8-3E57-470F-A059-DD8C09E69B1E};";2026-09-17 11:43:01;2026-09-17 11:43:01;{5BF6BE26-673D-4B14-897F-3F494D3BE29F};256
3077;1;8;9;{C9D522E8-3E57-470F-A059-DD8C09E69B1E};"8,10,{C1871471-AD63-40F8-9814-FE29E045F779};";2026-09-17 11:43:01;2026-09-17 11:43:01;{E5775D0C-91EF-4258-9B38-F25ED1614704};256
3078;1;8;9;{A22C2FA2-B4D6-4A87-A457-FBF64B56B2DC};"8,10,{F8B4D153-1314-4129-B290-B8A1666A6AD2};";2026-09-17 11:43:01;2026-09-17 11:43:01;{FAD65ACF-5A90-4FD4-A536-0DC5E95F9A72};256
3079;1;8;10;{E3EC59CA-B0D5-4423-A959-2BAB2A7AAC01};"8,9,{B3306A51-B67D-4965-A4E9-ECE5F6D15345};";2026-09-17 11:43:01;2026-09-17 11:43:01;{EA74D2B1-57FE-4F10-A6C4-19EE8ADDA28D};256
3080;1;8;9;{089B34BD-B785-490D-9FD0-E1C1EDE05B58};"8,10,{EB4B4671-24F6-44AE-BDB3-24FC1B7CFF34};";2026-09-17 11:43:01;2026-09-17 11:43:01;{B0F253AC-4546-435F-BB90-F3DFBF39E585};256
3081;1;8;9;{B3306A51-B67D-4965-A4E9-ECE5F6D15345};"8,10,{E3EC59CA-B0D5-4423-A959-2BAB2A7AAC01};";2026-09-17 11:43:01;2026-09-17 11:43:01;{2C48E8B7-07B5-4D4C-8BBA-11AEB55977E2};256
3082;1;8;9;{F373080B-249D-4051-8DCA-C8DEC9ACDA1B};"8,10,{440C1283-6DE1-4463-9C22-CCB74ABA95E1};";2026-09-17 11:43:01;2026-09-17 11:43:01;{FE8B68CA-6F3B-4964-BF00-87ACB6DF7E02};256
3083;1;8;9;{DE718CA4-6026-4624-83BE-61D32A6B7968};"8,10,{96497F61-3506-4CA2-B225-9F5FB0587BE9};";2026-09-17 11:43:01;2026-09-17 11:43:01;{0FE76D4A-17B4-4357-A3FE-1E6419452D32};256
3084;1;8;9;{96E6F56A-FFDE-4C97-A339-9B0708B8B883};"8,10,{96497F61-3506-4CA2-B225-9F5FB0587BE9};";2026-09-17 11:43:01;2026-09-17 11:43:01;{EF20D119-3825-48EA-BE95-E8033AE86DD3};256
3085;1;8;10;{DE0C9E80-B59F-4021-BFF1-78F2740C22EF};"8,9,{4420C8B5-D66B-49AE-AA32-78F57ABF2ABC};8,9,{0100E87D-CED7-4AD6-BF99-06815885CF4F};";2026-09-17 11:43:01;2026-09-17 11:43:01;{6900C3F0-D833-4F55-B655-EC89870777EF};256
3086;1;8;10;{9B326A45-5F1F-4419-997F-96F0C42EE112};"8,9,{392E82A4-01E1-4E32-AC29-20C787270807};";2026-09-17 11:43:01;2026-09-17 11:43:01;{F99CAE12-3E2B-4DA2-A5FB-D749250BAF26};256
3087;1;8;10;{62DBC8D9-2500-48F6-BAA2-8CDC917A6431};"8,9,{A91D59DA-C890-4BA4-9874-8781008DFA81};";2026-09-17 11:43:01;2026-09-17 11:43:01;{A140FBB7-EF81-4FA0-B76D-E55FCE88D566};256
3088;1;8;9;{20FBFCDB-E662-4EE8-A546-1B86A496E9CC};"8,10,{85EEF606-E93D-4A53-8756-2CA5D8070050};";2026-09-17 11:43:01;2026-09-17 11:43:01;{B2CD8EC6-7C6F-4E8A-8EA9-9CE3D3D7D142};256
3089;1;8;9;{A91D59DA-C890-4BA4-9874-8781008DFA81};"8,10,{62DBC8D9-2500-48F6-BAA2-8CDC917A6431};";2026-09-17 11:43:01;2026-09-17 11:43:01;{BE644BC6-B931-4000-BAED-D2F789C7EBA6};256
3090;1;8;9;{208C51EA-BFB9-43C5-8AEC-C04AD0F28DD0};"8,10,{270C041E-8B22-4711-AC64-95FD908D4C64};";2026-09-17 11:43:01;2026-09-17 11:43:01;{E9DE7CB6-FFCD-4E0C-8831-21BD159A14D4};256
3091;1;8;9;{F0AAD5E5-B3DB-47C7-A879-E70629FED5DD};"8,10,{E8774A51-5AC4-454E-9C7B-E1485D58ED81};";2026-09-17 11:43:01;2026-09-17 11:43:01;{4CC81676-EB21-4C4B-9CAA-A1040DB972BB};256
3092;1;8;9;{69923D83-BD15-469E-AB3D-9BF4C929DF9F};"8,10,{96497F61-3506-4CA2-B225-9F5FB0587BE9};";2026-09-17 11:43:01;2026-09-17 11:43:01;{5145ADE2-FFB7-4783-A75B-144AA8461FCE};256
3093;1;8;9;{3095CF38-0FE3-4BBF-93AA-10CEF2EB04F6};"8,10,{B56CB206-8862-4CF0-AA84-5FC665703C5A};";2026-09-17 11:43:01;2026-09-17 11:43:01;{51FAECC3-95A6-43AF-B675-E081DC4C393F};256
3094;1;8;9;{28B30729-873D-4F7D-82F8-4CFCD476ECF4};"8,10,{440C1283-6DE1-4463-9C22-CCB74ABA95E1};";2026-09-17 11:43:01;2026-09-17 11:43:01;{9AAEC133-FF6B-4F88-BFCA-B7E72C81024B};256
3095;1;8;10;{6C3FBFDE-2115-493E-B442-A898696B4279};"8,9,{36CA432A-AE7E-4792-BB0E-568215B86CD2};";2026-09-17 11:43:01;2026-09-17 11:43:01;{A40E0A6E-87A3-406E-9F2D-7EBD76F1FDB4};256
3096;1;8;9;{36CA432A-AE7E-4792-BB0E-568215B86CD2};"8,10,{6C3FBFDE-2115-493E-B442-A898696B4279};";2026-09-17 11:43:01;2026-09-17 11:43:01;{4AA95531-99D1-44C0-A05C-480E20899F76};256
3097;1;8;10;{D5218832-BF4B-4C08-A311-828D50C1B250};"8,9,{74E21AB2-FF82-4FCC-947B-6B77DE752E83};";2026-09-17 11:43:01;2026-09-17 11:43:01;{B69DB0BF-1D00-4ECF-BE21-2EC570E2295F};256
3098;1;8;10;{70CBA362-E5F3-4DC0-BDE8-ED1C6618A86C};"8,9,{20CEE0E7-38A8-4479-BC79-E2C59857F591};8,9,{1CF58153-79CC-4FDA-A2A2-C09A79EE09F8};";2026-09-17 11:43:01;2026-09-17 11:43:01;{A098F364-9DA0-47D0-B5AE-E0FBF73A14A1};256
3099;1;8;10;{F5A7BEF7-2E13-408B-9838-8A02289754B2};"8,9,{BA1DF2A8-F430-400C-864D-01C55A74C4B2};";2026-09-17 11:43:01;2026-09-17 11:43:01;{0E057D99-3CE2-40A8-B49C-66148582563D};256
3100;1;8;9;{20CEE0E7-38A8-4479-BC79-E2C59857F591};"8,10,{70CBA362-E5F3-4DC0-BDE8-ED1C6618A86C};";2026-09-17 11:43:01;2026-09-17 11:43:01;{2A0D3B31-2B6D-4D5B-A6A8-BF35F1EC40CB};256
3101;1;8;10;{283B798E-9526-4D10-8D26-4D8B6980AD37};"8,9,{C471BD53-7BFD-4027-A539-53DB2380FFC7};";2026-09-17 11:43:01;2026-09-17 11:43:01;{97B570EE-D0C5-44C4-8E90-585A4FA00562};256
3102;1;8;9;{84010C34-7AA6-48B2-BC9E-FE1C6CA1242F};"8,10,{B2AC4C1E-B331-41F9-832D-2386DFF26EDA};";2026-09-17 11:43:01;2026-09-17 11:43:01;{AA3083DB-5AAC-4627-B686-E90368CC657A};256
3103;1;8;10;{427303B2-F21C-4635-AEF1-519FBC260C24};"8,9,{4C753121-BD72-4E10-B0BE-1A4CB77FA326};";2026-09-17 11:43:01;2026-09-17 11:43:01;{75AF8D84-44D2-429F-9B6A-1069570607D6};256
3104;1;8;9;{4C753121-BD72-4E10-B0BE-1A4CB77FA326};"8,10,{427303B2-F21C-4635-AEF1-519FBC260C24};";2026-09-17 11:43:01;2026-09-17 11:43:01;{0069029B-3436-4925-9C1C-5BE08B7301CF};256
3105;1;8;9;{BFF90E9B-C976-4C20-8DBC-29B5C0EC3948};"8,10,{FDE77184-C0D9-414B-B3F9-62EB0FC6FC5D};";2026-09-17 11:43:01;2026-09-17 11:43:01;{D054095D-49BF-4C28-9CA2-632AB8A5D183};256
3106;1;8;10;{1DC8959E-6091-4740-83B9-C136D4685AF6};"8,9,{93012BEE-B8C3-40B5-B478-665FFEDE387D};";2026-09-17 11:43:01;2026-09-17 11:43:01;{98CE2C54-AD56-4B79-88AB-5E23FB931934};256
3107;1;8;9;{93012BEE-B8C3-40B5-B478-665FFEDE387D};"8,10,{1DC8959E-6091-4740-83B9-C136D4685AF6};";2026-09-17 11:43:01;2026-09-17 11:43:01;{7225C701-2EE6-45F8-881E-BD10F82BBC02};256
3108;1;8;9;{646E535B-3BFF-482E-A7BB-9ECD8C5ED553};"8,10,{5E902C0E-6EEB-47E5-86E4-E1B1CE560FDF};";2026-09-17 11:43:01;2026-09-17 11:43:01;{8C461670-2776-4A2D-9DF4-81E6F9CDDD31};256
3109;1;8;10;{0FAE8014-D7D1-467A-9FF0-232CD99BC17A};"8,9,{79925B8E-0E5A-4AE5-815C-CF9F198B0301};8,9,{46B021AB-4DBB-49DA-87C9-108056261217};";2026-09-17 11:43:01;2026-09-17 11:43:01;{F2E9B27A-00A8-442E-A550-6BDEA8426A31};256
3110;1;8;9;{43D8CDD1-5333-4B06-8552-E6F6C2F890C3};"8,10,{D2657FD0-2F2E-4BAB-867F-045351DC9131};";2026-09-17 11:43:01;2026-09-17 11:43:01;{3E9FDBFE-936E-491B-B103-B6FD300D97FB};256
3111;1;8;9;{79925B8E-0E5A-4AE5-815C-CF9F198B0301};"8,10,{0FAE8014-D7D1-467A-9FF0-232CD99BC17A};";2026-09-17 11:43:01;2026-09-17 11:43:01;{0C7475BD-8FA0-40DF-AA04-D63A74D07FB6};256
3112;1;8;9;{7B73D975-36E2-40AE-88B4-0E584EE4396C};"8,10,{0BBE33BB-3172-4921-A284-641EF2AE1259};";2026-09-17 11:43:01;2026-09-17 11:43:01;{A67D9259-2B82-4905-BD2D-6D7C0AF96A31};256
3113;1;8;9;{6A56A1F7-F9F9-4888-86F2-6B143EA563C8};"8,10,{7524F3D6-C736-4B59-AF6D-5C5A82DA800C};";2026-09-17 11:43:01;2026-09-17 11:43:01;{92D14D95-8B31-4058-ACC7-630CD3E8710C};256
3114;1;8;9;{CA6CD4AD-26CE-4311-BBC7-1621002BA298};"8,10,{C0D584EA-B602-4D08-B5DD-674AC5EED8D2};";2026-09-17 11:43:01;2026-09-17 11:43:01;{1A730628-1502-4F96-917D-3C13A6844926};256
3115;1;8;9;{3BCE166D-122E-4F7C-AEB4-8733A141507A};"8,10,{A689AA68-FD77-4153-B0CC-C4263AF928CA};";2026-09-17 11:43:01;2026-09-17 11:43:01;{244A4578-5B06-4958-B6E8-4C4DBE25197F};256
3116;1;8;10;{7F70ACD4-6515-4514-8AFF-03DC5A45EDAB};"8,9,{9BC48EB2-3F54-4092-8DF7-F0A6FA50B04C};8,9,{C1494126-065D-4A81-9575-8CE1ED92E934};";2026-09-17 11:43:01;2026-09-17 11:43:01;{374A8A49-9398-43AC-B0D3-11C5156BC005};256
3117;1;8;9;{692D67E3-C178-4E57-A22F-06F35B4510DF};"8,10,{9444DCB6-63DD-4132-8C26-0BF1162A90EA};";2026-09-17 11:43:01;2026-09-17 11:43:01;{850009B2-58F1-464D-A625-3AAD29F3F6C1};256
3118;1;8;10;{82927273-F494-4373-BF6D-B18797695F05};"8,9,{47361FEF-3652-4D5F-81B6-AEE8A675E95F};8,9,{DCCA4C75-57F8-4B46-8E27-0FE510679B12};";2026-09-17 11:43:01;2026-09-17 11:43:01;{7B56AD1B-8384-4108-B788-9ED7383664B8};256
3119;1;8;9;{07CC1FE3-5F9D-4B32-80AC-DAE887ECA36F};"8,10,{9E40D052-7FEE-4A3B-A68E-C83EB41BAB32};";2026-09-17 11:43:01;2026-09-17 11:43:01;{B04CA628-2D0C-4C7D-8B29-4EBA738A1C1C};256
3120;1;8;9;{FAE6575A-5020-4D62-A1F6-76076DB2928B};"8,10,{A689AA68-FD77-4153-B0CC-C4263AF928CA};";2026-09-17 11:43:01;2026-09-17 11:43:01;{C4B96FA4-DC9E-4CBC-B1DC-CDDA364BA055};256
3121;1;8;9;{CEAFBBDC-B697-4127-999D-E9C47DBF5748};"8,10,{D7288ECF-A25A-4446-B073-C3FB9CD0E88F};";2026-09-17 11:43:01;2026-09-17 11:43:01;{1965E115-DFBC-42DB-BC9F-91C644D7022E};256
3122;1;8;10;{B66A897C-DC4E-4159-AD0E-B4731977F0B5};"8,9,{DE87F30D-6AB1-4DA1-A0B5-1F39B5C0C491};";2026-09-17 11:43:01;2026-09-17 11:43:01;{515C9B32-23CC-4FC8-994C-2F277C0C504D};256
3123;1;8;9;{140B0202-F248-4A07-915E-4FA21F305A95};"8,10,{F6E15187-BD45-4388-A23D-2F072DC07049};";2026-09-17 11:43:01;2026-09-17 11:43:01;{858A53A5-3A85-4518-9984-2575394E2C56};256
3124;1;8;9;{D8EF7F59-86B1-411D-BA3C-8CDCB8BD8079};"8,10,{9D5F0E75-EAB3-429D-885B-6433E6AF4A7A};";2026-09-17 11:43:01;2026-09-17 11:43:01;{5662C77C-B51B-49AE-AA24-4E07680F030C};256
3125;1;8;9;{DE87F30D-6AB1-4DA1-A0B5-1F39B5C0C491};"8,10,{B66A897C-DC4E-4159-AD0E-B4731977F0B5};";2026-09-17 11:43:01;2026-09-17 11:43:01;{54A55256-F3B5-48AA-A5B8-716A48985DE8};256
3126;1;8;10;{3B370AC2-8E78-4452-BA75-E6D58A80F3AD};"8,9,{8AF26607-FBF3-4D8D-9A9E-70D7B366B4D0};8,9,{B0B66A19-756F-43A2-8D5F-998491280B28};";2026-09-17 11:43:01;2026-09-17 11:43:01;{349C564A-17C2-4E29-9A16-759838BD51F5};256
3127;1;8;9;{46B021AB-4DBB-49DA-87C9-108056261217};"8,10,{0FAE8014-D7D1-467A-9FF0-232CD99BC17A};";2026-09-17 11:43:01;2026-09-17 11:43:01;{6818A6C8-432D-4280-A47E-FFF71498C0EC};256
3128;1;8;9;{33FEE300-D837-4B54-B9D6-4F8A80B6F66F};"8,10,{B521FEFE-42DD-426F-A7FF-D093BB22BF2C};";2026-09-17 11:43:01;2026-09-17 11:43:01;{962E8D4B-FECF-445A-8BB6-BEEB11BE22C7};256
3129;1;8;10;{2960D47E-D2BF-4C4B-9A0A-3EFB62CFB40E};"8,9,{59912547-77E3-41D8-82C1-E917F86899D1};";2026-09-17 11:43:01;2026-09-17 11:43:01;{CF706C58-A6C5-4C01-A64F-CE5FA3DA7A8B};256
3130;1;8;9;{D29857B8-960B-4AE8-B774-5C819F1E3169};"8,10,{8B056DB9-24FC-46CB-B514-065C1377CE64};";2026-09-17 11:43:01;2026-09-17 11:43:01;{CCF9ABAB-22DF-44B1-BEB0-DD895B71EE6B};256
3131;1;8;9;{6BF790FB-F01D-47D3-9BFA-13DFD4ED2C57};"8,10,{28FBCA4F-21A4-4954-A875-BB9EF7D589D0};";2026-09-17 11:43:01;2026-09-17 11:43:01;{34CF391C-8ABB-488B-897F-78FE11A48DF7};256
3132;1;8;10;{7A50E8E2-E0AE-4CB2-8978-96A7F8F9FAB1};"8,9,{DBB58E82-82B7-46EC-AD8C-032BF6B86BF9};";2026-09-17 11:43:01;2026-09-17 11:43:01;{C03EEF48-9DD4-407C-8741-A643D55C3011};256
3133;1;8;9;{8B74F85B-022F-4C78-A75A-2F9B04B800C2};"8,10,{91EAA3D2-D56D-457D-B813-9C764368510A};";2026-09-17 11:43:01;2026-09-17 11:43:01;{F5A7356C-6052-4D54-BC82-7DD45F3D88DB};256
3134;1;8;10;{C521BE50-DDFD-4743-B520-B1FAEA8C4E97};"8,9,{61039AF4-4A5F-4EA7-9391-CB316EC74C7B};";2026-09-17 11:43:01;2026-09-17 11:43:01;{F72A212B-AB28-497C-ABB9-CE2E81BA734E};256
3135;1;8;9;{61039AF4-4A5F-4EA7-9391-CB316EC74C7B};"8,10,{C521BE50-DDFD-4743-B520-B1FAEA8C4E97};";2026-09-17 11:43:01;2026-09-17 11:43:01;{5F0B0194-12FA-4D6C-B020-7234B091E59F};256
3136;1;8;9;{C8045B0D-8168-4F10-866F-C3D38A174335};"8,10,{D2D89AD8-CE85-4048-B89F-9152AA7C96F9};";2026-09-17 11:43:01;2026-09-17 11:43:01;{5128D4DF-365F-40A5-B7C6-42ACF6FF7ACA};256
3137;1;8;9;{4BC4030A-B621-473A-A2F5-C491F3220818};"8,10,{62F5166C-E33E-4A1A-A8D4-0C6B222E5840};";2026-09-17 11:43:01;2026-09-17 11:43:01;{B552EDB0-C876-42FC-BA71-650254485729};256
3138;1;8;9;{EE4B35CE-48B3-4AAA-A241-22DB50077562};"8,10,{D36D1F9F-83D1-4C5D-BB77-86B063844671};";2026-09-17 11:43:01;2026-09-17 11:43:01;{2500B368-96E3-4063-903C-1091EFCB64FB};256
3139;1;8;10;{968DE9F8-8B8B-46AD-888F-305285218553};"8,9,{78972B98-EC60-441B-A787-E2E35D2837B3};";2026-09-17 11:43:01;2026-09-17 11:43:01;{9D34AA83-6518-4DC5-90B7-1641F8D65B7F};256
3140;1;8;10;{2E176236-09F0-4104-8394-2187630F7407};"8,9,{B7978A11-E62C-4ABF-AF32-69E9A4AA82D1};8,9,{CA6A95A3-438E-454A-9386-71F6B63B5943};";2026-09-17 11:43:01;2026-09-17 11:43:01;{2C373E17-C1BB-42A2-96D8-B1FE58835BBE};256
3141;1;8;10;{556E2A49-9E05-49ED-8F6B-3DD85F0A0E91};"8,9,{7141A1B5-2B0F-40E4-B9B5-C2D0069E8FC4};";2026-09-17 11:43:01;2026-09-17 11:43:01;{4722C743-9A27-4CE7-BBCE-008560ECF5D9};256
3142;1;8;9;{7141A1B5-2B0F-40E4-B9B5-C2D0069E8FC4};"8,10,{556E2A49-9E05-49ED-8F6B-3DD85F0A0E91};";2026-09-17 11:43:01;2026-09-17 11:43:01;{78B027D4-4DFF-43F8-AE24-F96A41E40949};256
3143;1;8;9;{94278D1B-85CB-4CDD-B920-74C14187F153};"8,10,{07E1E219-8813-4B22-B9FB-5C3F99B5CEFB};";2026-09-17 11:43:01;2026-09-17 11:43:01;{75F9B872-5CFF-49A0-A8BE-B8F669C0958E};256
3144;1;8;10;{56CBDF37-DDBF-4EA9-A1BE-733E79D2330B};"8,9,{FE23ECED-BAD7-4E03-A525-C082FAAD82B1};8,9,{D1EF457C-4A6B-4501-BC38-EBC62E147916};";2026-09-17 11:43:01;2026-09-17 11:43:01;{1A59F534-57F8-48F7-9A6F-6039441CDCFF};256
3145;1;8;10;{A87A553F-8881-44A6-8C8E-1F40D723950C};"8,9,{EC129D78-FA3B-4E26-9527-3BC71DCA9578};";2026-09-17 11:43:01;2026-09-17 11:43:01;{6A124F65-929A-4FB8-921A-2B07878FA670};256
3146;1;8;10;{7CE8ED39-26C7-410D-AEF4-D3A125E2234A};"8,9,{54FD60B5-EA6A-4C1F-A4FE-D60E190C2B51};";2026-09-17 11:43:01;2026-09-17 11:43:01;{BCE8169A-7965-44DB-8BC9-7F550356510E};256
3147;1;8;9;{54FD60B5-EA6A-4C1F-A4FE-D60E190C2B51};"8,10,{7CE8ED39-26C7-410D-AEF4-D3A125E2234A};";2026-09-17 11:43:01;2026-09-17 11:43:01;{9FCCE6CD-2B5C-4119-A953-AE034CBBA53B};256
3148;1;8;9;{B8536001-EAAD-42B1-8ADB-9E412BEFF436};"8,10,{D3AE8186-FF93-41F1-9417-C92F24C5A7FD};";2026-09-17 11:43:01;2026-09-17 11:43:01;{E6077794-4160-4D40-8A3F-A3DBBF47D874};256
3149;1;8;9;{6125E7FC-A83F-4530-90BC-B237EF2DF64A};"8,10,{5850A7F4-389D-4283-B184-1C3A802C3BAF};";2026-09-17 11:43:01;2026-09-17 11:43:01;{034D89F7-F3D3-4EBA-90C3-98F001B0A3A4};256
3150;1;8;10;{479D31B5-EEEF-48F4-AAED-29FDFE1D742C};"8,9,{28550BFA-6643-4559-8782-7D494ABB345F};";2026-09-17 11:43:01;2026-09-17 11:43:01;{0223C9CF-97BD-4CB8-BF82-565AB67D6A98};256
3151;1;8;10;{7AB1FABA-1E40-4305-96DA-96724E2D1AD2};"8,9,{65A84681-0CDB-40D7-B320-C44EDB944C7E};";2026-09-17 11:43:01;2026-09-17 11:43:01;{6A4ECF46-CD96-44CF-ACA1-2310D0C2FC3F};256
3152;1;8;9;{28550BFA-6643-4559-8782-7D494ABB345F};"8,10,{479D31B5-EEEF-48F4-AAED-29FDFE1D742C};";2026-09-17 11:43:01;2026-09-17 11:43:01;{A3DCDF8F-D63A-4985-836D-B6D8B15673E6};256
3153;1;8;9;{DCCA4C75-57F8-4B46-8E27-0FE510679B12};"8,10,{82927273-F494-4373-BF6D-B18797695F05};";2026-09-17 11:43:01;2026-09-17 11:43:01;{D8E6E37B-7795-4219-8825-83C6F361966E};256
3154;1;8;10;{184BEFA8-0909-4182-9F9C-69223101BF50};"8,9,{57CA2DFE-6C28-4F74-9778-41A2BABE5D66};";2026-09-17 11:43:01;2026-09-17 11:43:01;{2D838279-2B9B-4F54-97ED-450CCDC91B24};256
3155;1;8;9;{57CA2DFE-6C28-4F74-9778-41A2BABE5D66};"8,10,{184BEFA8-0909-4182-9F9C-69223101BF50};";2026-09-17 11:43:01;2026-09-17 11:43:01;{4E8CBF7E-C007-4BB6-8EB7-1B6722CB97AB};256
3156;1;8;10;{5637C389-FBF8-4107-A9A5-AC78F48E47E7};"8,9,{FB4612F6-B212-4965-A64F-28556CDD8ADB};";2026-09-17 11:43:01;2026-09-17 11:43:01;{204E3110-736F-425B-B159-5461F442456D};256
3157;1;8;9;{8A9B722D-3B22-40B5-9C98-7D012BF9ADF1};"8,10,{707A5116-7148-462E-9059-A5126DA684D7};";2026-09-17 11:43:01;2026-09-17 11:43:01;{33DE2B21-01EF-4DA7-A5FD-80E5956ABA16};256
3158;1;8;9;{2E7BA0B1-A3C5-4DA2-87B2-F4D13B9412DA};"8,10,{C3EE8970-F1FF-4F2E-8892-D9FB6A40EB88};";2026-09-17 11:43:01;2026-09-17 11:43:01;{D16D8855-2C16-49EE-9DFE-6EDA220AAFEC};256
3159;1;8;9;{DC73A30B-E3D9-4E77-BC5C-3E21374364B5};"8,10,{789693CF-454F-45B7-951B-A099730E24F9};";2026-09-17 11:43:01;2026-09-17 11:43:01;{AC61DD97-D610-42CF-ACA8-DB0A1D68AF15};256
3160;1;8;9;{494D1D3E-0315-4052-BB70-444896FC765A};"8,10,{433C60D5-B559-4D71-A92D-D9285E7E4D16};";2026-09-17 11:43:01;2026-09-17 11:43:01;{35996A7D-FA5E-41D4-85E9-6A4A5414743F};256
3161;1;8;10;{AA2D3C87-9A4C-4130-93F4-3D4EEE773F81};"8,9,{7A6CD91A-B601-4F74-9C1B-5B6A094CFE52};8,9,{00DD1697-11FA-46D2-B111-AC7A152780E1};";2026-09-17 11:43:01;2026-09-17 11:43:01;{F4C6BD10-A700-488D-B0B8-AF574864471D};256
3162;1;8;10;{AE36C859-D9CC-45DE-A7F6-C1E12CA4F3B1};"8,9,{8C52F643-BB1C-49CC-A0BA-B88C5FC76D29};";2026-09-17 11:43:01;2026-09-17 11:43:01;{367C0959-AE77-48F9-83F5-1A21985938A6};256
3163;1;8;9;{596026F9-3B2F-4B28-8D38-0AD03D8D63E7};"8,10,{E8774A51-5AC4-454E-9C7B-E1485D58ED81};";2026-09-17 11:43:01;2026-09-17 11:43:01;{321DE317-619D-4278-980A-11F66BC1CA2E};256
3164;1;8;10;{7524F3D6-C736-4B59-AF6D-5C5A82DA800C};"8,9,{6A56A1F7-F9F9-4888-86F2-6B143EA563C8};";2026-09-17 11:43:01;2026-09-17 11:43:01;{23F91ADD-39BD-486D-96DE-E12B7A37D03C};256
3165;1;8;10;{2AEDD945-F2C5-40D4-93E7-52B6B705760E};"8,9,{7065D09D-96D1-4124-98BC-12A23DF0BA1C};8,9,{83721882-9DF1-4319-BF0E-AF5FF230B2C4};8,9,{6EBD5423-29E8-4496-A509-542693503795};8,9,{FC4B9FBC-C3B0-4781-A018-35E98D372AB9};";2026-09-17 11:43:01;2026-09-17 11:43:01;{7076C203-C443-4C76-AD4F-0FEF6F444C8E};256
3166;1;8;9;{7065D09D-96D1-4124-98BC-12A23DF0BA1C};"8,10,{2AEDD945-F2C5-40D4-93E7-52B6B705760E};";2026-09-17 11:43:01;2026-09-17 11:43:01;{9DEA81C3-CCA1-4B5B-AA2D-B53907F14775};256
3167;1;8;9;{3ECB0865-CDEB-41AA-9EA6-866F615FDE83};"8,10,{85EEF606-E93D-4A53-8756-2CA5D8070050};";2026-09-17 11:43:01;2026-09-17 11:43:01;{F3641F27-447B-4B07-8AFF-C6F10F27EE12};256
3168;1;8;9;{0B4566E8-314F-4F34-B3F7-B79F9D5DCF90};"8,10,{D955FA8C-DD88-495F-B801-A38A4476C979};";2026-09-17 11:43:01;2026-09-17 11:43:01;{F2C647AD-C637-49D9-AF15-EE506419A989};256
3169;1;8;10;{09833DE8-AA6E-47E6-8FB9-3DC23BE68072};"8,9,{B0319338-4AC2-4A98-AE6F-008E971F4F4B};";2026-09-17 11:43:01;2026-09-17 11:43:01;{A6FE0771-F5FF-438E-8E72-3A48D567C206};256
3170;1;8;9;{83721882-9DF1-4319-BF0E-AF5FF230B2C4};"8,10,{2AEDD945-F2C5-40D4-93E7-52B6B705760E};";2026-09-17 11:43:01;2026-09-17 11:43:01;{18B9348D-E161-45FF-B6CA-F0DCD1325CBC};256
3171;1;8;9;{A0F33D5C-C979-4652-B6C5-70FC383DCC51};"8,10,{76D5A792-74FD-442B-B68F-FAA5F0C0801C};";2026-09-17 11:43:01;2026-09-17 11:43:01;{83090E8E-198A-4863-AB7C-42883B0C105F};256
3172;1;8;10;{AA5DD3C8-9119-4AD6-956C-C8D48501B42A};"8,9,{CBC93F6D-339C-4163-8F9F-40C65DA7DCCC};";2026-09-17 11:43:01;2026-09-17 11:43:01;{1A7B2E88-2B48-4BF3-9752-EC0A81199B1A};256
3173;1;8;10;{7C2A0594-9372-4D54-8CE8-BAD6696BA038};"8,9,{4717B446-2783-4231-838F-2059EAC6700C};";2026-09-17 11:43:01;2026-09-17 11:43:01;{C73AF9EB-5ABB-43EE-AA71-503B7C5D7181};256
3174;1;8;10;{27902FBA-690B-47D4-A0F3-0EF523917896};"8,9,{B5DC1F34-4D66-493B-A0D0-C00B6E72650A};";2026-09-17 11:43:01;2026-09-17 11:43:01;{7B45268B-E772-4302-9872-52F0FFD47920};256
3175;1;8;10;{E91F0F8E-A824-4191-8D38-B6E842E45C6E};"8,9,{AC4A51EB-59A6-4FEA-96E8-E8E65596E482};";2026-09-17 11:43:01;2026-09-17 11:43:01;{ED9B2042-0A5E-482F-9630-AB5FF5008606};256
3176;1;8;9;{1CF58153-79CC-4FDA-A2A2-C09A79EE09F8};"8,10,{70CBA362-E5F3-4DC0-BDE8-ED1C6618A86C};";2026-09-17 11:43:01;2026-09-17 11:43:01;{0F16F34C-5FCB-4D9F-8BCF-07439FB7B34C};256
3177;1;8;10;{C1C7AFCE-5A38-4BC7-BDC4-9600465BE4F7};"8,9,{08691AFB-C65E-4BE4-93F1-6D2A492C93BE};";2026-09-17 11:43:01;2026-09-17 11:43:01;{DF7EE703-8340-4BFF-986B-7EA3959606BA};256
3178;1;8;10;{1AA7AB7E-C64C-4F92-813E-BB293695C212};"8,9,{1B3910AB-D3BB-426D-B01B-B177578BAE91};";2026-09-17 11:43:01;2026-09-17 11:43:01;{D4DC6F89-B021-4DBD-A823-707B3F973738};256
3179;1;8;10;{0021C7C3-F23D-431A-BBA6-D7D4E5C1EE27};"8,9,{6A328D6F-DA10-4CDE-B140-B4EBA4213C75};";2026-09-17 11:43:01;2026-09-17 11:43:01;{56568646-C96C-4500-BCC3-724BDCDB138E};256
3180;1;8;9;{6A328D6F-DA10-4CDE-B140-B4EBA4213C75};"8,10,{0021C7C3-F23D-431A-BBA6-D7D4E5C1EE27};";2026-09-17 11:43:01;2026-09-17 11:43:01;{1EC140BD-F6C8-4137-B1D8-12B8C0FB7D9B};256
3181;1;8;9;{1D8A34E4-754F-4C7B-8C24-11039E616D1D};"8,10,{C0D584EA-B602-4D08-B5DD-674AC5EED8D2};";2026-09-17 11:43:01;2026-09-17 11:43:01;{E1929282-E870-448F-A8AF-91C7BF0B6D4A};256
3182;1;8;9;{D4580210-CCE3-4ADC-AAB0-291FDA36F44E};"8,10,{1AAB2713-BA9C-483F-892D-B63C727D1EF5};";2026-09-17 11:43:01;2026-09-17 11:43:01;{A738FE36-85DA-4402-8F81-70F37D047E9A};256
3183;1;8;10;{5C738153-6BAF-4842-AC97-3827F1A640E8};"8,9,{6C499C3C-68F3-4BED-9B8C-7F8F3EED45D3};";2026-09-17 11:43:01;2026-09-17 11:43:01;{F2E7C62F-E346-4EAB-8FF2-A38838233303};256
3184;1;8;9;{6C499C3C-68F3-4BED-9B8C-7F8F3EED45D3};"8,10,{5C738153-6BAF-4842-AC97-3827F1A640E8};";2026-09-17 11:43:01;2026-09-17 11:43:01;{C55F2873-D520-4742-ADC6-F9C156D5DEE8};256
3185;1;8;9;{97436511-B402-4309-82A3-B613F1B9BE1F};"8,10,{A102080F-79E8-49FD-92A9-C350795482AF};";2026-09-17 11:43:01;2026-09-17 11:43:01;{D2318D83-3556-4E5B-B7C2-50329A629BDA};256
3186;1;8;9;{7D7B7B6C-2F1D-457C-AF96-991A7AB8845D};"8,10,{9D5F0E75-EAB3-429D-885B-6433E6AF4A7A};";2026-09-17 11:43:01;2026-09-17 11:43:01;{C3FE9879-6734-4A45-ACBB-194E6CE140DF};256
3187;1;8;9;{01CEB2BF-DDA1-4CC5-81DD-474C12608D37};"8,10,{D46EEB5D-4A17-43C4-84A3-81A410D7272B};";2026-09-17 11:43:01;2026-09-17 11:43:01;{421AA749-9D3A-4845-BE95-1CD5560D6E9A};256
3188;1;8;10;{1AA5F8C1-FBA6-4CFD-933C-191EDAE860E3};"8,9,{DA6C0C9B-14FC-45E7-8DDE-6DE9DD5723F5};";2026-09-17 11:43:01;2026-09-17 11:43:01;{E880E1B7-425B-46E4-8961-7FC687C8B47A};256
3189;1;8;9;{DA6C0C9B-14FC-45E7-8DDE-6DE9DD5723F5};"8,10,{1AA5F8C1-FBA6-4CFD-933C-191EDAE860E3};";2026-09-17 11:43:01;2026-09-17 11:43:01;{F134A2D8-948E-4A4E-82D4-E12349405D77};256
3190;1;8;10;{55613CED-107F-4F11-8408-2F7B76DE166E};"8,9,{01018233-E09A-46C9-9501-10A318263DB6};";2026-09-17 11:43:01;2026-09-17 11:43:01;{B394D631-9B8D-4459-B17D-B76DCE834683};256
3191;1;8;9;{01018233-E09A-46C9-9501-10A318263DB6};"8,10,{55613CED-107F-4F11-8408-2F7B76DE166E};";2026-09-17 11:43:01;2026-09-17 11:43:01;{E213F624-0CF8-4219-B48E-6D6FAE4293C5};256
3192;1;8;9;{C266C8D4-88CA-4C0F-80FA-C83FB27DB997};"8,10,{D0AD9342-D67B-4A96-83FA-29E11DD33705};";2026-09-17 11:43:01;2026-09-17 11:43:01;{ABD4F551-2D87-42BA-81F3-585570238DBA};256
3193;1;8;10;{4BAB4DD6-8A4E-49B5-8155-01E36ABB6086};"8,9,{D6EF46CF-8AC6-40B9-A151-9852DC73F06B};8,9,{1AAABFE7-D983-491C-AC8E-3A061758370A};8,9,{8F9AE9D5-73D3-4961-8656-C777884B1DDE};";2026-09-17 11:43:01;2026-09-17 11:43:01;{29FFB38C-7E2B-417E-8150-F7C441F11ED9};256
3194;1;8;9;{D6EF46CF-8AC6-40B9-A151-9852DC73F06B};"8,10,{4BAB4DD6-8A4E-49B5-8155-01E36ABB6086};";2026-09-17 11:43:01;2026-09-17 11:43:01;{DFA2C896-B2BE-426F-BD8D-8902FD1DB80E};256
3195;1;8;10;{B2603A79-EDC0-4D7D-9278-272B07083589};"8,9,{C4A9007C-F54D-462C-8083-85E8B4DE2FFA};8,9,{99B276A9-879E-4C64-948D-E3990EAB14DA};";2026-09-17 11:43:01;2026-09-17 11:43:01;{1AFF0607-BEBE-474A-9FA4-758E55FA568F};256
3196;1;8;9;{C4A9007C-F54D-462C-8083-85E8B4DE2FFA};"8,10,{B2603A79-EDC0-4D7D-9278-272B07083589};";2026-09-17 11:43:01;2026-09-17 11:43:01;{8D757F2A-2D5C-430D-BFE1-E1C6FBEF9D30};256
3197;1;8;9;{F1649834-7FF6-4C4D-8764-E970FD5B2028};"8,10,{46B013A0-FE79-4260-A8BE-656DBA033E4D};";2026-09-17 11:43:01;2026-09-17 11:43:01;{EF9D4C7F-ACD8-49AF-B1FE-A9A025AD608F};256
3198;1;8;10;{E975D5A2-BC0D-4C18-8937-AF93FE1AACEF};"8,9,{115674FF-8931-4C09-888B-CA197D4496C3};";2026-09-17 11:43:01;2026-09-17 11:43:01;{4803D83E-5121-457D-9DD4-D635CFAF8E03};256
3199;1;8;9;{C85FD7CF-6937-4EED-ABB0-B51DBBC49F77};"8,10,{BE6FBC09-D761-4F4A-B85C-0FB7B4476E45};";2026-09-17 11:43:01;2026-09-17 11:43:01;{5EBCEC42-45FD-45CB-9E88-7FB545FD429D};256
3200;1;8;9;{115674FF-8931-4C09-888B-CA197D4496C3};"8,10,{E975D5A2-BC0D-4C18-8937-AF93FE1AACEF};";2026-09-17 11:43:01;2026-09-17 11:43:01;{24285435-2393-4AD8-A58E-B58E1CA5C57F};256
3201;1;8;9;{AF7B58ED-90C0-4906-A814-D6F5F90A5BF6};"8,10,{D6DA6DC0-6C5E-471E-8F56-5793DB7BE83B};";2026-09-17 11:43:01;2026-09-17 11:43:01;{402F9411-6CC0-49F9-B71A-E039AE016274};256
3202;1;8;10;{7EBF996D-11FF-48C4-B8F1-FBB8207370B4};"8,9,{5A768FEF-B8AB-4AB9-AECB-15B43384303D};";2026-09-17 11:43:01;2026-09-17 11:43:01;{895B37C3-CE96-4CEE-A406-F1466C09C7DC};256
3203;1;8;9;{5A768FEF-B8AB-4AB9-AECB-15B43384303D};"8,10,{7EBF996D-11FF-48C4-B8F1-FBB8207370B4};";2026-09-17 11:43:01;2026-09-17 11:43:01;{8EADD8F9-A151-4C50-9AC3-B1000DBC1ED4};256
3204;1;8;9;{1AAABFE7-D983-491C-AC8E-3A061758370A};"8,10,{4BAB4DD6-8A4E-49B5-8155-01E36ABB6086};";2026-09-17 11:43:01;2026-09-17 11:43:01;{8E8A2CA6-EBF0-4195-B8A4-384C9A843ACA};256
3205;1;8;9;{09865382-84AB-4964-89CB-5F6E4D72D0E0};"8,10,{39CE3319-ADB3-4035-B4D2-2507D84440AD};";2026-09-17 11:43:01;2026-09-17 11:43:01;{CB25A87F-FECA-4AE1-ABD6-F75D7F826E21};256
3206;1;8;10;{D7288ECF-A25A-4446-B073-C3FB9CD0E88F};"8,9,{5A6A0EAE-1A21-4251-AC7A-B771869C9CA3};8,9,{CEAFBBDC-B697-4127-999D-E9C47DBF5748};";2026-09-17 11:43:01;2026-09-17 11:43:01;{C4A885EF-2306-4EB3-9EEA-3A2F7ED165F4};256
3207;1;8;9;{5EC7DC68-FB47-4047-B980-295030C0CC32};"8,10,{D90C242C-53FF-48DB-9E35-8B941A25A8F4};";2026-09-17 11:43:01;2026-09-17 11:43:01;{E1D4A49A-D12A-4393-B500-7A8F871B33E7};256
3208;1;8;10;{B40DECB0-2C2B-4C4E-9971-84F5059C1533};"8,9,{48642C7E-3C56-46AE-9257-D8E784FDCEB4};";2026-09-17 11:43:01;2026-09-17 11:43:01;{00B2AA27-5D07-4FEE-8A20-F03D663D2EA1};256
3209;1;8;10;{54B52A30-0C63-448F-B8A6-732A454802CD};"8,9,{CE816D08-22A9-4438-A3C6-006D36BE353C};";2026-09-17 11:43:01;2026-09-17 11:43:01;{15CD3398-265C-4DCB-99FE-CB4FE24C5F97};256
3210;1;8;9;{6165BF12-923D-48FF-9B37-9FCFBD9F0C5D};"8,10,{D90C242C-53FF-48DB-9E35-8B941A25A8F4};";2026-09-17 11:43:01;2026-09-17 11:43:01;{AB903B30-7DDF-4CBD-BF25-84EB112F7F05};256
3211;1;8;9;{3CB14D81-0EBF-4A6A-B6BA-A4546AC0FF5B};"8,10,{60DF2F9F-FFAB-46C1-B702-CCEF46922AC8};";2026-09-17 11:43:01;2026-09-17 11:43:01;{728728B0-6A32-4638-A4A2-245625DB71DF};256
3212;1;8;9;{3CEEFEAC-6A90-4403-B2AB-A2963B6CA98B};"8,10,{6FF59185-B474-4985-8166-1597972C1F50};";2026-09-17 11:43:01;2026-09-17 11:43:01;{F6A0D135-C950-446E-AD08-BFC478E950F2};256
3213;1;8;9;{22065A6C-698B-40FD-9723-152A1D2E0FB5};"8,10,{557F950D-2B43-432E-BA47-BD81592F4139};";2026-09-17 11:43:01;2026-09-17 11:43:01;{A946D0BB-A2EF-4234-A6A0-2D4F274A9990};256
3214;1;8;9;{FC4B9FBC-C3B0-4781-A018-35E98D372AB9};"8,10,{2AEDD945-F2C5-40D4-93E7-52B6B705760E};";2026-09-17 11:43:01;2026-09-17 11:43:01;{C1B833EB-7B05-4033-A7A9-54C42D66D8BC};256
3215;1;8;9;{340B4EE7-8D71-4C9B-8FA3-6E9F38332E8C};"8,10,{96497F61-3506-4CA2-B225-9F5FB0587BE9};";2026-09-17 11:43:01;2026-09-17 11:43:01;{CA410A8A-7511-4956-BA56-DD94F8A4ABAD};256
3216;1;8;10;{03992F34-8C51-4E04-98E2-77FA819CC351};"8,9,{DFE82D1F-3E18-4F5B-8B3E-1E50A87ADEE8};";2026-09-17 11:43:01;2026-09-17 11:43:01;{3B827C11-B878-4492-B513-58534383376F};256
3217;1;8;9;{DFE82D1F-3E18-4F5B-8B3E-1E50A87ADEE8};"8,10,{03992F34-8C51-4E04-98E2-77FA819CC351};";2026-09-17 11:43:01;2026-09-17 11:43:01;{9418373C-46B4-493E-8B42-C31CA74B34E7};256
3218;1;8;10;{BFAF0F60-1E1D-4557-8165-C17DDF2A9F75};"8,9,{E04FC3C7-D60D-4EC7-93D7-7A859E3A2C9B};";2026-09-17 11:43:01;2026-09-17 11:43:01;{26E52E09-F8C4-48E9-970C-E006454E28D0};256
3219;1;8;10;{EC0D73E2-87A0-49F1-9A81-FE91F2E61051};"8,9,{C22C67A8-A027-469C-A98D-7F8CE1A80949};";2026-09-17 11:43:01;2026-09-17 11:43:01;{7408A77C-4A76-4034-9828-61124089CC13};256
3220;1;8;9;{E04FC3C7-D60D-4EC7-93D7-7A859E3A2C9B};"8,10,{BFAF0F60-1E1D-4557-8165-C17DDF2A9F75};";2026-09-17 11:43:01;2026-09-17 11:43:01;{A2F4FFC2-5554-4A70-AC63-73A5DEFA2BED};256
3221;1;8;10;{80A9A2D6-5469-4CC1-8732-B10BCAEF1D53};"8,9,{9F4564C2-7935-4A36-AF26-130B3A9C477E};8,9,{7B7FB9F1-BFBF-4F37-A0C4-7124777250DD};8,9,{D8FAC98D-95AF-4343-B1EE-9C8615732C43};";2026-09-17 11:43:01;2026-09-17 11:43:01;{815EB4E6-74B4-4D6E-9F8D-CCE6042BDC9E};256
3222;1;8;9;{3921FDF4-4FA2-4382-992A-1BF221AE40FC};"8,10,{786F5613-2A01-43D1-8E89-E6F18269FBA8};";2026-09-17 11:43:01;2026-09-17 11:43:01;{DF9B017D-0896-45FE-B7DF-FE2DD2EDD695};256
3223;1;8;9;{D488755C-C1D7-4BEC-95F1-8F93B6C3123A};"8,10,{CF22C874-50FF-4DC9-91B8-3645E1CEBA7D};";2026-09-17 11:43:01;2026-09-17 11:43:01;{E31AFC5F-1E41-4FFB-8910-FAEC89A026E4};256
3224;1;8;9;{9F4564C2-7935-4A36-AF26-130B3A9C477E};"8,10,{80A9A2D6-5469-4CC1-8732-B10BCAEF1D53};";2026-09-17 11:43:01;2026-09-17 11:43:01;{79119145-B9EC-4345-9588-0795FCC06804};256
3225;1;8;9;{A67C2BA1-E1B5-4550-96E4-B51881D4117B};"8,10,{3EE7DC9D-76B4-4CFB-B6AF-6F7A7E6898BF};";2026-09-17 11:43:01;2026-09-17 11:43:01;{5BD731C2-CB54-4920-A532-A7AA750CEFE0};256
3226;1;8;10;{0F4C217C-114D-4FE0-A9AE-9A5B6BC80316};"8,9,{C7686541-8812-4B91-9C79-F8547B4A2F3A};";2026-09-17 11:43:01;2026-09-17 11:43:01;{153F894E-C659-4AAB-8CE2-14695437053C};256
3227;1;8;9;{132815B1-D2DC-4AEC-ACB1-6ABFB5457DC1};"8,10,{DB4B4028-6059-42DB-8A9F-F29193B282A7};";2026-09-17 11:43:01;2026-09-17 11:43:01;{4B937060-0D6B-4973-A43D-A587558AD43B};256
3228;1;8;10;{6F3FEA72-3368-42D3-A2DF-F3B680164326};"8,9,{2527DA3B-6EF3-4A12-9858-493FBD5A5C18};8,9,{A9488344-B803-44BD-9E0E-750E61BA63FD};8,9,{77C07F85-CBC4-4C49-BB60-6AA4F5D24E89};";2026-09-17 11:43:01;2026-09-17 11:43:01;{397220CD-495E-4C14-AB08-06A73704C427};256
3229;1;8;9;{7E294FB4-2CB9-4766-ADE0-16E53915FB55};"8,10,{9E2BB96A-0A4E-437C-A381-CEBA8496A1FF};";2026-09-17 11:43:01;2026-09-17 11:43:01;{B2C9B535-C2A2-475D-8139-53707F17397F};256
3230;1;8;9;{2527DA3B-6EF3-4A12-9858-493FBD5A5C18};"8,10,{6F3FEA72-3368-42D3-A2DF-F3B680164326};";2026-09-17 11:43:01;2026-09-17 11:43:01;{F47522DB-E066-465E-9260-E2EF6A9E23EB};256
3231;1;8;9;{511F7078-E56C-4E30-B90E-671762F2CD0A};"8,10,{99E94DD6-0A1E-4B88-AA17-CF833C275510};";2026-09-17 11:43:01;2026-09-17 11:43:01;{CE5B53DA-8E3F-46DB-B48D-4F82721550D0};256
3232;1;8;9;{78F5985C-2E59-46A4-9244-D552BF63C1BA};"8,10,{1A745104-4AAA-47E1-A4C5-86E0F375CB73};";2026-09-17 11:43:01;2026-09-17 11:43:01;{D2D98E19-7F1C-449A-AA9C-F3BB40E6B2E4};256
3233;1;8;10;{7524A3EE-7D3A-4A3C-A49B-46713DF3EB3A};"8,9,{51D222E9-80B0-4EF6-A601-CAD246F0BA11};8,9,{31B5FB3B-22C9-426F-AFAB-1AEB570FEFC9};";2026-09-17 11:43:01;2026-09-17 11:43:01;{7788BD13-0FDB-4C6F-9B62-EDC311489826};256
3234;1;8;9;{4336093B-840E-4015-BD39-24A3C5FAB2C6};"8,10,{46B013A0-FE79-4260-A8BE-656DBA033E4D};";2026-09-17 11:43:01;2026-09-17 11:43:01;{0088DC4B-9A53-4E00-89DF-59B8028F27F9};256
3235;1;8;9;{43E1ACFE-0D8B-451F-A435-4934FC6F1B28};"8,10,{689C2081-0114-4A43-9D28-FDB317E47225};";2026-09-17 11:43:01;2026-09-17 11:43:01;{9FCF47B6-CFB4-40AE-BAAE-634832649DDB};256
3236;1;8;9;{EC9104C6-A2A2-4496-BB74-710D38A91C12};"8,10,{8B056DB9-24FC-46CB-B514-065C1377CE64};";2026-09-17 11:43:01;2026-09-17 11:43:01;{64367758-9AF4-4078-AEE8-851C2731BB26};256
3237;1;8;9;{00A005E3-2D5D-4535-81FD-5AB4A768DE94};"8,10,{C042EF04-E81D-47D8-9575-F77D540EE9BB};";2026-09-17 11:43:01;2026-09-17 11:43:01;{AB8B5F12-16F5-4416-A74F-C2F3108989D6};256
3238;1;8;9;{DDA04DAE-DA6D-460F-AB46-51874668EC4F};"8,10,{074EAC5C-35A6-4491-B8B5-333413075F42};";2026-09-17 11:43:01;2026-09-17 11:43:01;{AAD0387D-8E68-4F1E-AE91-4AD0A38C56FA};256
3239;1;8;10;{13522B09-F5EA-4029-8863-34A4CC798ECE};"8,9,{A5B9E124-9F35-41A8-9F8E-54694863D856};";2026-09-17 11:43:01;2026-09-17 11:43:01;{34D9AD31-8CF1-4B60-9869-71CBC3D0164B};256
3240;1;8;9;{2BD07275-6816-4B28-8821-C2C579A64957};"8,10,{E0BEE777-708E-4C6E-A9FD-394377EAD0B9};";2026-09-17 11:43:01;2026-09-17 11:43:01;{68775241-D06D-469E-B654-7BB4854A99FB};256
3241;1;8;10;{DB99D1AF-58EE-4510-8CBA-3143F42E83B6};"8,9,{62770104-F2FF-4B9E-872F-D9588042FAAD};";2026-09-17 11:43:01;2026-09-17 11:43:01;{0040BF24-B593-4DC8-B805-75A9522F99DC};256
3242;1;8;9;{62770104-F2FF-4B9E-872F-D9588042FAAD};"8,10,{DB99D1AF-58EE-4510-8CBA-3143F42E83B6};";2026-09-17 11:43:01;2026-09-17 11:43:01;{A22926F5-71EA-4FAA-9443-B0C3A0863FEC};256
3243;1;8;9;{D1811369-71F4-4909-A891-A94B20D24A57};"8,10,{D2657FD0-2F2E-4BAB-867F-045351DC9131};";2026-09-17 11:43:01;2026-09-17 11:43:01;{51BBCABF-B70C-443A-8E2F-54DD3BE4809C};256
3244;1;8;9;{47D734B6-285B-4A6E-9F05-891E7ABF4859};"8,10,{CB46C4A4-9668-4765-825A-3C3E63A55407};";2026-09-17 11:43:01;2026-09-17 11:43:01;{20824BAC-C21B-42C7-B472-433F40BD6820};256
3245;1;8;9;{4BDA24E2-8692-471A-BA34-D89797332D91};"8,10,{CB46C4A4-9668-4765-825A-3C3E63A55407};";2026-09-17 11:43:01;2026-09-17 11:43:01;{CF44876F-C17E-44F7-928E-778B5D5F4167};256
3246;1;8;9;{8F9AE9D5-73D3-4961-8656-C777884B1DDE};"8,10,{4BAB4DD6-8A4E-49B5-8155-01E36ABB6086};";2026-09-17 11:43:01;2026-09-17 11:43:01;{1FAAC3F6-4D94-45E4-8226-282E4C1952DD};256
3247;1;8;10;{B8428D93-7670-4DC8-A1F9-8B3B2E451D31};"8,9,{7DE47CF9-F481-4AA3-A2DA-2D52EE095FA6};";2026-09-17 11:43:01;2026-09-17 11:43:01;{9B683E85-6748-450B-B900-6C29C1CD0F91};256
3248;1;8;10;{A06F8101-E253-4641-AE5E-8BA2C1847186};"8,9,{8E6234AB-FEEA-4B75-9418-64F07451B31F};";2026-09-17 11:43:01;2026-09-17 11:43:01;{88682422-40C9-4F7B-B917-520AD1BDDD1B};256
3249;1;8;10;{F9A6C98F-5E9F-4855-B6D1-7120B4C3F3E9};"8,9,{6691D2CF-DF8B-42BD-8697-6CBADF05F381};";2026-09-17 11:43:01;2026-09-17 11:43:01;{1BF0C5A2-6A65-4FB9-B5EA-722784437D82};256
3250;1;8;9;{6691D2CF-DF8B-42BD-8697-6CBADF05F381};"8,10,{F9A6C98F-5E9F-4855-B6D1-7120B4C3F3E9};";2026-09-17 11:43:01;2026-09-17 11:43:01;{5B6ED39C-9400-4C51-8947-E9CC2F4CF0E0};256
3251;1;8;10;{6DE87953-5A42-49E5-B72B-E73F1396BD88};"8,9,{D15E24BE-CA3A-496B-8DB0-75C0B5255BF7};";2026-09-17 11:43:01;2026-09-17 11:43:01;{0514147F-7832-4DB7-9831-6B96F3E16CE0};256
3252;1;8;9;{D15E24BE-CA3A-496B-8DB0-75C0B5255BF7};"8,10,{6DE87953-5A42-49E5-B72B-E73F1396BD88};";2026-09-17 11:43:01;2026-09-17 11:43:01;{59E6AEEF-0D9A-4B16-98FB-7F369EF5BCFE};256
3253;1;8;10;{9CF94F75-52FD-4983-AE23-17853A7965BB};"8,9,{04E423F7-FC70-4155-B113-1EAA166B67A7};8,9,{9EF8ED14-6E47-4A66-9064-00442C82C69E};";2026-09-17 11:43:01;2026-09-17 11:43:01;{3C185283-40E4-4921-ABD8-4A7F42BC6D15};256
3254;1;8;10;{F8B4D153-1314-4129-B290-B8A1666A6AD2};"8,9,{A22C2FA2-B4D6-4A87-A457-FBF64B56B2DC};";2026-09-17 11:43:01;2026-09-17 11:43:01;{6EAC8C34-9E7F-4026-BD52-D09EC86BD8FE};256
3255;1;8;9;{58F1CD20-56E7-4DCB-83C5-BDC156BC9843};"8,10,{036EA3C5-42AB-4BE5-A40B-6DCCC121F692};";2026-09-17 11:43:01;2026-09-17 11:43:01;{8062CAFF-9C5D-470F-A952-E2D3BFD54EB4};256
3256;1;8;10;{E46B297B-95FB-4924-8D42-CF90B21D6AF7};"8,9,{97AF0122-A0B2-42C9-8383-BCF2E895EAD5};";2026-09-17 11:43:01;2026-09-17 11:43:01;{196A07B3-2A90-4C01-9ADF-4F74688500EA};256
3257;1;8;9;{A9488344-B803-44BD-9E0E-750E61BA63FD};"8,10,{6F3FEA72-3368-42D3-A2DF-F3B680164326};";2026-09-17 11:43:01;2026-09-17 11:43:01;{91A9E184-AB55-4590-AF7A-DDF7528D04A0};256
3258;1;8;10;{296FD65A-2576-4F59-929F-9D379DC9D141};"8,9,{D071F545-9062-4BE1-9C31-45A949AAAB49};";2026-09-17 11:43:01;2026-09-17 11:43:01;{C8253BCE-492A-4B8D-BD7B-71099D187958};256
3259;1;8;9;{34EE52D8-0BE7-4BF7-8303-404FADB8496D};"8,10,{96497F61-3506-4CA2-B225-9F5FB0587BE9};";2026-09-17 11:43:01;2026-09-17 11:43:01;{DEC7700C-EC77-4A24-BF9B-ACDB7F08FDAD};256
3260;1;8;10;{D87D0968-327E-45FB-9046-8E9982A73ABC};"8,9,{2D50F7F8-58B3-4A4B-9783-6C159901AF8F};8,9,{CFFB3BD6-ECCA-47B4-9E52-F1385CFED387};";2026-09-17 11:43:01;2026-09-17 11:43:01;{63049726-38E9-47EB-AF26-9EF3B1381029};256
3261;1;8;10;{DCFC8177-9976-4D43-ADEF-6BB979443B1B};"8,9,{22995CBD-42C4-4A40-87C3-35874AE0DB48};";2026-09-17 11:43:01;2026-09-17 11:43:01;{D8D3259D-67C3-4B6B-858B-D9196BA163EC};256
3262;1;8;9;{A4A83D12-96BD-419A-9B4B-734BD2A94FA7};"8,10,{986A675E-45D7-4B4A-A314-B8E6912F6323};";2026-09-17 11:43:01;2026-09-17 11:43:01;{9117B299-B6A3-4BCA-A2FA-644DEBC14E75};256
3263;1;8;10;{5FD7B278-62FB-4F20-9B9F-2D9D758AD064};"8,9,{87D28E71-DB05-4A14-95F7-9790DD414BBD};";2026-09-17 11:43:01;2026-09-17 11:43:01;{F37EFFD0-545C-4C04-BF32-ABC598B8EFCA};256
3264;1;8;9;{2D50F7F8-58B3-4A4B-9783-6C159901AF8F};"8,10,{D87D0968-327E-45FB-9046-8E9982A73ABC};";2026-09-17 11:43:01;2026-09-17 11:43:01;{6D3D3CC7-260C-433B-851F-8D55C9351098};256
3265;1;8;9;{E65C0D71-5E9F-498C-8421-A732A172D0F8};"8,10,{689C2081-0114-4A43-9D28-FDB317E47225};";2026-09-17 11:43:01;2026-09-17 11:43:01;{D1D723F2-E826-4484-A521-4FDF44887136};256
3266;1;8;10;{7AA2830C-6CD0-408A-97B3-51C7B945AF02};"8,9,{2F7F4958-3E0F-403A-ABFA-BD1417B49071};";2026-09-17 11:43:01;2026-09-17 11:43:01;{8E0FB1C1-8F76-49A5-B82B-C4CBA28C87C7};256
3267;1;8;9;{0AA8D260-38AF-418B-9B32-4E4197F2FD6F};"8,10,{0A0C891C-46D4-40C6-8FBB-0D9FE9BEB661};";2026-09-17 11:43:01;2026-09-17 11:43:01;{57D2466F-F7B7-4297-A719-0A007E984F24};256
3268;1;8;9;{9C77BE7C-E7A2-4DB8-8D65-3DB01B450040};"8,10,{FE103214-A9C7-4439-86A7-9695CFF322FC};";2026-09-17 11:43:01;2026-09-17 11:43:01;{89249259-7CE4-4DCE-A009-22F5A6298176};256
3269;1;8;10;{591E1C77-292B-49ED-B141-C50EFF74C646};"8,9,{66D9D6F6-D3D9-445C-89B7-3E6678CB355F};";2026-09-17 11:43:01;2026-09-17 11:43:01;{D7056946-94AA-4A5D-A049-2C54B8533BE5};256
3270;1;8;9;{66D9D6F6-D3D9-445C-89B7-3E6678CB355F};"8,10,{591E1C77-292B-49ED-B141-C50EFF74C646};";2026-09-17 11:43:01;2026-09-17 11:43:01;{05F34104-CC48-4A9E-A95F-C7E3256AE6C5};256
3271;1;8;10;{9C7CD6F5-17B9-4E6F-BBC9-70D6C9979C5C};"8,9,{D9141172-BCC5-4158-A8C4-33838D64E5F9};";2026-09-17 11:43:01;2026-09-17 11:43:01;{C8FAF81F-0692-4786-939B-4BE3C0CFD30B};256
3272;1;8;10;{2A75DB0C-34D2-41BC-963D-974682F72993};"8,9,{E022A1BB-9049-4678-A3AC-F7970DC6C69A};8,9,{0C73D6ED-B868-45EC-9E54-4EF4AD47E457};8,9,{E3D68A48-AC51-42BB-9387-FB1706D2F0BA};8,9,{82773716-2758-46EE-AD75-DA265D13C0C3};";2026-09-17 11:43:01;2026-09-17 11:43:01;{0CDCE8C7-9C26-46CE-8676-F2D81AFB327A};256
3273;1;8;9;{E022A1BB-9049-4678-A3AC-F7970DC6C69A};"8,10,{2A75DB0C-34D2-41BC-963D-974682F72993};";2026-09-17 11:43:01;2026-09-17 11:43:01;{2EBF7000-D54D-440D-A49F-AFDC80771C52};256
3274;1;8;10;{06F850D3-0D1F-47EC-AFCA-B21442793C66};"8,9,{D63594F8-3216-4EAD-ACEF-03A87DFD8CC7};";2026-09-17 11:43:01;2026-09-17 11:43:01;{35A79D90-9494-4E65-85DF-51300DDF9A60};256
3275;1;8;9;{78DE0ECA-CEC7-4648-A6D4-DD570648A61C};"8,10,{DB4B4028-6059-42DB-8A9F-F29193B282A7};";2026-09-17 11:43:01;2026-09-17 11:43:01;{D0CB3DE5-189A-4DB3-88E5-18F75E2502BB};256
3276;1;8;10;{9E576F4E-4463-409B-8A74-1B363255A129};"8,9,{C07EE98D-9FAB-4A13-AE02-E958F0F993D9};";2026-09-17 11:43:01;2026-09-17 11:43:01;{181AEDE0-1C66-4827-8D6D-3A02CF5B5FD7};256
3277;1;8;9;{2D5DE0FE-D2B3-4FD3-A619-51509F0FEBD1};"8,10,{66AA7EF8-E137-4EBD-9DA9-D757E50B58F5};";2026-09-17 11:43:01;2026-09-17 11:43:01;{DB561831-8500-4724-B0B6-9D8BDC904540};256
3278;1;8;9;{C07EE98D-9FAB-4A13-AE02-E958F0F993D9};"8,10,{9E576F4E-4463-409B-8A74-1B363255A129};";2026-09-17 11:43:01;2026-09-17 11:43:01;{7685A2BF-0341-4DF3-BE55-347055AD4A13};256
3279;1;8;10;{B9F16B7D-32C1-48ED-A1A7-A3936735DED7};"8,9,{88174130-A832-480D-80EF-BA6DD392DD88};";2026-09-17 11:43:01;2026-09-17 11:43:01;{C09D262B-0351-4EF1-B919-A618B14BA8FC};256
3280;1;8;9;{0C73D6ED-B868-45EC-9E54-4EF4AD47E457};"8,10,{2A75DB0C-34D2-41BC-963D-974682F72993};";2026-09-17 11:43:01;2026-09-17 11:43:01;{BEBCE2D0-3F53-4299-839B-E8C132376FE1};256
3281;1;8;10;{53908BBE-BF2A-4DAE-B347-99CB6ACD5052};"8,9,{4ECFBF92-AA79-4F5D-91C1-0871CB55B60E};";2026-09-17 11:43:01;2026-09-17 11:43:01;{9869E526-E5EA-4472-BA4C-D29BFC024FEC};256
3282;1;8;9;{4ECFBF92-AA79-4F5D-91C1-0871CB55B60E};"8,10,{53908BBE-BF2A-4DAE-B347-99CB6ACD5052};";2026-09-17 11:43:01;2026-09-17 11:43:01;{413440A6-8F29-40A8-B716-72633C91B1A0};256
3283;1;8;9;{A562B715-CFF7-47A6-8F9E-8EA8F475D372};"8,10,{40368C60-B395-4AF7-BF09-1585C692F7EB};";2026-09-17 11:43:01;2026-09-17 11:43:01;{FFEC410E-94CA-45C1-A354-E11895470A03};256
3284;1;8;9;{7A0B818F-AABA-4DB5-AE66-56F4BD216DAD};"8,10,{9C87287E-4FD3-4BD1-9179-9549A3E84E8C};";2026-09-17 11:43:01;2026-09-17 11:43:01;{745D99A4-59F9-4B71-B04A-F43E1851AA8D};256
3285;1;8;10;{7A0A6F29-A68A-43F8-8FA9-EEA1E4E43B46};"8,9,{3D018A79-62FA-452D-9AE4-032DEBA6C7E6};";2026-09-17 11:43:01;2026-09-17 11:43:01;{98F94C1A-9ADC-450D-AB57-B9086841F48D};256
3286;1;8;10;{3594E86C-CFCB-48D4-8099-37CDB5B4BFA0};"8,9,{06D872B7-7BBB-48CC-BDBE-D8B023BDD9C5};";2026-09-17 11:43:01;2026-09-17 11:43:01;{3A36864B-466F-4E2D-B781-ADB43E0F79EF};256
3287;1;8;9;{BCB6D2D5-131E-42C5-857F-EA7886F92108};"8,10,{25D468B5-240D-4768-9E04-B75707A944E0};";2026-09-17 11:43:01;2026-09-17 11:43:01;{41E02F0F-D76C-4F52-9516-DCCA455447E8};256
3288;1;8;10;{D438274C-F597-41FE-A01D-82486D5E0C3C};"8,9,{F3AA97A6-DADC-4E03-A6F1-A91AB8787BC2};8,9,{5AC41E63-0155-466B-9793-69828896E011};";2026-09-17 11:43:01;2026-09-17 11:43:01;{A95460FF-6C68-475B-959A-EC3A67F0EB37};256
3289;1;8;10;{00979FCE-DA0E-4929-9E8C-6E9659749069};"8,9,{7DBEC782-CC4C-4CA4-901A-944CE91F9C82};";2026-09-17 11:43:01;2026-09-17 11:43:01;{512CEF11-900B-4AF7-92E7-75969E5CE1D6};256
3290;1;8;10;{47375BB3-0C06-4760-BB85-89BA2C7CC7A3};"8,9,{EF85269D-7E4E-49FF-9EF7-2221128E44A0};";2026-09-17 11:43:01;2026-09-17 11:43:01;{F252DC57-25E2-4E5D-9065-CB790979F901};256
3291;1;8;9;{EF85269D-7E4E-49FF-9EF7-2221128E44A0};"8,10,{47375BB3-0C06-4760-BB85-89BA2C7CC7A3};";2026-09-17 11:43:01;2026-09-17 11:43:01;{E8AEAB98-B381-41AA-866D-E229280115C5};256
3292;1;8;10;{592F4A76-88AC-49F4-856F-24DA3CB7F805};"8,9,{A4425D6C-D92A-4498-A351-05D94019E3DF};";2026-09-17 11:43:01;2026-09-17 11:43:01;{7EE57ED3-7998-4FC2-A12D-7F740146BB7D};256
3293;1;8;9;{4EE3C4CD-116B-4D13-840D-FCEF2734CAF5};"8,10,{74A9B834-00DB-4593-BBB9-E6B4C74CEEE2};";2026-09-17 11:43:01;2026-09-17 11:43:01;{3D042E34-7AD8-44E4-A0E4-423769EF0C8E};256
3294;1;8;9;{A4425D6C-D92A-4498-A351-05D94019E3DF};"8,10,{592F4A76-88AC-49F4-856F-24DA3CB7F805};";2026-09-17 11:43:01;2026-09-17 11:43:01;{E2368CEC-073F-4216-A194-29181129FFD1};256
3295;1;8;10;{75D9138D-6A1F-4A97-956E-693B1A5E2D31};"8,9,{933082B9-C2D5-4C53-8D14-CF231B957C22};8,9,{522AEA90-ECD6-498D-8250-60C52AFF64EA};";2026-09-17 11:43:01;2026-09-17 11:43:01;{82A5BB3C-18A5-4484-B9B8-32FC0AE10803};256
3296;1;8;10;{C4D0DF96-CDF6-4C0E-AB1D-DAD4989D67A2};"8,9,{30773A3E-A283-4ACE-BB65-958697B846E1};8,9,{922FC37B-A2BE-461B-801F-3F9D275714E1};";2026-09-17 11:43:01;2026-09-17 11:43:01;{EE9456A8-C4D2-4F40-B52D-3A39C2B09373};256
3297;1;8;9;{30773A3E-A283-4ACE-BB65-958697B846E1};"8,10,{C4D0DF96-CDF6-4C0E-AB1D-DAD4989D67A2};";2026-09-17 11:43:01;2026-09-17 11:43:01;{40051B17-51B4-4D7C-97E7-01B8631DCF24};256
3298;1;8;10;{B4965599-5622-45E3-90E4-C68CDCA5E46B};"8,9,{35BB58D7-75D5-4249-9FE7-2009551ECEAA};";2026-09-17 11:43:01;2026-09-17 11:43:01;{1FF349B2-AF7E-4AB0-B423-3D775D639A72};256
3299;1;8;10;{C78A925E-2780-42B8-8CE7-7EB6DDDFC5F7};"8,9,{35C3B4D4-84C9-4D2A-B6FD-97C39A68EB69};";2026-09-17 11:43:01;2026-09-17 11:43:01;{B4655C65-9DA0-4331-A6DA-6CFE9FC71C8A};256
3300;1;8;9;{A823B807-6FFC-4273-B2A3-3B49759A0FC2};"8,10,{7EF60E76-5BE3-4B0F-8F1D-D315CBAE9F5A};";2026-09-17 11:43:01;2026-09-17 11:43:01;{8B8DC91C-89E9-4AE5-9400-44AF2C508162};256
3301;1;8;10;{26FC90C8-E4CE-4A85-B5B0-D075124693FB};"8,9,{2E4C2197-15CD-4C6B-93FE-E06765C29384};8,9,{54E07AB8-3384-4517-871A-568F0869E915};";2026-09-17 11:43:01;2026-09-17 11:43:01;{36FE02D4-06C0-4B95-9194-A43090FE9141};256
3302;1;8;9;{2E4C2197-15CD-4C6B-93FE-E06765C29384};"8,10,{26FC90C8-E4CE-4A85-B5B0-D075124693FB};";2026-09-17 11:43:01;2026-09-17 11:43:01;{E615E9E7-E21D-4210-A729-0486B56A77EC};256
3303;1;8;10;{FA5D2729-CCCA-45B4-8CB4-37AF82E02195};"8,9,{A0ADBA14-5936-4F1B-AA47-3212B7FAF737};";2026-09-17 11:43:01;2026-09-17 11:43:01;{5940C763-D589-488E-B07A-62862E9CE06F};256
3304;1;8;9;{799B1477-AA21-4D8D-B686-5B744F32284E};"8,10,{149B77D3-714D-4BD1-A62E-E6EA46597E45};";2026-09-17 11:43:01;2026-09-17 11:43:01;{6A2263F6-1453-44E1-802F-BDC16E7D8C75};256
3305;1;8;9;{CDB7D19B-8F53-46FF-B7D7-490BB04052C3};"8,10,{80814660-93F3-4735-93B3-CE1A2C76D503};";2026-09-17 11:43:01;2026-09-17 11:43:01;{28954EFC-1BC2-431E-86FE-EC9661B13ABE};256
3306;1;8;9;{922FC37B-A2BE-461B-801F-3F9D275714E1};"8,10,{C4D0DF96-CDF6-4C0E-AB1D-DAD4989D67A2};";2026-09-17 11:43:01;2026-09-17 11:43:01;{C2770011-7573-482D-BA1B-2D4C057D3DA1};256
3307;1;8;10;{FFF01716-B219-475A-AD5C-BDC487B98FBD};"8,9,{D3AD548D-25D1-4EBD-AF65-E29FE8064A94};8,9,{9BB6B32C-5011-46DD-8316-ED8FFB2B89ED};";2026-09-17 11:43:01;2026-09-17 11:43:01;{6F0CC01C-C887-4516-8FD5-4BF00983C2FA};256
3308;1;8;9;{D3AD548D-25D1-4EBD-AF65-E29FE8064A94};"8,10,{FFF01716-B219-475A-AD5C-BDC487B98FBD};";2026-09-17 11:43:01;2026-09-17 11:43:01;{2B493829-E412-431F-BF33-91C0785CF5F2};256
3309;1;8;9;{331FFBC9-ECCB-4362-A307-017632E4E417};"8,10,{29047F29-5F01-459D-B4F6-F4FBA0C5954C};";2026-09-17 11:43:01;2026-09-17 11:43:01;{35CA6709-22B6-4C09-873A-44B303974625};256
3310;1;8;10;{0566E88E-90AC-4061-95B4-27ED954BEB70};"8,9,{6614684C-E96C-4B23-B130-CB99434D523B};";2026-09-17 11:43:01;2026-09-17 11:43:01;{2BDFBA46-14BD-442C-8207-3D0D1399C3F9};256
3311;1;8;9;{0C50F673-374D-4EAE-A078-6A0A5B10F042};"8,10,{D938093B-F5D2-4197-A03D-7ADB0AF71C14};";2026-09-17 11:43:01;2026-09-17 11:43:01;{29F61D3D-4836-451B-9667-775A3C723047};256
3312;1;8;9;{C1D755BA-9AFC-4D8D-AB6F-7D1A3F543A8C};"8,10,{689C2081-0114-4A43-9D28-FDB317E47225};";2026-09-17 11:43:01;2026-09-17 11:43:01;{E226A091-C679-42FC-86EE-4BA9D625F6E4};256
3313;1;8;9;{185C1D0D-B307-417E-A277-DA820B54E2E8};"8,10,{522BEF0B-FF82-4E26-992B-10143085DDEC};";2026-09-17 11:43:01;2026-09-17 11:43:01;{895FFB23-B710-4FB7-9B12-50E2331ED425};256
3314;1;8;9;{CFFB3BD6-ECCA-47B4-9E52-F1385CFED387};"8,10,{D87D0968-327E-45FB-9046-8E9982A73ABC};";2026-09-17 11:43:01;2026-09-17 11:43:01;{1D7AF4D8-8BD0-408F-B5FB-5F740B066994};256
3315;1;8;9;{4BE53E31-EEDC-429F-AA7E-642C27A2674B};"8,10,{C1FB20D7-D4EC-4B58-9DD7-910288C457F8};";2026-09-17 11:43:01;2026-09-17 11:43:01;{6601DF81-97C6-4984-8528-06BB5573CB2D};256
3316;1;8;9;{E35F21E6-A69D-4011-AFD6-054AD2108747};"8,10,{8F42FFB5-4C57-4E2C-AF18-82F5EF04CCC2};";2026-09-17 11:43:01;2026-09-17 11:43:01;{E737907F-97EA-4894-BD33-26EFA899D092};256
3317;1;8;9;{54E07AB8-3384-4517-871A-568F0869E915};"8,10,{26FC90C8-E4CE-4A85-B5B0-D075124693FB};";2026-09-17 11:43:01;2026-09-17 11:43:01;{B9564671-8895-475A-876F-C1992CE718ED};256
3318;1;8;10;{E4AEB0F9-22F2-4694-B4A6-ED52898345A9};"8,9,{78449E0E-3121-4CA0-8797-BC0674FF41A5};";2026-09-17 11:43:01;2026-09-17 11:43:01;{B0B5B4A9-1344-4444-953B-F157E2DEB4EF};256
3319;1;8;9;{78449E0E-3121-4CA0-8797-BC0674FF41A5};"8,10,{E4AEB0F9-22F2-4694-B4A6-ED52898345A9};";2026-09-17 11:43:01;2026-09-17 11:43:01;{657A2731-67EF-4F25-A0C1-C8AB1BAE912C};256
3320;1;8;9;{1370F1E9-FCAB-42AC-BCAB-CE7495A483D1};"8,10,{8F42FFB5-4C57-4E2C-AF18-82F5EF04CCC2};";2026-09-17 11:43:01;2026-09-17 11:43:01;{6D621E9A-1DB3-461B-85F7-AEAB87640409};256
3321;1;8;10;{555BE9CF-A55A-47BA-AEC3-3AEA2EFA8F01};"8,9,{985D96B9-07AA-42D6-BE08-2DDBAB4C03C3};8,9,{4EDDFBFF-D3C2-467F-8B3C-5B19264E5D13};";2026-09-17 11:43:01;2026-09-17 11:43:01;{0E7EDF10-D2BE-4C3A-8AF7-057E28F4AA6A};256
3322;1;8;9;{DACB93ED-9608-4548-ADA3-1927685EF12A};"8,10,{96497F61-3506-4CA2-B225-9F5FB0587BE9};";2026-09-17 11:43:01;2026-09-17 11:43:01;{767AD940-9C30-4D3F-A039-85E3F1331DD8};256
3323;1;8;9;{6044F8C4-C1A3-432B-AA8E-B67FEFE210D2};"8,10,{584876DF-2BEB-4998-9A39-CFCE41E9C793};";2026-09-17 11:43:01;2026-09-17 11:43:01;{B60B7A8C-FB54-45A4-9DBF-9F93469D49BD};256
3324;1;8;9;{A5E62EC1-2599-46B9-9C44-CCF7A687A69D};"8,10,{7F1C40F1-223E-4BB1-85B2-2B3BC2E9625E};";2026-09-17 11:43:01;2026-09-17 11:43:01;{69B7914C-56BC-4B07-B377-DE88B0C0B519};256
3325;1;8;10;{1DFF8750-51A1-4F4B-8F5B-183AAAC159FE};"8,9,{E6730DFB-4232-4DD0-8756-821354AD9BC7};";2026-09-17 11:43:01;2026-09-17 11:43:01;{765883E0-1679-4448-A450-4A7F4B0C7BA9};256
3326;1;8;9;{9AD3B38D-4F26-4B86-B99C-929A9A1A0FEE};"8,10,{FCF11CB6-27DE-40E0-861F-74E94FC34EC6};";2026-09-17 11:43:01;2026-09-17 11:43:01;{728BD0EE-B08F-4C13-B84F-E322F2566119};256
3327;1;8;9;{2DC431D6-96D8-4964-A90A-BA5FA733AD57};"8,10,{19D8C017-0B8E-479F-9C85-BD495DDA9BCB};";2026-09-17 11:43:01;2026-09-17 11:43:01;{34876457-D03A-40C3-BC28-417CA3C4F1C8};256
3328;1;8;9;{ED30DC4C-DD6C-4560-8DFD-FC7F86A4946F};"8,10,{3386D851-3B4A-4275-ADC7-A4332E708914};";2026-09-17 11:43:01;2026-09-17 11:43:01;{A15C8DC4-AD53-4E6A-B1AC-C5B543191E43};256
3329;1;8;9;{3C3E3746-2BE1-4EF8-A305-1913F75D81FD};"8,10,{9FB19F7B-93E9-45D4-A629-7F5D148F9E07};";2026-09-17 11:43:01;2026-09-17 11:43:01;{77310B5D-383A-4B3D-A1E5-E51930B90695};256
3330;1;8;10;{A4C62690-BC05-4C04-A3F0-51D4B97C74A0};"8,9,{D498D23A-2C88-4FE7-B9D0-06E2F3F731E7};8,9,{0F6332B9-DF16-48AB-A9B6-3609A39DD451};";2026-09-17 11:43:01;2026-09-17 11:43:01;{55648A13-C9B9-4CC3-AED7-0488CE6D0A18};256
3331;1;8;9;{35BB58D7-75D5-4249-9FE7-2009551ECEAA};"8,10,{B4965599-5622-45E3-90E4-C68CDCA5E46B};";2026-09-17 11:43:01;2026-09-17 11:43:01;{ECCDD995-3D84-4188-A6F6-E72E61032445};256
3332;1;8;9;{92CB7850-5CA1-42B0-B9D3-BD065ED742D4};"8,10,{76FB450C-349C-43C3-AF61-A3C56311D36B};";2026-09-17 11:43:01;2026-09-17 11:43:01;{0BE4CE51-D044-473B-84E6-5297F21F197D};256
3333;1;8;9;{D498D23A-2C88-4FE7-B9D0-06E2F3F731E7};"8,10,{A4C62690-BC05-4C04-A3F0-51D4B97C74A0};";2026-09-17 11:43:01;2026-09-17 11:43:01;{41E9648D-6F92-4534-8D85-F662AA14624C};256
3334;1;8;10;{CEA7886E-BFE5-480F-9B5C-3325B9CAC9A5};"8,9,{7818F702-391D-43DA-AEA1-B857F2584F5A};";2026-09-17 11:43:01;2026-09-17 11:43:01;{1D4A1A59-B1D4-4BCD-A747-526202AC5E44};256
3335;1;8;9;{7818F702-391D-43DA-AEA1-B857F2584F5A};"8,10,{CEA7886E-BFE5-480F-9B5C-3325B9CAC9A5};";2026-09-17 11:43:01;2026-09-17 11:43:01;{5FFBABF9-C9A4-49E2-927F-4E5F38B3B182};256
3336;1;8;9;{9A61C180-61D7-4B2D-A7E1-38F21F07B5C4};"8,10,{0AE73105-1054-497C-A4FD-DFBE6EF20AC0};";2026-09-17 11:43:01;2026-09-17 11:43:01;{31A9D6BE-20E1-473A-A326-46AAB1C6DDAA};256
3337;1;8;10;{D2D89AD8-CE85-4048-B89F-9152AA7C96F9};"8,9,{C8045B0D-8168-4F10-866F-C3D38A174335};";2026-09-17 11:43:01;2026-09-17 11:43:01;{3EB2AEC6-BF38-4082-8D41-57822B82BA0E};256
3338;1;8;10;{4D9DD924-EF2E-43C1-AD2F-64D9D6B4D3A9};"8,9,{EE859550-3C0F-4CEE-9E1F-E1DB9F00D31F};8,9,{1F258A40-92AB-4E7F-BFA9-3B589519DB88};";2026-09-17 11:43:01;2026-09-17 11:43:01;{7172626B-88B8-41D0-BA48-01E4565FD9B7};256
3339;1;8;9;{EE859550-3C0F-4CEE-9E1F-E1DB9F00D31F};"8,10,{4D9DD924-EF2E-43C1-AD2F-64D9D6B4D3A9};";2026-09-17 11:43:01;2026-09-17 11:43:01;{D61C2D9A-EC04-4FA0-A5FC-48F4BDEE16F0};256
3340;1;8;10;{ED1AF2BA-DDC5-4BC1-A967-1C7076E604DA};"8,9,{672F4581-10D4-4BE0-B674-734FFF465721};";2026-09-17 11:43:01;2026-09-17 11:43:01;{32B8A971-334A-46C0-A4AE-5780354A3FAB};256
3341;1;8;9;{FEAB7923-6DB5-4D63-BDA5-AEE26B743482};"8,10,{7F1C40F1-223E-4BB1-85B2-2B3BC2E9625E};";2026-09-17 11:43:01;2026-09-17 11:43:01;{AD67BB5D-12C9-47DF-B305-F58F088AF9DE};256
3342;1;8;9;{EB7768E8-D919-49BD-BFFA-912C8BC6FADF};"8,10,{522BEF0B-FF82-4E26-992B-10143085DDEC};";2026-09-17 11:43:01;2026-09-17 11:43:01;{114DA89D-4919-4A63-9ADD-3D2A65DA60D2};256
3343;1;8;9;{1B841836-AA92-4966-A2AE-F70EEACB1BDA};"8,10,{C0D584EA-B602-4D08-B5DD-674AC5EED8D2};";2026-09-17 11:43:01;2026-09-17 11:43:01;{EF46DC4F-E112-40A0-B28A-F684A8BA50B7};256
3344;1;8;9;{1753D82E-466D-4941-9BD5-32F69E211DE5};"8,10,{17204D27-6740-4ACE-A9BE-9CCECD69EE25};";2026-09-17 11:43:01;2026-09-17 11:43:01;{A05F9EE5-B5C5-491C-9CA9-F7D7297B51F6};256
3345;1;8;9;{0F6332B9-DF16-48AB-A9B6-3609A39DD451};"8,10,{A4C62690-BC05-4C04-A3F0-51D4B97C74A0};";2026-09-17 11:43:01;2026-09-17 11:43:01;{FC87D08B-C939-420C-A09A-E4E6F70EF12D};256
3346;1;8;9;{7CEA1EE3-3774-4455-845B-DA9BA27E80F5};"8,10,{CDE39CFA-B228-490F-92E5-6428A43CBB6F};";2026-09-17 11:43:01;2026-09-17 11:43:01;{23170F9D-8176-457D-9FB7-6871854EF017};256
3347;1;8;9;{A5B9E124-9F35-41A8-9F8E-54694863D856};"8,10,{13522B09-F5EA-4029-8863-34A4CC798ECE};";2026-09-17 11:43:01;2026-09-17 11:43:01;{1C503AE3-7293-4ED7-89F2-1B28A345574D};256
3348;1;8;9;{0FD350C7-B118-4F47-9494-D2E12E6F20C6};"8,10,{149B77D3-714D-4BD1-A62E-E6EA46597E45};";2026-09-17 11:43:01;2026-09-17 11:43:01;{121351FE-A2CA-49D5-896D-D07782566501};256
3349;1;8;9;{03771C8B-2DFB-40F6-A585-D39D51569EB4};"8,10,{8CAE0F6F-6854-4157-AF62-427D8E6D066E};";2026-09-17 11:43:01;2026-09-17 11:43:01;{15E42F0E-C33C-46D6-AEB9-F065AFB5A4B5};256
3350;1;8;10;{791E871A-519F-4197-BD94-FC6F89E4AEF0};"8,9,{E012A25B-3563-431B-A864-8DD8BBCFCFC9};";2026-09-17 11:43:01;2026-09-17 11:43:01;{0D167784-89BD-4A5A-A6A3-08433E738F65};256
3351;1;8;10;{968119EC-3B1C-4215-B346-A44153DA7152};"8,9,{FB271523-801A-44E0-BDC7-D3776B468071};8,9,{25984DAA-7560-4B23-A289-BCB55A813A50};8,9,{36CCBE14-0DFC-4748-9B77-E81D459D36C6};";2026-09-17 11:43:01;2026-09-17 11:43:01;{536C4FB1-3C2B-45A2-8980-59DFE8EC797F};256
3352;1;8;9;{FB271523-801A-44E0-BDC7-D3776B468071};"8,10,{968119EC-3B1C-4215-B346-A44153DA7152};";2026-09-17 11:43:01;2026-09-17 11:43:01;{2CFEEC33-60D9-4041-9C6B-4AC7F857D6A6};256
3353;1;8;9;{4EDDFBFF-D3C2-467F-8B3C-5B19264E5D13};"8,10,{555BE9CF-A55A-47BA-AEC3-3AEA2EFA8F01};";2026-09-17 11:43:01;2026-09-17 11:43:01;{EC897B52-15F2-452B-95F7-612CA44D6BF5};256
3354;1;8;10;{32515294-D4FA-4F06-8CBA-D63A0D0D4801};"8,9,{86ECC8F2-1CDA-41C0-AC75-867FA94372E9};";2026-09-17 11:43:01;2026-09-17 11:43:01;{38844C71-A05A-4EEA-B556-4358A0AEFAE1};256
3355;1;8;10;{1129A033-7555-46B2-BC11-F5B7FCD2D058};"8,9,{F3283D89-389D-46A8-8782-FD0A58336311};";2026-09-17 11:43:01;2026-09-17 11:43:01;{F657174B-5C67-4A1E-961B-B2132E02E507};256
3356;1;8;9;{25984DAA-7560-4B23-A289-BCB55A813A50};"8,10,{968119EC-3B1C-4215-B346-A44153DA7152};";2026-09-17 11:43:01;2026-09-17 11:43:01;{203335B0-5ABC-4534-8B8A-03D871FBCE5B};256
3357;1;8;9;{B55DBB86-6EC8-43F5-94B4-C17E0228513A};"8,10,{BFA364E0-21A5-47AB-89C2-B7A97625828A};";2026-09-17 11:43:01;2026-09-17 11:43:01;{648ABE63-F3BE-4A97-96C6-B169CD4E35D7};256
3358;1;8;9;{BAA4452C-4B53-4D45-822A-697490544D20};"8,10,{9F4F9836-77E6-4DE0-B8BD-09FA6388F5C1};";2026-09-17 11:43:01;2026-09-17 11:43:01;{0805F835-6A5F-498A-A3F4-792B07E34A3F};256
3359;1;8;9;{E3D68A48-AC51-42BB-9387-FB1706D2F0BA};"8,10,{2A75DB0C-34D2-41BC-963D-974682F72993};";2026-09-17 11:43:01;2026-09-17 11:43:01;{3FFB7329-D749-4ABB-A3B3-C38CAB34703D};256
3360;1;8;9;{04264F1B-4623-4745-B30A-C31C80E19517};"8,10,{26AC1432-A1F7-494B-9CEB-321C829D3AA8};";2026-09-17 11:43:01;2026-09-17 11:43:01;{E39C846A-41F1-4BBB-B793-5BDA0D694673};256
3361;1;8;10;{9EED768D-62F5-4EAB-9D74-25928F0B053D};"8,9,{352073A3-0FB7-487D-83F5-8E69AA0D4BBE};";2026-09-17 11:43:01;2026-09-17 11:43:01;{358B3880-EDEB-477C-9ED4-1196C139DA29};256
3362;1;8;10;{F2AF32A5-16B3-4ADD-999C-4231CE9D8763};"8,9,{863ED965-8684-4CAA-9E35-F924D46D4F2D};";2026-09-17 11:43:01;2026-09-17 11:43:01;{9AB4187A-5999-4340-84A0-4C57719B55E0};256
3363;1;8;9;{352073A3-0FB7-487D-83F5-8E69AA0D4BBE};"8,10,{9EED768D-62F5-4EAB-9D74-25928F0B053D};";2026-09-17 11:43:01;2026-09-17 11:43:01;{798820BF-515E-4C99-A057-2560F03DB804};256
3364;1;8;10;{4D7090B9-738D-4BBA-B846-342A0B1AEC63};"8,9,{698BEC3A-BBBE-4565-90EE-DA5EF2F8960D};8,9,{27644AA1-5814-40E1-8884-BCEF089ED054};";2026-09-17 11:43:01;2026-09-17 11:43:01;{74551D79-C069-47F1-A6FC-ADE230611B2B};256
3365;1;8;10;{1C23CBA4-1193-4DF1-8C0B-D2E66BF82182};"8,9,{6575D48D-4E00-4BF2-A684-305AB1B35A7C};";2026-09-17 11:43:01;2026-09-17 11:43:01;{5EAAB464-5D5B-4929-8A35-DB2FA24FD382};256
3366;1;8;10;{433C60D5-B559-4D71-A92D-D9285E7E4D16};"8,9,{42D63821-8210-4397-84C8-73FE09F323D2};8,9,{494D1D3E-0315-4052-BB70-444896FC765A};8,9,{ABB19CA6-BB47-4599-89C6-F1F070F37C03};";2026-09-17 11:43:01;2026-09-17 11:43:01;{4BDC2F6B-DA8B-445B-BB02-6B164B17E0A2};256
3367;1;8;9;{42D63821-8210-4397-84C8-73FE09F323D2};"8,10,{433C60D5-B559-4D71-A92D-D9285E7E4D16};";2026-09-17 11:43:01;2026-09-17 11:43:01;{84D0D4A8-914D-4035-BE18-2A3F68EF17B7};256
3368;1;8;9;{5AC41E63-0155-466B-9793-69828896E011};"8,10,{D438274C-F597-41FE-A01D-82486D5E0C3C};";2026-09-17 11:43:01;2026-09-17 11:43:01;{848FC6F8-8C85-439C-8ABE-E34BD82247FF};256
3369;1;8;9;{91A766A3-6DED-4E03-AE42-F89A23AFDDB9};"8,10,{FD764C37-4845-4212-A726-FC55722B42D8};";2026-09-17 11:43:01;2026-09-17 11:43:01;{629F4660-855D-44ED-B95B-DA4E02184363};256
3370;1;8;10;{C95DA702-D6AB-4F35-90D8-9FD077A7B12E};"8,9,{6F0826D8-EB5D-4E3A-98AA-73D9E646453B};8,9,{BE01EB8B-9CBF-4FB8-A314-0E35839831D8};";2026-09-17 11:43:01;2026-09-17 11:43:01;{82B397D3-EEE0-4195-9193-D2A789D8BC3D};256
3371;1;8;9;{65CE878A-5BD2-4FFF-A415-213D095F836C};"8,10,{567AB97F-8E6D-4F8B-BB1A-4EAD3E7A6FA9};";2026-09-17 11:43:01;2026-09-17 11:43:01;{CAA9A766-B9BA-4188-A9BD-C14C38C35AB9};256
3372;1;8;9;{79453EA6-04A2-417E-A4BB-3BFAB3FA6CA1};"8,10,{5CC9F447-D1E6-4BCD-B82F-13BEAFB11069};";2026-09-17 11:43:01;2026-09-17 11:43:01;{3871E3E5-D606-4995-9A9A-9EA272A0B6E9};256
3373;1;8;10;{1E249AC9-47C3-45E4-B559-0E4D27BD9F54};"8,9,{25167227-CDAE-4F8B-A437-8171FC1B865A};";2026-09-17 11:43:01;2026-09-17 11:43:01;{E9F96219-750C-447F-9B35-F2FDDD5E1108};256
3374;1;8;9;{25167227-CDAE-4F8B-A437-8171FC1B865A};"8,10,{1E249AC9-47C3-45E4-B559-0E4D27BD9F54};";2026-09-17 11:43:01;2026-09-17 11:43:01;{5DEA1FFE-684D-47E8-ADA9-1296FF4D132C};256
3375;1;8;9;{06454270-1CF5-4674-B021-95D5027294B3};"8,10,{1CF73A5E-FD9B-4915-AD0D-7BA9574A3276};";2026-09-17 11:43:01;2026-09-17 11:43:01;{8008BC7E-C960-4FAE-BBEB-222A0C1C426A};256
3376;1;8;9;{1F258A40-92AB-4E7F-BFA9-3B589519DB88};"8,10,{4D9DD924-EF2E-43C1-AD2F-64D9D6B4D3A9};";2026-09-17 11:43:01;2026-09-17 11:43:01;{3022802F-79AA-41EE-A9C6-3A72E8153BB1};256
3377;1;8;10;{2938D54B-D793-42CE-B888-52E162FDE27A};"8,9,{DA7C7E67-36F9-4079-830A-811A4C6D7289};";2026-09-17 11:43:01;2026-09-17 11:43:01;{7885084F-48F9-4450-9919-18E6A42D4EB0};256
3378;1;8;10;{935F8064-1F5E-4A05-9BC7-9A315409A161};"8,9,{47365C61-95DD-4A0C-9322-2236791F0F98};";2026-09-17 11:43:01;2026-09-17 11:43:01;{4753DAB7-E063-451F-BBC5-1512CFAD0B2C};256
3379;1;8;10;{589B2252-683E-471E-9A20-E8C3FFBC5DFF};"8,9,{5C005B02-58B1-4DFF-9491-582FD9EBC23C};";2026-09-17 11:43:01;2026-09-17 11:43:01;{C7FE57A0-B572-47A3-A12D-87933D73C740};256
3380;1;8;9;{446D820E-2196-4B1A-877C-24514CFE1AC3};"8,10,{5CF61C28-CFBB-49FA-9D2B-F5905F1B9852};";2026-09-17 11:43:01;2026-09-17 11:43:01;{231CC773-EF5A-4379-BAB0-5DD37DE264BD};256
3381;1;8;9;{C1494126-065D-4A81-9575-8CE1ED92E934};"8,10,{7F70ACD4-6515-4514-8AFF-03DC5A45EDAB};";2026-09-17 11:43:01;2026-09-17 11:43:01;{AFB2BEB1-D60C-4327-90FD-98E605535BF9};256
3382;1;8;10;{869EB0D7-8F6B-4D8E-A9D0-59C5C8A69C27};"8,9,{4300C484-CED7-400D-A23F-84B9F2C324B0};";2026-09-17 11:43:01;2026-09-17 11:43:01;{3D842D30-BFE2-41D2-BDB3-B6989F3D81E9};256
3383;1;8;9;{4300C484-CED7-400D-A23F-84B9F2C324B0};"8,10,{869EB0D7-8F6B-4D8E-A9D0-59C5C8A69C27};";2026-09-17 11:43:01;2026-09-17 11:43:01;{43B27200-BA11-481F-95BC-D8B034B96616};256
3384;1;8;9;{D919289B-45A0-4C62-98FB-9F09CBD4CEC0};"8,10,{56CA6E5D-87B2-447F-A2FB-E42C7DD696E2};";2026-09-17 11:43:01;2026-09-17 11:43:01;{3CBA84B2-C411-4335-B358-7363654AAFD4};256
3385;1;8;10;{F6E8ECF3-7D7E-4FC2-9CBF-AB0F098837FF};"8,9,{31560BB0-AE35-42C1-8EC5-BD151148FEFA};";2026-09-17 11:43:01;2026-09-17 11:43:01;{BA30B51B-406E-4459-9236-CC18B9783E9D};256
3386;1;8;9;{31560BB0-AE35-42C1-8EC5-BD151148FEFA};"8,10,{F6E8ECF3-7D7E-4FC2-9CBF-AB0F098837FF};";2026-09-17 11:43:01;2026-09-17 11:43:01;{4F03851B-128E-4F7F-AA38-3D4B30ECC7CF};256
3387;1;8;10;{3775DCF0-9A76-4585-8503-16DED77FC05D};"8,9,{1E8DF29C-8AF2-4C92-AD7E-E1B2FF55B8CE};";2026-09-17 11:43:01;2026-09-17 11:43:01;{2CBF540B-C3CA-4BD2-8B4F-C128CAB3BEED};256
3388;1;8;9;{1E8DF29C-8AF2-4C92-AD7E-E1B2FF55B8CE};"8,10,{3775DCF0-9A76-4585-8503-16DED77FC05D};";2026-09-17 11:43:01;2026-09-17 11:43:01;{677BF769-D408-4249-AE9D-B0D5BAE86288};256
3389;1;8;9;{257054D0-89EB-4A68-86E6-245F2DC43B78};"8,10,{ED1DBEC7-8378-4EA3-8057-56D858B46484};";2026-09-17 11:43:01;2026-09-17 11:43:01;{1DD11EE6-1C85-47D3-A0F9-2717A9405410};256
3390;1;8;9;{03A69486-350D-4AD9-9390-066D27D3D59F};"8,10,{BA01F7F3-BCCA-479A-8906-2F06583BFA5A};";2026-09-17 11:43:01;2026-09-17 11:43:01;{19EB0608-455D-4148-A1D2-EF9E41D49256};256
3391;1;8;10;{EC0DEFC3-2155-4753-B6E8-ABD83A87695F};"8,9,{4CC4AA06-9ECC-41BB-9605-34F98DC996CE};8,9,{B42C86D6-57A8-4631-A1A1-288B706B2C7E};8,9,{B30DDA98-FD69-4406-9A77-B188AE6926B6};";2026-09-17 11:43:01;2026-09-17 11:43:01;{483761FF-279A-46A4-AC72-8CF87E82B9FC};256
3392;1;8;9;{4CC4AA06-9ECC-41BB-9605-34F98DC996CE};"8,10,{EC0DEFC3-2155-4753-B6E8-ABD83A87695F};";2026-09-17 11:43:01;2026-09-17 11:43:01;{6E2326A7-7AEC-4CEE-8EDA-9C44C79CCB9B};256
3393;1;8;10;{31780B1E-8DC6-4B94-9A77-11A645B40AB0};"8,9,{F9EC440D-3F66-4FCB-ADB9-B1CA95DF2B2E};";2026-09-17 11:43:01;2026-09-17 11:43:01;{30B81B13-41B8-4622-8ABF-89F1C87DD89D};256
3394;1;8;10;{6F788F5D-3FB2-4F5B-86F5-11A43454AF3C};"8,9,{D2D771F1-85E4-49D5-AB53-AA06032755D7};";2026-09-17 11:43:01;2026-09-17 11:43:01;{48B66A55-57E7-4CDB-B37E-044E0266C4BD};256
3395;1;8;10;{9D85CAC1-7ACF-4AF6-A12B-290D3103200D};"8,9,{15DD1044-8204-4D95-85D9-97B91C2FE9BF};";2026-09-17 11:43:01;2026-09-17 11:43:01;{690700C9-93B7-4684-8106-CB3A3F81B6E4};256
3396;1;8;9;{D2D771F1-85E4-49D5-AB53-AA06032755D7};"8,10,{6F788F5D-3FB2-4F5B-86F5-11A43454AF3C};";2026-09-17 11:43:01;2026-09-17 11:43:01;{83946894-C88C-48A5-80F2-4DEC41588109};256
3397;1;8;9;{78BF3073-393F-4826-AB34-D15B99E7C4A6};"8,10,{866E32D1-4A11-4250-A18D-4AE482CC24E0};";2026-09-17 11:43:01;2026-09-17 11:43:01;{8EF698E8-018A-42AD-9160-9C6721AFB1DA};256
3398;1;8;9;{C379FCF8-064A-4459-A1F1-631FA6B69D52};"8,10,{35429BF4-B702-4519-A7D7-F43CB3A2D73B};";2026-09-17 11:43:01;2026-09-17 11:43:01;{B92F0558-6E41-4CF7-841A-079B6CDC6849};256
3399;1;8;9;{5EEFF589-0A57-4C37-917F-10FF7730EC82};"8,10,{5267DEC3-2A4D-4B81-976E-A799E082CDD0};";2026-09-17 11:43:01;2026-09-17 11:43:01;{44765F02-951C-4CBB-81AB-50CE29F90476};256
3400;1;8;9;{ABB19CA6-BB47-4599-89C6-F1F070F37C03};"8,10,{433C60D5-B559-4D71-A92D-D9285E7E4D16};";2026-09-17 11:43:01;2026-09-17 11:43:01;{DA4E9BCE-B91C-4783-8CDA-C03792B1540B};256
3401;1;8;10;{A8134172-FC13-4272-80E3-08AF27FDE31D};"8,9,{8A627989-B510-4F2B-86F1-6397C26026A2};";2026-09-17 11:43:01;2026-09-17 11:43:01;{B76E5487-4750-41E6-B484-B97C7A1CCC4B};256
3402;1;8;10;{5B141B0D-FF43-4D18-BBE5-D0D60D540515};"8,9,{480098AE-2A36-44C4-818D-7E33BC92D8F9};";2026-09-17 11:43:01;2026-09-17 11:43:01;{703A5299-57F7-4B56-8325-C741C32468C5};256
3403;1;8;9;{8A627989-B510-4F2B-86F1-6397C26026A2};"8,10,{A8134172-FC13-4272-80E3-08AF27FDE31D};";2026-09-17 11:43:01;2026-09-17 11:43:01;{F9AD2797-0993-4BDB-8480-1EE6BFF0661B};256
3404;1;8;10;{D48C792E-B950-4A87-8424-A0BFC1B44AF1};"8,9,{D0971713-07BF-456A-AAE1-7599E29DD1A6};";2026-09-17 11:43:01;2026-09-17 11:43:01;{9BAD442A-5B95-4E93-98F5-823F716EFFD7};256
3405;1;8;9;{D0971713-07BF-456A-AAE1-7599E29DD1A6};"8,10,{D48C792E-B950-4A87-8424-A0BFC1B44AF1};";2026-09-17 11:43:01;2026-09-17 11:43:01;{A8354D5E-9C7D-497A-AB0E-180D71FEDB04};256
3406;1;8;9;{A2D8BE9B-8939-4CE3-8E7D-DFE9F63BDCA7};"8,10,{E9499FE3-9ECE-48F9-BD09-B98D66DC8076};";2026-09-17 11:43:01;2026-09-17 11:43:01;{E8666B0D-5CCC-4C2B-8329-01670A9A0CA8};256
3407;1;8;9;{5F137DE0-EBD1-458A-915E-92536E37DEE4};"8,10,{57807B76-86E3-4184-8836-ADC760E3500D};";2026-09-17 11:43:01;2026-09-17 11:43:01;{16C74548-0721-47CB-82FD-0E1B7D8752B0};256
3408;1;8;10;{557F950D-2B43-432E-BA47-BD81592F4139};"8,9,{EB41870C-9F8A-48C8-B6F1-19653B465635};8,9,{22065A6C-698B-40FD-9723-152A1D2E0FB5};8,9,{B2D36787-318D-4238-A1FE-80DD7E93B550};";2026-09-17 11:43:01;2026-09-17 11:43:01;{C4F82532-B376-4591-8177-B90A8470042E};256
3409;1;8;9;{4A06CE7B-9B2F-4111-89A3-76F0F460379B};"8,10,{2B4A9F6E-52AD-4D43-A03D-B24A258EEFC3};";2026-09-17 11:43:01;2026-09-17 11:43:01;{5A328C19-A3B6-4F0C-9FB0-F231611E7DB5};256
3410;1;8;9;{EB41870C-9F8A-48C8-B6F1-19653B465635};"8,10,{557F950D-2B43-432E-BA47-BD81592F4139};";2026-09-17 11:43:01;2026-09-17 11:43:01;{3B560956-5EEF-4D52-9A96-009D310BAC59};256
3411;1;8;9;{57511B3C-B8DB-4236-9144-4E586E047A45};"8,10,{58E3EBF1-B829-41F9-B0CD-3B72DEF047DC};";2026-09-17 11:43:01;2026-09-17 11:43:01;{7D81172F-D19D-4F6A-8C5C-2557C6C04CD7};256
3412;1;8;10;{F532BF8C-D383-4669-94E7-44503A638AAA};"8,9,{D5DE429E-3585-4061-99AC-D2557A2C443B};";2026-09-17 11:43:01;2026-09-17 11:43:01;{B900474C-A220-4080-9681-D214D9DE5458};256
3413;1;8;9;{D5DE429E-3585-4061-99AC-D2557A2C443B};"8,10,{F532BF8C-D383-4669-94E7-44503A638AAA};";2026-09-17 11:43:01;2026-09-17 11:43:01;{922D13EF-DA94-4402-A83C-3175CE70C04A};256
3414;1;8;9;{DA496A3F-1669-48C9-9A71-A7EFF522BD32};"8,10,{EFDC07C3-3DE0-4FD1-9FD9-3225DF7B64F0};";2026-09-17 11:43:01;2026-09-17 11:43:01;{7EBE9458-41FC-4D31-B818-F11B54229CEB};256
3415;1;8;9;{CC7E5DF1-D35F-4F50-BE0F-2876E151D865};"8,10,{88A6BF91-C929-4D8B-9C40-E07D97A5E017};";2026-09-17 11:43:01;2026-09-17 11:43:01;{CEA252F5-209C-415B-B57E-E0BC6F888385};256
3416;1;8;10;{07E1E219-8813-4B22-B9FB-5C3F99B5CEFB};"8,9,{94278D1B-85CB-4CDD-B920-74C14187F153};";2026-09-17 11:43:01;2026-09-17 11:43:01;{A5452E26-6E7E-49CC-83F5-7C29A9363C6F};256
3417;1;8;10;{0005D590-48A8-4CD3-A56B-74797604B683};"8,9,{75B8E635-2A42-42FC-A22C-FDB71EC01629};";2026-09-17 11:43:01;2026-09-17 11:43:01;{31B6BD6C-8C67-4378-8A81-656A203483C1};256
3418;1;8;9;{677A3E26-C6C1-42EB-95F9-F24CAF09A252};"8,10,{7D6C81D6-861A-40B5-8537-EBC70FF851F4};";2026-09-17 11:43:01;2026-09-17 11:43:01;{BF15FB0B-8050-43CA-8A1F-925E6CDC8D0E};256
3419;1;8;10;{D938093B-F5D2-4197-A03D-7ADB0AF71C14};"8,9,{0C50F673-374D-4EAE-A078-6A0A5B10F042};";2026-09-17 11:43:01;2026-09-17 11:43:01;{A10475B7-E2FF-49B3-A302-AACBD856AFAC};256
3420;1;8;9;{3E57446A-AEC3-4C81-B575-13A57E4C0953};"8,10,{09140C02-589C-4F63-9411-156420999615};";2026-09-17 11:43:01;2026-09-17 11:43:01;{F60DD2F1-3804-4A11-AFBE-B11F9F629278};256
3421;1;8;10;{F3695A73-EEBC-4237-911B-5D5CE9A300FC};"8,9,{9AA020F1-3EDE-49DF-9C3C-197A9BB1D5D3};8,9,{C916809A-D727-4BB1-BB10-9865299C04C3};";2026-09-17 11:43:01;2026-09-17 11:43:01;{161E865D-956B-40AA-948A-48B453BC91BD};256
3422;1;8;9;{4D2B3919-3BA0-4168-BC9F-3C196F9D0AC9};"8,10,{22E25E3D-2A13-4153-B077-F2FBE28265DB};";2026-09-17 11:43:01;2026-09-17 11:43:01;{86FD0615-1ADB-4BFF-92C4-0CF5B0AE46F3};256
3423;1;8;9;{904756D8-5F11-454C-805B-F8754537371C};"8,10,{CC0BC1EC-767C-42DA-B91F-D78A2DBD0535};";2026-09-17 11:43:01;2026-09-17 11:43:01;{36A2B058-F714-4759-A118-0F776DD3A936};256
3424;1;8;9;{32BA7ABA-93CA-49FB-8EEE-4C4B0543FAC9};"8,10,{9DFA96E1-F670-4C3C-A460-FD5A36588782};";2026-09-17 11:43:01;2026-09-17 11:43:01;{5ADB003A-21E9-4A1C-B197-87BA7992A9AF};256
3425;1;8;9;{522E5CE2-E6E1-4F57-91CF-A0CCE5AFC93F};"8,10,{53AA8ADD-863A-4EC5-B454-713207226D78};";2026-09-17 11:43:01;2026-09-17 11:43:01;{86C43268-1787-493B-99B3-B5F8BF99719D};256
3426;1;8;9;{E2611BD2-30E6-4853-BEF1-57A3B8EC2F0B};"8,10,{95E20B97-3869-425B-8EF8-8FA749947DBC};";2026-09-17 11:43:01;2026-09-17 11:43:01;{4BC208FF-D8E4-40C8-9245-77C4C2F6BA92};256
3427;1;8;9;{5CABA6AD-F221-4573-BD35-8A5EED98D2D0};"8,10,{93884519-3064-4619-BFD0-FB57C25605A5};";2026-09-17 11:43:01;2026-09-17 11:43:01;{5211C4F8-ED5A-4BBA-848E-06643D557F28};256
3428;1;8;10;{58FE5497-B719-4BAD-B0D8-B9E09C35AD58};"8,9,{3911104A-CD26-49D1-9CE9-77602B36D03E};";2026-09-17 11:43:01;2026-09-17 11:43:01;{6B814433-97BA-4807-90DD-3A2263686D2C};256
3429;1;8;9;{3911104A-CD26-49D1-9CE9-77602B36D03E};"8,10,{58FE5497-B719-4BAD-B0D8-B9E09C35AD58};";2026-09-17 11:43:01;2026-09-17 11:43:01;{997ECE74-F859-4CE5-A495-E5F13DE88F70};256
3430;1;8;10;{E68F63D4-A4CC-4A23-A8B9-663C14840552};"8,9,{C5C685A5-E0A3-49A1-8D5A-79A6CE47D0B1};8,9,{EFAB29B0-C35A-44BF-A41B-865DF1B30382};";2026-09-17 11:43:01;2026-09-17 11:43:01;{422C9E4B-E0ED-4419-B835-5C915E0B0791};256
3431;1;8;10;{3422B872-EC1B-4C37-B50E-F125C0175EB2};"8,9,{F2CF334C-8073-41CF-9B80-D4277FD23A23};8,9,{160FEEF2-E8D5-4901-809A-940E0AD45C72};";2026-09-17 11:43:01;2026-09-17 11:43:01;{3CFC975E-D6B6-478D-93C2-502A4A8A23D3};256
3432;1;8;9;{F2CF334C-8073-41CF-9B80-D4277FD23A23};"8,10,{3422B872-EC1B-4C37-B50E-F125C0175EB2};";2026-09-17 11:43:01;2026-09-17 11:43:01;{2E24C709-5405-4BCF-A983-54DAC38466F9};256
3433;1;8;9;{B42C86D6-57A8-4631-A1A1-288B706B2C7E};"8,10,{EC0DEFC3-2155-4753-B6E8-ABD83A87695F};";2026-09-17 11:43:01;2026-09-17 11:43:01;{9EFB899A-3830-42CF-BC1F-13B5DF57EF78};256
3434;1;8;9;{C691E903-288E-4929-B401-9CF21D1D8DB3};"8,10,{3AC8E657-7763-41A6-9EBC-DFCB0E596C87};";2026-09-17 11:43:01;2026-09-17 11:43:01;{C707BD84-3EC1-4A73-9331-901DDC0B4998};256
3435;1;8;10;{9C574776-652D-4736-8D26-30EAB9E56B6E};"8,9,{64F6440A-59DD-4695-B5C0-2DEF5DEDC7B9};8,9,{35E4C293-38A6-4CFE-8B5D-75C6B82F301E};8,9,{9545E5EC-A107-4E1D-B969-69943B986D50};";2026-09-17 11:43:01;2026-09-17 11:43:01;{6CB8B230-1510-45BE-ACFF-545DB76DE8D7};256
3436;1;8;9;{64F6440A-59DD-4695-B5C0-2DEF5DEDC7B9};"8,10,{9C574776-652D-4736-8D26-30EAB9E56B6E};";2026-09-17 11:43:01;2026-09-17 11:43:01;{C47747B6-9FB4-478C-8115-D6B905F63550};256
3437;1;8;9;{CEB08C2F-519B-4212-9269-523FDF1F8BAE};"8,10,{80814660-93F3-4735-93B3-CE1A2C76D503};";2026-09-17 11:43:01;2026-09-17 11:43:01;{985CD189-3200-48A7-BF00-B059A9889326};256
3438;1;8;10;{9269824E-5263-4481-A227-7A05156F9BC3};"8,9,{3E8EFC07-8D8E-4B79-8541-2C4F07785D92};8,9,{483A47D8-B675-484B-A9C6-D045AF3616CC};";2026-09-17 11:43:01;2026-09-17 11:43:01;{5AB5AC36-85BB-47FF-B2A1-6075C0A7D723};256
3439;1;8;10;{8D85AECC-095F-486F-BF6F-19A027CB1BAF};"8,9,{F804E191-065B-4AAA-9366-91D14052E3DC};8,9,{CF0C29E6-72A5-416F-964F-F87F99A54350};";2026-09-17 11:43:01;2026-09-17 11:43:01;{D7D17FCA-8212-435C-8EF3-9E77646890B8};256
3440;1;8;9;{B22700D4-C453-47EE-983E-BF959DCB235C};"8,10,{ECEF463E-A698-45E1-8D49-69E6BD1A4BC6};";2026-09-17 11:43:01;2026-09-17 11:43:01;{F4E48E93-26F7-41A4-A598-CEB38B748F09};256
3441;1;8;9;{B2D36787-318D-4238-A1FE-80DD7E93B550};"8,10,{557F950D-2B43-432E-BA47-BD81592F4139};";2026-09-17 11:43:01;2026-09-17 11:43:01;{A4D0285B-33B0-4851-A027-7D6B39BEB3D8};256
3442;1;8;9;{4F1763D6-4090-460C-A033-0DA9A2790935};"8,10,{D0DA485C-3938-4E33-B8B6-D8C183670D78};";2026-09-17 11:43:01;2026-09-17 11:43:01;{55599F66-6EB6-41A7-91C5-7012DD0F3835};256
3443;1;8;10;{51E3DFF2-87EF-4A38-B3EC-F7273F0CFDCD};"8,9,{B5B29880-D990-47CE-93DE-482E4EA08F13};8,9,{DD262EBC-E41B-4373-A8C4-3DBE2A3518CD};";2026-09-17 11:43:01;2026-09-17 11:43:01;{4DD637E9-3DED-4E75-A7D2-0F100B2A215A};256
3444;1;8;10;{E6787414-6E70-4905-9231-1392E08C6403};"8,9,{D8DAF7DD-FA72-4B84-9F19-C47D59B6E7BA};8,9,{B34F8B23-6A60-4D54-BFD3-57C0C44A9CAB};";2026-09-17 11:43:01;2026-09-17 11:43:01;{34CA0850-33CF-4D96-8508-76CE24B9A658};256
3445;1;8;9;{D8DAF7DD-FA72-4B84-9F19-C47D59B6E7BA};"8,10,{E6787414-6E70-4905-9231-1392E08C6403};";2026-09-17 11:43:01;2026-09-17 11:43:01;{933AB1AF-660B-4B6A-85AB-FE03A921751C};256
3446;1;8;10;{03A7E71A-411D-4D4F-8DB8-76D9F8557EA5};"8,9,{6EA4BDCA-70B5-40A3-9BC6-002AAE632F90};";2026-09-17 11:43:01;2026-09-17 11:43:01;{479D6C14-562B-4310-BB2E-019613217FFE};256
3447;1;8;9;{6EA4BDCA-70B5-40A3-9BC6-002AAE632F90};"8,10,{03A7E71A-411D-4D4F-8DB8-76D9F8557EA5};";2026-09-17 11:43:01;2026-09-17 11:43:01;{F12F20DE-78BA-4FDD-A926-DBB61CBDFFC1};256
3448;1;8;10;{ADE50D1B-7985-4394-965F-86FB06888AFC};"8,9,{41916522-BBE9-4C0F-94E2-A7A14D7801AB};8,9,{07DAEAF2-75F8-4148-B8BF-AE56166839C0};8,9,{5648AE0F-FE56-4499-A552-5F844D8534AB};8,9,{99041F6D-9F68-435C-9B34-F6B08FC28EE2};8,9,{F7AF898F-31E2-4C70-B060-7783EC972659};8,9,{6016CA90-FBAF-4C31-92BB-E0865BEEB744};8,9,{0F49C988-6BD6-4C46-B46C-1F213640384D};8,9,{D070A643-E425-4D8F-802E-89976E9AA3CE};8,9,{06D3E238-2715-41EA-AAFC-297978C34147};8,9,{FF831ACB-D95C-4768-8B7D-162650AB870A};8,9,{B92FA51A-D56E-4FB6-8810-AD333FE4BAC2};Additional rule violations exist.";2026-09-17 11:43:01;2026-09-17 11:43:01;{601DEE2F-B21F-42AF-A3FD-F642C716DE65};256
3449;1;8;9;{35E4C293-38A6-4CFE-8B5D-75C6B82F301E};"8,10,{9C574776-652D-4736-8D26-30EAB9E56B6E};";2026-09-17 11:43:01;2026-09-17 11:43:01;{48482CD9-8A35-4E8F-901F-BF07E26E47CE};256
3450;1;8;10;{3BFE28E7-0913-4A65-AECD-B2E53251E5A6};"8,9,{02F43D1E-940A-490B-96E0-048940ABCA9F};";2026-09-17 11:43:01;2026-09-17 11:43:01;{F756A501-0714-487D-B40A-8FCB640CB6B8};256
3451;1;8;9;{02F43D1E-940A-490B-96E0-048940ABCA9F};"8,10,{3BFE28E7-0913-4A65-AECD-B2E53251E5A6};";2026-09-17 11:43:01;2026-09-17 11:43:01;{3751466E-9878-487D-881B-3B281F9E4208};256
3452;1;8;10;{E008448E-BF8E-471F-859E-B1B94DDD9321};"8,9,{4D967198-511C-4F61-B6FA-D5AB33F4999C};";2026-09-17 11:43:01;2026-09-17 11:43:01;{601352AE-546E-4E30-8A12-0C573ACED77A};256
3453;1;8;9;{EEF538FB-1D20-4F75-8AA5-7D7A6256E7AE};"8,10,{96497F61-3506-4CA2-B225-9F5FB0587BE9};";2026-09-17 11:43:01;2026-09-17 11:43:01;{3DB7C681-360A-489A-9CC3-86A5C9C37E39};256
3454;1;8;9;{898D7525-148D-46D7-B45F-34C62F7FE8B6};"8,10,{E8279D28-59D7-4F33-B8A0-37AC959E9C86};";2026-09-17 11:43:01;2026-09-17 11:43:01;{47D2C766-27D7-4B5F-8938-18A0F5FBFCB8};256
3455;1;8;9;{B7680A9B-DC88-4C09-857C-8722CF84118D};"8,10,{926D11CB-71FC-4B28-88FA-88FFA7778A0C};";2026-09-17 11:43:01;2026-09-17 11:43:01;{1C59267B-C928-4CB6-8D40-AE9AA2D39B2E};256
3456;1;8;9;{7F922597-B802-4030-AB6A-C7E67B6B93E1};"8,10,{B09D653E-B144-4BC5-B676-4038E5097240};";2026-09-17 11:43:01;2026-09-17 11:43:01;{040CEA44-C3E0-480E-89F8-1DACC786E491};256
3457;1;8;9;{E24EA5DD-C866-40D5-9BCA-0D8DE639724E};"8,10,{EA9065D6-A756-49A7-B7E8-BEA370F94E54};";2026-09-17 11:43:01;2026-09-17 11:43:01;{BB6BDA52-9FB3-485B-877E-205A54D0E7C5};256
3458;1;8;10;{5578DC3B-B5A5-4F53-B9DD-9C410826A581};"8,9,{68D9BC3B-3CE8-4947-B734-86C618876B63};8,9,{F7FE7B90-508D-4BD9-9B5A-680244F9A299};8,9,{BAB27E16-A734-4371-A242-2B2DAEF32A82};";2026-09-17 11:43:01;2026-09-17 11:43:01;{7942DA6F-7B9F-4E5B-9D16-F27D59C533EC};256
3459;1;8;9;{77918B00-1FD8-4509-A816-379A6315696B};"8,10,{80814660-93F3-4735-93B3-CE1A2C76D503};";2026-09-17 11:43:01;2026-09-17 11:43:01;{EBE894F5-5EBF-4AAC-BB81-046806C4690F};256
3460;1;8;9;{98E9AF04-3116-4131-8628-2CF396395757};"8,10,{93319843-817E-4F93-918D-6654872E870B};";2026-09-17 11:43:01;2026-09-17 11:43:01;{C28DD50D-B647-48F7-AEF4-178F4161EDF2};256
3461;1;8;10;{E19C03E9-4E55-43B9-BD9B-6AA04140CEC7};"8,9,{38E5DE6C-D47E-4C88-95CA-480E983281D2};";2026-09-17 11:43:01;2026-09-17 11:43:01;{0F168092-1958-488D-A8D1-375B9A1F8682};256
3462;1;8;10;{707A5116-7148-462E-9059-A5126DA684D7};"8,9,{8A9B722D-3B22-40B5-9C98-7D012BF9ADF1};";2026-09-17 11:43:01;2026-09-17 11:43:01;{C6DA5B3E-48CF-4B59-B632-04EBFD367357};256
3463;1;8;10;{2AD9A44E-9946-4392-9A57-3C8D790E1633};"8,9,{58AFAE79-D7F9-45CF-A6E3-6B280FC9517E};";2026-09-17 11:43:01;2026-09-17 11:43:01;{027163DB-BD36-40C7-99CF-570CD93DD85B};256
3464;1;8;9;{3DAECDE0-9490-4A19-B152-53F4EABD1416};"8,10,{76FB450C-349C-43C3-AF61-A3C56311D36B};";2026-09-17 11:43:01;2026-09-17 11:43:01;{1AF6B8FE-BC43-44D9-B054-2B8FF0182337};256
3465;1;8;10;{6BB3484D-8C89-4F68-BFBA-C52D1045F1CA};"8,9,{BAE5994C-38E1-483D-B026-8353963A1D38};8,9,{D4CE56E1-F4BE-491A-BD3F-5433798F1C21};8,9,{E66C82BD-B1EA-47FF-80EE-0F4ADBAFDB57};";2026-09-17 11:43:01;2026-09-17 11:43:01;{FFB7A2A8-65EC-4A6B-ADCA-A99DF307554C};256
3466;1;8;9;{58AFAE79-D7F9-45CF-A6E3-6B280FC9517E};"8,10,{2AD9A44E-9946-4392-9A57-3C8D790E1633};";2026-09-17 11:43:01;2026-09-17 11:43:01;{AA1599DE-DFA9-483F-AB3E-3F1B99833AF7};256
3467;1;8;9;{10242F24-C545-4F21-9378-37BBFB3C4344};"8,10,{E9499FE3-9ECE-48F9-BD09-B98D66DC8076};";2026-09-17 11:43:01;2026-09-17 11:43:01;{66E28185-2BB7-4E36-9F5D-32502F735D62};256
3468;1;8;9;{3D14BDB4-4819-47BA-9058-03C4B1412EED};"8,10,{FD3BF881-A88E-43DB-BD9F-92DA22BB469F};";2026-09-17 11:43:01;2026-09-17 11:43:01;{CCD41A76-F652-4527-86C7-7B318F5E0006};256
3469;1;8;10;{D2EB1D92-3F1D-44B6-8C9A-5F92B870423F};"8,9,{BD2B109E-4F57-4423-B1E4-72523693A8AC};";2026-09-17 11:43:01;2026-09-17 11:43:01;{21C8EC11-2BBA-4F0A-9526-1F6259893208};256
3470;1;8;9;{663217BF-7231-4590-A37B-3A5676253A0F};"8,10,{5A5CE5CC-2A58-456C-B92D-95300125027D};";2026-09-17 11:43:01;2026-09-17 11:43:01;{2ACDD53B-897B-4804-B26E-48B67E4EB736};256
3471;1;8;10;{8F5F20E4-94E7-42CF-94E5-4E1CE4A5060B};"8,9,{EE92F026-859A-42EB-8312-2B176BD8EDB5};";2026-09-17 11:43:01;2026-09-17 11:43:01;{C492CEA2-4841-4168-91CF-5D3D020BF408};256
3472;1;8;9;{90EBA707-A51C-45F5-AF15-828C62BE8AD2};"8,10,{937903EF-ED02-4E3B-BB6C-EE937F127AD0};";2026-09-17 11:43:01;2026-09-17 11:43:01;{86C1A26C-BE1B-4A7D-8F58-6B6C7921C0AE};256
3473;1;8;10;{6289230C-0FE3-4B1A-89AE-C222E1FD6F87};"8,9,{71761755-7F56-4356-BB7F-4C51CFFD3B67};";2026-09-17 11:43:01;2026-09-17 11:43:01;{0B7EA4E9-3D90-4D79-B484-DD7D9F9BA755};256
3474;1;8;9;{71761755-7F56-4356-BB7F-4C51CFFD3B67};"8,10,{6289230C-0FE3-4B1A-89AE-C222E1FD6F87};";2026-09-17 11:43:01;2026-09-17 11:43:01;{FD5CC196-6EF8-425C-BDA8-BF76D1F94445};256
3475;1;8;9;{056CD48A-C375-40C4-BB89-82BE4E914D2A};"8,10,{C0776826-07E3-4495-8E48-0C8E6D170D66};";2026-09-17 11:43:01;2026-09-17 11:43:01;{57F6B2AD-F640-4C84-88A0-E6ECC0995633};256
3476;1;8;9;{B30DDA98-FD69-4406-9A77-B188AE6926B6};"8,10,{EC0DEFC3-2155-4753-B6E8-ABD83A87695F};";2026-09-17 11:43:01;2026-09-17 11:43:01;{5F0715AD-8494-49D1-882A-0555E4ED5C31};256
3477;1;8;10;{C12AE738-052E-4955-96B1-E3B4033FC55A};"8,9,{4DC0AFEE-9812-4877-ACA3-12476549346D};8,9,{D250B3D5-236A-4121-9A3B-D000A203576F};8,9,{6B2316D5-B19A-4ADC-9BEE-FA64043C8F33};";2026-09-17 11:43:01;2026-09-17 11:43:01;{9F505937-F172-4999-8093-5447135660DD};256
3478;1;8;9;{E728F0CD-AE6D-41DF-9744-5763C375DE90};"8,10,{F977FF70-1497-47D4-8E1B-6E3D9A24C328};";2026-09-17 11:43:01;2026-09-17 11:43:01;{D96ECCFC-0B14-4F7B-90E7-82C9ACD77CFA};256
3479;1;8;9;{DB5BEB1E-47E5-4AAA-A2A9-3C454A96EC36};"8,10,{987FCBA3-D4BD-4AF2-B809-A9876F1D58AA};";2026-09-17 11:43:01;2026-09-17 11:43:01;{5A044B97-7D76-4549-81F5-5713F5CF11C8};256
3480;1;8;10;{B80DDEC9-430B-4B21-AC5C-927F4645C6BD};"8,9,{972752D0-FF62-4ACE-8C10-FEA524204A1B};";2026-09-17 11:43:01;2026-09-17 11:43:01;{1B7E0017-C1B0-400C-B969-9DCD5D6609CD};256
3481;1;8;9;{754B190F-E719-4837-85CB-D954F0EE6292};"8,10,{5F8B42D3-8B9E-4B0E-9887-0FED770DA18A};";2026-09-17 11:43:01;2026-09-17 11:43:01;{E0C145CE-6FB1-41A9-8FA1-22F5BB09D720};256
3482;1;8;9;{F10C30F4-0607-4142-AA27-75B08DD9FD1C};"8,10,{63D7E65B-BFDE-48F1-83C5-9E396475EC84};";2026-09-17 11:43:01;2026-09-17 11:43:01;{F0FE13F2-9AC0-46CB-8D69-B519A58890FD};256
3483;1;8;9;{D5B6E139-EC5A-4243-9F71-FD3C0D402D66};"8,10,{484C4EA9-98D3-4430-8B1E-963E7ED1AB0D};";2026-09-17 11:43:01;2026-09-17 11:43:01;{0845F3DC-D471-48D0-888B-336657A1C6BE};256
3484;1;8;10;{9C0B8460-80CB-475F-96FA-824639B97523};"8,9,{38EF11B6-AD74-42A4-9C08-202EE5420C38};";2026-09-17 11:43:01;2026-09-17 11:43:01;{62B471A3-86F0-4086-B2AE-6E290AAC4D49};256
3485;1;8;9;{B34F8B23-6A60-4D54-BFD3-57C0C44A9CAB};"8,10,{E6787414-6E70-4905-9231-1392E08C6403};";2026-09-17 11:43:01;2026-09-17 11:43:01;{1D1EEDE3-D578-4E6E-BA32-4B8B76C9B9D1};256
3486;1;8;10;{F0EEB4E7-7D5A-426B-AF6F-EB390C88F8C9};"8,9,{07BCC9C1-B8AF-4175-B8A6-805E9CA95801};";2026-09-17 11:43:01;2026-09-17 11:43:01;{30F13C26-499E-4EF0-A70A-63C011320260};256
3487;1;8;10;{02019A39-BD86-4C6E-9E2E-1DCEC0273512};"8,9,{F5CD958C-FD8A-41B1-B9E3-ED9FCD0DA973};";2026-09-17 11:43:01;2026-09-17 11:43:01;{8948066A-AADC-49D7-9BC3-389FE40FFCEA};256
3488;1;8;10;{603FA842-448F-4E70-B670-F8BC45DB2577};"8,9,{F3992802-99B7-42BB-9754-B5DA359FB424};";2026-09-17 11:43:01;2026-09-17 11:43:01;{37AF217C-28A5-4608-8B7C-59941B0157AE};256
3489;1;8;9;{F5CD958C-FD8A-41B1-B9E3-ED9FCD0DA973};"8,10,{02019A39-BD86-4C6E-9E2E-1DCEC0273512};";2026-09-17 11:43:01;2026-09-17 11:43:01;{B30C6F8D-F22D-4474-9702-E294E511F579};256
3490;1;8;9;{59912547-77E3-41D8-82C1-E917F86899D1};"8,10,{2960D47E-D2BF-4C4B-9A0A-3EFB62CFB40E};";2026-09-17 11:43:01;2026-09-17 11:43:01;{588D27D3-9BE8-44BB-AF0F-B5360F658910};256
3491;1;8;10;{52648F1C-BD5F-4C61-9A1F-DFE383C29CD5};"8,9,{0CE7C59E-4876-4A6F-971D-718A4709B79C};";2026-09-17 11:43:01;2026-09-17 11:43:01;{CD04767C-B312-4F55-A1FB-26EEC98AF012};256
3492;1;8;9;{5EADC661-0B01-43D3-A7E5-4AAAC2A0DB72};"8,10,{54D1D75B-B19B-49CB-833E-D0A25920678E};";2026-09-17 11:43:01;2026-09-17 11:43:01;{14800434-838F-4FB6-BF8D-6F3FE3B85368};256
3493;1;8;10;{CF22C874-50FF-4DC9-91B8-3645E1CEBA7D};"8,9,{38491F47-EF45-4823-8D76-687A2972D956};8,9,{C5DB44C6-6370-44F7-B021-21CF9643BC0A};8,9,{D488755C-C1D7-4BEC-95F1-8F93B6C3123A};";2026-09-17 11:43:01;2026-09-17 11:43:01;{4CA50339-F966-44BB-A696-1D7466EAB57B};256
3494;1;8;9;{B5BA65DE-5B45-4042-B61F-0735DF4BE15C};"8,10,{0DA86806-80CA-48A3-844F-84B2E7B8B790};";2026-09-17 11:43:01;2026-09-17 11:43:01;{E79467C9-DEF1-4804-A1BE-3AADF66CD6B1};256
3495;1;8;9;{38491F47-EF45-4823-8D76-687A2972D956};"8,10,{CF22C874-50FF-4DC9-91B8-3645E1CEBA7D};";2026-09-17 11:43:01;2026-09-17 11:43:01;{15ADD057-7F1F-4A4E-852E-697920B3444A};256
3496;1;8;10;{BD793AA7-A8E8-4831-B82B-5D0A6133BE83};"8,9,{D95DDC4D-2AC2-467D-80E6-EB27065F47C4};";2026-09-17 11:43:01;2026-09-17 11:43:01;{9EDBC92B-30D4-4A32-8421-C8CBA95C9275};256
3497;1;8;9;{D95DDC4D-2AC2-467D-80E6-EB27065F47C4};"8,10,{BD793AA7-A8E8-4831-B82B-5D0A6133BE83};";2026-09-17 11:43:01;2026-09-17 11:43:01;{D1C5C72C-D5C2-4F44-81E4-C0CBA9FE6F91};256
3498;1;8;10;{E1F6EBEA-3E2F-4429-8D77-8DDD994F20EA};"8,9,{20331ECB-A74A-4516-A446-F2E74A3A8EA6};";2026-09-17 11:43:01;2026-09-17 11:43:01;{BBAC77D4-A07B-4B20-8FEC-37A613C51908};256
3499;1;8;9;{20331ECB-A74A-4516-A446-F2E74A3A8EA6};"8,10,{E1F6EBEA-3E2F-4429-8D77-8DDD994F20EA};";2026-09-17 11:43:01;2026-09-17 11:43:01;{EBDF7C85-5F48-4F3C-B4F9-845BE4FE8472};256
3500;1;8;9;{A58AC6BE-3251-4ECD-BB41-8ACB8BE04F25};"8,10,{9C80A8D0-9062-47DE-87DA-B3F47CB48A59};";2026-09-17 11:43:01;2026-09-17 11:43:01;{ECDCF4A0-1F9E-42DA-BA8B-D6DE37A1FC28};256
3501;1;8;10;{EB4B4671-24F6-44AE-BDB3-24FC1B7CFF34};"8,9,{089B34BD-B785-490D-9FD0-E1C1EDE05B58};";2026-09-17 11:43:01;2026-09-17 11:43:01;{1639C6EB-AB62-4B92-B157-D249B1897AF1};256
3502;1;8;10;{BACC0D07-AF80-4F0A-8E88-BDB9331F4FE6};"8,9,{A1D95A28-76E4-42E9-9963-03BC17D04A75};";2026-09-17 11:43:01;2026-09-17 11:43:01;{1430AC51-1B48-4D77-B690-5B952100B113};256
3503;1;8;10;{F6B20E16-6A78-486B-A3AB-FACBA88E7D50};"8,9,{68ACE083-B12F-4364-B49E-58534399B92C};";2026-09-17 11:43:01;2026-09-17 11:43:01;{953825F1-DF95-44E9-9BDA-7677F696F405};256
3504;1;8;10;{2E4B82E2-9519-443B-A627-646BB7EDEFF4};"8,9,{D3A1058D-E760-423A-B379-BAA5C65AFC36};";2026-09-17 11:43:01;2026-09-17 11:43:01;{50EE79CE-D2D7-4288-8C94-87D93BB4E9E3};256
3505;1;8;9;{F7FE7B90-508D-4BD9-9B5A-680244F9A299};"8,10,{5578DC3B-B5A5-4F53-B9DD-9C410826A581};";2026-09-17 11:43:01;2026-09-17 11:43:01;{BEF64FB1-29BD-442A-B42A-9090EE67F2EC};256
3506;1;8;9;{D250B3D5-236A-4121-9A3B-D000A203576F};"8,10,{C12AE738-052E-4955-96B1-E3B4033FC55A};";2026-09-17 11:43:01;2026-09-17 11:43:01;{905D5A48-33F9-4280-BB0E-606FE4B8155A};256
3507;1;8;10;{ADFDBCF9-35E2-4801-96D5-A91CDB570D71};"8,9,{8145989F-B70D-4382-9A3C-2F41D0DBC9BC};";2026-09-17 11:43:01;2026-09-17 11:43:01;{ADD0916D-5A81-4BF5-8DD0-C0E9E6AF3176};256
3508;1;8;10;{7B1CCFFE-04D1-47F4-A662-4A1BC938F1C1};"8,9,{3D7A9B90-554A-43FD-9AE9-6F643CF47500};";2026-09-17 11:43:01;2026-09-17 11:43:01;{2D78A67E-BA5E-41A5-9633-129F3B9C2322};256
3509;1;8;9;{6E55437A-FB9F-4B5E-9C21-D96E8D5BFFEF};"8,10,{5C9FFA9F-D446-4629-8DD2-AF3A15BE1B2C};";2026-09-17 11:43:01;2026-09-17 11:43:01;{C59ADB30-0A61-4C2B-80EB-2FBD3FF29349};256
3510;1;8;9;{67140F46-45DE-4739-BC69-A860BCEFC3B4};"8,10,{D22CC570-8281-4868-B9EE-3FA75DDCAD1B};";2026-09-17 11:43:01;2026-09-17 11:43:01;{6404C90F-83A2-4417-AFA7-65889D48CDE2};256
3511;1;8;9;{00E5D7DD-55DD-4671-B52B-6BE19694F1ED};"8,10,{388DD01F-C2C7-415D-B952-40478B00EC50};";2026-09-17 11:43:01;2026-09-17 11:43:01;{75B70449-5AFC-4C58-ACE9-A8DF73B67023};256
3512;1;8;9;{B1F236A0-7CE8-485E-874D-EFD11B1D80E3};"8,10,{63D7E65B-BFDE-48F1-83C5-9E396475EC84};";2026-09-17 11:43:01;2026-09-17 11:43:01;{B388634E-353A-47FD-A27B-F92AD1759435};256
3513;1;8;9;{5A489AB3-DBD0-4480-943F-AFACC1BB5D2E};"8,10,{F3A3250B-C54E-4928-A879-696FBE2F1FFD};";2026-09-17 11:43:01;2026-09-17 11:43:01;{A99B01BB-FA2C-4038-A4C9-5923DFF3A39C};256
3514;1;8;9;{60ECBA1A-C766-4481-83C1-77ECAE2CD286};"8,10,{9FF76D99-F4D0-4366-AE68-2EC5AF2A0E9C};";2026-09-17 11:43:01;2026-09-17 11:43:01;{C21C3D96-7AF8-420E-9918-29A586CFB5F0};256
3515;1;8;9;{D4878435-6B5F-4D09-BF6C-FD242DC27D26};"8,10,{7273B370-A8F8-4795-A798-84442BBA26CA};";2026-09-17 11:43:01;2026-09-17 11:43:01;{21F48D7B-0AB0-4BEE-87FF-773436D0A362};256
3516;1;8;9;{B0024C19-BA24-49F4-9591-DC34E63D6D71};"8,10,{EC0CE698-D937-4DB8-A5CE-AD7324D4A39D};";2026-09-17 11:43:01;2026-09-17 11:43:01;{85FFF476-3ED3-4946-AD8D-DFB607538E93};256
3517;1;8;9;{56D86294-5BA7-4FC0-B467-645B47AFDE90};"8,10,{926D11CB-71FC-4B28-88FA-88FFA7778A0C};";2026-09-17 11:43:01;2026-09-17 11:43:01;{A279597C-6A73-4F01-9F2C-FFC9B986B8B4};256
3518;1;8;10;{0A0C891C-46D4-40C6-8FBB-0D9FE9BEB661};"8,9,{214AC021-0947-4600-966E-7C300BE24F70};8,9,{F42EC3B5-9D69-425E-896A-111A118030B2};8,9,{FE1CF877-DB58-4F56-9D2C-9C069A93D42F};8,9,{0E4B6317-2695-47F0-AD6B-DCFED65328F8};8,9,{0AA8D260-38AF-418B-9B32-4E4197F2FD6F};8,9,{1FA34747-6C97-4EB8-9721-B66B5A273F1B};8,9,{90DE8A14-C9FE-4A22-89A9-3BE621E01FF8};8,9,{F5C26729-18D4-44AD-81A7-D8DD0E0679D5};8,9,{76598EB3-51CA-4332-B516-8845EA33FC7D};";2026-09-17 11:43:01;2026-09-17 11:43:01;{02469B39-8294-442D-9A4B-EDBBBA60B0D5};256
3519;1;8;9;{214AC021-0947-4600-966E-7C300BE24F70};"8,10,{0A0C891C-46D4-40C6-8FBB-0D9FE9BEB661};";2026-09-17 11:43:01;2026-09-17 11:43:01;{1238C028-EBA0-483B-A4B4-F3B079767F4A};256
3520;1;8;10;{ED404B85-1747-4C54-BC40-CC3DDDDDDC48};"8,9,{6F191A9E-EF64-4BF0-85A2-0C1CE0C3906F};";2026-09-17 11:43:01;2026-09-17 11:43:01;{E83F4D4D-707F-4335-BB32-DC55536E2C62};256
3521;1;8;9;{6F191A9E-EF64-4BF0-85A2-0C1CE0C3906F};"8,10,{ED404B85-1747-4C54-BC40-CC3DDDDDDC48};";2026-09-17 11:43:01;2026-09-17 11:43:01;{BA8E0375-E11C-4559-AC39-CBDE44E65BFE};256
3522;1;8;10;{C127A861-CD3E-4518-9DF7-148E72C33EAF};"8,9,{69F7751D-CB7A-44B3-A075-A13EB5251F76};8,9,{DEBDF061-0311-45D9-A01F-96E67F797CF8};8,9,{47CFAF6E-2A07-4C7C-9FA7-A608035F4525};";2026-09-17 11:43:01;2026-09-17 11:43:01;{315ABC20-3991-4BE3-A8B8-A2F2F2ED6C5C};256
3523;1;8;10;{E2FEC8DF-14C6-4556-AD56-273C85E3F95F};"8,9,{4FF566E6-76CB-43ED-9052-9FB6A0A617FB};8,9,{25423F68-A03A-43FA-8293-3C03EADAFD12};";2026-09-17 11:43:01;2026-09-17 11:43:01;{36870F49-370C-455C-9BBA-57ADBDCA26DD};256
3524;1;8;9;{69F7751D-CB7A-44B3-A075-A13EB5251F76};"8,10,{C127A861-CD3E-4518-9DF7-148E72C33EAF};";2026-09-17 11:43:01;2026-09-17 11:43:01;{AD24DB83-9200-45F4-BFB6-4750EEFBC192};256
3525;1;8;9;{EE25EE34-06D7-4F8B-A798-F4826B06CC67};"8,10,{54871F70-1C4A-46DD-B2D0-F9306C802D92};";2026-09-17 11:43:01;2026-09-17 11:43:01;{EEA46C60-B980-4FDD-A88A-9CFFD54DF17B};256
3526;1;8;9;{84F022CA-0A3A-446C-8FF5-8E37362A68E2};"8,10,{C78A6B14-A052-4349-9977-93FBB4FB7559};";2026-09-17 11:43:01;2026-09-17 11:43:01;{759FEE87-40CB-4566-A860-026FE706B15C};256
3527;1;8;10;{08B241A9-8615-4737-BCDE-E56B5259E9DA};"8,9,{4D519B95-DA26-4D77-8EBD-EB6134737FA3};";2026-09-17 11:43:01;2026-09-17 11:43:01;{87B88806-1F76-4E33-8912-15D499CBF748};256
3528;1;8;10;{422050E5-E6B7-498B-AAFF-4C5A348E6CE6};"8,9,{AD731ED5-F24D-410B-919A-CDF295A32FA5};";2026-09-17 11:43:01;2026-09-17 11:43:01;{CF70910B-B5C1-4089-B316-25A008B6754C};256
3529;1;8;10;{62ABC5D2-A88B-4638-B649-411F06A3A831};"8,9,{E0E4C69E-41B1-4742-BA03-B41A10FB3E74};";2026-09-17 11:43:01;2026-09-17 11:43:01;{B428B078-E89F-4AC6-8560-57EEFBEC4817};256
3530;1;8;9;{E0E4C69E-41B1-4742-BA03-B41A10FB3E74};"8,10,{62ABC5D2-A88B-4638-B649-411F06A3A831};";2026-09-17 11:43:01;2026-09-17 11:43:01;{058B4664-10BB-40C8-92B7-5AA35805D881};256
3531;1;8;9;{7AB28147-DF41-446D-AE83-F9110E790D3F};"8,10,{97CF6EA1-7E5D-4DF0-95FF-09F29CB3D6AC};";2026-09-17 11:43:01;2026-09-17 11:43:01;{94A20820-9494-4E14-ACCC-807F07504D11};256
3532;1;8;9;{E66C82BD-B1EA-47FF-80EE-0F4ADBAFDB57};"8,10,{6BB3484D-8C89-4F68-BFBA-C52D1045F1CA};";2026-09-17 11:43:01;2026-09-17 11:43:01;{D567B098-31E7-4629-8C85-3944B1B78835};256
3533;1;8;10;{FDF09C71-6FB8-4437-819D-0EFB47BDD11E};"8,9,{84B572A6-2EB1-45E5-975F-CBEF7AC15AB4};8,9,{BCC21C8A-473A-440E-B80A-BD758ABD9EE9};";2026-09-17 11:43:01;2026-09-17 11:43:01;{7B0ECE39-676D-42C9-82E1-929F80D807AF};256
3534;1;8;9;{E976F67F-0A05-4EA2-8B24-FC71FAB35D85};"8,10,{47A58039-6670-404A-839D-ED6BFEB5E8AE};";2026-09-17 11:43:01;2026-09-17 11:43:01;{42C5D465-7963-452A-B2EC-F802DD6DF64E};256
3535;1;8;10;{43605B0A-03D0-4326-B2FA-85D6CFE8F574};"8,9,{1A7560E5-F9C2-4A11-A09E-15B5F1EBC148};";2026-09-17 11:43:01;2026-09-17 11:43:01;{4AF5641B-D489-451D-983B-E546A84DF370};256
3536;1;8;10;{E704AAF3-96D7-405C-BCD2-6083B9AE5F7D};"8,9,{5F64B98D-16C7-4523-8007-098A782E5EC4};";2026-09-17 11:43:01;2026-09-17 11:43:01;{938EDAD2-964F-4EFB-96FF-BD9C3A6307F8};256
3537;1;8;9;{5F64B98D-16C7-4523-8007-098A782E5EC4};"8,10,{E704AAF3-96D7-405C-BCD2-6083B9AE5F7D};";2026-09-17 11:43:01;2026-09-17 11:43:01;{EE9196F0-A479-4B90-BD01-91E7984BFA6D};256
3538;1;8;10;{9DFA96E1-F670-4C3C-A460-FD5A36588782};"8,9,{32BA7ABA-93CA-49FB-8EEE-4C4B0543FAC9};";2026-09-17 11:43:01;2026-09-17 11:43:01;{79780EBC-9285-40E7-963E-398FBD0B8833};256
3539;1;8;9;{A370C52F-057C-453F-9A8A-A817E1A34755};"8,10,{FA95EAD0-90F3-4312-BBE4-741BE33AF88B};";2026-09-17 11:43:01;2026-09-17 11:43:01;{FC3B27CB-3817-4A9B-9E79-A801E8AD0B49};256
3540;1;8;9;{6B2316D5-B19A-4ADC-9BEE-FA64043C8F33};"8,10,{C12AE738-052E-4955-96B1-E3B4033FC55A};";2026-09-17 11:43:01;2026-09-17 11:43:01;{4FC8A3B1-5A78-42DB-A113-8F2D3D2DA078};256
3541;1;8;10;{E56E9154-89CE-4CAA-AB2B-E6BA3FDE1F20};"8,9,{2871683E-A66E-4755-BC7C-00D34A0A4EB7};8,9,{45FBEBAC-3549-44AD-9F11-394D98C969DC};";2026-09-17 11:43:01;2026-09-17 11:43:01;{00DE9644-3F35-4292-9D22-F04048513736};256
3542;1;8;10;{D2657FD0-2F2E-4BAB-867F-045351DC9131};"8,9,{43D8CDD1-5333-4B06-8552-E6F6C2F890C3};8,9,{3B2171AB-7D30-48F1-BF58-333B5DA18500};8,9,{D1811369-71F4-4909-A891-A94B20D24A57};";2026-09-17 11:43:01;2026-09-17 11:43:01;{373CD272-42B2-440E-8BC9-518FE4F0B297};256
3543;1;8;10;{FF906C9B-85F2-49E7-8828-81C3851E8A8D};"8,9,{75C12CF6-DCAA-4133-9795-8344BA79F361};";2026-09-17 11:43:01;2026-09-17 11:43:01;{31BD2A93-A5E3-4B64-ACC2-7F1672028BE8};256
3544;1;8;9;{DE4B0E08-F56C-43BA-A2BD-0864D5742516};"8,10,{201FA78A-3FB8-45CD-8BAE-E0A6C4514F52};";2026-09-17 11:43:01;2026-09-17 11:43:01;{70D4F90F-96A2-4309-9FEE-D0E6CDBD9049};256
3545;1;8;9;{75C12CF6-DCAA-4133-9795-8344BA79F361};"8,10,{FF906C9B-85F2-49E7-8828-81C3851E8A8D};";2026-09-17 11:43:01;2026-09-17 11:43:01;{13787260-0F6F-409E-9BC1-97BDF3B2D90A};256
3546;1;8;10;{28E90490-2F47-49D9-9658-5E1CCC7DE4ED};"8,9,{23E591AF-5DE4-402F-B6D1-ECE13CACCC1D};";2026-09-17 11:43:01;2026-09-17 11:43:01;{9E45635F-5DAB-47BC-BCDA-C92AE02D9A57};256
3547;1;8;9;{CE6B320C-6206-4C6B-98F0-6A7147D5E853};"8,10,{E19A98E8-4552-410D-A488-FD9E33D20A06};";2026-09-17 11:43:01;2026-09-17 11:43:01;{0EFF2DFF-94E2-44B6-8BA2-30F158765EEB};256
3548;1;8;10;{4DE975E1-4551-4C8C-A054-BA6035C9E090};"8,9,{9F4EB135-757C-4D22-9880-2527710C06D0};";2026-09-17 11:43:01;2026-09-17 11:43:01;{A5367B99-4617-4B02-B23A-23B93987833E};256
3549;1;8;9;{9AA020F1-3EDE-49DF-9C3C-197A9BB1D5D3};"8,10,{F3695A73-EEBC-4237-911B-5D5CE9A300FC};";2026-09-17 11:43:01;2026-09-17 11:43:01;{7F429A42-C013-49C3-AA52-6BC15E6F3770};256
3550;1;8;9;{F65CC407-0F61-4D2A-9036-6BED8CED79D0};"8,10,{3241E131-9AF8-4825-97A5-6E98E39396CE};";2026-09-17 11:43:01;2026-09-17 11:43:01;{2B4ED58C-20EA-4F94-A123-3C903FE5FE59};256
3551;1;8;9;{C69B8C23-0EE7-4316-9DCB-2A1CCEB9798C};"8,10,{D0249124-6778-45A0-84F0-676DF70352E6};";2026-09-17 11:43:01;2026-09-17 11:43:01;{E0719F4C-3F9B-45A0-9442-7C998563B1ED};256
3552;1;8;10;{23E10E3C-2D16-442C-BFA0-287079AD2C48};"8,9,{7E096798-9B6F-4547-A633-A8110170B829};";2026-09-17 11:43:01;2026-09-17 11:43:01;{87178509-81F7-4CB8-BA44-E96F7535851F};256
3553;1;8;9;{48013765-A004-4D1E-A672-3B7335399F23};"8,10,{4C95B910-CB1A-4053-8C25-3B7CFE445770};";2026-09-17 11:43:01;2026-09-17 11:43:01;{84662679-A8BE-4AC8-850E-4827E5369E92};256
3554;1;8;9;{6CF4D034-1B17-4AAD-9567-56CBC55F97C1};"8,10,{A385031E-0994-48C9-842A-C686DA471F9A};";2026-09-17 11:43:01;2026-09-17 11:43:01;{489B1D83-DBA6-4B37-92B1-35299271F314};256
3555;1;8;10;{82785C6D-D062-40DB-8321-F7BC652E386D};"8,9,{600B0A52-7C41-4185-A3FD-5007BB6282AF};8,9,{59F47D57-FBEB-46AB-A793-EFA97C9EDCE2};";2026-09-17 11:43:01;2026-09-17 11:43:01;{B1A97A63-8B2C-4C22-B47A-CB298B6C83A8};256
3556;1;8;9;{600B0A52-7C41-4185-A3FD-5007BB6282AF};"8,10,{82785C6D-D062-40DB-8321-F7BC652E386D};";2026-09-17 11:43:01;2026-09-17 11:43:01;{CC5346F0-3948-4CA0-9C68-57FD0B85B974};256
3557;1;8;10;{0D8706E9-F05F-4905-BAC5-A9FA724CFFD3};"8,9,{FA94E44E-CEFF-44A2-9247-51EDD550F979};8,9,{72E374A5-535C-4578-A84A-9B79BD14D42F};8,9,{7DFEFA28-FAE8-4AFD-A56A-3CF82C364F7F};";2026-09-17 11:43:01;2026-09-17 11:43:01;{71B68128-7316-4491-ABC0-62DD9405AB07};256
3558;1;8;10;{92A4D76B-1FCB-48E7-AD79-6AB2AF66A9B3};"8,9,{F7076F72-3B50-4544-A829-EA8DB039FE3A};";2026-09-17 11:43:01;2026-09-17 11:43:01;{FFECE513-3E45-428B-911E-1DC7B6C5693E};256
3559;1;8;9;{FA94E44E-CEFF-44A2-9247-51EDD550F979};"8,10,{0D8706E9-F05F-4905-BAC5-A9FA724CFFD3};";2026-09-17 11:43:01;2026-09-17 11:43:01;{5DF6EBBC-54F1-4BBC-87BB-89A05A5A07EE};256
3560;1;8;9;{75B8E635-2A42-42FC-A22C-FDB71EC01629};"8,10,{0005D590-48A8-4CD3-A56B-74797604B683};";2026-09-17 11:43:01;2026-09-17 11:43:01;{A1721EE6-E173-428B-BD99-5C83FF8ABDC7};256
3561;1;8;10;{5AD060EF-53B8-44DF-82F0-B981FFDC6AD0};"8,9,{574AB096-4A1C-44E2-8192-AC02A5A47007};";2026-09-17 11:43:01;2026-09-17 11:43:01;{F4BDD861-F2CD-4FF2-9B62-968A1A5E7438};256
3562;1;8;9;{FC8FCAFB-322D-4B8D-A49E-73F6206394BD};"8,10,{926D11CB-71FC-4B28-88FA-88FFA7778A0C};";2026-09-17 11:43:01;2026-09-17 11:43:01;{4A1CBC9C-F834-43CA-B305-98BA54C246B7};256
3563;1;8;9;{E0D79368-C30E-42FD-80D1-FC94641DE95E};"8,10,{4F6E5DC6-1DCB-4F51-8851-3078DD76F314};";2026-09-17 11:43:01;2026-09-17 11:43:01;{2A173550-4564-4E70-8664-327E4DE2A9EF};256
3564;1;8;10;{851DC9F1-DFE7-42EB-8801-C64C9973D36E};"8,9,{2267BA97-5DDC-4BF7-8FA3-BFB26C5CDD5D};";2026-09-17 11:43:01;2026-09-17 11:43:01;{2F0B324D-A274-4DD8-B205-71FE840CC9B0};256
3565;1;8;10;{9549D1B9-6C3A-4E2A-BB7D-66A0615549B8};"8,9,{383CFD80-CFFD-40F1-975F-A467DF83A6D8};";2026-09-17 11:43:01;2026-09-17 11:43:01;{77761B32-17B5-4B2C-9BD6-D82FB968345E};256
3566;1;8;10;{91EAA3D2-D56D-457D-B813-9C764368510A};"8,9,{8B74F85B-022F-4C78-A75A-2F9B04B800C2};";2026-09-17 11:43:01;2026-09-17 11:43:01;{012D4B70-2312-4367-B632-E56B08801894};256
3567;1;8;9;{FE1CF877-DB58-4F56-9D2C-9C069A93D42F};"8,10,{0A0C891C-46D4-40C6-8FBB-0D9FE9BEB661};";2026-09-17 11:43:01;2026-09-17 11:43:01;{46A0259F-71D5-4927-A5FB-7634198DD138};256
3568;1;8;10;{7824ACD9-26D0-4154-877A-1832C61EA82C};"8,9,{53FA83E4-E342-47D6-AD8F-AA32378A15BA};8,9,{446531DC-36C4-4BF4-A6F9-00BBD3696AE2};8,9,{7B2B264E-4556-4EF2-88B7-B332BA8B3733};8,9,{E3E573F5-AC86-4CF7-8182-9CE9544A59CF};";2026-09-17 11:43:01;2026-09-17 11:43:01;{F43CC487-3FF1-49BC-8560-838C7E853CAD};256
3569;1;8;10;{7615B5A1-12DC-4DE6-94B9-B3C9181F116B};"8,9,{BB198A79-C5F6-4F78-9E6F-825234C268D1};8,9,{970BC3C7-A954-46BD-825E-0731167BD934};";2026-09-17 11:43:01;2026-09-17 11:43:01;{864223A9-F7C0-4FE6-8DC0-4438D3EA372F};256
3570;1;8;9;{BB198A79-C5F6-4F78-9E6F-825234C268D1};"8,10,{7615B5A1-12DC-4DE6-94B9-B3C9181F116B};";2026-09-17 11:43:01;2026-09-17 11:43:01;{594A75B5-B1DE-4BC1-9406-00CD665C5482};256
3571;1;8;9;{3B2171AB-7D30-48F1-BF58-333B5DA18500};"8,10,{D2657FD0-2F2E-4BAB-867F-045351DC9131};";2026-09-17 11:43:01;2026-09-17 11:43:01;{28BB8580-36BF-4419-9409-1965AA34E9B1};256
3572;1;8;9;{970BC3C7-A954-46BD-825E-0731167BD934};"8,10,{7615B5A1-12DC-4DE6-94B9-B3C9181F116B};";2026-09-17 11:43:01;2026-09-17 11:43:01;{D94C4FBE-BE98-4448-B49B-7B6F933F6699};256
3573;1;8;10;{87F1E795-8184-4378-8F33-929DA9A39379};"8,9,{E89A3B07-B26C-4DEC-90DC-87E8D521C834};8,9,{5FE6E08A-C635-4FD2-BEAA-951A78C2200E};";2026-09-17 11:43:01;2026-09-17 11:43:01;{E3D2E73A-1CF8-471F-A22F-3543A6B27851};256
3574;1;8;9;{E89A3B07-B26C-4DEC-90DC-87E8D521C834};"8,10,{87F1E795-8184-4378-8F33-929DA9A39379};";2026-09-17 11:43:01;2026-09-17 11:43:01;{C49461DE-F481-4DBB-A71C-FB6B6D87311E};256
3575;1;8;10;{9EE0188A-D582-4EFA-873A-B057CD4393AF};"8,9,{937CB4BF-04FD-4F10-91C7-8274645ADB10};8,9,{20691FCE-CF55-46D6-A6DB-B5ECEA13780E};8,9,{2B1D5961-58A6-4498-80F4-F22BE3E20E33};";2026-09-17 11:43:01;2026-09-17 11:43:01;{B084AE49-DB94-4AB7-98AB-19583831C2F4};256
3576;1;8;9;{7EC0A92D-EA51-4DF2-AC4B-4235FBC917E1};"8,10,{EC0CE698-D937-4DB8-A5CE-AD7324D4A39D};";2026-09-17 11:43:01;2026-09-17 11:43:01;{ADF0FC07-B5AD-47AC-BD5A-891AC2376DF7};256
3577;1;8;9;{D2CC4310-BB7A-4114-8156-B0343A224ED4};"8,10,{2000B897-8DBD-45F5-9545-0BF1629E9E57};";2026-09-17 11:43:01;2026-09-17 11:43:01;{15EF34BA-4B54-49A3-8589-3B18006D8C5D};256
3578;1;8;9;{3BA76E8F-B57C-45EB-AC67-C517AD46969F};"8,10,{4B7FE7C3-931F-4CDD-9129-4F1F2C84D52E};";2026-09-17 11:43:01;2026-09-17 11:43:01;{6CBE2C99-AF6C-46F7-9FD6-5B1477818379};256
3579;1;8;9;{384E2E8F-406C-45EE-A58E-B63F9EC6029A};"8,10,{4F3F9C73-3A9E-4DFA-8652-855926984F13};";2026-09-17 11:43:01;2026-09-17 11:43:01;{25FF4A6B-605F-4360-A382-3F5CF50853B4};256
3580;1;8;10;{B1073C70-EF12-4E9D-90C8-A7DE00F5C4E1};"8,9,{BEAB3D47-01F6-4BC0-92A6-2C3096FEA2A8};";2026-09-17 11:43:01;2026-09-17 11:43:01;{6B33EE7D-CEDD-4DF5-AC1E-A5E4DAE312C5};256
3581;1;8;9;{AEA5DD61-BFF7-4FFB-87BE-159A9FDA1196};"8,10,{857619E2-B671-4FFF-870C-228EC7AEE171};";2026-09-17 11:43:01;2026-09-17 11:43:01;{927D8DBC-B89E-4A32-B286-5184FACEB5C0};256
3582;1;8;9;{45FBEBAC-3549-44AD-9F11-394D98C969DC};"8,10,{E56E9154-89CE-4CAA-AB2B-E6BA3FDE1F20};";2026-09-17 11:43:01;2026-09-17 11:43:01;{5DBC83B4-C8D6-4E4B-9ADE-2B1297C8140D};256
3583;1;8;10;{C02209CF-FE1D-46C1-95BE-99AB5A3B1BD3};"8,9,{24511F5F-B4D5-4553-8A19-7141E8D9FCCF};";2026-09-17 11:43:01;2026-09-17 11:43:01;{D81DD4B7-15C3-48E9-8741-DA482B07A28D};256
3584;1;8;10;{BF02FA7C-9A67-4FF3-8F41-505D719296F1};"8,9,{CC90BF8B-F382-4454-8543-0601CCA5BB69};8,9,{F97A0FF2-2439-4B6A-969F-A430B43C011F};";2026-09-17 11:43:01;2026-09-17 11:43:01;{C0FDB234-AF3D-4EBD-87D8-B92D1B146ABD};256
3585;1;8;9;{7F2CD4F2-5C95-4609-9A73-A07854231D40};"8,10,{98EB4222-EA3F-4792-8F47-DFE409EA921C};";2026-09-17 11:43:01;2026-09-17 11:43:01;{EBC95D30-388D-4DF0-B915-27FEF58E9142};256
3586;1;8;9;{8B7F7240-D0CD-46E3-9383-ECC3D9BFA00E};"8,10,{99C26067-08A3-418D-A1D0-950614B2D627};";2026-09-17 11:43:01;2026-09-17 11:43:01;{F7068558-53B6-421A-837E-1456C3C29171};256
3587;1;8;9;{DEBDF061-0311-45D9-A01F-96E67F797CF8};"8,10,{C127A861-CD3E-4518-9DF7-148E72C33EAF};";2026-09-17 11:43:01;2026-09-17 11:43:01;{759B0474-4F43-4B77-AE4D-29EDA950C209};256
3588;1;8;9;{6CB39FB2-468D-450B-8EFB-1C2667C3604E};"8,10,{4FB869BB-B1F0-437B-A917-E61608D68654};";2026-09-17 11:43:01;2026-09-17 11:43:01;{F2CF6787-5B31-4975-95C3-014D743AD1BE};256
3589;1;8;9;{82125DEB-EFBE-4732-AA56-C950D1F8EE2E};"8,10,{CA2A97D5-A888-4C12-8B5B-101B02FD4526};";2026-09-17 11:43:01;2026-09-17 11:43:01;{50C7871A-65FB-4775-94BB-CDCB14F184F9};256
3590;1;8;9;{1E7F053A-F974-4C23-90B2-31C190B1D389};"8,10,{312BA727-416C-41B8-BEE8-64C51CF65DB4};";2026-09-17 11:43:01;2026-09-17 11:43:01;{1B36DC26-8B6D-4A49-AA44-F5E87893A91A};256
3591;1;8;9;{47F5AF88-1FCF-469D-A225-5B0A067C0A85};"8,10,{FA95EAD0-90F3-4312-BBE4-741BE33AF88B};";2026-09-17 11:43:01;2026-09-17 11:43:01;{F911BF90-DA2A-4295-9B9C-B3C0D1D96F02};256
3592;1;8;9;{1B663C91-6065-4581-812C-7C39E558CA80};"8,10,{998831DB-382A-40EC-A8BC-D6C4B8B21A33};";2026-09-17 11:43:01;2026-09-17 11:43:01;{D0DDB434-2F9A-4A46-B581-4077B676578F};256
3593;1;8;9;{72E374A5-535C-4578-A84A-9B79BD14D42F};"8,10,{0D8706E9-F05F-4905-BAC5-A9FA724CFFD3};";2026-09-17 11:43:01;2026-09-17 11:43:01;{AD86FD73-DD72-476C-A610-A9E552DBF6B3};256
3594;1;8;10;{35ACF776-3099-4264-AED0-74A1F29F447D};"8,9,{6F0DD223-7684-4CB5-8B9F-641BBC59173A};";2026-09-17 11:43:01;2026-09-17 11:43:01;{F317A9F5-929E-4F1E-AEDC-27096DBE8C53};256
3595;1;8;9;{0E4B6317-2695-47F0-AD6B-DCFED65328F8};"8,10,{0A0C891C-46D4-40C6-8FBB-0D9FE9BEB661};";2026-09-17 11:43:01;2026-09-17 11:43:01;{E69EEC2D-7DB8-4046-8FF1-5B8FF431411B};256
3596;1;8;9;{4E1118A8-4F62-4335-A97C-03D40E68AD9C};"8,10,{4B7FE7C3-931F-4CDD-9129-4F1F2C84D52E};";2026-09-17 11:43:01;2026-09-17 11:43:01;{02B923F6-9CBE-48F9-ACA3-0A1592BF3137};256
3597;1;8;9;{D63594F8-3216-4EAD-ACEF-03A87DFD8CC7};"8,10,{06F850D3-0D1F-47EC-AFCA-B21442793C66};";2026-09-17 11:43:01;2026-09-17 11:43:01;{DDD2557E-4C5F-4F9B-A01A-BDDC747E7BD6};256
3598;1;8;9;{7BC183BD-F47D-4905-AEA7-01BC1996C32A};"8,10,{D9675DF6-6AFB-40CE-A38F-A7FBA63A6C76};";2026-09-17 11:43:01;2026-09-17 11:43:01;{CB9A13C0-0116-4C93-B67A-9783FA40D064};256
3599;1;8;9;{708CA288-FBF7-41A9-BACF-AF4DD0918716};"8,10,{332F1A04-278E-4068-842B-53194C4AE72D};";2026-09-17 11:43:01;2026-09-17 11:43:01;{4D9FF3EF-951A-4977-8597-1B544D9E8E36};256
3600;1;8;9;{47CFAF6E-2A07-4C7C-9FA7-A608035F4525};"8,10,{C127A861-CD3E-4518-9DF7-148E72C33EAF};";2026-09-17 11:43:01;2026-09-17 11:43:01;{5DACEF3C-2A71-4485-B82C-5933786E9EFE};256
3601;1;8;10;{AC5237CC-6F45-4ABD-9B19-4E46B962E7EE};"8,9,{F03764FD-A8F4-423F-99EB-F696EFD722D0};";2026-09-17 11:43:01;2026-09-17 11:43:01;{BCF183A2-D756-42FA-AA6E-D53F41E17773};256
3602;1;8;10;{0C9FA3C6-E5A9-4171-AD33-60BDAD172F99};"8,9,{CD9C7FA9-94DE-4957-8A2C-DC63418F7B7F};8,9,{B791D202-7581-48D1-826F-ABA48336CBE1};";2026-09-17 11:43:01;2026-09-17 11:43:01;{C9813537-53E3-418D-9EE5-9B2170E75E80};256
3603;1;8;9;{402C07F7-A009-45DD-AAD1-4816EB20B104};"8,10,{AB7B270A-E661-4AAD-94F3-012A494927C3};";2026-09-17 11:43:01;2026-09-17 11:43:01;{4AE30079-F698-4F6F-84CE-C979A3CBD726};256
3604;1;8;9;{E3E573F5-AC86-4CF7-8182-9CE9544A59CF};"8,10,{7824ACD9-26D0-4154-877A-1832C61EA82C};";2026-09-17 11:43:01;2026-09-17 11:43:01;{94C9FA2A-9801-44C5-A5F9-6BFAA651354E};256
3605;1;8;10;{CF5721CD-C4EC-4EF2-8453-8399B751F2C0};"8,9,{4B23F5BB-87FC-4F76-9226-8656A9420403};";2026-09-17 11:43:01;2026-09-17 11:43:01;{0599101F-341D-4B09-AC52-653248D9C833};256
3606;1;8;10;{1982BF37-1BCF-40D1-9271-6F8F43249019};"8,9,{9D9ED216-7553-4EFC-8BAE-1EA855404830};";2026-09-17 11:43:01;2026-09-17 11:43:01;{E4EF8AC0-C18D-4DEB-9F87-65308B715837};256
3607;1;8;10;{FFDB4961-D41D-4BFF-A6EC-3187B4F7E48D};"8,9,{674A8D4F-F2D2-49E1-A29D-ADE91AA94F22};8,9,{69A6E799-94F4-4A66-9298-D4A3DEB9ACD1};8,9,{E3B5F5D6-9791-4F80-A694-47B57234E259};8,9,{336E6199-CC97-40AB-BDD2-EF5FFDC9FE7D};";2026-09-17 11:43:01;2026-09-17 11:43:01;{85CBE4FF-8D2E-42CD-AD36-0E2168411CDB};256
3608;1;8;9;{D14C84CC-509E-408B-8292-2336D7F0D4CB};"8,10,{6E6AE84B-7D34-4A9F-8B80-3352443F3E3E};";2026-09-17 11:43:01;2026-09-17 11:43:01;{23E6767E-D526-4A47-8787-91EB89A806DA};256
3609;1;8;9;{674A8D4F-F2D2-49E1-A29D-ADE91AA94F22};"8,10,{FFDB4961-D41D-4BFF-A6EC-3187B4F7E48D};";2026-09-17 11:43:01;2026-09-17 11:43:01;{FB4FA5E9-BAA5-4953-86DF-236AC66DE9FD};256
3610;1;8;10;{844F187E-D2EB-4F27-AA38-47855E617B49};"8,9,{BF524270-5D0F-4A3C-9751-E3698E4E67E5};";2026-09-17 11:43:01;2026-09-17 11:43:01;{F47F2B5B-83EB-4689-8013-1A9997A8592B};256
3611;1;8;9;{BF524270-5D0F-4A3C-9751-E3698E4E67E5};"8,10,{844F187E-D2EB-4F27-AA38-47855E617B49};";2026-09-17 11:43:01;2026-09-17 11:43:01;{BC8856BE-E33B-4A4F-A09B-9FE581A9A036};256
3612;1;8;10;{6B6E97E1-F9E4-4E2B-A649-BCC37381C692};"8,9,{A9D3DC9B-5A00-4358-BA04-DE7B58B4E37F};";2026-09-17 11:43:01;2026-09-17 11:43:01;{B3456ABD-F39C-415F-9FE1-FA6DC8DFE859};256
3613;1;8;10;{B6F1F699-16EF-4F1E-99CE-B16622669EDF};"8,9,{D5DD2918-4538-4EEE-8C58-F6FA709F11A2};";2026-09-17 11:43:01;2026-09-17 11:43:01;{CC2754B4-FA6E-4893-9722-4D00E868034F};256
3614;1;8;10;{F15C20CB-EBE1-481E-B7FE-3E2F9F955858};"8,9,{DE6D4CFB-CCCE-47E4-9CD3-F08E5FC2F768};";2026-09-17 11:43:01;2026-09-17 11:43:01;{1E96F351-6E07-4E8C-B54D-D84E168343D7};256
3615;1;8;9;{F9F9EF5B-C625-479C-9C1E-B06062C7F84A};"8,10,{460A500C-DB93-4061-A15D-372AEA36D389};";2026-09-17 11:43:01;2026-09-17 11:43:01;{F2070C2B-2512-4949-8E1F-5197BF8DC05A};256
3616;1;8;9;{DE6D4CFB-CCCE-47E4-9CD3-F08E5FC2F768};"8,10,{F15C20CB-EBE1-481E-B7FE-3E2F9F955858};";2026-09-17 11:43:01;2026-09-17 11:43:01;{BA7F77A8-AC38-4D1B-8268-59F8110F232B};256
3617;1;8;10;{C1FB20D7-D4EC-4B58-9DD7-910288C457F8};"8,9,{4BE53E31-EEDC-429F-AA7E-642C27A2674B};";2026-09-17 11:43:01;2026-09-17 11:43:01;{1D0068E8-3BE5-43E0-AED1-886D7B7986F7};256
3618;1;8;9;{9D9EDEE9-6061-4639-8682-8D968DFAFB56};"8,10,{A03DF3E1-748A-4953-B840-47FCB13B50D8};";2026-09-17 11:43:01;2026-09-17 11:43:01;{1C6895BC-D610-4A43-82C7-8C4A25FA75CE};256
3619;1;8;10;{E9D41F46-5CA0-4306-B6F7-DD8AF0A8EA5F};"8,9,{30A406B7-D7D6-4B13-BD75-B01C41A2ECBC};";2026-09-17 11:43:01;2026-09-17 11:43:01;{9B5CF7DA-ACFD-481F-89D9-D9B325E6D478};256
3620;1;8;9;{F97A0FF2-2439-4B6A-969F-A430B43C011F};"8,10,{BF02FA7C-9A67-4FF3-8F41-505D719296F1};";2026-09-17 11:43:01;2026-09-17 11:43:01;{B10C4973-93FC-47AD-BE3A-CF7E9FF20857};256
3621;1;8;9;{05CCAAED-F55D-4E74-AC50-9EC9A999C31E};"8,10,{E4200965-4CB6-4F7F-B7B9-4DB4AD9AA1FA};";2026-09-17 11:43:01;2026-09-17 11:43:01;{EF5E7A2F-C3DF-459A-BBD8-A45725D1FDFE};256
3622;1;8;10;{2D3457AF-C34B-4056-8443-FB787534A5EF};"8,9,{7AF2C4EE-EF90-44A1-9DF9-ED7FCE7FE1F3};";2026-09-17 11:43:01;2026-09-17 11:43:01;{E9F21394-4FA8-4C86-8E95-C5214A694141};256
3623;1;8;9;{F9EC440D-3F66-4FCB-ADB9-B1CA95DF2B2E};"8,10,{31780B1E-8DC6-4B94-9A77-11A645B40AB0};";2026-09-17 11:43:01;2026-09-17 11:43:01;{E82BA436-A875-4A1C-912A-AC2FD956892B};256
3624;1;8;9;{C916809A-D727-4BB1-BB10-9865299C04C3};"8,10,{F3695A73-EEBC-4237-911B-5D5CE9A300FC};";2026-09-17 11:43:01;2026-09-17 11:43:01;{9EA1C3CA-C8C0-42E7-AF0B-7D09B13B704B};256
3625;1;8;10;{39B694E9-1C05-4D71-813B-6D80C67CF012};"8,9,{55B07E2F-B635-495B-B3F3-08E3E2BE2C6B};";2026-09-17 11:43:01;2026-09-17 11:43:01;{2537CF3C-1418-4BBB-98E4-B8284D4F7139};256
3626;1;8;9;{55B07E2F-B635-495B-B3F3-08E3E2BE2C6B};"8,10,{39B694E9-1C05-4D71-813B-6D80C67CF012};";2026-09-17 11:43:01;2026-09-17 11:43:01;{8273465D-71F2-4879-AFAA-CD552B0B0D8D};256
3627;1;8;9;{4D1448D0-F515-4F55-A78E-215BD07A3D9A};"8,10,{20AD6E0E-E9BB-4EF6-9EA5-84FFBC17FB7A};";2026-09-17 11:43:01;2026-09-17 11:43:01;{074C2D98-BAC6-4869-97C1-18BDF9B6A0A7};256
3628;1;8;9;{20E6DD78-5E88-4047-89A5-59A098B4A4B3};"8,10,{1AD82306-F0FE-4386-86CE-DD63AACC7245};";2026-09-17 11:43:01;2026-09-17 11:43:01;{CA8BBB29-FF2E-43DD-A3B5-003A2D075439};256
3629;1;8;10;{048CD05E-EA6D-4D8D-A723-3C9AAD014E5F};"8,9,{999449AD-033D-4D13-A9B4-1167983941BE};8,9,{457E5EF9-E19B-4E20-907C-AF2CFAB62449};";2026-09-17 11:43:01;2026-09-17 11:43:01;{CD8243BE-A728-48A9-A64F-4012494BF933};256
3630;1;8;9;{999449AD-033D-4D13-A9B4-1167983941BE};"8,10,{048CD05E-EA6D-4D8D-A723-3C9AAD014E5F};";2026-09-17 11:43:01;2026-09-17 11:43:01;{656113EE-D3DF-47D9-97CD-1F6107BCF311};256
3631;1;8;9;{1FA34747-6C97-4EB8-9721-B66B5A273F1B};"8,10,{0A0C891C-46D4-40C6-8FBB-0D9FE9BEB661};";2026-09-17 11:43:01;2026-09-17 11:43:01;{3449CB12-DF60-4BF5-AD31-2F5712F080A4};256
3632;1;8;9;{E4031EBC-87EE-4713-A9F7-00EAFB2C344B};"8,10,{5BC9DEBC-6646-4D9F-BA43-B2F75E9BFBEB};";2026-09-17 11:43:01;2026-09-17 11:43:01;{0DB00FD2-C927-48BA-B961-F09A0DE09574};256
3633;1;8;10;{A4F00351-B394-4FD9-9CB0-9762BA760692};"8,9,{FD344836-96A6-44A2-8E89-A5A678B12320};8,9,{A86578FE-8295-4723-88AB-D4529F6B605F};8,9,{DD1922CE-111F-45CA-9219-B24CD15AD8BC};";2026-09-17 11:43:01;2026-09-17 11:43:01;{AB1007B0-41AF-475C-8E54-082037C3C2C5};256
3634;1;8;9;{90DE8A14-C9FE-4A22-89A9-3BE621E01FF8};"8,10,{0A0C891C-46D4-40C6-8FBB-0D9FE9BEB661};";2026-09-17 11:43:01;2026-09-17 11:43:01;{C5078C97-E79D-46F5-A8CA-6055CAFF61F1};256
3635;1;8;10;{60DF2F9F-FFAB-46C1-B702-CCEF46922AC8};"8,9,{1D6A2189-8204-413E-BA0C-9D809712344F};8,9,{3CB14D81-0EBF-4A6A-B6BA-A4546AC0FF5B};";2026-09-17 11:43:01;2026-09-17 11:43:01;{39BF9805-3079-4542-883B-A604775AA820};256
3636;1;8;9;{DC1CC11A-D00C-4880-ADEB-DA7143FE720C};"8,10,{9F1453DF-6BCD-4AAA-935D-B216EAC4E125};";2026-09-17 11:43:01;2026-09-17 11:43:01;{AEB22596-503F-4A57-836B-BC21AB4CF2AC};256
3637;1;8;10;{862357EF-56D7-4E54-8025-942907784C2D};"8,9,{1C395829-022B-4815-B66F-97E6B5F796BB};8,9,{9EBD4BB9-8C63-414B-969D-D249E48EE042};";2026-09-17 11:43:01;2026-09-17 11:43:01;{6B79D91B-3E3C-4CCD-948B-113CC06A96B4};256
3638;1;8;9;{1D6A2189-8204-413E-BA0C-9D809712344F};"8,10,{60DF2F9F-FFAB-46C1-B702-CCEF46922AC8};";2026-09-17 11:43:01;2026-09-17 11:43:01;{B9D8C834-7696-4BEF-8E27-C993EF00585A};256
3639;1;8;9;{8F2D9A1E-EF00-4A2E-ADE9-CAE337B3BDC8};"8,10,{38FC8187-2FC4-4A03-925E-D32B027BEC40};";2026-09-17 11:43:01;2026-09-17 11:43:01;{325D1BA7-937A-4940-9A19-915D85902A06};256
3640;1;8;9;{457E5EF9-E19B-4E20-907C-AF2CFAB62449};"8,10,{048CD05E-EA6D-4D8D-A723-3C9AAD014E5F};";2026-09-17 11:43:01;2026-09-17 11:43:01;{249654A5-4113-4EFF-A0B2-C9B273FEB95E};256
3641;1;8;10;{3A544022-4554-45C9-9373-3468458193F6};"8,9,{250D9445-1B04-42CB-8F79-4CD013E67881};";2026-09-17 11:43:01;2026-09-17 11:43:01;{34204342-716E-415C-8120-F2A0C9D6FBD4};256
3642;1;8;10;{38F9CB89-51D9-4E29-9DCF-4283C0F199B4};"8,9,{1498640A-611D-49DF-845F-5AAF0FF25F21};";2026-09-17 11:43:01;2026-09-17 11:43:01;{EF85F671-BCD8-4063-B5B4-502294260A18};256
3643;1;8;9;{1498640A-611D-49DF-845F-5AAF0FF25F21};"8,10,{38F9CB89-51D9-4E29-9DCF-4283C0F199B4};";2026-09-17 11:43:01;2026-09-17 11:43:01;{224A4C19-622A-4B79-9D48-C992DA3A00A5};256
3644;1;8;9;{2F993441-3E91-49C2-A004-C61EA123A277};"8,10,{E319F7B5-0703-4BE1-A314-1771113EAC07};";2026-09-17 11:43:01;2026-09-17 11:43:01;{B8EAB031-74C0-4055-9187-73838A11A7D0};256
3645;1;8;10;{22AF94E9-E9DB-486C-B586-09ECF921A953};"8,9,{13B89616-AF02-4F56-B5D2-4E604E71FA08};8,9,{32844835-24A4-4779-971C-DD279F0271E0};";2026-09-17 11:43:01;2026-09-17 11:43:01;{D345D82A-1875-4829-B3CA-6C871413E9AB};256
3646;1;8;10;{EBFFD310-666C-4F97-AEFD-50A4A216FE51};"8,9,{BA7D4E24-281B-4972-8F7C-273E4C0869D0};";2026-09-17 11:43:01;2026-09-17 11:43:01;{B9C3501F-0A36-4870-95BF-6257A49FB098};256
3647;1;8;9;{F97CF71D-DDC5-4B6C-A44B-3F8FCC983DA7};"8,10,{EDC014A6-5B5F-4244-96A5-13BAF3C607FE};";2026-09-17 11:43:01;2026-09-17 11:43:01;{2DE9F7CE-C290-4F24-9A62-4D9C2B3A46A7};256
3648;1;8;9;{BA7D4E24-281B-4972-8F7C-273E4C0869D0};"8,10,{EBFFD310-666C-4F97-AEFD-50A4A216FE51};";2026-09-17 11:43:01;2026-09-17 11:43:01;{4FD17A52-FC3F-449A-BBEA-47A67CDAF8C8};256
3649;1;8;9;{9BA0E92C-D631-4E08-AA3E-C5AD69E457A2};"8,10,{3440E4C9-30BE-4F8F-8C2B-25F0BC09F59C};";2026-09-17 11:43:01;2026-09-17 11:43:01;{5693D906-E9DB-40DA-9F12-F39CFE58414C};256
3650;1;8;9;{8DA253BC-6067-41F2-A0C8-D2BFA0868E6B};"8,10,{1063A945-00F8-4365-8C0E-4DBC813736F8};";2026-09-17 11:43:01;2026-09-17 11:43:01;{12166805-F706-4FD8-A2E2-1FE3185E2AE3};256
3651;1;8;9;{A724413C-B9CA-4F3D-9953-3900BD8F03A6};"8,10,{EFDC07C3-3DE0-4FD1-9FD9-3225DF7B64F0};";2026-09-17 11:43:01;2026-09-17 11:43:01;{491DB196-8454-41A8-9C75-9421E113B190};256
3652;1;8;10;{44C3AAE3-6C77-48AE-8795-116E48C4E867};"8,9,{2DB0EE33-B20E-4574-B54F-FA565C2540DC};";2026-09-17 11:43:01;2026-09-17 11:43:01;{097A6703-6D27-4D84-B08C-4E24AE112AA7};256
3653;1;8;9;{F33F4D40-F0C1-4F85-8F94-58147D323BEF};"8,10,{A9FD1C15-5699-4A95-8171-4A54CCF4F466};";2026-09-17 11:43:01;2026-09-17 11:43:01;{D52F3DA1-FA17-4B10-82D3-F3E903EB867B};256
3654;1;8;9;{2DB0EE33-B20E-4574-B54F-FA565C2540DC};"8,10,{44C3AAE3-6C77-48AE-8795-116E48C4E867};";2026-09-17 11:43:01;2026-09-17 11:43:01;{BA33ECC8-4ED3-4A6E-AA31-F31DCB5DCED4};256
3655;1;8;9;{EAB0E27E-8E95-40F0-AEC4-1E3A9821C0D1};"8,10,{0A8882BA-E5B0-4371-8424-8D1B68A9545F};";2026-09-17 11:43:01;2026-09-17 11:43:01;{7A0983AF-22E1-43DB-A699-D9C0DA2411CD};256
3656;1;8;9;{FE23ECED-BAD7-4E03-A525-C082FAAD82B1};"8,10,{56CBDF37-DDBF-4EA9-A1BE-733E79D2330B};";2026-09-17 11:43:01;2026-09-17 11:43:01;{73B6DA01-60DF-4766-9977-5F6C8A9299FB};256
3657;1;8;9;{E3B5F5D6-9791-4F80-A694-47B57234E259};"8,10,{FFDB4961-D41D-4BFF-A6EC-3187B4F7E48D};";2026-09-17 11:43:01;2026-09-17 11:43:01;{6B2412AE-34E4-4F68-B8A1-EAFDF14BF23D};256
3658;1;8;10;{6F3E08BD-79CB-4FBF-AA01-4C7516E871EA};"8,9,{91C22372-463B-4F5A-AB01-ADB73FF90AB9};";2026-09-17 11:43:01;2026-09-17 11:43:01;{75D1881E-91F3-48DC-88A7-FE65329C08AF};256
3659;1;8;9;{C1B041D1-D211-43E3-ADD9-45046F52A888};"8,10,{A03DF3E1-748A-4953-B840-47FCB13B50D8};";2026-09-17 11:43:01;2026-09-17 11:43:01;{990E336D-94D6-4762-B8F9-FE97A5D16C95};256
3660;1;8;9;{FCDC3296-374C-4112-A94B-0F883C800CD7};"8,10,{EC0CE698-D937-4DB8-A5CE-AD7324D4A39D};";2026-09-17 11:43:01;2026-09-17 11:43:01;{BF1BE828-62AF-4050-94BA-A9863992A015};256
3661;1;8;10;{68B853E1-54EB-4AAF-ADF0-9698477DC2F8};"8,9,{9C37433D-B0FB-4997-A87D-CE6EF52757D8};";2026-09-17 11:43:01;2026-09-17 11:43:01;{B7F820EE-2466-416E-B938-929A3B01A47B};256
3662;1;8;9;{97C69839-9A37-41A7-9718-92853B2FBD28};"8,10,{26AC1432-A1F7-494B-9CEB-321C829D3AA8};";2026-09-17 11:43:01;2026-09-17 11:43:01;{8654E4ED-5A1F-44B4-987F-1400AECB54E9};256
3663;1;8;9;{9C37433D-B0FB-4997-A87D-CE6EF52757D8};"8,10,{68B853E1-54EB-4AAF-ADF0-9698477DC2F8};";2026-09-17 11:43:01;2026-09-17 11:43:01;{64BA0283-661E-4155-9EC2-4DB312A98B74};256
3664;1;8;10;{9444DCB6-63DD-4132-8C26-0BF1162A90EA};"8,9,{EA409C55-1092-45BE-A937-9BABFA6D3667};8,9,{E2C8BD90-0D56-4688-9831-5CD7604FF8AE};8,9,{692D67E3-C178-4E57-A22F-06F35B4510DF};";2026-09-17 11:43:01;2026-09-17 11:43:01;{01A2CA60-F36F-4A43-9A86-E2D3406D03C2};256
3665;1;8;9;{15DD1044-8204-4D95-85D9-97B91C2FE9BF};"8,10,{9D85CAC1-7ACF-4AF6-A12B-290D3103200D};";2026-09-17 11:43:01;2026-09-17 11:43:01;{57DECD52-2FAE-4630-997A-A1C78FEA5FB9};256
3666;1;8;9;{EA409C55-1092-45BE-A937-9BABFA6D3667};"8,10,{9444DCB6-63DD-4132-8C26-0BF1162A90EA};";2026-09-17 11:43:01;2026-09-17 11:43:01;{964C78C3-2B86-4EAA-8CAC-F959844D80CD};256
3667;1;8;10;{D1DE9397-97BE-4F4E-84B1-02713D8428A6};"8,9,{E3C62D98-91A2-49B7-983D-36335E543279};";2026-09-17 11:43:01;2026-09-17 11:43:01;{84EE32F0-EA39-414C-8F48-17DD98B65F05};256
3668;1;8;9;{2DB96AFD-39F9-448E-A708-467841FDCDEC};"8,10,{6B1ACEB5-ACD8-478F-A490-F8AF94E9440A};";2026-09-17 11:43:01;2026-09-17 11:43:01;{ED7DE2B4-198F-4779-9A85-2DC145A86647};256
3669;1;8;9;{A153F286-CB56-4C52-B4E7-9D47B2F4444B};"8,10,{6FA0986D-AD50-4734-A1ED-F15CE7567E9E};";2026-09-17 11:43:01;2026-09-17 11:43:01;{489A1386-103E-4C6F-85EE-4A3D7EE3DD3E};256
3670;1;8;9;{73027F70-EFA9-4121-9665-45E5F24F48CE};"8,10,{2DDE3DE9-CE5B-4A04-8726-4B67964B1DB8};";2026-09-17 11:43:01;2026-09-17 11:43:01;{07031113-4083-43D4-9407-B6A4DBAB9D89};256
3671;1;8;10;{9E2BB96A-0A4E-437C-A381-CEBA8496A1FF};"8,9,{067EDC9A-2880-4DD4-BC1F-2AE09A87F525};8,9,{F0721A8E-A5CB-41D0-8BA3-DFB910966706};8,9,{D299230D-16C2-433C-AFC7-EC92B98EEDBE};8,9,{7E294FB4-2CB9-4766-ADE0-16E53915FB55};";2026-09-17 11:43:01;2026-09-17 11:43:01;{6423EFF6-A6A7-4BD8-935B-E18124F9AC49};256
3672;1;8;9;{067EDC9A-2880-4DD4-BC1F-2AE09A87F525};"8,10,{9E2BB96A-0A4E-437C-A381-CEBA8496A1FF};";2026-09-17 11:43:01;2026-09-17 11:43:01;{C7A37CFC-44E5-4844-BB6D-4A8011A755BF};256
3673;1;8;10;{8B13CED6-2FED-4B4B-B742-94E08C1AA5FF};"8,9,{FABEA4BC-AE4B-4D22-A9DF-581C8C3B9297};";2026-09-17 11:43:01;2026-09-17 11:43:01;{F768DF04-C074-4E3D-BB1D-EF218F413F6E};256
3674;1;8;9;{11F8EB98-44FE-4EA5-A795-15F24CAF575F};"8,10,{1C2B0E2B-2322-4181-B850-D1395BFFEC6D};";2026-09-17 11:43:01;2026-09-17 11:43:01;{588898DC-AE9D-4806-A9D3-D1F3CFBE7FEC};256
3675;1;8;9;{A74A4811-65B6-44DB-9C8B-686B804CE019};"8,10,{A7EFB4B0-3A41-4011-A226-C75E268F8849};";2026-09-17 11:43:01;2026-09-17 11:43:01;{5977999D-2108-4CFD-BD59-3A5854081EEA};256
3676;1;8;9;{F5C26729-18D4-44AD-81A7-D8DD0E0679D5};"8,10,{0A0C891C-46D4-40C6-8FBB-0D9FE9BEB661};";2026-09-17 11:43:01;2026-09-17 11:43:01;{626A82CF-BB66-47A3-AB11-86A3CC972E39};256
3677;1;8;10;{F7684D74-8215-465D-AF84-A8F192648E95};"8,9,{16331A21-0145-4554-8F19-42425BDB52CA};";2026-09-17 11:43:01;2026-09-17 11:43:01;{CC1A6D56-7E59-4140-B641-66ECE8C819C0};256
3678;1;8;9;{884F04D3-E127-4F29-94E9-356DF05D3246};"8,10,{C01E045F-BC6D-45D8-89F6-BAC02E47FB42};";2026-09-17 11:43:01;2026-09-17 11:43:01;{68774BAC-7FE8-42A3-947A-95F19C7C51E5};256
3679;1;8;9;{16331A21-0145-4554-8F19-42425BDB52CA};"8,10,{F7684D74-8215-465D-AF84-A8F192648E95};";2026-09-17 11:43:01;2026-09-17 11:43:01;{5CB1E3EA-C013-4D5D-AF7B-15ACB330559F};256
3680;1;8;9;{D4C4B1BA-3326-4F57-A943-320EE7A9D912};"8,10,{7BB921B6-ED23-49DA-8BE6-57B9BA80F547};";2026-09-17 11:43:01;2026-09-17 11:43:01;{892F2A49-B8D5-456D-AAAF-A1CE1BDAE592};256
3681;1;8;10;{8717A032-31CB-49C6-BF08-FFF1E9CA625A};"8,9,{454E73C9-3389-4B67-A642-437E81E8F1F0};";2026-09-17 11:43:01;2026-09-17 11:43:01;{12ED064D-322F-49AC-B7A4-3C7AAD9AB8C8};256
3682;1;8;9;{454E73C9-3389-4B67-A642-437E81E8F1F0};"8,10,{8717A032-31CB-49C6-BF08-FFF1E9CA625A};";2026-09-17 11:43:01;2026-09-17 11:43:01;{87218C1B-FDC7-4DC9-987E-FFD3F0FC55A8};256
3683;1;8;10;{358CC672-A325-48FD-A984-D552959096A8};"8,9,{16B18D4A-9FD2-4A21-8CE6-311284ED48A4};8,9,{B067A665-4A12-4659-AF82-937D7AD494B1};8,9,{0A5D97B9-D15F-48C7-BC0B-8AE3721E2C1A};";2026-09-17 11:43:01;2026-09-17 11:43:01;{C646A477-131C-4262-B01A-FB3717C3752B};256
3684;1;8;9;{16B18D4A-9FD2-4A21-8CE6-311284ED48A4};"8,10,{358CC672-A325-48FD-A984-D552959096A8};";2026-09-17 11:43:01;2026-09-17 11:43:01;{A0A563F7-2054-4885-BCC4-8834A2A692D1};256
3685;1;8;10;{F891A746-2195-429B-9F8A-14468B09AB2D};"8,9,{1A689CBC-DAC2-4189-A4C8-2B235FB75A64};";2026-09-17 11:43:01;2026-09-17 11:43:01;{658CEE2E-20AA-48DE-81B9-3D9DC1D7FC9A};256
3686;1;8;10;{9E432424-76C7-4155-8478-535478A98281};"8,9,{90C3E3FE-38F0-4E43-9D4A-EE58847583BA};8,9,{363DE166-246E-4393-90BA-F2EC24B3C9B1};";2026-09-17 11:43:01;2026-09-17 11:43:01;{1A66F2B5-B405-42D4-B711-65C7CB4A6709};256
3687;1;8;9;{4FF566E6-76CB-43ED-9052-9FB6A0A617FB};"8,10,{E2FEC8DF-14C6-4556-AD56-273C85E3F95F};";2026-09-17 11:43:01;2026-09-17 11:43:01;{5D9087DC-69AF-4E4B-BC1D-408CA8D48CBB};256
3688;1;8;10;{E319F7B5-0703-4BE1-A314-1771113EAC07};"8,9,{2F993441-3E91-49C2-A004-C61EA123A277};";2026-09-17 11:43:01;2026-09-17 11:43:01;{B73F32D4-63C6-4EA7-AEE8-CDF09E455F4F};256
3689;1;8;9;{D0AD73E3-1151-4FBE-8F54-8EA38DA2260E};"8,10,{EFA71AD4-4496-4834-933D-BCB42FC1EAFD};";2026-09-17 11:43:01;2026-09-17 11:43:01;{D92B8268-497A-482A-8930-9F67B67584BE};256
3690;1;8;9;{771127AB-0573-4006-A32D-D480D69F61FF};"8,10,{442BB262-E383-46B1-AF3C-8D168C42CE1D};";2026-09-17 11:43:01;2026-09-17 11:43:01;{7E9BED30-0A17-4FAE-833B-499B1E374030};256
3691;1;8;9;{DEA0183F-EA1C-4F51-B3A6-83AF0D975A3C};"8,10,{C195C7F4-E80B-4A40-B0E8-DFCAEF7D2B05};";2026-09-17 11:43:01;2026-09-17 11:43:01;{988EE18C-05A1-42B0-9F20-185E74FA8456};256
3692;1;8;10;{856713F3-4214-4412-9BDF-9E2B385307B3};"8,9,{5C0D6A1B-4351-4942-9A12-C03CC15928CF};";2026-09-17 11:43:01;2026-09-17 11:43:01;{44921B22-A0DF-4EB2-81B7-32D79F774409};256
3693;1;8;9;{96EF8A4D-3B74-485B-B5E9-92A2DE1C8599};"8,10,{937903EF-ED02-4E3B-BB6C-EE937F127AD0};";2026-09-17 11:43:01;2026-09-17 11:43:01;{2EA8BB8C-905C-4AA3-983D-11A438A8E331};256
3694;1;8;9;{570A4126-FD94-462A-9635-0237910656B3};"8,10,{EC0CE698-D937-4DB8-A5CE-AD7324D4A39D};";2026-09-17 11:43:01;2026-09-17 11:43:01;{89E380FA-C176-43E0-AE74-D7F055F3F157};256
3695;1;8;9;{DD1922CE-111F-45CA-9219-B24CD15AD8BC};"8,10,{A4F00351-B394-4FD9-9CB0-9762BA760692};";2026-09-17 11:43:01;2026-09-17 11:43:01;{2FBB1DAF-96DA-4E64-9FE7-EEBD6905830D};256
3696;1;8;10;{99104053-AC2D-47C2-9DBA-40AD90AECE29};"8,9,{34499E5C-320E-4165-9F7D-A428B2A9C3B8};8,9,{86EB9325-3983-49DD-B35B-9285676FB022};";2026-09-17 11:43:01;2026-09-17 11:43:01;{B100F1B0-7052-40F6-A386-255132FEAEFA};256
3697;1;8;9;{94009E10-43B3-490B-8FCF-7F1504028DA3};"8,10,{78426B35-9B99-4096-A0A3-2CF63C2B4077};";2026-09-17 11:43:01;2026-09-17 11:43:01;{E65367CF-560F-4877-A2B4-7C97A26BD5CA};256
3698;1;8;9;{24BF77F8-4C37-405B-901B-1E61325FE41B};"8,10,{41EFA5A3-BDDD-4943-9213-98CF63BF119B};";2026-09-17 11:43:01;2026-09-17 11:43:01;{22E0A4F8-9B17-4FCB-9354-F6DC8BF0C7EC};256
3699;1;8;9;{077414BC-2C98-432F-99E4-7F2954E44C2B};"8,10,{122A50EA-2B68-4052-8708-BE6CCFC73CF8};";2026-09-17 11:43:01;2026-09-17 11:43:01;{E95FFED2-47BF-4CB8-BE22-D917E27E73D8};256
3700;1;8;9;{24F59888-369A-4832-A7F0-319F02EDFFD9};"8,10,{A7EFB4B0-3A41-4011-A226-C75E268F8849};";2026-09-17 11:43:01;2026-09-17 11:43:01;{F2C898EF-C988-4C4A-82E3-70CFA6747FA9};256
3701;1;8;10;{D7F2CA12-889F-480B-89C1-D38ED117D0E3};"8,9,{1A57A0E8-E2F7-4F0D-A90A-64065D8A123A};";2026-09-17 11:43:01;2026-09-17 11:43:01;{0C5BF4D5-1905-42D2-8D54-DC3F588C1275};256
3702;1;8;10;{5704E5B7-25F3-478A-8F85-629ABFA09BC7};"8,9,{1676483B-ED97-4A8A-AAA4-917B34AEF809};";2026-09-17 11:43:01;2026-09-17 11:43:01;{F3B4BC4E-D5D3-4658-B45A-DDBF1A5E186E};256
3703;1;8;9;{1A57A0E8-E2F7-4F0D-A90A-64065D8A123A};"8,10,{D7F2CA12-889F-480B-89C1-D38ED117D0E3};";2026-09-17 11:43:01;2026-09-17 11:43:01;{2B9AEC45-4F92-4809-A649-1A135241560E};256
3704;1;8;9;{6CE48314-10B7-4E10-99A5-2F6A90965079};"8,10,{3F375C51-9D63-471E-AE31-02B21599C09A};";2026-09-17 11:43:01;2026-09-17 11:43:01;{35FA350F-B83E-4EEE-844F-6A8519D04583};256
3705;1;8;10;{0A288751-9B33-4A31-8806-4F79C896331D};"8,9,{404A7D1A-1C94-454B-A19E-A293C592EABF};";2026-09-17 11:43:01;2026-09-17 11:43:01;{7DF28670-04E1-4CC3-9493-39BC3C0C8F7A};256
3706;1;8;10;{45EB7253-045A-4108-87E6-E5CC14834473};"8,9,{A0297E25-7395-4D2B-830A-0AD1D8817D93};8,9,{460FCD2D-0EBC-4C57-B50D-EED9AC02B638};";2026-09-17 11:43:01;2026-09-17 11:43:01;{FB45A8D0-89AE-4843-8352-7B56E394CA7E};256
3707;1;8;10;{D6B335FD-1B04-479B-8C20-7EC1D89AEEEE};"8,9,{56EFF229-68D1-450B-9146-4C0138A3E304};";2026-09-17 11:43:01;2026-09-17 11:43:01;{1D59033E-0A91-4DB0-8F38-737EE7C4D88C};256
3708;1;8;9;{B692D781-5016-4E24-8BDD-35CADC2FFCB0};"8,10,{7BB921B6-ED23-49DA-8BE6-57B9BA80F547};";2026-09-17 11:43:01;2026-09-17 11:43:01;{97D90758-98C2-4406-9D12-D71F728DF357};256
3709;1;8;9;{BF4BBA89-7704-43A4-A180-C11EE88CB338};"8,10,{34E32C64-F368-4EA4-8EF9-24490CB4C066};";2026-09-17 11:43:01;2026-09-17 11:43:01;{3A1CB541-3C32-4210-A3C2-C0960B1250EC};256
3710;1;8;10;{3A40E79B-2C2D-4168-8021-9E3FCE37E8CF};"8,9,{D066B135-65A9-486A-8D0F-82F60F489418};";2026-09-17 11:43:01;2026-09-17 11:43:01;{8CB275A6-B4C2-4210-8C94-0AEC77F8C8FC};256
3711;1;8;9;{7A6CD91A-B601-4F74-9C1B-5B6A094CFE52};"8,10,{AA2D3C87-9A4C-4130-93F4-3D4EEE773F81};";2026-09-17 11:43:01;2026-09-17 11:43:01;{AB8DDEC1-3973-489E-AD92-431D107DFFE5};256
3712;1;8;9;{336E6199-CC97-40AB-BDD2-EF5FFDC9FE7D};"8,10,{FFDB4961-D41D-4BFF-A6EC-3187B4F7E48D};";2026-09-17 11:43:01;2026-09-17 11:43:01;{5B9C3440-3CA5-407E-BA8B-8CBC31C4C4C2};256
3713;1;8;10;{F8BC6D8A-646B-4852-9FF4-B59AF975B73D};"8,9,{EAE88498-6C03-4DE2-ABC1-8B468490712B};";2026-09-17 11:43:01;2026-09-17 11:43:01;{A3E19EB2-FAD0-4BEB-9E0D-143E6F6407C4};256
3714;1;8;9;{EAE88498-6C03-4DE2-ABC1-8B468490712B};"8,10,{F8BC6D8A-646B-4852-9FF4-B59AF975B73D};";2026-09-17 11:43:01;2026-09-17 11:43:01;{372B2008-5E74-4F79-9E34-37985A0CBE55};256
3715;1;8;9;{762E053F-C0EF-4CA0-AA5D-6713906E55CE};"8,10,{A22E9703-EB37-41E9-81CA-D116C2C61429};";2026-09-17 11:43:01;2026-09-17 11:43:01;{EC3D3EE5-6AC6-4848-B6AC-5AFC08FF4DF0};256
3716;1;8;10;{CBA734C4-2728-4D9E-BC0F-8D72A39E4E3E};"8,9,{D95684C8-4A09-4E4B-83E1-6F31665C8532};";2026-09-17 11:43:01;2026-09-17 11:43:01;{0E04866F-5F9C-4B4A-83A5-9531EC805F8F};256
3717;1;8;9;{D816DB4D-0C0B-424E-9D34-7BF49EE0C467};"8,10,{E0BB9644-9D19-4401-A217-6BBC3FFD3668};";2026-09-17 11:43:01;2026-09-17 11:43:01;{5AE07D2E-1228-4339-BA18-B2B657540AC7};256
3718;1;8;9;{D95684C8-4A09-4E4B-83E1-6F31665C8532};"8,10,{CBA734C4-2728-4D9E-BC0F-8D72A39E4E3E};";2026-09-17 11:43:01;2026-09-17 11:43:01;{00F2DE35-CA09-46C4-8860-167B49574D29};256
3719;1;8;10;{8E90834E-4229-49BC-9AB8-8D19E1F78810};"8,9,{EA1E94D0-E3A0-4351-BD81-B3504F433434};";2026-09-17 11:43:01;2026-09-17 11:43:01;{C5B784E3-F7F4-4622-A541-18CA6F580445};256
3720;1;8;9;{EA1E94D0-E3A0-4351-BD81-B3504F433434};"8,10,{8E90834E-4229-49BC-9AB8-8D19E1F78810};";2026-09-17 11:43:01;2026-09-17 11:43:01;{F6219B34-699B-43DE-8304-BFFAAE06FFEA};256
3721;1;8;10;{D0DA485C-3938-4E33-B8B6-D8C183670D78};"8,9,{4F1763D6-4090-460C-A033-0DA9A2790935};";2026-09-17 11:43:01;2026-09-17 11:43:01;{0DE1F206-E3B2-4E78-BB7B-0870BD0C4AB0};256
3722;1;8;9;{1ADF1CD5-4089-4A82-86E6-F22ABEF36740};"8,10,{D22CC570-8281-4868-B9EE-3FA75DDCAD1B};";2026-09-17 11:43:01;2026-09-17 11:43:01;{D9E3B20F-0253-4DC9-B23D-478FF5540192};256
3723;1;8;10;{444DDE48-B3FF-4890-AF62-D07AAD3310CF};"8,9,{769BE8C3-2590-4942-96B6-386D9F555E7F};";2026-09-17 11:43:01;2026-09-17 11:43:01;{E5424E34-A0A1-4814-B09F-4C0F03298811};256
3724;1;8;9;{4F559835-9D58-4157-A4D4-52A7181C6860};"8,10,{4B7FE7C3-931F-4CDD-9129-4F1F2C84D52E};";2026-09-17 11:43:01;2026-09-17 11:43:01;{A4D04A48-652B-475F-B0AC-517B5F8FC86F};256
3725;1;8;9;{1B776760-0C26-4788-B8FF-D2B3586D125F};"8,10,{F4A91B9D-7BCA-49C8-AAFB-C33569447CBF};";2026-09-17 11:43:01;2026-09-17 11:43:01;{ACC9C237-AFAF-4532-9F5D-B6B8C42FB5DC};256
3726;1;8;10;{51E35BC4-9CEC-495B-8727-A3975F27084D};"8,9,{9F3129D4-FB59-4E79-A7ED-15858420A31F};";2026-09-17 11:43:01;2026-09-17 11:43:01;{8331F509-73BB-47A9-931D-DEA3CB5B3697};256
3727;1;8;9;{9F3129D4-FB59-4E79-A7ED-15858420A31F};"8,10,{51E35BC4-9CEC-495B-8727-A3975F27084D};";2026-09-17 11:43:01;2026-09-17 11:43:01;{BD616723-B535-48C2-A91E-605283C8C5B0};256
3728;1;8;9;{B067A665-4A12-4659-AF82-937D7AD494B1};"8,10,{358CC672-A325-48FD-A984-D552959096A8};";2026-09-17 11:43:01;2026-09-17 11:43:01;{E9543A9E-D5B1-4DF2-AFD6-8D48E62BEB52};256
3729;1;8;10;{14D44528-37D9-488D-9EB9-72EA413BC259};"8,9,{1B8D791F-F1B8-4A1D-9884-E58A1AAD2309};";2026-09-17 11:43:01;2026-09-17 11:43:01;{FA71F8E7-292A-46A2-934C-5522645750A1};256
3730;1;8;9;{48A96308-A64B-4E38-B864-9F25E9556ACC};"8,10,{E91B5E38-A011-4EEC-B97C-11DFA8075A4A};";2026-09-17 11:43:01;2026-09-17 11:43:01;{DCC0A31B-E189-4EA4-8D76-B1A0C811825A};256
3731;1;8;9;{76598EB3-51CA-4332-B516-8845EA33FC7D};"8,10,{0A0C891C-46D4-40C6-8FBB-0D9FE9BEB661};";2026-09-17 11:43:01;2026-09-17 11:43:01;{94ED8625-161A-48D2-93A6-2F082405D063};256
3732;1;8;10;{29EAFE14-BE3E-4CA8-9E0F-9C22085049BC};"8,9,{E1539020-413D-4A01-917C-40B4750B13FE};";2026-09-17 11:43:01;2026-09-17 11:43:01;{4E74D3BA-2891-4903-B6E2-6169A4802BC5};256
3733;1;8;9;{E1539020-413D-4A01-917C-40B4750B13FE};"8,10,{29EAFE14-BE3E-4CA8-9E0F-9C22085049BC};";2026-09-17 11:43:01;2026-09-17 11:43:01;{A57F5EA8-6529-4C6B-BBD7-E68422B1FA5A};256
3734;1;8;9;{7D49D606-9A4D-4BAF-A805-77CC75306889};"8,10,{7BB921B6-ED23-49DA-8BE6-57B9BA80F547};";2026-09-17 11:43:01;2026-09-17 11:43:01;{166FE75A-AAAA-4DBB-87C7-1242FEAA7751};256
3735;1;8;9;{5F8660A8-7C8D-4046-BBE1-F77D7F12CE60};"8,10,{F4A91B9D-7BCA-49C8-AAFB-C33569447CBF};";2026-09-17 11:43:01;2026-09-17 11:43:01;{4C5CE901-8594-450F-AB45-495A2CC5A97F};256
3736;1;8;10;{1AAB2713-BA9C-483F-892D-B63C727D1EF5};"8,9,{D4580210-CCE3-4ADC-AAB0-291FDA36F44E};";2026-09-17 11:43:01;2026-09-17 11:43:01;{F447730F-3E06-4C51-A3AA-FFCBE4A51AE1};256
3737;1;8;9;{59B5002E-1450-48AC-8AE3-48CB381A5792};"8,10,{96F26D5E-F487-4BB6-9633-08E1A6388A3E};";2026-09-17 11:43:01;2026-09-17 11:43:01;{438CA591-0AE0-4795-AB73-85F48890C26F};256
3738;1;8;9;{32EF5E0C-D9D2-46D2-BC3A-2432FB3BE9CE};"8,10,{E4446C2D-04AD-4816-A0E3-2387C6B00EAB};";2026-09-17 11:43:01;2026-09-17 11:43:01;{5AC9EA68-D2D9-4694-9D00-2A40484C79E5};256
3739;1;8;10;{76FB450C-349C-43C3-AF61-A3C56311D36B};"8,9,{34C9551A-7868-442E-BE32-35DDE848FF52};8,9,{21223DAD-97A2-4D97-862C-ACA305C04C1D};8,9,{3DAECDE0-9490-4A19-B152-53F4EABD1416};8,9,{92CB7850-5CA1-42B0-B9D3-BD065ED742D4};8,9,{536A1919-93FA-4A36-972D-3318951CB4CE};8,9,{59316AFF-4B9C-4497-8F51-A9FB387F3B5D};";2026-09-17 11:43:01;2026-09-17 11:43:01;{2E714D55-54BC-4C8E-841B-D769F61D6F02};256
3740;1;8;9;{34C9551A-7868-442E-BE32-35DDE848FF52};"8,10,{76FB450C-349C-43C3-AF61-A3C56311D36B};";2026-09-17 11:43:01;2026-09-17 11:43:01;{9118360C-0897-450B-992E-457358FEF39F};256
3741;1;8;9;{55AD951B-A467-4A77-8F42-E898FE4ABE2C};"8,10,{1382016D-4802-42AF-B34E-429F8F60186E};";2026-09-17 11:43:01;2026-09-17 11:43:01;{E3BEF90E-0D55-49A1-A932-20F41D68971D};256
3742;1;8;9;{63515FB3-381E-4078-9295-13A43AC8878B};"8,10,{442BB262-E383-46B1-AF3C-8D168C42CE1D};";2026-09-17 11:43:01;2026-09-17 11:43:01;{C0E80D7F-C4ED-423E-8073-148DFB972797};256
3743;1;8;10;{4DE1878E-3518-4842-AED0-B0DEEFD9628C};"8,9,{CC41814A-16E8-44CD-95A2-FFAB01AF4D39};8,9,{DF4A3606-8A95-4563-958A-7E84AB53953E};8,9,{CA2FBB87-23FB-45EC-9144-C384B08FE61B};8,9,{5C2C3CA7-D978-41FD-B700-EED115813F6D};8,9,{AAF1CEA4-CBEA-4438-B7B6-AE624D3CE2CB};8,9,{F4A49B6F-CF8E-4DB1-A15B-8C7B95CCBBF7};";2026-09-17 11:43:01;2026-09-17 11:43:01;{C4CAE438-FD15-40A2-BD0A-BDB32E2CB9C9};256
3744;1;8;10;{4CBEA8FF-0182-4169-A7DD-7DA4160E6243};"8,9,{ADCF5907-D33C-4C4C-A49F-882E057FE862};8,9,{ADDA7CB7-1A04-469A-A928-F6BC7878C463};";2026-09-17 11:43:01;2026-09-17 11:43:01;{FA5E04DB-8837-4096-98A8-19E877EEDA3A};256
3745;1;8;9;{D299230D-16C2-433C-AFC7-EC92B98EEDBE};"8,10,{9E2BB96A-0A4E-437C-A381-CEBA8496A1FF};";2026-09-17 11:43:01;2026-09-17 11:43:01;{6823724E-1582-472B-974B-CAFEB46EDEB3};256
3746;1;8;10;{449C4405-70D7-457B-8029-7DF1D99480FA};"8,9,{255E58CE-04D8-41FA-AF76-41528F7F4D15};";2026-09-17 11:43:01;2026-09-17 11:43:01;{EE8E7F17-2D7D-4131-90C0-0CEA2255606E};256
3747;1;8;9;{255E58CE-04D8-41FA-AF76-41528F7F4D15};"8,10,{449C4405-70D7-457B-8029-7DF1D99480FA};";2026-09-17 11:43:01;2026-09-17 11:43:01;{487AAEB2-8C0A-4333-9402-3406CDA13C43};256
3748;1;8;10;{CDE39CFA-B228-490F-92E5-6428A43CBB6F};"8,9,{7CEA1EE3-3774-4455-845B-DA9BA27E80F5};";2026-09-17 11:43:01;2026-09-17 11:43:01;{F4110364-9DF1-45E3-879D-EF46ACC94E4B};256
3749;1;8;10;{BA01F7F3-BCCA-479A-8906-2F06583BFA5A};"8,9,{06F1966F-8893-4958-9031-A48BBBFBF62B};8,9,{940B8FF5-0FAC-4862-8009-865DC2C518B1};8,9,{AD90C43D-9112-4423-A19B-9D0701D54D16};8,9,{55C6C5E0-4A5F-4736-AFFA-18B3E64D050A};8,9,{2C16D0F9-BD73-4BEC-90BE-75897147132E};8,9,{79B69395-86D0-4005-B91D-F7BF1CF7BE48};8,9,{03A69486-350D-4AD9-9390-066D27D3D59F};";2026-09-17 11:43:01;2026-09-17 11:43:01;{194014CA-ECDB-4196-913C-389ECF22856F};256
3750;1;8;9;{D93530B9-7DBC-487B-A9D9-A737E6893B54};"8,10,{EC4F6A74-6466-46FB-9255-7BBFD8150709};";2026-09-17 11:43:01;2026-09-17 11:43:01;{E77CFE8A-1375-48DA-A9D9-F6E0B0748E9A};256
3751;1;8;10;{B5E89EC1-4C2F-4295-9294-2EFD8A65C03A};"8,9,{8B062069-419F-42D9-933E-DADEC42EB2F2};";2026-09-17 11:43:01;2026-09-17 11:43:01;{520EFDEA-CF50-4B39-8152-092F03933395};256
3752;1;8;9;{938BBE97-9E74-4249-8E6E-51F0C9FC64B0};"8,10,{016D33A0-1F5F-4860-A5DB-0B58C8C09465};";2026-09-17 11:43:01;2026-09-17 11:43:01;{DAFF4667-6EEF-46FB-8942-F3FE89C5FE27};256
3753;1;8;9;{8B062069-419F-42D9-933E-DADEC42EB2F2};"8,10,{B5E89EC1-4C2F-4295-9294-2EFD8A65C03A};";2026-09-17 11:43:01;2026-09-17 11:43:01;{33822A9D-72FC-4B2F-A5B7-A8DDF6630130};256
3754;1;8;10;{4EA76679-C5AB-4428-A5B9-96B85DB79613};"8,9,{EE9787B3-9B5B-48A5-B372-064B26D57E1E};";2026-09-17 11:43:01;2026-09-17 11:43:01;{C2C4B5F8-04E5-4DB9-B8F6-167CAA50EABD};256
3755;1;8;9;{58AAEC6B-72A2-409C-A8BA-F54EAC8428D4};"8,10,{F38B28A8-11C3-473D-815D-CA405B382554};";2026-09-17 11:43:01;2026-09-17 11:43:01;{987C1656-4DD8-4855-983C-3165E04C7969};256
3756;1;8;10;{1F42022A-E4B4-436E-8C1F-4899A10DCB9B};"8,9,{C77D0BC0-A0FF-468D-88AA-03B7D352AD5D};";2026-09-17 11:43:01;2026-09-17 11:43:01;{4E293F33-7D40-4713-ADDB-9DAB0A6E1C8A};256
3757;1;8;10;{C30C6485-05C4-4A78-BC24-E5F7C53493BC};"8,9,{5B3BF4B7-CACA-42FC-9612-32893925A0E0};";2026-09-17 11:43:01;2026-09-17 11:43:01;{A6A208C6-F1EB-4797-903B-305835A9813E};256
3758;1;8;9;{ADDA7CB7-1A04-469A-A928-F6BC7878C463};"8,10,{4CBEA8FF-0182-4169-A7DD-7DA4160E6243};";2026-09-17 11:43:01;2026-09-17 11:43:01;{010D5603-F4F7-4260-A2FE-763E8EF65D03};256
3759;1;8;10;{9E9999F7-EDE3-434E-9094-0E43B82288F7};"8,9,{B3D5FE3B-0951-4960-86BE-436BAA9BF3CD};";2026-09-17 11:43:01;2026-09-17 11:43:01;{157A5662-EB17-496C-8D36-C4AE74191904};256
3760;1;8;9;{678CBDD1-5CD4-424C-9C65-F1ADD5FC5E4E};"8,10,{998406F2-686B-4402-941F-010EAEB6D8C6};";2026-09-17 11:43:01;2026-09-17 11:43:01;{6BF6CC58-5F36-422A-BE0B-4A6B3ACFEE54};256
3761;1;8;9;{7531DDFC-858B-424F-A0F6-BAF43B23765B};"8,10,{E4D377D5-D4F5-4107-B028-D3527DF4201A};";2026-09-17 11:43:01;2026-09-17 11:43:01;{133D9AD7-BB94-4DE3-98D1-20AC716E647C};256
3762;1;8;10;{3D0A5E07-A838-43D0-BA1B-7B865A1DEB9E};"8,9,{407F0E51-965E-4430-885E-FCB1523345E3};";2026-09-17 11:43:01;2026-09-17 11:43:01;{D23E80DC-6D65-4F4D-81BA-7F85022D52AB};256
3763;1;8;9;{407F0E51-965E-4430-885E-FCB1523345E3};"8,10,{3D0A5E07-A838-43D0-BA1B-7B865A1DEB9E};";2026-09-17 11:43:01;2026-09-17 11:43:01;{ABA03DA4-FF65-4AE8-A3CC-0879E2DE7B2A};256
3764;1;8;9;{FFE2E49D-B995-4699-B69B-F771658D911B};"8,10,{41EFA5A3-BDDD-4943-9213-98CF63BF119B};";2026-09-17 11:43:01;2026-09-17 11:43:01;{969BFD5A-1BDE-48F4-B5AF-626762BC5391};256
3765;1;8;10;{3410148B-07E2-4242-A277-82BE3A505FCA};"8,9,{8CE4F911-0A61-4D28-8192-AEF3885CA3F1};";2026-09-17 11:43:01;2026-09-17 11:43:01;{D1B1D1FC-A345-4FAA-BCD7-00087A921C0F};256
3766;1;8;9;{8CE4F911-0A61-4D28-8192-AEF3885CA3F1};"8,10,{3410148B-07E2-4242-A277-82BE3A505FCA};";2026-09-17 11:43:01;2026-09-17 11:43:01;{2031C69E-0F11-4466-B256-2D77D66B19E3};256
3767;1;8;9;{80E8FA44-3D53-41D4-9909-3BA81C2CDAB3};"8,10,{F6E84504-A87D-42E5-A40E-529250221E1D};";2026-09-17 11:43:01;2026-09-17 11:43:01;{7E2EE50D-E582-4A21-A95E-3EB73B97F2FB};256
3768;1;8;9;{21223DAD-97A2-4D97-862C-ACA305C04C1D};"8,10,{76FB450C-349C-43C3-AF61-A3C56311D36B};";2026-09-17 11:43:01;2026-09-17 11:43:01;{D705010F-3CF3-40F4-A190-CCA22F4E0291};256
3769;1;8;10;{B0FDE9BD-0942-466C-AA2B-65EEC82CCE9A};"8,9,{FC146F1E-F8B7-4171-B76A-9B217549914E};";2026-09-17 11:43:01;2026-09-17 11:43:01;{403C3270-5DE9-46F3-9175-875EAC1BAF0C};256
3770;1;8;9;{EFAB29B0-C35A-44BF-A41B-865DF1B30382};"8,10,{E68F63D4-A4CC-4A23-A8B9-663C14840552};";2026-09-17 11:43:01;2026-09-17 11:43:01;{40B27F80-44A5-46C6-9DFA-758940BBAD85};256
3771;1;8;9;{F56AA159-FD74-4A80-856A-7C99D2D5217D};"8,10,{5852DAB3-5E7A-4BD6-8D3C-28ADA6D365D0};";2026-09-17 11:43:01;2026-09-17 11:43:01;{073738E4-EB5C-4A4F-8A48-809EEE5640F2};256
3772;1;8;9;{7DBEC782-CC4C-4CA4-901A-944CE91F9C82};"8,10,{00979FCE-DA0E-4929-9E8C-6E9659749069};";2026-09-17 11:43:01;2026-09-17 11:43:01;{E50A3C02-AB7E-4D93-BC70-31C73D83C1F2};256
3773;1;8;10;{544A194D-CA31-42A5-9C52-FA53FD62914C};"8,9,{45B5CEDF-114B-41B9-8EF4-ADD5D734C854};";2026-09-17 11:43:01;2026-09-17 11:43:01;{116D535C-8778-4CD0-92AC-6402CEB3AB86};256
3774;1;8;9;{911B1B4D-AE9A-40F9-9983-0DA49B1BF410};"8,10,{84BF8A3B-F448-40C4-9481-3FF3DD428E3D};";2026-09-17 11:43:01;2026-09-17 11:43:01;{8AB097BC-0F95-41C6-BBF2-C77588201070};256
3775;1;8;10;{8C502E6B-7B87-4424-BCE8-056BEDFED6E9};"8,9,{A2A228F1-3026-4D0A-B64C-A8D87826CBB8};";2026-09-17 11:43:01;2026-09-17 11:43:01;{668A27C1-3E38-4186-97DB-E248245BCB39};256
3776;1;8;9;{A2A228F1-3026-4D0A-B64C-A8D87826CBB8};"8,10,{8C502E6B-7B87-4424-BCE8-056BEDFED6E9};";2026-09-17 11:43:01;2026-09-17 11:43:01;{8AC8EEBD-A291-4A64-8E4E-CDFE3191F151};256
3777;1;8;9;{1AF1804D-DF5B-4F3B-B69A-7C26AF8E5E4D};"8,10,{3918088B-FFAF-402D-9D12-DE579AA9EE07};";2026-09-17 11:43:01;2026-09-17 11:43:01;{0B565E9C-F4C4-4E54-871D-DAE1101B4373};256
3778;1;8;9;{CFEE3748-5B5E-4741-AFC3-F4CE9A135B34};"8,10,{622AFCB2-EE50-463B-8A27-ACF631E7DFDE};";2026-09-17 11:43:01;2026-09-17 11:43:01;{C7466DE6-7291-46D4-8526-1B7FC8F04CE9};256
3779;1;8;10;{16DA789E-3745-4077-9A2F-27C2BA0AF02A};"8,9,{F5AC0F75-B538-44EC-A99A-E800C972D810};8,9,{BBF1C922-51DA-46A6-BA9F-749E8B7B682A};";2026-09-17 11:43:01;2026-09-17 11:43:01;{A16AD5F0-C999-48CF-A2A9-8EAE3A0C0087};256
3780;1;8;9;{F5AC0F75-B538-44EC-A99A-E800C972D810};"8,10,{16DA789E-3745-4077-9A2F-27C2BA0AF02A};";2026-09-17 11:43:01;2026-09-17 11:43:01;{090F6620-F0BD-4D3B-AA00-04BA8B18F8AD};256
3781;1;8;9;{F3992802-99B7-42BB-9754-B5DA359FB424};"8,10,{603FA842-448F-4E70-B670-F8BC45DB2577};";2026-09-17 11:43:01;2026-09-17 11:43:01;{8045169F-3C4F-48AE-B83A-66700ABE418A};256
3782;1;8;9;{F24ACDEC-8559-456B-889A-94391A143F69};"8,10,{9C280B7B-DAD9-493A-9A90-7B382316A577};";2026-09-17 11:43:01;2026-09-17 11:43:01;{D246D115-FFF1-40AE-89EC-E7AC1CCF08F9};256
3783;1;8;9;{404A7D1A-1C94-454B-A19E-A293C592EABF};"8,10,{0A288751-9B33-4A31-8806-4F79C896331D};";2026-09-17 11:43:01;2026-09-17 11:43:01;{7E8CD8E8-4D07-4030-8A9D-CE7FA8965FD3};256
3784;1;8;9;{5A8BC956-B053-43DB-8158-2BD6FB245CEF};"8,10,{B4B1D5F2-BA10-4381-8515-D5CD90B9007B};";2026-09-17 11:43:01;2026-09-17 11:43:01;{49E5E896-B0A3-4EF4-B4C8-700C7BB80818};256
3785;1;8;9;{90AAA7BC-FCE3-4DA3-9C1C-BAF95EA6687D};"8,10,{0AB26A90-D2C4-496A-8457-431BF2D117F1};";2026-09-17 11:43:01;2026-09-17 11:43:01;{084C54B3-406E-4419-95F8-844FC395F1F3};256
3786;1;8;9;{00E5D860-642A-45CB-8BA8-D003D7CE18E9};"8,10,{BFAF3A2C-1A34-40E4-B570-2AF8A6E6E80B};";2026-09-17 11:43:01;2026-09-17 11:43:01;{A6E9309D-D198-429B-AEAF-20A9D19F4844};256
3787;1;8;10;{B4CD09D0-C35D-4A37-92A2-6CF2DE66BAF7};"8,9,{52B00197-3B10-4CA6-B7E8-3448DC7D95D2};8,9,{38B39EF4-BF0B-4C2A-A1ED-C6C81BBDCC7D};8,9,{2A8BA834-6932-4823-B51C-D2F84B7BC70D};";2026-09-17 11:43:01;2026-09-17 11:43:01;{66E1A2B8-CAD2-4C2F-BA59-F9AD42583C68};256
3788;1;8;9;{52B00197-3B10-4CA6-B7E8-3448DC7D95D2};"8,10,{B4CD09D0-C35D-4A37-92A2-6CF2DE66BAF7};";2026-09-17 11:43:01;2026-09-17 11:43:01;{5F4193F1-4E9C-4322-92F0-FCFD04381BFD};256
3789;1;8;10;{6FB39F5E-9A8E-4509-8DAC-03082D4D0981};"8,9,{844D5A06-45FF-4E64-A2D2-CE9DD11707CD};8,9,{792114E6-F3FE-4847-8270-2939E1E0011B};8,9,{F578EA4B-1C43-4D32-9AA7-4918336D219A};8,9,{8DD73B67-00E5-4239-8FDE-700CD2F5D82C};";2026-09-17 11:43:01;2026-09-17 11:43:01;{0D7F2E1A-67F0-4E3B-9805-742D8D6D8E3F};256
3790;1;8;10;{92E4F166-D0BF-4BB2-9479-9CC58FCC9202};"8,9,{28F0DBEE-ABB7-4C16-A844-1C92010F1B7B};";2026-09-17 11:43:01;2026-09-17 11:43:01;{075B75EB-69FE-4FE4-8373-88BF220FCFDF};256
3791;1;8;9;{68636BA6-FBDA-4131-BEAD-A95F8F20C841};"8,10,{E3FEF260-CED9-4B8C-B0AA-124EBB005A97};";2026-09-17 11:43:01;2026-09-17 11:43:01;{8E9735D4-D1CA-49B7-B78B-0B8D8CE84601};256
3792;1;8;9;{AD90C43D-9112-4423-A19B-9D0701D54D16};"8,10,{BA01F7F3-BCCA-479A-8906-2F06583BFA5A};";2026-09-17 11:43:01;2026-09-17 11:43:01;{91689D3F-D149-4CEA-89AB-B647CB53024F};256
3793;1;8;10;{E9620DE6-B0DD-4D30-8C5F-92FDC568ACDE};"8,9,{D925963E-89DD-4093-A56F-F1C11CE6BE19};8,9,{B4E324E4-2CBF-4D0A-B1FC-2DF27D3FFA51};";2026-09-17 11:43:01;2026-09-17 11:43:01;{B88CB4ED-FA07-47C1-87B6-85E3A2EDFCCE};256
3794;1;8;9;{9AADF7F4-D64D-4C12-8E1E-416C4660EDB1};"8,10,{28437D5A-D15F-4ED6-B7D7-3A8C3375F364};";2026-09-17 11:43:01;2026-09-17 11:43:01;{B16A9F90-2D41-4FDA-B0E5-C9B7FF96A70E};256
3795;1;8;9;{C7D3B996-7BB3-4439-B2B9-749805AE2BE2};"8,10,{F6E84504-A87D-42E5-A40E-529250221E1D};";2026-09-17 11:43:01;2026-09-17 11:43:01;{B3700FE3-6744-4323-9B86-AA540AA1F2FE};256
3796;1;8;9;{25B771B6-4C65-42A0-83EB-A26CD32AB405};"8,10,{CA0AFFA9-C5CF-4EE5-9060-87726B0EAB10};";2026-09-17 11:43:01;2026-09-17 11:43:01;{C876B026-6DED-4399-AFB2-A188747B54E2};256
3797;1;8;9;{F804E191-065B-4AAA-9366-91D14052E3DC};"8,10,{8D85AECC-095F-486F-BF6F-19A027CB1BAF};";2026-09-17 11:43:01;2026-09-17 11:43:01;{5DA6C5CE-ADF4-4E7E-A844-1080F2CD3420};256
3798;1;8;10;{06BCEA83-8D9E-4F5F-A324-CD9C953CF59D};"8,9,{D683C68D-298A-48B4-B5BE-1A5FE5EE783D};";2026-09-17 11:43:01;2026-09-17 11:43:01;{0EB0AEB3-E849-4E76-BACA-78C6B875D07F};256
3799;1;8;9;{CC41814A-16E8-44CD-95A2-FFAB01AF4D39};"8,10,{4DE1878E-3518-4842-AED0-B0DEEFD9628C};";2026-09-17 11:43:01;2026-09-17 11:43:01;{76D0B8CF-2964-4314-9B8F-56758056623B};256
3800;1;8;9;{00DD1697-11FA-46D2-B111-AC7A152780E1};"8,10,{AA2D3C87-9A4C-4130-93F4-3D4EEE773F81};";2026-09-17 11:43:01;2026-09-17 11:43:01;{8A230A62-6FE1-4920-8AEE-C2B079DEA95E};256
3801;1;8;9;{EAD1BEC8-66BF-4E76-9877-A771F603B41A};"8,10,{85BB2289-706E-45C7-B253-20FC98A7D0C6};";2026-09-17 11:43:01;2026-09-17 11:43:01;{7E0A75AF-2D17-47C5-B140-97E7FC26E258};256
3802;1;8;9;{6FE8766A-4052-4625-A798-92290D81C0EB};"8,10,{A9E13EAB-42B1-46FD-823E-9E78CF97C566};";2026-09-17 11:43:01;2026-09-17 11:43:01;{6889A675-9E86-4BCE-B7B3-0BFDACC1106C};256
3803;1;8;9;{16023589-F733-4E2E-9C9B-EC4DC22CB38E};"8,10,{9C280B7B-DAD9-493A-9A90-7B382316A577};";2026-09-17 11:43:01;2026-09-17 11:43:01;{19426146-6993-4EBF-A730-B8479C15EBB2};256
3804;1;8;10;{9B199712-E1D8-4CF0-9546-12192A240CB9};"8,9,{B93F2269-0C51-44AB-BF79-61B0893B4DBE};8,9,{A81AB685-4539-47FC-A421-116D6AA88BA7};8,9,{8E9FAB6A-D07E-4975-ADFC-49628792C59B};";2026-09-17 11:43:01;2026-09-17 11:43:01;{147A705A-B3C7-4EC7-B6CC-2FA2A10C02F6};256
3805;1;8;9;{813734C2-ED6F-4FE3-A95A-83DE59E8987A};"8,10,{9FB19F7B-93E9-45D4-A629-7F5D148F9E07};";2026-09-17 11:43:01;2026-09-17 11:43:01;{7BF4BEDB-C6C1-4EFC-8DFD-363F9EEC0A94};256
3806;1;8;9;{21502ECA-7F3B-45C3-A713-C4A36141BE52};"8,10,{8F12A051-8800-4841-8CBC-6B675578E03D};";2026-09-17 11:43:01;2026-09-17 11:43:01;{E7A568FF-9FCD-42A8-ABCC-C62FAB9C687B};256
3807;1;8;9;{B93F2269-0C51-44AB-BF79-61B0893B4DBE};"8,10,{9B199712-E1D8-4CF0-9546-12192A240CB9};";2026-09-17 11:43:01;2026-09-17 11:43:01;{7476BA94-D18A-421C-9CCF-91CDF3C3E872};256
3808;1;8;10;{40368C60-B395-4AF7-BF09-1585C692F7EB};"8,9,{A562B715-CFF7-47A6-8F9E-8EA8F475D372};";2026-09-17 11:43:01;2026-09-17 11:43:01;{E595C2C6-660B-4D18-A85C-927E28EE9C2A};256
3809;1;8;9;{38B39EF4-BF0B-4C2A-A1ED-C6C81BBDCC7D};"8,10,{B4CD09D0-C35D-4A37-92A2-6CF2DE66BAF7};";2026-09-17 11:43:01;2026-09-17 11:43:01;{DD9ECA9E-9DCA-4DC6-BA55-A13F8F8C0B44};256
3810;1;8;9;{69E6404C-C87E-4C59-B7A1-04A48C1BDDC7};"8,10,{BFF72526-BE40-41A5-ACAC-FE4C690E9394};";2026-09-17 11:43:01;2026-09-17 11:43:01;{6373FA16-2B54-42F8-BFF5-D7EDEA6BF04F};256
3811;1;8;10;{1BB96DDD-B866-47EF-90C5-0F76FDC2A7AE};"8,9,{024385B1-79CC-42DF-896F-D2EC705E0CD7};8,9,{7958D4FD-707B-4788-A384-AB0E9DC74394};";2026-09-17 11:43:01;2026-09-17 11:43:01;{7D310EE5-A267-441C-8198-DAAD57A3883F};256
3812;1;8;9;{024385B1-79CC-42DF-896F-D2EC705E0CD7};"8,10,{1BB96DDD-B866-47EF-90C5-0F76FDC2A7AE};";2026-09-17 11:43:01;2026-09-17 11:43:01;{A7B93E14-F9EE-4788-956A-3D5A61BDD5F0};256
3813;1;8;9;{27644AA1-5814-40E1-8884-BCEF089ED054};"8,10,{4D7090B9-738D-4BBA-B846-342A0B1AEC63};";2026-09-17 11:43:01;2026-09-17 11:43:01;{380FAF45-8FAE-4CFB-8202-4EFF5033FC69};256
3814;1;8;10;{60E9C389-4BF9-4175-AADD-7190300317B7};"8,9,{0EDCC20A-96C4-4203-8ACD-F32449B1334D};";2026-09-17 11:43:01;2026-09-17 11:43:01;{2396C60E-08C7-474E-8632-E0D2602FEE9B};256
3815;1;8;9;{22263F30-5837-4D5C-BE6C-0119B8323627};"8,10,{1AB9011F-616B-4775-9C39-386980F01DB4};";2026-09-17 11:43:01;2026-09-17 11:43:01;{E1A7CC8F-3689-4C97-82DC-4574AC0A73A5};256
3816;1;8;9;{0EDCC20A-96C4-4203-8ACD-F32449B1334D};"8,10,{60E9C389-4BF9-4175-AADD-7190300317B7};";2026-09-17 11:43:01;2026-09-17 11:43:01;{1BF7DD4D-4BDF-461E-9CD3-82908C023B43};256
3817;1;8;9;{2A8BA834-6932-4823-B51C-D2F84B7BC70D};"8,10,{B4CD09D0-C35D-4A37-92A2-6CF2DE66BAF7};";2026-09-17 11:43:01;2026-09-17 11:43:01;{A54A8130-2B26-4D0E-AA8B-7741829CBFA8};256
3818;1;8;10;{286ECF4E-3982-4CE5-81C4-1E9DA46BCE29};"8,9,{170B9D66-0A92-4A17-8D17-5E863C2DAE95};8,9,{0B3F26FD-4CEB-4BEC-BEAB-A2CBE8F35142};";2026-09-17 11:43:01;2026-09-17 11:43:01;{98895211-A70B-4060-AF42-EBA6ACB1274B};256
3819;1;8;10;{EF42CEBF-AE67-4DDB-B16B-CEF3B8D6BCE6};"8,9,{EBB749FD-3981-4B2E-BF32-7EC4D6E02E54};";2026-09-17 11:43:01;2026-09-17 11:43:01;{5597B1BA-B0AE-4DD0-93A4-0E7FFB515C53};256
3820;1;8;10;{697823D1-63E9-45D4-ABAB-36E33E88802D};"8,9,{8B9A036B-43F7-4D26-BB0A-BF88D26F0635};";2026-09-17 11:43:01;2026-09-17 11:43:01;{C24E6ADE-6062-401A-81AB-E994264D2106};256
3821;1;8;9;{65A84681-0CDB-40D7-B320-C44EDB944C7E};"8,10,{7AB1FABA-1E40-4305-96DA-96724E2D1AD2};";2026-09-17 11:43:01;2026-09-17 11:43:01;{9FB2A573-F2EE-4F0D-BBBD-DDC63E32E9D2};256
3822;1;8;9;{6A6AB468-88CB-4923-8210-C7E7BDF49DFB};"8,10,{F6E84504-A87D-42E5-A40E-529250221E1D};";2026-09-17 11:43:01;2026-09-17 11:43:01;{D3672FF3-C439-40D8-9E91-1524495A5659};256
3823;1;8;9;{03F27704-F1A4-4AF8-A951-10C610A6284C};"8,10,{9FB19F7B-93E9-45D4-A629-7F5D148F9E07};";2026-09-17 11:43:01;2026-09-17 11:43:01;{EF3AF6A9-AAA2-4E03-A06E-CDFC55186193};256
3824;1;8;10;{3DF38116-E44F-4C8B-BFDD-6328BB8E49AD};"8,9,{657C0663-FE16-41B3-84F9-E30A5C3CF6B7};";2026-09-17 11:43:01;2026-09-17 11:43:01;{AFCFD876-BEC1-45B3-BE4F-E34EFDD3BA2D};256
3825;1;8;9;{657C0663-FE16-41B3-84F9-E30A5C3CF6B7};"8,10,{3DF38116-E44F-4C8B-BFDD-6328BB8E49AD};";2026-09-17 11:43:01;2026-09-17 11:43:01;{AACD9711-FF41-41E7-8030-B1334CD4C249};256
3826;1;8;9;{F5A771F7-7A97-4697-A6C2-86058A8A1907};"8,10,{B179C30F-9AA7-4D27-A0A9-159374F6E9FF};8,10,{977FF3D7-8BE9-4D26-A968-7BCC376430C9};";2026-09-17 11:43:01;2026-09-17 11:43:01;{0EA1570F-4FDD-4975-BF48-2DCE0D6C2E6F};256
3827;1;8;10;{74A9B834-00DB-4593-BBB9-E6B4C74CEEE2};"8,9,{42A38575-ABC1-47AF-80CA-5451D4818192};8,9,{4EE3C4CD-116B-4D13-840D-FCEF2734CAF5};";2026-09-17 11:43:01;2026-09-17 11:43:01;{1A8DC530-6DB5-4167-B27B-B96205E857DB};256
3828;1;8;9;{42A38575-ABC1-47AF-80CA-5451D4818192};"8,10,{74A9B834-00DB-4593-BBB9-E6B4C74CEEE2};";2026-09-17 11:43:01;2026-09-17 11:43:01;{0AD41600-08FE-41FE-9E96-DA684CAA3EF0};256
3829;1;8;10;{9432180E-A460-42D2-870A-A49FEC7E7CB3};"8,9,{B5692813-6180-46CC-A888-F56B2AD80DEA};";2026-09-17 11:43:01;2026-09-17 11:43:01;{16B13DD7-EB4C-4024-A51E-C78FA323DC33};256
3830;1;8;10;{E6D838B8-0FAC-427D-8A85-FBF8999A09AA};"8,9,{6906BECB-324C-472A-97EC-471E549AE239};";2026-09-17 11:43:01;2026-09-17 11:43:01;{5D6267B7-150E-486F-A287-21F390DC5803};256
3831;1;8;9;{B7605530-2069-4066-B6DA-DED2AEA6692F};"8,10,{BFF72526-BE40-41A5-ACAC-FE4C690E9394};";2026-09-17 11:43:01;2026-09-17 11:43:01;{DD1CDC65-75AE-4F5B-9789-D321547449B3};256
3832;1;8;9;{BBF1C922-51DA-46A6-BA9F-749E8B7B682A};"8,10,{16DA789E-3745-4077-9A2F-27C2BA0AF02A};";2026-09-17 11:43:01;2026-09-17 11:43:01;{84AED722-56ED-4BEE-97AC-2FD6542BD527};256
3833;1;8;10;{94EF671B-0296-429C-892E-ED8EC82EEF70};"8,9,{77804875-2DD2-49D7-BAFA-0DDC9FB24F77};";2026-09-17 11:43:01;2026-09-17 11:43:01;{BF3A2B89-A449-4885-92D9-0BF8AD85338A};256
3834;1;8;9;{AB246427-B4DB-413A-99DA-6AB81EA8D0EA};"8,10,{6D1FCD73-1109-485F-8720-2599E7245642};";2026-09-17 11:43:01;2026-09-17 11:43:01;{7A6F0343-CC50-4A32-B58D-DF18AF70F8E1};256
3835;1;8;9;{77804875-2DD2-49D7-BAFA-0DDC9FB24F77};"8,10,{94EF671B-0296-429C-892E-ED8EC82EEF70};";2026-09-17 11:43:01;2026-09-17 11:43:01;{D026AFBA-5900-4FB7-9BD4-C1D80462A495};256
3836;1;8;10;{53BC7768-4DCF-4F35-88DF-A991149B2C55};"8,9,{B7411999-4CF3-4900-B090-323BFE02B7F7};";2026-09-17 11:43:01;2026-09-17 11:43:01;{2E90C9BE-9B4F-4A69-A695-CAEC8B344973};256
3837;1;8;9;{B7411999-4CF3-4900-B090-323BFE02B7F7};"8,10,{53BC7768-4DCF-4F35-88DF-A991149B2C55};";2026-09-17 11:43:01;2026-09-17 11:43:01;{88E8B3C2-B735-4DFB-AE7B-2C4B70D7551A};256
3838;1;8;10;{2810977F-63EF-40D0-9239-C76BA7787A1E};"8,9,{0CF57405-8288-48A0-A6EB-8185B3EF60B6};";2026-09-17 11:43:01;2026-09-17 11:43:01;{6A80AF05-244D-41A4-8BE8-DF6075198969};256
3839;1;8;9;{0CF57405-8288-48A0-A6EB-8185B3EF60B6};"8,10,{2810977F-63EF-40D0-9239-C76BA7787A1E};";2026-09-17 11:43:01;2026-09-17 11:43:01;{EF0EE12B-BE2C-482A-A816-42F6D4E835DD};256
3840;1;8;10;{58E12FB7-3EA1-43F7-B9E1-388C8C7FEE82};"8,9,{B980BFD5-128B-48A9-B0C8-5B02FC1D14FF};";2026-09-17 11:43:01;2026-09-17 11:43:01;{CA5338BC-F3C7-452F-BEF8-1D4589ABD1F3};256
3841;1;8;9;{0EA0DC40-3566-4E78-BC2B-9CF25D3E81FE};"8,10,{9C280B7B-DAD9-493A-9A90-7B382316A577};";2026-09-17 11:43:01;2026-09-17 11:43:01;{640BEAFA-FCA7-4F9F-8F3D-12A127C5A323};256
3842;1;8;10;{17A05D95-49CC-4FC8-A97E-62740F7CBC9B};"8,9,{2248AE75-3491-446C-BD7B-5B584576AB7F};";2026-09-17 11:43:01;2026-09-17 11:43:01;{4A01101C-8637-466C-AEC8-48FC9C43FCA8};256
3843;1;8;9;{E3F896EC-BC06-44EC-8998-7BD341F977C6};"8,10,{116883A6-2BCE-4280-9019-F15F4AC33E3C};";2026-09-17 11:43:01;2026-09-17 11:43:01;{5F487FEE-6147-45BD-BC29-745F22068B12};256
3844;1;8;10;{E2E41A7D-1D42-461F-86B0-11CA5DB73657};"8,9,{09C4DE45-8B86-45C4-89C2-718ED7A9F37F};";2026-09-17 11:43:01;2026-09-17 11:43:01;{AD79189A-F5E9-45A8-94AA-13DFD1BBA0BD};256
3845;1;8;10;{BDA3129B-CD2F-4D04-A6E7-DFA2A1056074};"8,9,{8E1D235F-4226-45E2-B289-F91083EB6C80};";2026-09-17 11:43:01;2026-09-17 11:43:01;{491EA712-B45C-4237-BA4B-4197B008E4EE};256
3846;1;8;10;{845FE73C-0BC2-4CD7-8944-E71B35D558AD};"8,9,{380A3793-85BD-434A-94C5-EEF90453B619};";2026-09-17 11:43:01;2026-09-17 11:43:01;{6B7B44CF-A886-4D1E-A2E7-F6AAB60081B7};256
3847;1;8;9;{380A3793-85BD-434A-94C5-EEF90453B619};"8,10,{845FE73C-0BC2-4CD7-8944-E71B35D558AD};";2026-09-17 11:43:01;2026-09-17 11:43:01;{6361B302-C804-4859-AC13-792CD93259E9};256
3848;1;8;10;{CD92F13A-9EB5-4832-91B1-749C4D127D85};"8,9,{06F8C542-C8DE-4144-8C3A-1C23F7101280};";2026-09-17 11:43:01;2026-09-17 11:43:01;{47846C89-1235-4635-A4C9-E91E4C78734F};256
3849;1;8;9;{06F8C542-C8DE-4144-8C3A-1C23F7101280};"8,10,{CD92F13A-9EB5-4832-91B1-749C4D127D85};";2026-09-17 11:43:01;2026-09-17 11:43:01;{33C81098-FE33-4062-823A-1CB23520BDC9};256
3850;1;8;9;{A6960234-5136-4652-A98F-BF00AE9C7EE0};"8,10,{D5422991-B119-4C4B-B817-7E21B5DC85DC};";2026-09-17 11:43:01;2026-09-17 11:43:01;{E37C77ED-760F-420A-8BFF-E911E026A146};256
3851;1;8;10;{28B9170F-B091-4F8D-88D4-798E3DD58019};"8,9,{889F1618-A9E1-4849-8056-23085333D5FF};";2026-09-17 11:43:01;2026-09-17 11:43:01;{E730E432-70F0-45DD-A3AA-220B930B888B};256
3852;1;8;9;{889F1618-A9E1-4849-8056-23085333D5FF};"8,10,{28B9170F-B091-4F8D-88D4-798E3DD58019};";2026-09-17 11:43:01;2026-09-17 11:43:01;{7D3CB7D3-A9FF-4776-89F2-E2449ED884B3};256
3853;1;8;9;{808EDB4F-3C54-4BE3-8EC9-5388E271C007};"8,10,{F6E84504-A87D-42E5-A40E-529250221E1D};";2026-09-17 11:43:01;2026-09-17 11:43:01;{9F75789C-1F6E-4EE4-835D-347511B2851A};256
3854;1;8;9;{9B4CD9C9-30C2-4B95-AB5E-9C583347C2C6};"8,10,{69D74B0E-CC84-48AF-8D73-C172FF803C67};";2026-09-17 11:43:01;2026-09-17 11:43:01;{BAFF297A-D1B6-4618-9212-A474B9D4CD97};256
3855;1;8;10;{729CB372-1269-490D-A496-0003D692CCFA};"8,9,{5D5011F7-0FB0-4AF9-B036-B22CAC078946};8,9,{F923A261-FA54-46C3-9240-F9D327543E6E};8,9,{18168C6B-191C-4659-8820-5E68BC40B067};";2026-09-17 11:43:01;2026-09-17 11:43:01;{B56338AD-180F-4A82-8125-674EC77E626A};256
3856;1;8;9;{169D27AF-836A-4A96-BCF6-202E8BC331F5};"8,10,{4B1AD718-B2CD-42DE-8EF4-A67CDC47CDFC};";2026-09-17 11:43:01;2026-09-17 11:43:01;{ADBB4C2E-336A-4FD4-8003-D779D4500EF3};256
3857;1;8;10;{5A5C02D1-4EBF-4992-8021-AEA0C9A6FD21};"8,9,{B32A577D-363A-4DC8-B77E-7C6B21874649};8,9,{9E2E569D-565C-4BD7-926D-BEB2865365AC};";2026-09-17 11:43:01;2026-09-17 11:43:01;{239BF3F9-C615-4B8D-9D94-C49C477CA7D8};256
3858;1;8;9;{35C3B4D4-84C9-4D2A-B6FD-97C39A68EB69};"8,10,{C78A925E-2780-42B8-8CE7-7EB6DDDFC5F7};";2026-09-17 11:43:01;2026-09-17 11:43:01;{9BFA8C90-B61B-476D-91A3-ED3141B5C5CD};256
3859;1;8;9;{63ACB768-A99B-4ECF-AEB0-B0B5B39FF930};"8,10,{BA42CB6D-EFDB-480E-AAAF-B66ED9143C9E};";2026-09-17 11:43:01;2026-09-17 11:43:01;{DAC7AD8F-5B61-4D5F-9675-8EC8817BFA1C};256
3860;1;8;9;{498E103A-7680-49D9-8E54-78E8BF2CAE90};"8,10,{0877B1AB-B8B1-41E8-91DA-AFAD2FB1F3DC};";2026-09-17 11:43:01;2026-09-17 11:43:01;{D2D81E31-A019-4967-A045-5FBC49210BF9};256
3861;1;8;9;{45BBAC9E-9545-45A4-A9D6-BDC6508AC449};"8,10,{CF85B20E-FF1A-42B7-8D8B-5FCE65663315};";2026-09-17 11:43:01;2026-09-17 11:43:01;{130DFA12-7E1D-4D18-ACD0-47C97151BFF2};256
3862;1;8;9;{536A1919-93FA-4A36-972D-3318951CB4CE};"8,10,{76FB450C-349C-43C3-AF61-A3C56311D36B};";2026-09-17 11:43:01;2026-09-17 11:43:01;{49943521-97CC-423E-BC17-BEE69981E25A};256
3863;1;8;9;{7958D4FD-707B-4788-A384-AB0E9DC74394};"8,10,{1BB96DDD-B866-47EF-90C5-0F76FDC2A7AE};";2026-09-17 11:43:01;2026-09-17 11:43:01;{6568573E-F6AD-450A-B010-C51FF2EAF8AE};256
3864;1;8;10;{E4446C2D-04AD-4816-A0E3-2387C6B00EAB};"8,9,{AC93567A-BEE2-41D8-A9EB-E54E76FD8F4E};8,9,{FF2FDCE7-74EB-42CB-858A-9E87424D598C};8,9,{086D508B-9E62-4680-84F1-7F7B0655F860};8,9,{76AE8170-DFAB-4AE3-891B-69C2FDB06B7F};8,9,{32EF5E0C-D9D2-46D2-BC3A-2432FB3BE9CE};";2026-09-17 11:43:01;2026-09-17 11:43:01;{C3713D6F-3CD5-48D4-85E5-892B73FC5A05};256
3865;1;8;9;{3815D307-00D5-4446-898E-878764231B9E};"8,10,{4B7FE7C3-931F-4CDD-9129-4F1F2C84D52E};";2026-09-17 11:43:01;2026-09-17 11:43:01;{50802B24-AB71-41E8-9504-87F775B50B19};256
3866;1;8;10;{3B7186F0-6656-48B0-8DD7-C4640C58ED7E};"8,9,{577C9D96-3438-47E0-AE68-90629C7FE350};";2026-09-17 11:43:01;2026-09-17 11:43:01;{904CADB9-81E4-47E7-B9E9-C798A114AF57};256
3867;1;8;9;{577C9D96-3438-47E0-AE68-90629C7FE350};"8,10,{3B7186F0-6656-48B0-8DD7-C4640C58ED7E};";2026-09-17 11:43:01;2026-09-17 11:43:01;{91DA11F7-4016-427B-9DBF-C4271300FDA6};256
3868;1;8;10;{5FE78D85-3C73-474D-B25D-AE843E8E1D9E};"8,9,{E1BA5235-F19A-467E-A964-42546E77D2BD};";2026-09-17 11:43:01;2026-09-17 11:43:01;{062FE66D-913A-45A7-8FD6-2F0316AE6433};256
3869;1;8;10;{EDC014A6-5B5F-4244-96A5-13BAF3C607FE};"8,9,{F97CF71D-DDC5-4B6C-A44B-3F8FCC983DA7};8,9,{74359C4E-63E7-4EA5-B3A7-C2D91A53A7EF};8,9,{466CA9F5-5280-4926-B163-DF0FB72BC300};";2026-09-17 11:43:01;2026-09-17 11:43:01;{73A2EF54-86EC-4C83-A6C9-084F72D2A8C6};256
3870;1;8;9;{79B69395-86D0-4005-B91D-F7BF1CF7BE48};"8,10,{BA01F7F3-BCCA-479A-8906-2F06583BFA5A};";2026-09-17 11:43:01;2026-09-17 11:43:01;{4B4780C9-829C-4082-A182-373E9F6509AF};256
3871;1;8;9;{B5692813-6180-46CC-A888-F56B2AD80DEA};"8,10,{9432180E-A460-42D2-870A-A49FEC7E7CB3};";2026-09-17 11:43:01;2026-09-17 11:43:01;{AD870E78-A065-4741-94BC-FF6955F13AA5};256
3872;1;8;9;{59316AFF-4B9C-4497-8F51-A9FB387F3B5D};"8,10,{76FB450C-349C-43C3-AF61-A3C56311D36B};";2026-09-17 11:43:01;2026-09-17 11:43:01;{B5F03E7D-1A79-44AC-940B-9C2965FC1559};256
3873;1;8;9;{F923A261-FA54-46C3-9240-F9D327543E6E};"8,10,{729CB372-1269-490D-A496-0003D692CCFA};";2026-09-17 11:43:01;2026-09-17 11:43:01;{A41FB62F-F894-43C1-AA41-A33E07932595};256
3874;1;8;10;{B36B2E3E-4047-4AFD-AADF-79D18C795F0F};"8,9,{52F59AED-E332-4A5D-8DB5-0C82E202802D};";2026-09-17 11:43:01;2026-09-17 11:43:01;{90422499-5C08-4A8F-A49F-203725B2668A};256
3875;1;8;10;{C864F594-06E9-4DBD-966A-D1C444182F31};"8,9,{4C216D10-1B97-402A-9330-0F6A84F5DC12};";2026-09-17 11:43:01;2026-09-17 11:43:01;{6DB37B00-1A77-4A43-AC36-33F3469070C7};256
3876;1;8;9;{4C216D10-1B97-402A-9330-0F6A84F5DC12};"8,10,{C864F594-06E9-4DBD-966A-D1C444182F31};";2026-09-17 11:43:01;2026-09-17 11:43:01;{A0D1D890-40B8-4819-9FB1-8AB54F44EF33};256
3877;1;8;10;{23DB1E7E-6091-44A9-8286-B4CB6CB309D4};"8,9,{C5A9CCF0-20E6-4752-A687-8C3CC7D0E588};";2026-09-17 11:43:01;2026-09-17 11:43:01;{DBC52B81-ECA9-4A33-A8AA-67E9D75DD090};256
3878;1;8;10;{DA824C50-F1C4-4CAD-B275-D4C7DEA119F9};"8,9,{6880C372-1C76-46B3-8DC9-4BC32B9CD034};";2026-09-17 11:43:01;2026-09-17 11:43:01;{8461379B-B572-463C-891F-7C99EFD6D0EF};256
3879;1;8;10;{9FB19F7B-93E9-45D4-A629-7F5D148F9E07};"8,9,{813734C2-ED6F-4FE3-A95A-83DE59E8987A};8,9,{229DC3C3-CFFB-4C34-AAB7-D8AF954699AD};8,9,{03F27704-F1A4-4AF8-A951-10C610A6284C};8,9,{F1942A17-D21D-44C9-B767-C9E5738084BD};8,9,{141C477F-84C8-48A4-A177-EED5503156A4};8,9,{DE42EAB3-47EF-414A-B521-423C8FD78798};8,9,{F664B38F-F471-4CD8-A151-D5017086944E};8,9,{D4F7DA0C-4ABA-461A-90D0-8384E2AA0A15};8,9,{3C3E3746-2BE1-4EF8-A305-1913F75D81FD};";2026-09-17 11:43:01;2026-09-17 11:43:01;{149965E9-6B6C-4107-A847-FDC88734317A};256
3880;1;8;10;{E7E6D7B7-53EA-4DEE-A839-7890D1CB16F1};"8,9,{A01B78DC-50A9-4B15-9F2D-DCCC61611ED3};";2026-09-17 11:43:01;2026-09-17 11:43:01;{D8743053-0E13-436D-9222-41D6C2A4F877};256
3881;1;8;9;{FA7725E7-C0A7-4F0A-8190-9CCDF6DD21FD};"8,10,{B1CAC787-8897-48B0-B3DA-06733F3CC260};";2026-09-17 11:43:01;2026-09-17 11:43:01;{5FDDA691-FCC5-408B-8B14-5D6FAFA3EBB2};256
3882;1;8;9;{FF2FDCE7-74EB-42CB-858A-9E87424D598C};"8,10,{E4446C2D-04AD-4816-A0E3-2387C6B00EAB};";2026-09-17 11:43:01;2026-09-17 11:43:01;{CCA0F71C-FDD3-4A48-AB42-D4786DB1A345};256
3883;1;8;9;{66FDD95A-B734-43A8-8B0A-3F5F075BCBCF};"8,10,{5DDA4F8A-6D93-4933-9E67-34531C1C5D98};";2026-09-17 11:43:01;2026-09-17 11:43:01;{DF7A3F6C-88A2-4209-B795-8A446B809D80};256
3884;1;8;10;{6FA0986D-AD50-4734-A1ED-F15CE7567E9E};"8,9,{B4644F31-DF22-4090-9031-421E00A1DA23};8,9,{A153F286-CB56-4C52-B4E7-9D47B2F4444B};";2026-09-17 11:43:01;2026-09-17 11:43:01;{E5D70556-EFDA-48BF-884C-28522E16D363};256
3885;1;8;10;{1C2B0E2B-2322-4181-B850-D1395BFFEC6D};"8,9,{11F8EB98-44FE-4EA5-A795-15F24CAF575F};";2026-09-17 11:43:01;2026-09-17 11:43:01;{C9B37EBF-EE24-46E5-BEF0-EA25207118CC};256
3886;1;8;10;{F8D85B01-BB82-4E11-9CFD-75E01F33CCDB};"8,9,{87D50141-E31D-4EDB-A922-B484F2278888};";2026-09-17 11:43:01;2026-09-17 11:43:01;{69696B60-25B6-488D-A66E-D03702F4CA7E};256
3887;1;8;9;{87D50141-E31D-4EDB-A922-B484F2278888};"8,10,{F8D85B01-BB82-4E11-9CFD-75E01F33CCDB};";2026-09-17 11:43:01;2026-09-17 11:43:01;{CC81491B-0736-42F1-9080-AE33D0FE484D};256
3888;1;8;9;{59EADFEB-543B-400C-AA4A-6F4EF5B2B3F5};"8,10,{9FCDD5FF-12CB-4D29-8B31-FD1FA30C62B3};";2026-09-17 11:43:01;2026-09-17 11:43:01;{59C4589E-1EF4-451E-8293-2F7576E8C0AD};256
3889;1;8;9;{18168C6B-191C-4659-8820-5E68BC40B067};"8,10,{729CB372-1269-490D-A496-0003D692CCFA};";2026-09-17 11:43:01;2026-09-17 11:43:01;{5135DC24-D7EA-4A9D-B5A5-9B8A5B119A94};256
3890;1;8;10;{41031677-CAEB-4C34-9151-C14CB438B816};"8,9,{A9884101-F853-4D51-A853-32AADE476B28};";2026-09-17 11:43:01;2026-09-17 11:43:01;{D8CFC1D6-45CE-4887-B4FB-81C41B29214F};256
3891;1;8;9;{584D6DFF-AE81-4E60-80D8-DB9574AA33E6};"8,10,{04D73FE0-6DB9-41C9-B6C2-46ED03665EA2};";2026-09-17 11:43:01;2026-09-17 11:43:01;{4571EA8C-444C-4F84-A0CC-8BE766647421};256
3892;1;8;9;{A242DEA3-2A54-4DAD-B949-26C6A1EACC77};"8,10,{6EE6175E-4A4D-4B2C-8941-9A6022AB8F41};";2026-09-17 11:43:01;2026-09-17 11:43:01;{1155CC40-21B0-4DCA-AC64-68619D7640C2};256
3893;1;8;9;{961C6A28-7F29-49C7-B352-6ED9A00D80E3};"8,10,{E2D123B0-708F-4CF0-9A1F-F1DB726389D2};";2026-09-17 11:43:01;2026-09-17 11:43:01;{5E184D43-95E4-4D50-AE0C-20D08BE3D49A};256
3894;1;8;9;{5C2C3CA7-D978-41FD-B700-EED115813F6D};"8,10,{4DE1878E-3518-4842-AED0-B0DEEFD9628C};";2026-09-17 11:43:01;2026-09-17 11:43:01;{BC3F062D-A6C1-425D-883D-C9BD01EED90F};256
3895;1;8;10;{FC9404A0-F658-4213-A5B3-2C6CC50B2437};"8,9,{B331A25E-4FC2-4C9A-9B5B-E33907211FC4};";2026-09-17 11:43:01;2026-09-17 11:43:01;{9DBEC3B9-4A07-4817-916B-D350CFFE9378};256
3896;1;8;9;{B331A25E-4FC2-4C9A-9B5B-E33907211FC4};"8,10,{FC9404A0-F658-4213-A5B3-2C6CC50B2437};";2026-09-17 11:43:01;2026-09-17 11:43:01;{9FC03117-B169-40BE-9B4A-23EBC1122E0D};256
3897;1;8;10;{EDAD8411-5A77-4AAE-8802-237EBD554DBF};"8,9,{F136924C-2520-4F8F-883B-4985491373D3};";2026-09-17 11:43:01;2026-09-17 11:43:01;{04A6933F-8499-405D-9385-9798320CDCF3};256
3898;1;8;9;{C83ECD3A-D5E6-43AA-92E0-485EDB1E0E90};"8,10,{7BC8D2DE-6C18-4DA8-B3A1-1CB3F17352E9};";2026-09-17 11:43:01;2026-09-17 11:43:01;{4E6EEA01-C85D-450B-9AD5-1CE24FBC6EEC};256
3899;1;8;9;{7218B57A-0013-40FF-B07A-CB5957FE7DE5};"8,10,{C20FD20A-2EB3-40CB-B9D1-AA308E0E03D5};";2026-09-17 11:43:01;2026-09-17 11:43:01;{5CD02DA9-F4D3-4D24-AD75-70E3C84835FB};256
3900;1;8;9;{CDB227BE-1C28-4D8F-AD2D-278CAA0B3424};"8,10,{6A3D2C81-489C-4512-A50A-4E944B84DF13};";2026-09-17 11:43:01;2026-09-17 11:43:01;{62CEB9C7-7BC3-4BF2-80B8-3BF746F6A8A1};256
3901;1;8;9;{D7B016BF-FD98-4962-A655-F7258D95DC99};"8,10,{CBBAB60B-DA2B-430A-9F16-9222DC1FE6A8};";2026-09-17 11:43:01;2026-09-17 11:43:01;{EC2DC6C0-2E8F-4261-B447-443E402CCF52};256
3902;1;8;9;{10ACFA37-128A-4FEA-8CD1-0A2BF655B3F7};"8,10,{E1F1C56F-4A4E-4105-83F9-9F0E14CE02D9};";2026-09-17 11:43:01;2026-09-17 11:43:01;{FA6AC538-EE93-488A-AC04-BD99D0BE1FA0};256
3903;1;8;9;{BA529BAF-1513-4E85-BBF5-88DF60C1C900};"8,10,{94CDCFA4-FFE8-440D-A904-4C56D98F1F3C};";2026-09-17 11:43:01;2026-09-17 11:43:01;{05171A6A-F08D-4EDA-A893-D5B16E2CD96D};256
3904;1;8;10;{DF243DE0-E849-4814-B97B-5CAA6A31B841};"8,9,{0FB3FB6D-6187-4C4F-97AA-460B6691F94E};";2026-09-17 11:43:01;2026-09-17 11:43:01;{73C14C26-7C32-4608-B9CC-5B544D8CD815};256
3905;1;8;10;{9707B1FA-C6DE-44A1-9E25-5B3E5EA25AEE};"8,9,{1E7DF9FF-DCA0-4B5F-BD22-B2E716530A9F};";2026-09-17 11:43:01;2026-09-17 11:43:01;{6BFFAD40-63FC-46B4-A493-CCB0E72F3190};256
3906;1;8;10;{56CA6E5D-87B2-447F-A2FB-E42C7DD696E2};"8,9,{D919289B-45A0-4C62-98FB-9F09CBD4CEC0};";2026-09-17 11:43:01;2026-09-17 11:43:01;{26F344AB-83EE-4987-95AC-01C1DD122C5B};256
3907;1;8;9;{BE01EB8B-9CBF-4FB8-A314-0E35839831D8};"8,10,{C95DA702-D6AB-4F35-90D8-9FD077A7B12E};";2026-09-17 11:43:01;2026-09-17 11:43:01;{D0997F68-FA7C-41C9-BD0B-032FCC38A786};256
3908;1;8;10;{BE6FBC09-D761-4F4A-B85C-0FB7B4476E45};"8,9,{03FC215C-E0E9-4748-9B6D-AD05F0FD30AA};8,9,{C85FD7CF-6937-4EED-ABB0-B51DBBC49F77};8,9,{A738E8AB-E4B8-4729-A01E-CE4E4AE824CE};8,9,{5F74451D-86F7-4736-9D95-9AECD35E41B8};8,9,{E3DDC8AF-6018-47A7-B3BF-B14265F85DC7};";2026-09-17 11:43:01;2026-09-17 11:43:01;{7E0DC3C6-CEF4-4DC4-ACFF-B176CB5B5D16};256
3909;1;8;9;{03FC215C-E0E9-4748-9B6D-AD05F0FD30AA};"8,10,{BE6FBC09-D761-4F4A-B85C-0FB7B4476E45};";2026-09-17 11:43:01;2026-09-17 11:43:01;{0D260DF3-A9CF-477D-AB91-0B3FE294EE7A};256
3910;1;8;9;{BC61AE5C-7C6B-4F4A-9772-6CA866DE0FE7};"8,10,{A2A65FA1-F22C-4003-9C7E-C4B74C7A1001};";2026-09-17 11:43:01;2026-09-17 11:43:01;{785326C7-D0F8-4840-A84B-2B47C3C57546};256
3911;1;8;9;{3C76F029-E6FA-41AF-9ECE-4258DBE5ED77};"8,10,{BBC10E8E-AACA-49CB-90DA-E3E1FB3E0844};";2026-09-17 11:43:01;2026-09-17 11:43:01;{9919EC18-AB00-49A0-A812-FBA0A1926925};256
3912;1;8;9;{74359C4E-63E7-4EA5-B3A7-C2D91A53A7EF};"8,10,{EDC014A6-5B5F-4244-96A5-13BAF3C607FE};";2026-09-17 11:43:01;2026-09-17 11:43:01;{27C92A74-931C-4804-AACE-4B3A551D6A1A};256
3913;1;8;9;{AE65F223-E57F-4652-8885-2456F22A544E};"8,10,{9C280B7B-DAD9-493A-9A90-7B382316A577};";2026-09-17 11:43:01;2026-09-17 11:43:01;{9CE546EB-F803-4E28-BFDB-DF98C8552324};256
3914;1;8;9;{4D006DE2-1133-4810-BBC6-B64A31BE1EF4};"8,10,{8A59269E-71C7-4917-B57A-8416D4ED66E2};";2026-09-17 11:43:01;2026-09-17 11:43:01;{330D8CE8-F874-40B5-A74C-79F066FA57F1};256
3915;1;8;10;{D5422991-B119-4C4B-B817-7E21B5DC85DC};"8,9,{9CCE4AC1-08BC-4BCD-8830-3A8413C89EDE};8,9,{951BB92C-EA40-4607-B2AA-A9ED04439976};8,9,{A6960234-5136-4652-A98F-BF00AE9C7EE0};";2026-09-17 11:43:01;2026-09-17 11:43:01;{620ECB96-041B-46C6-BD29-0E4BF6C92AFF};256
3916;1;8;10;{0502272F-AE5C-4CA5-9C33-1D9AF916CA0B};"8,9,{86D9F4E7-3933-4477-9778-5AF82E7EB13D};";2026-09-17 11:43:01;2026-09-17 11:43:01;{3997F463-4791-465F-A06E-A9F1F55A15ED};256
3917;1;8;9;{86D9F4E7-3933-4477-9778-5AF82E7EB13D};"8,10,{0502272F-AE5C-4CA5-9C33-1D9AF916CA0B};";2026-09-17 11:43:01;2026-09-17 11:43:01;{75431171-7BEB-470E-AD06-5D4B2A70B558};256
3918;1;8;9;{3B12084F-D25D-4963-AB05-9019F4C9D553};"8,10,{E2D123B0-708F-4CF0-9A1F-F1DB726389D2};";2026-09-17 11:43:01;2026-09-17 11:43:01;{D6059A60-45D1-47CA-AF7E-97ABFE88A4DA};256
3919;1;8;10;{B67259E8-E316-4A59-AB24-0AD2FD4AE615};"8,9,{A195F04B-9AB5-4220-BBBD-603DA80CB0F5};";2026-09-17 11:43:01;2026-09-17 11:43:01;{8EE88EBD-390C-4DE9-8237-3AA392B2FA34};256
3920;1;8;9;{A195F04B-9AB5-4220-BBBD-603DA80CB0F5};"8,10,{B67259E8-E316-4A59-AB24-0AD2FD4AE615};";2026-09-17 11:43:01;2026-09-17 11:43:01;{D184533F-04B8-40D9-89F6-EE484609B491};256
3921;1;8;9;{B58F8587-78A9-4729-A87A-34DA3CC5FB30};"8,10,{406B3AC9-1DA9-4EA1-850A-4FA1D361082F};";2026-09-17 11:43:01;2026-09-17 11:43:01;{266DBC3A-F090-4537-8EDA-2B969236DDFF};256
3922;1;8;10;{2D0DC45D-FB98-410D-9B3C-8E256C7ABEFF};"8,9,{29D68E31-7DB4-499F-91A1-5141B7A7FA88};";2026-09-17 11:43:01;2026-09-17 11:43:01;{09EB3A55-2E0F-49CC-8BD7-847AAE4D786F};256
3923;1;8;10;{152544CC-4365-4108-BC95-D7937671886B};"8,9,{F7D4DED4-9FB1-49D1-AC3A-857D72A069B3};";2026-09-17 11:43:01;2026-09-17 11:43:01;{09656F8B-E085-4A39-A2D5-CBAB1539EDD8};256
3924;1;8;9;{F7D4DED4-9FB1-49D1-AC3A-857D72A069B3};"8,10,{152544CC-4365-4108-BC95-D7937671886B};";2026-09-17 11:43:01;2026-09-17 11:43:01;{A3CF1668-572E-42F5-92DF-4F10BE4C2FEC};256
3925;1;8;9;{92985CB2-F5B8-4216-8305-85280F3CFE9D};"8,10,{40BEA8BD-FA6E-4348-B325-B3CBADCA3D30};";2026-09-17 11:43:01;2026-09-17 11:43:01;{6B885A09-4A17-4154-A19A-864A54909801};256
3926;1;8;9;{1E7DF9FF-DCA0-4B5F-BD22-B2E716530A9F};"8,10,{9707B1FA-C6DE-44A1-9E25-5B3E5EA25AEE};";2026-09-17 11:43:01;2026-09-17 11:43:01;{433C34D5-3C88-4B9C-AFE9-AB7CAF36132E};256
3927;1;8;10;{E9ECBABE-5E11-424D-B69A-AE59B638FB20};"8,9,{5AB65995-E72D-4596-AF6B-C4F78EA6E241};";2026-09-17 11:43:01;2026-09-17 11:43:01;{2F57E1FF-292D-45DE-A122-33AB0E703DF1};256
3928;1;8;10;{37973F78-4545-4C82-91E8-BD8D691416B6};"8,9,{7CCAC1F0-27C5-4228-840B-04918D652D60};";2026-09-17 11:43:01;2026-09-17 11:43:01;{80C37F23-7159-48D6-B695-63776049F0AF};256
3929;1;8;9;{7CCAC1F0-27C5-4228-840B-04918D652D60};"8,10,{37973F78-4545-4C82-91E8-BD8D691416B6};";2026-09-17 11:43:01;2026-09-17 11:43:01;{9ADC735F-56A6-441B-B1A0-9B05DE1F4C71};256
3930;1;8;9;{1703A295-9069-4D02-9536-89E82B1126B7};"8,10,{2B31CF62-41F4-4A6B-AACC-3142F8216A2A};";2026-09-17 11:43:01;2026-09-17 11:43:01;{39632856-C329-40BB-9CED-5DE9BCE070BE};256
3931;1;8;9;{74E21AB2-FF82-4FCC-947B-6B77DE752E83};"8,10,{D5218832-BF4B-4C08-A311-828D50C1B250};";2026-09-17 11:43:01;2026-09-17 11:43:01;{7BBDF489-0203-458B-86AD-3ACADA9802A2};256
3932;1;8;9;{9CB27DC4-1CFF-4185-8BF9-FE2A8BFD9D72};"8,10,{3118FDB4-C7FF-4E1C-88DD-A3E36BDD253D};";2026-09-17 11:43:01;2026-09-17 11:43:01;{A7D05787-72A6-4C6F-B419-92CF0A5BB76E};256
3933;1;8;10;{6EE6175E-4A4D-4B2C-8941-9A6022AB8F41};"8,9,{A242DEA3-2A54-4DAD-B949-26C6A1EACC77};8,9,{AD180908-3E0E-4C3D-A1E9-17B3F14C8256};";2026-09-17 11:43:01;2026-09-17 11:43:01;{14EFC3BC-65B4-49EB-BB1E-5B3DEC632695};256
3934;1;8;10;{CE2E6B97-BDD8-44F9-AF76-397FC70928DE};"8,9,{CCF84E79-6BD1-4085-88B9-EB53336B9FB7};8,9,{6F8760BB-E325-4BB5-810D-36E91D1167DF};";2026-09-17 11:43:01;2026-09-17 11:43:01;{C52F5F1B-B9F3-4B74-9F1D-EDD66B1EA960};256
3935;1;8;9;{CCF84E79-6BD1-4085-88B9-EB53336B9FB7};"8,10,{CE2E6B97-BDD8-44F9-AF76-397FC70928DE};";2026-09-17 11:43:01;2026-09-17 11:43:01;{99B0FB68-65E2-433E-B252-52C8E6B5FCE8};256
3936;1;8;10;{59156DED-053E-431E-9192-A4E59643D6B8};"8,9,{12600B80-7849-49A8-9AB6-6A3905325AA8};";2026-09-17 11:43:01;2026-09-17 11:43:01;{B5093932-97A6-4C68-B7B9-9BAC3040A14E};256
3937;1;8;9;{76AE8170-DFAB-4AE3-891B-69C2FDB06B7F};"8,10,{E4446C2D-04AD-4816-A0E3-2387C6B00EAB};";2026-09-17 11:43:01;2026-09-17 11:43:01;{DED17F0E-CFD2-4BCB-9BF2-9F5C6E0A0FFA};256
3938;1;8;9;{0D5726E5-489B-42C3-A0C5-232E2F62FA00};"8,10,{85D685B1-A12F-4E03-AABF-8F3A366553C0};";2026-09-17 11:43:01;2026-09-17 11:43:01;{524391C2-B71A-4FBA-8971-BEC3841736AA};256
3939;1;8;9;{51085C81-1C03-4148-9C93-35777AAE40F6};"8,10,{76EB2A18-3101-4D99-9B3C-9F032097524B};";2026-09-17 11:43:01;2026-09-17 11:43:01;{6065C3CF-B90C-45E1-B550-0AD71180321C};256
3940;1;8;9;{9FF5225E-7705-42F2-8F8F-6EC813BB5C1F};"8,10,{7DCEDB49-1BEF-45EA-A9DC-207F2D7915A6};";2026-09-17 11:43:01;2026-09-17 11:43:01;{C1092F09-854B-406B-A7A2-891287C590EF};256
3941;1;8;9;{699E7DC1-05FF-4AFF-BCB1-859998472716};"8,10,{D6F1D074-E83B-4476-B6F8-7B16E937BA87};";2026-09-17 11:43:01;2026-09-17 11:43:01;{7E36DB18-1FC7-4088-9CBA-C17323F3D501};256
3942;1;8;10;{99258574-BEE7-4252-ACA2-F35D28B1C30E};"8,9,{6DB691C7-811A-42F4-8E4A-EEBBB60CDE43};";2026-09-17 11:43:01;2026-09-17 11:43:01;{D7EC7C99-B8FF-48A3-9B0E-6A17A12AB264};256
3943;1;8;10;{DFFFCDED-39CD-4F33-80E1-647C749499D0};"8,9,{92FE16B3-C668-4777-8467-747600956956};8,9,{822871B4-5753-4690-9D1D-73355CCA799B};";2026-09-17 11:43:01;2026-09-17 11:43:01;{E720AAAC-E6CE-4390-97C5-E6DC1922277B};256
3944;1;8;9;{52608583-1758-470D-8154-7EB8BB40C580};"8,10,{8FFB1B15-BA0F-45F2-B44C-0DCBF63401FF};";2026-09-17 11:43:01;2026-09-17 11:43:01;{CF06302B-2521-40B3-9CDA-722344E4817C};256
3945;1;8;9;{D5EC16E4-3FE9-4074-A7F4-C9DBE3424B27};"8,10,{881A1C52-187C-4397-A20C-A9B9940F19F0};";2026-09-17 11:43:01;2026-09-17 11:43:01;{3B0701C3-95A9-43B2-A622-8DFDF0A612B1};256
3946;1;8;9;{9FC310FA-ACA8-46EA-B69A-B1CE04217DA7};"8,10,{7DCEDB49-1BEF-45EA-A9DC-207F2D7915A6};";2026-09-17 11:43:01;2026-09-17 11:43:01;{C3D125B0-3EE1-4572-92AF-704E16C95EF0};256
3947;1;8;9;{9DE6E285-0B8D-4F98-BA1C-0C3505C4EC00};"8,10,{81A24124-3A7B-4154-87E8-C39EF7A57CE8};";2026-09-17 11:43:01;2026-09-17 11:43:01;{E183717B-6DC1-412B-B940-6E2FCC937727};256
3948;1;8;9;{5C612114-5504-4C1C-BF1F-3CB40632BB15};"8,10,{4C6FDD0D-E602-4F97-924F-08224943A727};";2026-09-17 11:43:01;2026-09-17 11:43:01;{8E0B5584-41E1-436C-86E0-A792600BCCF8};256
3949;1;8;9;{E188CB09-9B3D-4247-A413-AFA3626D6067};"8,10,{4B7FE7C3-931F-4CDD-9129-4F1F2C84D52E};";2026-09-17 11:43:01;2026-09-17 11:43:01;{704B89E6-A504-4C64-8379-AD39C28E6B6F};256
3950;1;8;9;{DBB0AAE1-6E07-4349-B95C-B20DF0EE7981};"8,10,{2006F34A-D404-46FE-8E51-8229861D511E};";2026-09-17 11:43:01;2026-09-17 11:43:01;{5E4A1E52-DCAA-4052-AD43-E50FCAE580C6};256
3951;1;8;10;{460A500C-DB93-4061-A15D-372AEA36D389};"8,9,{C8E8B18D-EC7D-4005-ACDC-B9FF7F138B1B};8,9,{F9F9EF5B-C625-479C-9C1E-B06062C7F84A};";2026-09-17 11:43:01;2026-09-17 11:43:01;{6445B038-35FC-46C3-9B98-88B468F0C304};256
3952;1;8;9;{1B598B1D-8BDD-431E-A4BC-15F856CB83D6};"8,10,{25BBABD7-653D-4B2B-B517-A65FF056B040};";2026-09-17 11:43:01;2026-09-17 11:43:01;{600ACE9F-EEFB-4735-BA71-DFF694E274C9};256
3953;1;8;9;{6510A8DE-8D9E-4587-8533-DF7AD641D8AC};"8,10,{A2A65FA1-F22C-4003-9C7E-C4B74C7A1001};";2026-09-17 11:43:01;2026-09-17 11:43:01;{6FFD3D05-F6B6-45CE-99BA-36D6A4008496};256
3954;1;8;10;{88A6BF91-C929-4D8B-9C40-E07D97A5E017};"8,9,{CC7E5DF1-D35F-4F50-BE0F-2876E151D865};8,9,{F22A107D-F303-4A2D-876F-DD74C2C90DF3};8,9,{CDFEE095-EDCD-475A-9AA5-BE422AD6A117};";2026-09-17 11:43:01;2026-09-17 11:43:01;{84C210B0-993D-44BE-8AAE-EFC68C19900C};256
3955;1;8;10;{5FE1A091-6FC3-4A1F-9F75-40AE9DFAC473};"8,9,{59287B15-27D2-4CE1-AC35-B712A081B735};";2026-09-17 11:43:01;2026-09-17 11:43:01;{0CD700C0-9F2C-4A81-B260-B93BFD15855D};256
3956;1;8;9;{6F8760BB-E325-4BB5-810D-36E91D1167DF};"8,10,{CE2E6B97-BDD8-44F9-AF76-397FC70928DE};";2026-09-17 11:43:01;2026-09-17 11:43:01;{029D04ED-67FA-46EA-8F2C-98F6F16E7368};256
3957;1;8;9;{F22A107D-F303-4A2D-876F-DD74C2C90DF3};"8,10,{88A6BF91-C929-4D8B-9C40-E07D97A5E017};";2026-09-17 11:43:01;2026-09-17 11:43:01;{9A40A6CE-33D8-4D41-8A7A-68A62EA08460};256
3958;1;8;9;{E010D199-8F07-49BB-BDE7-B36F0F9F255C};"8,10,{94CDCFA4-FFE8-440D-A904-4C56D98F1F3C};";2026-09-17 11:43:01;2026-09-17 11:43:01;{DDFBA5FF-850B-4E79-B1CD-F805E989821C};256
3959;1;8;10;{004DA892-E3D1-4986-925E-A1308D0C6F1E};"8,9,{F5198E66-D34A-4CA5-A9F8-9433914B95A6};8,9,{1C7EBF2A-0295-404F-BFA0-696816DE00CD};";2026-09-17 11:43:01;2026-09-17 11:43:01;{3EBBF03D-5B96-49BF-94EB-609655393C60};256
3960;1;8;9;{F5198E66-D34A-4CA5-A9F8-9433914B95A6};"8,10,{004DA892-E3D1-4986-925E-A1308D0C6F1E};";2026-09-17 11:43:01;2026-09-17 11:43:01;{3B003D58-91A8-4202-AA38-3187053E4E60};256
3961;1;8;9;{39A3FE6D-5130-4C9F-A112-EF1F38B68097};"8,10,{9B97425B-5824-4C23-A64A-AAE24B5312A0};";2026-09-17 11:43:01;2026-09-17 11:43:01;{7FE70F2F-2C7D-4E7E-A5F9-9F5962734B7A};256
3962;1;8;10;{93BA7CCC-13C1-4737-A192-FA4185CDB090};"8,9,{25CF43CA-0B04-48FB-801C-579822F9AB1C};";2026-09-17 11:43:01;2026-09-17 11:43:01;{AE5DD6F5-2F32-480C-8071-32B7CDAC6948};256
3963;1;8;9;{25CF43CA-0B04-48FB-801C-579822F9AB1C};"8,10,{93BA7CCC-13C1-4737-A192-FA4185CDB090};";2026-09-17 11:43:01;2026-09-17 11:43:01;{1CBCE8AA-F170-420E-B4E9-7F16BEE62B77};256
3964;1;8;9;{C1DD98D5-8979-4D47-8393-9BB65D340B17};"8,10,{BFE322B1-C4F9-4F25-8D3E-8FCE3FE6B35E};";2026-09-17 11:43:01;2026-09-17 11:43:01;{39C8D3F1-0388-454A-BCCD-FAEF30C66A89};256
3965;1;8;10;{14631903-80C0-4C1B-8B1E-DD992F3B689D};"8,9,{1604E1CF-8AB8-432C-8BFB-84095B672FEC};8,9,{C1F7CB31-F76B-402C-AA4C-F94AC9177E36};";2026-09-17 11:43:01;2026-09-17 11:43:01;{642ED8A3-C4A4-4D91-9D2C-BF51ADFB4C4E};256
3966;1;8;10;{823C2AFF-E29C-4549-B7CA-D7FDD3441427};"8,9,{363AD69B-4C16-4A65-A604-53BF031B124D};";2026-09-17 11:43:01;2026-09-17 11:43:01;{E0ACAC4E-E6E1-4CE9-BA3C-119A8F58BFA9};256
3967;1;8;10;{027F21A9-5312-4E9C-AAAD-61699EB8E8A4};"8,9,{9B8D6BC6-AC80-42FC-A2D5-64FA09CD7AB8};8,9,{7E46B911-262C-4187-9FF5-B6DCC1493EA7};";2026-09-17 11:43:01;2026-09-17 11:43:01;{7420A4C4-2B6E-4137-A4F3-8823FDAC68B5};256
3968;1;8;9;{9B8D6BC6-AC80-42FC-A2D5-64FA09CD7AB8};"8,10,{027F21A9-5312-4E9C-AAAD-61699EB8E8A4};";2026-09-17 11:43:01;2026-09-17 11:43:01;{D9CF383A-CDCD-4F7C-88C9-36EE224712EB};256
3969;1;8;9;{91FA8B4F-3DE1-4200-97AE-44631386BF2A};"8,10,{4C6FDD0D-E602-4F97-924F-08224943A727};";2026-09-17 11:43:01;2026-09-17 11:43:01;{50F5BBDE-54DB-4193-B485-FC4B5E48DD14};256
3970;1;8;9;{5A6A0EAE-1A21-4251-AC7A-B771869C9CA3};"8,10,{D7288ECF-A25A-4446-B073-C3FB9CD0E88F};";2026-09-17 11:43:01;2026-09-17 11:43:01;{94697223-B341-4C9C-AA02-18B67143CA19};256
3971;1;8;10;{8C1B4DB0-BCE5-4768-978B-FB8D0B2E0F52};"8,9,{AC48C99D-44FA-4550-B131-C4DD65DF9B7C};";2026-09-17 11:43:01;2026-09-17 11:43:01;{2B9F15FA-3124-4119-AFC7-751882E4C43F};256
3972;1;8;9;{AC48C99D-44FA-4550-B131-C4DD65DF9B7C};"8,10,{8C1B4DB0-BCE5-4768-978B-FB8D0B2E0F52};";2026-09-17 11:43:01;2026-09-17 11:43:01;{833F37CA-1B3B-449A-8D39-21B36F1A7BE6};256
3973;1;8;9;{A9A8EDE1-8168-4139-A0BC-0D2ADF73FD69};"8,10,{94CDCFA4-FFE8-440D-A904-4C56D98F1F3C};";2026-09-17 11:43:01;2026-09-17 11:43:01;{11C5D50A-4976-445C-A7CC-CF24E82A1AFA};256
3974;1;8;10;{5850A7F4-389D-4283-B184-1C3A802C3BAF};"8,9,{6125E7FC-A83F-4530-90BC-B237EF2DF64A};8,9,{1B5CD19B-9070-44FE-B0E2-2DFB03AF18F0};";2026-09-17 11:43:01;2026-09-17 11:43:01;{08EC2CEA-352C-420C-AEC1-8FAC1BD867F8};256
3975;1;8;10;{9E301CC6-1529-4FF3-A63C-BE677E45DF7A};"8,9,{BC2CDC29-04AD-40A1-8280-92DD53E1EA48};";2026-09-17 11:43:01;2026-09-17 11:43:01;{FE4EF943-C518-41A1-8CFC-6ED9F2138F72};256
3976;1;8;9;{BC2CDC29-04AD-40A1-8280-92DD53E1EA48};"8,10,{9E301CC6-1529-4FF3-A63C-BE677E45DF7A};";2026-09-17 11:43:01;2026-09-17 11:43:01;{562FEFF2-81CD-4BD9-9936-DE54B0664891};256
3977;1;8;9;{8F12270A-E500-42FE-B6F0-280CBDB6A698};"8,10,{5B48471D-364C-49FE-90D1-D9BF329BD8A3};";2026-09-17 11:43:01;2026-09-17 11:43:01;{F95B65B7-F576-42B2-A3FE-E59507655DF9};256
3978;1;8;10;{9ECB6C4B-A663-4EFB-9A46-48EC42CB0E23};"8,9,{105F62A4-5764-4B1D-84F4-31269155B512};";2026-09-17 11:43:01;2026-09-17 11:43:01;{4ED8DC74-39B9-42D3-98D2-83E6F7A9C22C};256
3979;1;8;9;{5F74451D-86F7-4736-9D95-9AECD35E41B8};"8,10,{BE6FBC09-D761-4F4A-B85C-0FB7B4476E45};";2026-09-17 11:43:01;2026-09-17 11:43:01;{329116DA-CE0C-4C66-94C5-37F4875B1953};256
3980;1;8;10;{5C9FFA9F-D446-4629-8DD2-AF3A15BE1B2C};"8,9,{6E55437A-FB9F-4B5E-9C21-D96E8D5BFFEF};";2026-09-17 11:43:01;2026-09-17 11:43:01;{20E67C4C-4313-4F0C-A1A3-59055CA848F2};256
3981;1;8;9;{508B32B3-44AD-4CA4-AE55-9B63A80E66FC};"8,10,{4ADDFAB4-6AA6-4B19-B809-0715381CF899};";2026-09-17 11:43:01;2026-09-17 11:43:01;{B333040F-1717-4AB5-AB3D-3AE3015E2172};256
3982;1;8;10;{4AB3D0D7-C004-4756-9E6F-66CEF917E654};"8,9,{629C27C0-8FB1-47C3-B591-405E1D2A9FB7};";2026-09-17 11:43:01;2026-09-17 11:43:01;{6F6424F0-59A4-4DC2-9199-213AD436CFBF};256
3983;1;8;9;{1B5CD19B-9070-44FE-B0E2-2DFB03AF18F0};"8,10,{5850A7F4-389D-4283-B184-1C3A802C3BAF};";2026-09-17 11:43:01;2026-09-17 11:43:01;{737D6448-2D18-4F15-9097-9397EF75C378};256
3984;1;8;9;{61A5EA61-E93F-4CD7-9FFC-E33BCF69DC09};"8,10,{23957449-9141-48EB-A467-60A9163572B5};";2026-09-17 11:43:01;2026-09-17 11:43:01;{A934BC52-21A9-4A6F-B779-15073B8436A2};256
3985;1;8;9;{7E46B911-262C-4187-9FF5-B6DCC1493EA7};"8,10,{027F21A9-5312-4E9C-AAAD-61699EB8E8A4};";2026-09-17 11:43:01;2026-09-17 11:43:01;{E0F0889A-DD61-4844-A518-144F24F7E376};256
3986;1;8;10;{F0193920-8691-4112-A634-E602C46C2212};"8,9,{94487CB0-2CDA-417B-A7A1-6AAE09A8FC3B};";2026-09-17 11:43:01;2026-09-17 11:43:01;{84715617-1F7F-42B4-A5B3-9055B84C4C3C};256
3987;1;8;9;{94487CB0-2CDA-417B-A7A1-6AAE09A8FC3B};"8,10,{F0193920-8691-4112-A634-E602C46C2212};";2026-09-17 11:43:01;2026-09-17 11:43:01;{C80FFA15-C6AF-4776-AF5C-D406F82920B6};256
3988;1;8;10;{0DA86806-80CA-48A3-844F-84B2E7B8B790};"8,9,{B5BA65DE-5B45-4042-B61F-0735DF4BE15C};8,9,{28CFDD05-BE54-421A-82B3-737571B0913D};";2026-09-17 11:43:01;2026-09-17 11:43:01;{D11B5285-7A7F-4667-8FEE-51667AF1EA1F};256
3989;1;8;9;{85C83E7E-779A-4EA9-8F84-7C94D27EADE2};"8,10,{CA2A97D5-A888-4C12-8B5B-101B02FD4526};";2026-09-17 11:43:01;2026-09-17 11:43:01;{234DD4CD-BA3B-4389-90C0-B69E2D631627};256
3990;1;8;9;{C95F4CF0-C627-46A1-B028-F6B619B92267};"8,10,{94EDBBCB-60AA-4C92-AC40-D935A3853E03};";2026-09-17 11:43:01;2026-09-17 11:43:01;{2C87F44F-1ED5-4E8A-9576-86A015504E0B};256
3991;1;8;9;{E1A82632-D689-4C1E-A2AF-303B8B97981A};"8,10,{0FC92E0C-7E2B-4BF4-8525-6598BEF3C72A};";2026-09-17 11:43:01;2026-09-17 11:43:01;{8092AE2F-11FA-4410-83E3-361CAB330924};256
3992;1;8;9;{28CFDD05-BE54-421A-82B3-737571B0913D};"8,10,{0DA86806-80CA-48A3-844F-84B2E7B8B790};";2026-09-17 11:43:01;2026-09-17 11:43:01;{BD86C52A-8C12-403D-9673-90023BDE71EA};256
3993;1;8;10;{79231438-0747-4FCB-AA21-B8EBD08F166A};"8,9,{06443B14-76D5-4854-A1DE-C25D16BC99C1};";2026-09-17 11:43:01;2026-09-17 11:43:01;{923475C0-20CC-49BC-ABA6-91896FC3245A};256
3994;1;8;9;{90C3E3FE-38F0-4E43-9D4A-EE58847583BA};"8,10,{9E432424-76C7-4155-8478-535478A98281};";2026-09-17 11:43:01;2026-09-17 11:43:01;{831A8AAB-36CC-4369-B1FC-70F87EAF51E3};256
3995;1;8;10;{F36E7CA6-5D5C-4B32-85A7-2CE5FB55D8BE};"8,9,{238111DB-BC4F-400E-960E-CA4D31BE4E66};";2026-09-17 11:43:01;2026-09-17 11:43:01;{4051828B-3271-49A9-A492-602E60360C59};256
3996;1;8;9;{2AE51801-75D0-4F91-96F7-ADAC6CD68EE6};"8,10,{4B7FE7C3-931F-4CDD-9129-4F1F2C84D52E};";2026-09-17 11:43:01;2026-09-17 11:43:01;{62302FCA-63D4-451D-93F1-6D0CD5125155};256
3997;1;8;9;{BE1B2846-7F16-4F61-9989-08E5C08D5B51};"8,10,{B8520E36-2814-4D74-A1E0-F105E8323A0B};";2026-09-17 11:43:01;2026-09-17 11:43:01;{4A352697-F663-4387-9DA2-0DFE5873B95C};256
3998;1;8;9;{0B518D1C-08B4-4A54-AB15-3BED3C0EAF3E};"8,10,{B3A0C612-1130-49EE-AEE6-7C73065BEED6};";2026-09-17 11:43:01;2026-09-17 11:43:01;{2FB521FA-CAC4-4DAB-A108-7AD1F6AD2C22};256
3999;1;8;10;{3AC8E657-7763-41A6-9EBC-DFCB0E596C87};"8,9,{C691E903-288E-4929-B401-9CF21D1D8DB3};";2026-09-17 11:43:01;2026-09-17 11:43:01;{6ECF6B39-A4DA-40B2-8968-D7A08F3E393C};256
4000;1;8;10;{D18DFB0C-6A29-4D7D-8C2F-AD6295FD12A5};"8,9,{6D8AAECE-F50B-490A-9E35-41B1907B8091};";2026-09-17 11:43:01;2026-09-17 11:43:01;{3F04FFED-2AC0-4205-985A-4697C2868637};256
4001;1;8;9;{80DA7A22-EF32-4BDC-A294-A9F85B23F21E};"8,10,{94CDCFA4-FFE8-440D-A904-4C56D98F1F3C};";2026-09-17 11:43:01;2026-09-17 11:43:01;{2F7A1600-841B-4356-9047-147036860238};256
4002;1;8;10;{B55D434B-3C07-46F2-B30A-2837D59832BA};"8,9,{818C7024-B402-478E-A590-FBC7E11D0F9E};";2026-09-17 11:43:01;2026-09-17 11:43:01;{DE8EBFE2-742D-452C-BB35-8520F80EB151};256
4003;1;8;9;{818C7024-B402-478E-A590-FBC7E11D0F9E};"8,10,{B55D434B-3C07-46F2-B30A-2837D59832BA};";2026-09-17 11:43:01;2026-09-17 11:43:01;{EC0E42C6-4831-402C-BBD9-BA548B019A70};256
4004;1;8;10;{35429BF4-B702-4519-A7D7-F43CB3A2D73B};"8,9,{34F4EE71-E55A-4A9F-8383-6A9549F76096};8,9,{C379FCF8-064A-4459-A1F1-631FA6B69D52};8,9,{BDCF74B7-6D80-480E-8C2E-CFFCDF941936};";2026-09-17 11:43:01;2026-09-17 11:43:01;{5A1EDDEA-942E-4BF6-B84D-BAFFF6E5B575};256
4005;1;8;9;{34F4EE71-E55A-4A9F-8383-6A9549F76096};"8,10,{35429BF4-B702-4519-A7D7-F43CB3A2D73B};";2026-09-17 11:43:01;2026-09-17 11:43:01;{A7B75C05-06A2-4458-9761-601AFF46CDC6};256
4006;1;8;9;{6F2A1F6C-1466-4343-8864-0BC18B058E10};"8,10,{E56C41B7-1847-4561-9FE5-E7726EC7DF58};";2026-09-17 11:43:01;2026-09-17 11:43:01;{21F567FD-57FF-4031-A770-2154B7DBA764};256
4007;1;8;9;{E979C7E2-62ED-4104-BB3A-A5F061F832BA};"8,10,{5E957661-4F5C-4FBE-8D97-BB6D8A6E8F03};";2026-09-17 11:43:01;2026-09-17 11:43:01;{757B1F90-EC0D-4878-B3F2-2A1ACD706996};256
4008;1;8;9;{8CC710F3-7551-4590-B19E-57845A96C429};"8,10,{DC584DD8-8C0D-4C1A-850B-BC00BB81F67E};";2026-09-17 11:43:01;2026-09-17 11:43:01;{DE573641-39BE-4908-A018-50DF92A2348E};256
4009;1;8;10;{4C4C374F-87C3-45CA-AC28-4F6FF8CB34F6};"8,9,{D233C1B2-F197-4D30-AC50-C692C7BA66A9};";2026-09-17 11:43:01;2026-09-17 11:43:01;{769274B7-B56F-4666-84AA-97DAEE792D24};256
4010;1;8;9;{D233C1B2-F197-4D30-AC50-C692C7BA66A9};"8,10,{4C4C374F-87C3-45CA-AC28-4F6FF8CB34F6};";2026-09-17 11:43:01;2026-09-17 11:43:01;{8236C943-23E6-448B-B3CC-760C8C3AD85D};256
4011;1;8;10;{0A5C8BB8-2384-4E56-90DE-DFBC1E565C56};"8,9,{44C10622-B176-4D07-B924-E52F30860EBF};8,9,{776F8EAD-00D2-4974-8772-0D67AAEDED88};";2026-09-17 11:43:01;2026-09-17 11:43:01;{46500A45-FE45-4CC5-B627-A058A69D1E15};256
4012;1;8;10;{47CE443B-67AE-4F08-9CCD-4F6C953C99A9};"8,9,{0C720250-CA97-4AA2-BC5A-3EB264C05E5F};";2026-09-17 11:43:01;2026-09-17 11:43:01;{41637B2B-F38E-43C5-83BB-8D914873A5E3};256
4013;1;8;9;{44C10622-B176-4D07-B924-E52F30860EBF};"8,10,{0A5C8BB8-2384-4E56-90DE-DFBC1E565C56};";2026-09-17 11:43:01;2026-09-17 11:43:01;{549BFF65-1EF6-4E9B-950A-49FCB7728C08};256
4014;1;8;9;{363DE166-246E-4393-90BA-F2EC24B3C9B1};"8,10,{9E432424-76C7-4155-8478-535478A98281};";2026-09-17 11:43:01;2026-09-17 11:43:01;{F8177C88-2A90-453A-9CD4-E7BC18B52A6C};256
4015;1;8;9;{9F4EB135-757C-4D22-9880-2527710C06D0};"8,10,{4DE975E1-4551-4C8C-A054-BA6035C9E090};";2026-09-17 11:43:01;2026-09-17 11:43:01;{0CB52D30-0FBB-4B9D-B396-C140D8FA2640};256
4016;1;8;10;{019D97C6-7E5B-452E-BDAC-DFBD5369775B};"8,9,{B0A5645A-1857-45F7-8B01-0C200285209F};8,9,{56235F46-9577-43EB-9880-27925F12AD73};";2026-09-17 11:43:01;2026-09-17 11:43:01;{03AD333D-9668-44A6-9B20-4B9F0A4B06EF};256
4017;1;8;9;{B0A5645A-1857-45F7-8B01-0C200285209F};"8,10,{019D97C6-7E5B-452E-BDAC-DFBD5369775B};";2026-09-17 11:43:01;2026-09-17 11:43:01;{EA6805E3-6314-4EFB-A6A4-28199866BB93};256
4018;1;8;10;{E14E5B71-A610-430B-9D19-996DFB9AF635};"8,9,{ACC3156A-037C-4772-A0FE-463D55CC57A9};";2026-09-17 11:43:01;2026-09-17 11:43:01;{2346A6C0-FE96-49CB-8BE1-9488EAE8F64D};256
4019;1;8;9;{A7E01D35-91F9-4420-B415-E1336D3CE3A5};"8,10,{7C62351B-D024-4FDF-BDBF-34D7F3EE0B17};";2026-09-17 11:43:01;2026-09-17 11:43:01;{50FD1C44-0A18-4C35-9219-8CC006831D39};256
4020;1;8;9;{776F8EAD-00D2-4974-8772-0D67AAEDED88};"8,10,{0A5C8BB8-2384-4E56-90DE-DFBC1E565C56};";2026-09-17 11:43:01;2026-09-17 11:43:01;{291BAB0A-F061-4BDF-A436-A0B682C04115};256
4021;1;8;10;{9B7E96FC-3649-4FA8-9F69-664CD7ECA569};"8,9,{E0EE5348-EAFB-4111-9D14-7C3CDFA32927};";2026-09-17 11:43:01;2026-09-17 11:43:01;{3FF0D205-1261-4E1E-9831-BD28DBDC2592};256
4022;1;8;9;{E0EE5348-EAFB-4111-9D14-7C3CDFA32927};"8,10,{9B7E96FC-3649-4FA8-9F69-664CD7ECA569};";2026-09-17 11:43:01;2026-09-17 11:43:01;{BACB72AD-4650-4B86-9598-227695E29DA6};256
4023;1;8;9;{1E28F976-42D4-4E55-841E-F7D348EB9882};"8,10,{D3404DBF-48D6-4D3D-9169-DA312F67177F};";2026-09-17 11:43:01;2026-09-17 11:43:01;{B1CDC9A9-4FE7-4207-BBE0-2C04E32FDA68};256
4024;1;8;10;{4B468C31-1532-4562-8559-406B0B24F81E};"8,9,{D751CDCA-8E87-4638-98C4-F267F316D754};";2026-09-17 11:43:01;2026-09-17 11:43:01;{9021D4DF-0ECB-4AFA-8145-A01304D00639};256
4025;1;8;9;{D751CDCA-8E87-4638-98C4-F267F316D754};"8,10,{4B468C31-1532-4562-8559-406B0B24F81E};";2026-09-17 11:43:01;2026-09-17 11:43:01;{B1629A21-37CB-48CD-8090-235FAA0726B8};256
4026;1;8;9;{379EB756-4296-4C5A-8F19-76C7FB7910AA};"8,10,{567AB97F-8E6D-4F8B-BB1A-4EAD3E7A6FA9};";2026-09-17 11:43:01;2026-09-17 11:43:01;{022874EA-1F41-4488-BE83-2D5B0648D5BC};256
4027;1;8;9;{BDCF74B7-6D80-480E-8C2E-CFFCDF941936};"8,10,{35429BF4-B702-4519-A7D7-F43CB3A2D73B};";2026-09-17 11:43:01;2026-09-17 11:43:01;{91D51F15-72C0-46F9-B1F8-0F0FD9BF0BA3};256
4028;1;8;9;{56235F46-9577-43EB-9880-27925F12AD73};"8,10,{019D97C6-7E5B-452E-BDAC-DFBD5369775B};";2026-09-17 11:43:01;2026-09-17 11:43:01;{934235BE-A1E8-4DA3-9794-EAAFD657F1C9};256
4029;1;8;10;{F3A3250B-C54E-4928-A879-696FBE2F1FFD};"8,9,{5A489AB3-DBD0-4480-943F-AFACC1BB5D2E};8,9,{A6F7C75B-943B-4C53-81FC-8645BB87C60E};8,9,{BEAA115C-E307-4B33-91ED-D028D433D320};";2026-09-17 11:43:01;2026-09-17 11:43:01;{EFF70B34-268F-4118-AB20-DA1F64508A7A};256
4030;1;8;9;{49FBA587-A949-47BF-8142-48D83EFCCAB3};"8,10,{5949AE92-60E4-4A8E-83ED-3860BFF0CD39};";2026-09-17 11:43:01;2026-09-17 11:43:01;{FAA6D328-A62B-4E34-A9C3-95E69D21BD56};256
4031;1;8;10;{64A5841A-D858-467C-B834-BB68BAE7C1ED};"8,9,{7233F649-B840-46E1-8010-6F8EEA985815};";2026-09-17 11:43:01;2026-09-17 11:43:01;{7D350B7D-6860-4120-A054-7F908E58E9CD};256
4032;1;8;9;{03C915CA-ABBD-46A6-B6A9-FA7631ADA3DE};"8,10,{DB0C56FC-B57C-46DC-B0E4-E06B7AA6772B};";2026-09-17 11:43:01;2026-09-17 11:43:01;{4EABD7A0-9026-4988-9FF9-4665BBCA4649};256
4033;1;8;10;{AFF61EAD-3B51-4D40-AA20-4B4F3724EB5F};"8,9,{A1B68B1B-251B-4D0D-A4BE-0696A4701B9A};";2026-09-17 11:43:01;2026-09-17 11:43:01;{E4F801B2-1882-4891-B5CB-4CFA031CC4DA};256
4034;1;8;10;{B2AC4C1E-B331-41F9-832D-2386DFF26EDA};"8,9,{84010C34-7AA6-48B2-BC9E-FE1C6CA1242F};8,9,{BBDDAECE-0B0E-4EB1-B1FF-38866C19C952};8,9,{93356779-D8D3-425B-99BF-C8A67E7F4D95};";2026-09-17 11:43:01;2026-09-17 11:43:01;{2C3AFCC9-4F16-4E91-87A1-0AEC77252103};256
4035;1;8;10;{CB6F1FAF-AF20-4F67-A487-2D1A38DD17C6};"8,9,{375A9833-B94B-464E-AB5A-DCB6F5C5C25F};";2026-09-17 11:43:01;2026-09-17 11:43:01;{5907EA80-5258-4DE8-B6B5-EC5F45470EC8};256
4036;1;8;10;{DEEA7555-E908-4D2F-83A6-7EF7E944A1CD};"8,9,{BAE5BE9E-6AE0-4B12-878A-D03C0EAF4A81};";2026-09-17 11:43:01;2026-09-17 11:43:01;{C3B87032-AD5C-4B1A-BA91-FAA37FA2FAC0};256
4037;1;8;9;{BAE5BE9E-6AE0-4B12-878A-D03C0EAF4A81};"8,10,{DEEA7555-E908-4D2F-83A6-7EF7E944A1CD};";2026-09-17 11:43:01;2026-09-17 11:43:01;{5D78DF1C-2B55-4691-A08B-D3DCBE237FE6};256
4038;1;8;10;{2006F34A-D404-46FE-8E51-8229861D511E};"8,9,{425F8BAC-5D7B-4438-BB05-96F8BC942F07};8,9,{DBB0AAE1-6E07-4349-B95C-B20DF0EE7981};";2026-09-17 11:43:01;2026-09-17 11:43:01;{A7E086D1-F895-4C51-8F80-C98D53DAC31D};256
4039;1;8;9;{425F8BAC-5D7B-4438-BB05-96F8BC942F07};"8,10,{2006F34A-D404-46FE-8E51-8229861D511E};";2026-09-17 11:43:01;2026-09-17 11:43:01;{CE30F963-59CE-4CB1-9834-BF497981E740};256
4040;1;8;10;{6C70837D-DDE4-45A2-8236-962FFEBBC119};"8,9,{B5B9A35F-FCDE-4BFD-8133-9C09CF7E0D78};";2026-09-17 11:43:01;2026-09-17 11:43:01;{61AC11D5-D382-4080-ACFB-B6D17D4CA8D6};256
4041;1;8;9;{B5B9A35F-FCDE-4BFD-8133-9C09CF7E0D78};"8,10,{6C70837D-DDE4-45A2-8236-962FFEBBC119};";2026-09-17 11:43:01;2026-09-17 11:43:01;{FB84EA6D-52BB-41F4-82E7-A435CF4B73ED};256
4042;1;8;9;{03188C0E-F2B9-4469-9738-EF1DC9BF41BD};"8,10,{DE73479E-FD4A-4F84-B637-89315884B8E4};";2026-09-17 11:43:01;2026-09-17 11:43:01;{EAB5E7A6-6CEF-4183-9B18-54976A8846B8};256
4043;1;8;10;{38FC8187-2FC4-4A03-925E-D32B027BEC40};"8,9,{0A9929FE-F621-4108-BE13-EBCAEB4CC65A};8,9,{3D746D6D-548D-4BBB-96B0-CE395523C911};8,9,{FF893BFF-A8AE-41AA-90A6-326F58CE16AB};8,9,{8F2D9A1E-EF00-4A2E-ADE9-CAE337B3BDC8};";2026-09-17 11:43:01;2026-09-17 11:43:01;{360EF249-EF31-4045-AE84-6A9D074CDAF9};256
4044;1;8;9;{24D741CB-87D9-49DD-B1F9-1775928EFABA};"8,10,{301A59D2-10D3-42BF-BEE4-9EA80971846F};";2026-09-17 11:43:01;2026-09-17 11:43:01;{AD63D58C-227D-4BC4-9B8D-339A343FB39D};256
4045;1;8;9;{0A9929FE-F621-4108-BE13-EBCAEB4CC65A};"8,10,{38FC8187-2FC4-4A03-925E-D32B027BEC40};";2026-09-17 11:43:01;2026-09-17 11:43:01;{0E7D3D34-4E85-4D58-9EE2-A62E922BD45B};256
4046;1;8;10;{48D28958-CE66-4104-A8FB-C94EDC5181F0};"8,9,{054857EE-8962-4F88-AF2C-3E9AB97782E6};";2026-09-17 11:43:01;2026-09-17 11:43:01;{4E905FC4-73E0-436E-9F40-1C97B660061B};256
4047;1;8;9;{5F45FDD1-CFA2-4CE0-B8BB-693002DF088A};"8,10,{C4F74668-7F1E-4F25-B3F0-4C4532BDB844};";2026-09-17 11:43:01;2026-09-17 11:43:01;{3BB9DE80-EE70-4F00-BDC5-11B3DDDD1740};256
4048;1;8;10;{92B59A8E-8745-4673-9F7B-56F5360D20B6};"8,9,{1306BAAE-B11F-4068-8C24-E8881E28A4E4};8,9,{02735ACE-DB92-4E90-9A74-043BB6DD1782};";2026-09-17 11:43:01;2026-09-17 11:43:01;{89757722-BC64-45AD-9F3E-C6EED1F2F781};256
4049;1;8;10;{19D8C017-0B8E-479F-9C85-BD495DDA9BCB};"8,9,{F51475A9-7926-4A46-AA5C-EA544A6F35B3};8,9,{2DC431D6-96D8-4964-A90A-BA5FA733AD57};8,9,{6866FAD3-84BF-4BCC-9A7E-B020EC11D0B4};";2026-09-17 11:43:01;2026-09-17 11:43:01;{AA8A2709-A350-4389-949B-D3CFEAF05E62};256
4050;1;8;9;{76BC9438-08D0-479E-B908-BC9AF078E70D};"8,10,{6B33428A-86E2-4E63-81AA-0B2A29B1E0DE};";2026-09-17 11:43:01;2026-09-17 11:43:01;{CEEB879F-364D-4E44-8AD3-2BBBEF76C9F3};256
4051;1;8;9;{0306320C-ACE0-4E70-9822-ADE143A93E96};"8,10,{76D5A792-74FD-442B-B68F-FAA5F0C0801C};";2026-09-17 11:43:01;2026-09-17 11:43:01;{6BF42FBD-66F8-4E4B-AA4D-C98C554D2BBE};256
4052;1;8;9;{DE42EAB3-47EF-414A-B521-423C8FD78798};"8,10,{9FB19F7B-93E9-45D4-A629-7F5D148F9E07};";2026-09-17 11:43:01;2026-09-17 11:43:01;{6B6C8FFB-8984-420F-B7B0-D7AD14D1C2E3};256
4053;1;8;10;{01F0528F-9739-4D31-869E-9206F6C95C7B};"8,9,{BBC73A1D-5931-4A2F-A7F1-E58099A8FB1E};";2026-09-17 11:43:01;2026-09-17 11:43:01;{1F65FA85-8BC2-4364-95D9-7B650E70D5EF};256
4054;1;8;9;{BBC73A1D-5931-4A2F-A7F1-E58099A8FB1E};"8,10,{01F0528F-9739-4D31-869E-9206F6C95C7B};";2026-09-17 11:43:01;2026-09-17 11:43:01;{C3669C4E-ECF8-431D-AD55-554E022B1C54};256
4055;1;8;10;{8C7EEF50-B2D5-4F28-84EF-AF7ABA0C700F};"8,9,{054A976A-9781-47DA-A3FD-811A27523FFB};";2026-09-17 11:43:01;2026-09-17 11:43:01;{3F392EE0-7D92-4AFD-AD8C-266CF8435412};256
4056;1;8;10;{A2B3A03C-AFA8-424E-ADF6-252C589CAD11};"8,9,{7492BA5D-9133-4AC0-B855-BD9C42F17EF4};";2026-09-17 11:43:01;2026-09-17 11:43:01;{F3B06814-AF54-44E4-AC3D-791C64AFE70C};256
4057;1;8;9;{863ED965-8684-4CAA-9E35-F924D46D4F2D};"8,10,{F2AF32A5-16B3-4ADD-999C-4231CE9D8763};";2026-09-17 11:43:01;2026-09-17 11:43:01;{E6A97950-2B71-4FBA-AAF0-831E82F29A30};256
4058;1;8;10;{5B6ADB3E-DC5F-4E55-89A1-2C3FC52EC932};"8,9,{956B76E7-AE5D-4D69-BBF3-2557373BF399};";2026-09-17 11:43:01;2026-09-17 11:43:01;{36CD5D20-DBEB-4CCE-AFD6-F93BD88FB282};256
4059;1;8;10;{288831FE-7FCF-4F73-B42D-DC94BF58A664};"8,9,{D51F8F59-7C09-4E8C-A9F3-87CADA07C5A1};";2026-09-17 11:43:01;2026-09-17 11:43:01;{A2416438-2AC6-420C-8436-FB134F06551E};256
4060;1;8;10;{F8A4C7BC-CD74-4BBE-A745-D83283BC5A8F};"8,9,{AE8C028E-D4EC-44D8-913E-431CD982315E};";2026-09-17 11:43:01;2026-09-17 11:43:01;{ED60C297-C5DB-4BF1-BDD8-89B612107522};256
4061;1;8;10;{4376C4B3-A66A-40EF-AB9C-BC3C9DA92876};"8,9,{9274F956-CE39-4079-9CF8-6B41C80AD187};";2026-09-17 11:43:01;2026-09-17 11:43:01;{EB8F7E8C-8B90-4EC5-8674-D56E2993EB01};256
4062;1;8;9;{9274F956-CE39-4079-9CF8-6B41C80AD187};"8,10,{4376C4B3-A66A-40EF-AB9C-BC3C9DA92876};";2026-09-17 11:43:01;2026-09-17 11:43:01;{8608A7C9-AFDE-4AA7-AC5C-C45BFF15D3B2};256
4063;1;8;9;{F664B38F-F471-4CD8-A151-D5017086944E};"8,10,{9FB19F7B-93E9-45D4-A629-7F5D148F9E07};";2026-09-17 11:43:01;2026-09-17 11:43:01;{FF336762-F173-4272-9886-A49ECCBBC8CB};256
4064;1;8;10;{3D63237D-6D43-4993-8352-2612612374A4};"8,9,{86D61046-7130-4324-8926-54BFAEE2F970};";2026-09-17 11:43:01;2026-09-17 11:43:01;{4718D83B-FBE0-43D1-91EF-9FE3C8E9D205};256
4065;1;8;9;{86D61046-7130-4324-8926-54BFAEE2F970};"8,10,{3D63237D-6D43-4993-8352-2612612374A4};";2026-09-17 11:43:01;2026-09-17 11:43:01;{3FBBE88D-5949-48B8-8FA7-6E6F8F49DF58};256
4066;1;8;9;{6CAFBE6F-4AE0-4D96-9E50-275A944C1EEB};"8,10,{90320A6A-64C0-4BC0-89B4-CA202FF5B33D};";2026-09-17 11:43:01;2026-09-17 11:43:01;{ED61516E-3BAB-46CF-8CA0-D23657B09BAB};256
4067;1;8;9;{99037329-6D77-4F9C-9249-5FF5B668BD4D};"8,10,{0AD02CE2-1DE0-4F3B-B2B8-B1E8FEB5446C};";2026-09-17 11:43:01;2026-09-17 11:43:01;{C031B61D-08FB-49DC-B0AE-CC7B61AAE994};256
4068;1;8;9;{7328731B-95E0-4024-8355-D088E2A01D7E};"8,10,{F188F67A-BFC7-480B-892C-7F62BC50F0C0};";2026-09-17 11:43:01;2026-09-17 11:43:01;{FC2B94CB-FB26-4D43-939C-2BF69D627373};256
4069;1;8;9;{43D5CEC7-865E-456B-8760-7A293BC34851};"8,10,{3EE7DC9D-76B4-4CFB-B6AF-6F7A7E6898BF};";2026-09-17 11:43:01;2026-09-17 11:43:01;{7BF09577-DEA2-4C56-834A-01873F227302};256
4070;1;8;10;{1DE09E6B-8AB4-4997-8026-852DA37469C2};"8,9,{A9995B98-370B-427C-8EEF-3F1039F902B8};";2026-09-17 11:43:01;2026-09-17 11:43:01;{791EFE35-1899-4434-B62E-7A0118CF6B8F};256
4071;1;8;9;{A9995B98-370B-427C-8EEF-3F1039F902B8};"8,10,{1DE09E6B-8AB4-4997-8026-852DA37469C2};";2026-09-17 11:43:01;2026-09-17 11:43:01;{5A35A607-D26A-43E5-8B3B-4872CC467A1E};256
4072;1;8;9;{D4CE56E1-F4BE-491A-BD3F-5433798F1C21};"8,10,{6BB3484D-8C89-4F68-BFBA-C52D1045F1CA};";2026-09-17 11:43:01;2026-09-17 11:43:01;{A91E6C4A-7CCB-4679-BE27-2729E82F0DF8};256
4073;1;8;9;{E5B1AD39-1CFA-4F57-A9AD-E7B28A81BF41};"8,10,{ABE26E71-0346-49ED-811E-A1C89334A947};";2026-09-17 11:43:01;2026-09-17 11:43:01;{9A00A801-82FB-481B-806E-42A55DD25B62};256
4074;1;8;9;{9D471B3D-AE3E-44F8-8A4B-C9075213C842};"8,10,{24624EEE-F24B-4551-BD23-2496A2CB28ED};";2026-09-17 11:43:01;2026-09-17 11:43:01;{83A2E765-4D08-413D-BC0A-448C70A61ECE};256
4075;1;8;9;{498A71E0-5E47-4A78-AFAF-393DD937319C};"8,10,{FF7DB905-5D32-4099-9F2A-C982DB5ADF04};";2026-09-17 11:43:01;2026-09-17 11:43:01;{6FFADE28-9B71-46C3-BB2D-C61CBACE6F2F};256
4076;1;8;9;{CA2936B7-8E03-4D13-8A77-6030FF7F18A0};"8,10,{E982BB7B-091A-4C13-8DC3-3B75D2B8CCC4};";2026-09-17 11:43:01;2026-09-17 11:43:01;{AB0A060C-0E8B-4130-B096-3F759B4C55C2};256
4077;1;8;9;{8AF26607-FBF3-4D8D-9A9E-70D7B366B4D0};"8,10,{3B370AC2-8E78-4452-BA75-E6D58A80F3AD};";2026-09-17 11:43:01;2026-09-17 11:43:01;{1B181A69-86D3-4105-A3EC-1A1E1DF57633};256
4078;1;8;9;{457AAFA9-4517-4227-BD7D-A86ADE353092};"8,10,{F188F67A-BFC7-480B-892C-7F62BC50F0C0};";2026-09-17 11:43:01;2026-09-17 11:43:01;{B9B25C10-A456-4426-82C3-CBCB54461AE7};256
4079;1;8;10;{7BC8D2DE-6C18-4DA8-B3A1-1CB3F17352E9};"8,9,{C83ECD3A-D5E6-43AA-92E0-485EDB1E0E90};";2026-09-17 11:43:01;2026-09-17 11:43:01;{6A7F0DAA-0416-4377-A024-4457BE1BFEE1};256
4080;1;8;9;{04CCBCB9-7F5F-421F-9BB5-F1C652D86982};"8,10,{0AB26A90-D2C4-496A-8457-431BF2D117F1};";2026-09-17 11:43:01;2026-09-17 11:43:01;{80BD3907-9C4B-42E7-8419-0EC042FF7A42};256
4081;1;8;9;{C31A3C79-C2CE-470B-A977-BC56D6E595F5};"8,10,{6F04D085-9ABB-4D40-9EE8-AD66F0886AC1};";2026-09-17 11:43:01;2026-09-17 11:43:01;{532FDC63-911E-49E1-A61E-BC5A49091D48};256
4082;1;8;9;{6866FAD3-84BF-4BCC-9A7E-B020EC11D0B4};"8,10,{19D8C017-0B8E-479F-9C85-BD495DDA9BCB};";2026-09-17 11:43:01;2026-09-17 11:43:01;{799798E2-A18B-4CF0-9E8C-BA463DF389BC};256
4083;1;8;9;{107DE88A-0A3E-4EBF-8397-D8005A1805A8};"8,10,{6673E9CD-EF89-4059-8EB6-87051117A34F};";2026-09-17 11:43:01;2026-09-17 11:43:01;{16313008-2F9C-4433-ADB4-5957D52453AE};256
4084;1;8;10;{56EE0288-E268-4E3B-9051-7300AF108D5C};"8,9,{A01317D7-B111-4677-8C19-3D3E4BA1E83E};";2026-09-17 11:43:01;2026-09-17 11:43:01;{B7E35F1D-0B59-4815-BF5B-F48E0B199267};256
4085;1;8;9;{6702D49D-B0EA-408C-B400-4658F966BB79};"8,10,{66CA52B5-7816-4ABF-9683-A7E8B72F19D7};";2026-09-17 11:43:01;2026-09-17 11:43:01;{EBC573BB-6CA4-4C67-8938-7E07DBB60603};256
4086;1;8;10;{D22CC570-8281-4868-B9EE-3FA75DDCAD1B};"8,9,{1ADF1CD5-4089-4A82-86E6-F22ABEF36740};8,9,{67140F46-45DE-4739-BC69-A860BCEFC3B4};";2026-09-17 11:43:01;2026-09-17 11:43:01;{3B765D87-4376-4197-936B-65757767DF19};256
4087;1;8;10;{A7F368BA-C346-41FC-A022-A4FC6D075CA4};"8,9,{EC524B83-1E60-47FD-8EE3-A46890A07745};";2026-09-17 11:43:01;2026-09-17 11:43:01;{B176C632-D847-408E-BAA8-BA53F2C750C0};256
4088;1;8;9;{4053C4FF-8E4C-4D63-857B-5A81B5F9C6E0};"8,10,{548A4D24-08EA-4D40-BFC3-20A58B2E2C2B};";2026-09-17 11:43:01;2026-09-17 11:43:01;{6729426A-780B-4D3B-9365-3A04EF5F5122};256
4089;1;8;10;{803D11D2-61D8-402E-A433-857F6C4B8095};"8,9,{D0016D0D-A29B-453A-A05D-334CEE446933};";2026-09-17 11:43:01;2026-09-17 11:43:01;{5FB00130-0AF1-4D06-9215-332ED75CA592};256
4090;1;8;9;{A9884101-F853-4D51-A853-32AADE476B28};"8,10,{41031677-CAEB-4C34-9151-C14CB438B816};";2026-09-17 11:43:01;2026-09-17 11:43:01;{FAE6250E-50EB-40D3-812F-8093C9D11812};256
4091;1;8;9;{B0B66A19-756F-43A2-8D5F-998491280B28};"8,10,{3B370AC2-8E78-4452-BA75-E6D58A80F3AD};";2026-09-17 11:43:01;2026-09-17 11:43:01;{78E62E21-C0A1-473D-9890-3FA2A5456ACB};256
4092;1;8;10;{3241E131-9AF8-4825-97A5-6E98E39396CE};"8,9,{F65CC407-0F61-4D2A-9036-6BED8CED79D0};";2026-09-17 11:43:01;2026-09-17 11:43:01;{BB2878C5-2233-4071-AE81-837FE683C76E};256
4093;1;8;10;{FD8A0E84-F96D-497D-AA2B-7ABAD31FF7B6};"8,9,{634A9826-D809-40F2-ADD4-15603371E4BC};";2026-09-17 11:43:01;2026-09-17 11:43:01;{2F78D813-E8F0-46B6-98BC-824288396D21};256
4094;1;8;9;{211B5BA3-BCAC-4CC6-B967-8DBFA8E3CC2A};"8,10,{5BC9DEBC-6646-4D9F-BA43-B2F75E9BFBEB};";2026-09-17 11:43:01;2026-09-17 11:43:01;{CA28E0E4-CA94-4EAD-8A29-C4D025623CFA};256
4095;1;8;10;{07FA83BA-0821-455B-8BAD-DF7356AB8911};"8,9,{3E5D60A4-C188-4AC1-B59C-1C8A28284D4E};";2026-09-17 11:43:01;2026-09-17 11:43:01;{286D5B6F-BA11-4CCD-BFEF-0703FF2DBC9D};256
4096;1;8;9;{3E5D60A4-C188-4AC1-B59C-1C8A28284D4E};"8,10,{07FA83BA-0821-455B-8BAD-DF7356AB8911};";2026-09-17 11:43:01;2026-09-17 11:43:01;{614FE442-6D61-46F5-A1CD-01FF1306B811};256
4097;1;8;9;{BEAA115C-E307-4B33-91ED-D028D433D320};"8,10,{F3A3250B-C54E-4928-A879-696FBE2F1FFD};";2026-09-17 11:43:01;2026-09-17 11:43:01;{BFBE828B-23FF-47C5-878F-D5DD713E7655};256
4098;1;8;10;{5E00A005-DC29-47D9-9F87-C799037586BE};"8,9,{36944C76-DCB4-4C9F-941C-475E3E2CC363};";2026-09-17 11:43:01;2026-09-17 11:43:01;{9EE778D8-A13C-47F0-975E-FDD517E985C1};256
4099;1;8;10;{C11F1E72-C97E-4A4A-977E-49F0404D9B7D};"8,9,{7B1D5EB9-B7F6-470E-804A-1A56474EB4E0};";2026-09-17 11:43:01;2026-09-17 11:43:01;{DD936C4F-666D-4085-BCF4-4656B3374E82};256
4100;1;8;10;{A22E9703-EB37-41E9-81CA-D116C2C61429};"8,9,{762E053F-C0EF-4CA0-AA5D-6713906E55CE};";2026-09-17 11:43:01;2026-09-17 11:43:01;{EC6F153D-D05F-4B41-A304-164B9F22F8AD};256
4101;1;8;10;{6861C926-6EC7-42D6-9F4D-44853B0CC86D};"8,9,{EE359475-F1D7-4426-BD22-12B23644FC05};";2026-09-17 11:43:01;2026-09-17 11:43:01;{21D50C3E-C38B-41EE-86B0-0387C5A95F87};256
4102;1;8;9;{EE359475-F1D7-4426-BD22-12B23644FC05};"8,10,{6861C926-6EC7-42D6-9F4D-44853B0CC86D};";2026-09-17 11:43:01;2026-09-17 11:43:01;{B5600A15-C6E3-4C02-8C6D-773C2EF009AB};256
4103;1;8;9;{39012DE9-62B7-4483-8508-E56334BDED09};"8,10,{0AB26A90-D2C4-496A-8457-431BF2D117F1};";2026-09-17 11:43:01;2026-09-17 11:43:01;{97EA3452-54F7-4A46-B6B7-CEC6DEF5C43C};256
4104;1;8;10;{8550876C-DCB1-4E68-AAB5-A1BA25D64767};"8,9,{AE33E00A-7ACA-4967-9546-C736FC5D253E};";2026-09-17 11:43:01;2026-09-17 11:43:01;{44C6D0E4-98BD-4FD0-B829-E2C3483DF853};256
4105;1;8;10;{CF85B20E-FF1A-42B7-8D8B-5FCE65663315};"8,9,{45BBAC9E-9545-45A4-A9D6-BDC6508AC449};";2026-09-17 11:43:01;2026-09-17 11:43:01;{69DD23F3-38B1-4F7E-BA5F-75E81A3769F5};256
4106;1;8;10;{EDB93C6E-1F67-46D3-BAFB-9FBB76AE13F5};"8,9,{C993F7A9-2AC1-4651-93FC-A4BB99027DD1};8,9,{A219D8B3-A76D-4FB2-8FC1-997AFB6AD5AB};";2026-09-17 11:43:01;2026-09-17 11:43:01;{80FDD61C-E9EB-4534-9C8E-39DC144D696D};256
4107;1;8;9;{C993F7A9-2AC1-4651-93FC-A4BB99027DD1};"8,10,{EDB93C6E-1F67-46D3-BAFB-9FBB76AE13F5};";2026-09-17 11:43:01;2026-09-17 11:43:01;{E14C07DB-B487-4662-85FE-6E09BC545797};256
4108;1;8;10;{9B97425B-5824-4C23-A64A-AAE24B5312A0};"8,9,{39A3FE6D-5130-4C9F-A112-EF1F38B68097};";2026-09-17 11:43:01;2026-09-17 11:43:01;{688257FD-B296-48E1-A7DB-242635E43009};256
4109;1;8;9;{6E9C4E52-B1A1-405B-9CB7-F08F6AA5E686};"8,10,{C042EF04-E81D-47D8-9575-F77D540EE9BB};";2026-09-17 11:43:01;2026-09-17 11:43:01;{5C131D23-CD2C-4B09-ACA8-B38135CD55FB};256
4110;1;8;10;{44445F84-D4EC-41FE-BFEF-533EDB7C35F5};"8,9,{4099B879-00C1-4852-8D37-25AA3F270213};8,9,{92DD206E-BC55-4523-A29D-730082520ECB};";2026-09-17 11:43:01;2026-09-17 11:43:01;{2DC9B4BA-D5E8-46CB-AF55-12539CC03D37};256
4111;1;8;9;{4099B879-00C1-4852-8D37-25AA3F270213};"8,10,{44445F84-D4EC-41FE-BFEF-533EDB7C35F5};";2026-09-17 11:43:01;2026-09-17 11:43:01;{4B5354E0-8409-4EBC-A4FD-E9EEF2914B27};256
4112;1;8;10;{CA2A97D5-A888-4C12-8B5B-101B02FD4526};"8,9,{85C83E7E-779A-4EA9-8F84-7C94D27EADE2};8,9,{82125DEB-EFBE-4732-AA56-C950D1F8EE2E};8,9,{0053DBE0-573D-4443-B886-FE26A5729F17};8,9,{FB358DA5-F8D9-404F-BC94-95B3503DC233};8,9,{0DCF5FF2-BBAB-4908-A392-BB6178BE200F};";2026-09-17 11:43:01;2026-09-17 11:43:01;{AF6FD834-1C4A-4C0A-80F5-AF1F1EBB4722};256
4113;1;8;10;{A4A9A672-6725-4A92-8956-8082847211E8};"8,9,{4B4AFCC5-1B6E-4EA7-BC84-191935B3DC76};";2026-09-17 11:43:01;2026-09-17 11:43:01;{7BEABD05-0A6A-48FF-938F-26BD4C1FBDDE};256
4114;1;8;9;{98074FD9-D02C-49EA-9A2D-BF0D85B801D6};"8,10,{8305469C-452D-4983-B6B4-DA7D96B45D92};";2026-09-17 11:43:01;2026-09-17 11:43:01;{5BEE7CE0-E1E6-49EA-9F19-EF54AA2D4741};256
4115;1;8;9;{6016CA90-FBAF-4C31-92BB-E0865BEEB744};"8,10,{ADE50D1B-7985-4394-965F-86FB06888AFC};";2026-09-17 11:43:01;2026-09-17 11:43:01;{4C00B86D-F430-4B81-9CD2-DDDDDA2979E3};256
4116;1;8;10;{E17CC2FE-ED60-4499-99A2-83A3A2C4C382};"8,9,{92C83AE2-D0AB-4EB9-AAD0-0F64A71E6970};";2026-09-17 11:43:01;2026-09-17 11:43:01;{15B186CE-D8F9-4D05-93F8-DB4CAEDC976E};256
4117;1;8;10;{A16C10AF-1884-46EE-90BB-FB65D4F10BA4};"8,9,{5A54884C-9624-403A-8C7F-F36EFEBC6A81};";2026-09-17 11:43:01;2026-09-17 11:43:01;{52F57273-C9B9-45EF-9FAD-7395125EAA81};256
4118;1;8;10;{C2058D8D-2B24-41BD-9C31-F2DCFDF073C5};"8,9,{41FD1114-2AB9-4822-AC69-507D7183E39C};";2026-09-17 11:43:01;2026-09-17 11:43:01;{4C3BA189-9EFC-4FB7-80FF-636C76C068B6};256
4119;1;8;9;{41FD1114-2AB9-4822-AC69-507D7183E39C};"8,10,{C2058D8D-2B24-41BD-9C31-F2DCFDF073C5};";2026-09-17 11:43:01;2026-09-17 11:43:01;{C79D04FE-2ED5-45A3-9BAC-3C5C246342BE};256
4120;1;8;9;{34499E5C-320E-4165-9F7D-A428B2A9C3B8};"8,10,{99104053-AC2D-47C2-9DBA-40AD90AECE29};";2026-09-17 11:43:01;2026-09-17 11:43:01;{196B6682-CA35-402A-AB13-73D989FFB772};256
4121;1;8;9;{EE9787B3-9B5B-48A5-B372-064B26D57E1E};"8,10,{4EA76679-C5AB-4428-A5B9-96B85DB79613};";2026-09-17 11:43:01;2026-09-17 11:43:01;{C4C969BE-8CB5-483F-8AF5-6E5877D2A55F};256
4122;1;8;9;{92DD206E-BC55-4523-A29D-730082520ECB};"8,10,{44445F84-D4EC-41FE-BFEF-533EDB7C35F5};";2026-09-17 11:43:01;2026-09-17 11:43:01;{2AF35997-F8EF-40D0-8BB6-DA7C2BF83844};256
4123;1;8;9;{47CA0AF8-0707-45BC-9759-64E8CEFBEA75};"8,10,{A902BCAC-F213-4666-8348-996BD049918F};";2026-09-17 11:43:01;2026-09-17 11:43:01;{16F0A731-F99A-4AFB-880F-3E6741692B38};256
4124;1;8;10;{47030910-0FE5-484C-9B3B-36DE374B64DA};"8,9,{E6C5E444-E4D0-475F-A593-7599186C2574};";2026-09-17 11:43:01;2026-09-17 11:43:01;{35220FC6-2820-4F1D-8B32-38CF225D5940};256
4125;1;8;9;{0B3A8CBF-553E-4FD0-AE62-45CAE99FF6B1};"8,10,{09FEC131-6941-42F6-B0AB-DDB591A11C7C};";2026-09-17 11:43:01;2026-09-17 11:43:01;{9048715A-8260-484C-8FB3-CAFDEAD96629};256
4126;1;8;10;{ED0B3AD9-ED12-49E0-8C74-276805C549E7};"8,9,{29A1A88E-C9AF-4D38-9784-F62A1DD4E7DB};";2026-09-17 11:43:01;2026-09-17 11:43:01;{82A70AEF-7C6A-4350-AD2D-7AA3C3EDC309};256
4127;1;8;9;{29A1A88E-C9AF-4D38-9784-F62A1DD4E7DB};"8,10,{ED0B3AD9-ED12-49E0-8C74-276805C549E7};";2026-09-17 11:43:01;2026-09-17 11:43:01;{C5EC5FFE-DE64-473A-B51E-91A0516E0EF8};256
4128;1;8;9;{C2C1B98E-8368-4AB1-A0D4-EDB951A241FA};"8,10,{826488FB-FEC6-42C5-9AD2-0DA1434A20AB};";2026-09-17 11:43:01;2026-09-17 11:43:01;{F177131C-9E19-46AA-9282-252A5DBB3293};256
4129;1;8;10;{34E32C64-F368-4EA4-8EF9-24490CB4C066};"8,9,{BF4BBA89-7704-43A4-A180-C11EE88CB338};8,9,{F252330F-94A9-4132-9151-59762A9D1A9A};8,9,{7BFCD7DF-1F5C-4B0C-A4D9-EE507C8573C2};";2026-09-17 11:43:01;2026-09-17 11:43:01;{DC88CC27-ADCB-4F33-8A6F-C00BA6D8C315};256
4130;1;8;10;{E982BB7B-091A-4C13-8DC3-3B75D2B8CCC4};"8,9,{CA2936B7-8E03-4D13-8A77-6030FF7F18A0};";2026-09-17 11:43:01;2026-09-17 11:43:01;{64E0912F-E96B-4C76-BDB3-A28C1229C05B};256
4131;1;8;9;{65AC4095-7F38-4871-9BE8-CDAE0C3D27C6};"8,10,{ABE97291-743A-4362-BA23-47A08E5BE4D8};";2026-09-17 11:43:01;2026-09-17 11:43:01;{49DBF357-BA69-476B-AF71-5166B9ED3D85};256
4132;1;8;9;{50923E42-E1D3-468D-810E-51AE6770F7ED};"8,10,{F2E89E63-F6D8-47C6-9BD1-26AB71C755A0};";2026-09-17 11:43:01;2026-09-17 11:43:01;{252547F9-E4E9-4B66-B2D8-B21C7BF248EF};256
4133;1;8;9;{F6AA8534-4732-4A69-9B92-0FD2FB4D3878};"8,10,{1F8F4810-332F-4894-8893-D27503B7BB24};";2026-09-17 11:43:01;2026-09-17 11:43:01;{5DD0E712-885C-4B5B-86DB-9A101FCDEDE9};256
4134;1;8;9;{F252330F-94A9-4132-9151-59762A9D1A9A};"8,10,{34E32C64-F368-4EA4-8EF9-24490CB4C066};";2026-09-17 11:43:01;2026-09-17 11:43:01;{0EC3E914-644C-4C16-A52D-3D51C062EA7D};256
4135;1;8;10;{95778F3D-9B56-46FD-AF0A-5165E7174C66};"8,9,{F0DD13E8-C13C-465B-9E99-EAD4C26EFB5F};";2026-09-17 11:43:01;2026-09-17 11:43:01;{51E4D271-FB07-4F6C-A241-5ED7BC70ABA8};256
4136;1;8;10;{987FCBA3-D4BD-4AF2-B809-A9876F1D58AA};"8,9,{DB5BEB1E-47E5-4AAA-A2A9-3C454A96EC36};";2026-09-17 11:43:01;2026-09-17 11:43:01;{6891E3FA-8DED-4052-8095-7D1BE5BD0C01};256
4137;1;8;10;{1D8E87FB-904C-4AEA-AF35-D7A22893073D};"8,9,{BE133C45-01A0-45E8-9B95-2EAA38C7AFE7};";2026-09-17 11:43:01;2026-09-17 11:43:01;{48A84B3D-82EC-4EAD-BD50-6C38F60BC891};256
4138;1;8;9;{F6C4A720-6EC9-42AA-8F48-B58CB3665367};"8,10,{270C041E-8B22-4711-AC64-95FD908D4C64};";2026-09-17 11:43:01;2026-09-17 11:43:01;{C7099C46-9EA6-44A2-8A32-9FBD55B53F55};256
4139;1;8;9;{A219D8B3-A76D-4FB2-8FC1-997AFB6AD5AB};"8,10,{EDB93C6E-1F67-46D3-BAFB-9FBB76AE13F5};";2026-09-17 11:43:01;2026-09-17 11:43:01;{3175FE66-3587-4A39-A430-06DBC650DB3F};256
4140;1;8;10;{3A199FFC-C1C1-4942-B112-6707521A099D};"8,9,{A3215B83-F078-4F63-BF7E-4AFD5CDC6AB8};";2026-09-17 11:43:01;2026-09-17 11:43:01;{FCC307AA-0E29-49B1-81C9-C9A4F8154D1C};256
4141;1;8;9;{A3215B83-F078-4F63-BF7E-4AFD5CDC6AB8};"8,10,{3A199FFC-C1C1-4942-B112-6707521A099D};";2026-09-17 11:43:01;2026-09-17 11:43:01;{9B6F2A88-A836-4398-9295-BB96CF23772A};256
4142;1;8;10;{EC1C39FF-62B9-4B18-8C11-8A90C472536E};"8,9,{8E5DE5AF-6935-4BD1-BAB6-02AE47207B52};";2026-09-17 11:43:01;2026-09-17 11:43:01;{A54D8B41-4C54-4202-BCEA-79CEEC972D14};256
4143;1;8;9;{8E5DE5AF-6935-4BD1-BAB6-02AE47207B52};"8,10,{EC1C39FF-62B9-4B18-8C11-8A90C472536E};";2026-09-17 11:43:01;2026-09-17 11:43:01;{41BFCBA2-290B-4602-9D17-A13AACAAB9F1};256
4144;1;8;9;{E354A1CC-DE29-4B9E-A0D9-B31DAC6E6235};"8,10,{F2E89E63-F6D8-47C6-9BD1-26AB71C755A0};";2026-09-17 11:43:01;2026-09-17 11:43:01;{3574DA13-483F-49D1-826C-5AFFC5749060};256
4145;1;8;9;{620ABCDA-E734-4BA8-B98A-255E7BE2B4FD};"8,10,{220BC5CD-BCE0-4243-87A3-AB6585130E6D};";2026-09-17 11:43:01;2026-09-17 11:43:01;{D3579924-CFE1-4736-B8E3-CFC66282E90C};256
4146;1;8;10;{1CF4B4AF-A742-4ECF-9D97-EBA7C5391084};"8,9,{A3B46812-A3D6-4D27-BE99-2B17E3AE2947};";2026-09-17 11:43:01;2026-09-17 11:43:01;{7CB9F44E-347A-4267-9900-DD07D23FA30F};256
4147;1;8;9;{A3B46812-A3D6-4D27-BE99-2B17E3AE2947};"8,10,{1CF4B4AF-A742-4ECF-9D97-EBA7C5391084};";2026-09-17 11:43:01;2026-09-17 11:43:01;{3509A3CE-974F-4153-B375-7B11D4115C3F};256
4148;1;8;10;{58D127C0-7C22-427C-B19F-B9BE02455DCE};"8,9,{D3291B30-128A-44E6-ACE6-142EFCA0C83C};";2026-09-17 11:43:01;2026-09-17 11:43:01;{04E6E88D-76FD-4DEB-8958-3F7F89C265B8};256
4149;1;8;10;{896C3999-45CC-46CB-B63B-10E890475389};"8,9,{7C635F73-3510-4658-9335-140622D47F59};";2026-09-17 11:43:01;2026-09-17 11:43:01;{16F79AC2-C8F8-4B4D-80E2-7F80C08DD247};256
4150;1;8;10;{B68A6D9C-C5F5-41BD-8789-CB16FCFA86E9};"8,9,{9089E441-F389-4F14-B249-55FE4E59FA25};8,9,{0C2D278D-9EFF-4B30-A349-E687C97DBA06};8,9,{1C16F8C0-5E2E-4A60-B3AC-153CD5CAED0B};";2026-09-17 11:43:01;2026-09-17 11:43:01;{7A68ACEF-570B-4D1E-BB70-B7B6AEB11E8F};256
4151;1;8;9;{574AB096-4A1C-44E2-8192-AC02A5A47007};"8,10,{5AD060EF-53B8-44DF-82F0-B981FFDC6AD0};";2026-09-17 11:43:01;2026-09-17 11:43:01;{EB31A16F-D949-4016-8980-5D06BD4074D8};256
4152;1;8;10;{0025FCB6-05BC-447A-9A16-BC56BE21C9A7};"8,9,{A05A9B8E-8BB6-4BC5-A610-BF3C35D22FB7};";2026-09-17 11:43:01;2026-09-17 11:43:01;{D34926CA-5BCF-4300-A3EA-D5A8D745FF8C};256
4153;1;8;9;{A05A9B8E-8BB6-4BC5-A610-BF3C35D22FB7};"8,10,{0025FCB6-05BC-447A-9A16-BC56BE21C9A7};";2026-09-17 11:43:01;2026-09-17 11:43:01;{4D97F3CC-560E-4D83-BBF8-08EE0F516068};256
4154;1;8;9;{8D3360AB-E0A2-43F3-8885-3991D88728D3};"8,10,{F34380D2-9609-4D52-96CF-9C434C82EEF6};";2026-09-17 11:43:01;2026-09-17 11:43:01;{CF0A9A06-EA9A-43B8-B23D-962D2875AC84};256
4155;1;8;9;{597E2D81-92E6-4894-B71A-176C5E61B223};"8,10,{791F6829-3BBC-442E-91AB-D1E21CE2EC50};";2026-09-17 11:43:01;2026-09-17 11:43:01;{AED1B858-8F5B-4298-85F0-8278D659D999};256
4156;1;8;10;{196429F3-CAB0-4D82-8207-1B8013447EEC};"8,9,{1FBFA34F-24C0-483B-8626-4D82503CF78C};";2026-09-17 11:43:01;2026-09-17 11:43:01;{430A1B26-D4CF-424F-95E9-F3A73C9F1621};256
4157;1;8;9;{0C2D278D-9EFF-4B30-A349-E687C97DBA06};"8,10,{B68A6D9C-C5F5-41BD-8789-CB16FCFA86E9};";2026-09-17 11:43:01;2026-09-17 11:43:01;{1BFD0A5C-A207-48E0-B384-7848ACCAF077};256
4158;1;8;9;{1C16F8C0-5E2E-4A60-B3AC-153CD5CAED0B};"8,10,{B68A6D9C-C5F5-41BD-8789-CB16FCFA86E9};";2026-09-17 11:43:01;2026-09-17 11:43:01;{A489A8D0-0E14-41C4-B744-DBBCFB82B2E9};256
4159;1;8;10;{A4C9D239-409E-46E9-BCD7-FAFEC50F2E74};"8,9,{8DAC8298-777B-44BC-80CE-888C66321CF4};";2026-09-17 11:43:01;2026-09-17 11:43:01;{755841BE-2274-4F6B-BA4A-D1B750DBC74A};256
4160;1;8;10;{E0BB9644-9D19-4401-A217-6BBC3FFD3668};"8,9,{D816DB4D-0C0B-424E-9D34-7BF49EE0C467};";2026-09-17 11:43:01;2026-09-17 11:43:01;{04AC9278-1FD8-4F56-B816-06CB3A7E99BF};256
4161;1;8;9;{D3F41E20-9884-43A1-9F5E-68AB7311A07A};"8,10,{BFED3C95-D06F-4316-8D10-DFC32DC922CA};";2026-09-17 11:43:01;2026-09-17 11:43:01;{2A0A0585-858E-4328-A934-E080D78CDF35};256
4162;1;8;10;{014B34E7-C792-493A-B06B-636075DB5126};"8,9,{81C9895B-85E7-4C62-9317-4F198108D272};";2026-09-17 11:43:01;2026-09-17 11:43:01;{2ABC99A2-652C-461E-B422-4175660AA71B};256
4163;1;8;9;{81C9895B-85E7-4C62-9317-4F198108D272};"8,10,{014B34E7-C792-493A-B06B-636075DB5126};";2026-09-17 11:43:01;2026-09-17 11:43:01;{1A3EC40A-97E3-44A6-A112-19DFAD0AD74F};256
4164;1;8;9;{AE1BD670-8704-4DA6-8D82-31D23BA04801};"8,10,{C104A229-6B09-49EB-9E22-CC5DF80B51CA};";2026-09-17 11:43:01;2026-09-17 11:43:01;{56C847E3-5C7C-4832-AAAD-4254F95C6FBB};256
4165;1;8;10;{2C23EBD4-7597-41E2-B694-884D4556512A};"8,9,{A2B84EE5-E354-4B20-8DA6-390B9DF9D436};";2026-09-17 11:43:01;2026-09-17 11:43:01;{6AC321D1-4A51-43AD-9A45-A914A106493D};256
4166;1;8;10;{34100F22-E478-4368-A31C-59BA17585D33};"8,9,{F78A600A-1FF6-4E21-9064-4A068BB5C87E};";2026-09-17 11:43:01;2026-09-17 11:43:01;{ABA3F7A6-D0EA-49EA-A7DB-7641F5A6D9FD};256
4167;1;8;9;{F78A600A-1FF6-4E21-9064-4A068BB5C87E};"8,10,{34100F22-E478-4368-A31C-59BA17585D33};";2026-09-17 11:43:01;2026-09-17 11:43:01;{B2728E57-7F20-4ECF-BBDD-BAB272DD243D};256
4168;1;8;10;{FE103214-A9C7-4439-86A7-9695CFF322FC};"8,9,{9C77BE7C-E7A2-4DB8-8D65-3DB01B450040};";2026-09-17 11:43:01;2026-09-17 11:43:01;{4A9B856B-D28F-4B06-B017-D6F526DF5DF6};256
4169;1;8;10;{CBB6FBC7-317E-4816-9A45-E2685B8219A9};"8,9,{22E78F40-1619-48D5-B8D6-2338BB8B6184};8,9,{57FBABA9-E5F6-4561-A7CA-7FADFD917AB4};8,9,{C95F6D0F-ACB0-4225-9D40-8A733EE66162};";2026-09-17 11:43:01;2026-09-17 11:43:01;{4EC18CCB-094D-48B1-AD52-EFDDFBA0A7FD};256
4170;1;8;9;{4B63BF02-48B2-4AA1-87C7-0F2C961776A1};"8,10,{80DF96FE-01D4-4318-8A52-CAC6ACBD31F4};";2026-09-17 11:43:01;2026-09-17 11:43:01;{951A732D-214F-405C-B88A-9B5879E24DB1};256
4171;1;8;10;{DE52EFBC-D843-4BFA-85D3-2A41ACDD432A};"8,9,{86E7221B-6BB0-4513-8F95-513FC835FB90};8,9,{6BE53E13-C46E-4C43-A3BE-40432DE54F8C};";2026-09-17 11:43:01;2026-09-17 11:43:01;{5C92E9C6-B92D-464E-B5FF-15F0E030C1B6};256
4172;1;8;10;{1A89D1AC-5C77-4955-8D91-4BD02D9E405B};"8,9,{BECD254B-C264-42C2-ACB5-1BAE5DDC3C8F};";2026-09-17 11:43:01;2026-09-17 11:43:01;{6C99C940-AAAE-490E-BB9C-E5BCCEDBCFED};256
4173;1;8;9;{A1B68B1B-251B-4D0D-A4BE-0696A4701B9A};"8,10,{AFF61EAD-3B51-4D40-AA20-4B4F3724EB5F};";2026-09-17 11:43:01;2026-09-17 11:43:01;{9B69B8E3-7BB5-4936-889C-1A3AA2FEC49B};256
4174;1;8;10;{39CA13BE-535B-454A-8948-89B68562D078};"8,9,{B7B6BEED-0478-40EA-B930-88A6D482A7AC};";2026-09-17 11:43:01;2026-09-17 11:43:01;{36CDD48B-14A7-47D1-BC30-7304E482FD60};256
4175;1;8;9;{B7B6BEED-0478-40EA-B930-88A6D482A7AC};"8,10,{39CA13BE-535B-454A-8948-89B68562D078};";2026-09-17 11:43:01;2026-09-17 11:43:01;{8B4DE564-8A1E-4585-BFB9-1B61C2CE76F5};256
4176;1;8;10;{33210B1A-22D5-4768-895D-D94C66279BD0};"8,9,{69356195-8817-40FF-9AEC-4E8B0D7637F8};8,9,{8AFF5702-6712-488E-A44C-91756DA47C21};8,9,{77764531-3E9C-40C6-996F-D03CD8704F92};";2026-09-17 11:43:01;2026-09-17 11:43:01;{0F07437A-183B-437D-B669-398852B73900};256
4177;1;8;10;{6B8ECEEC-3668-4266-9E2A-0DF600197528};"8,9,{6221D31C-7286-4583-9287-CBFC724A5868};";2026-09-17 11:43:01;2026-09-17 11:43:01;{0AB7AFEA-07E3-4963-9D8B-1905647C347C};256
4178;1;8;9;{6221D31C-7286-4583-9287-CBFC724A5868};"8,10,{6B8ECEEC-3668-4266-9E2A-0DF600197528};";2026-09-17 11:43:01;2026-09-17 11:43:01;{1B38FB9C-6551-4B68-808B-609216D13802};256
4179;1;8;9;{0053DBE0-573D-4443-B886-FE26A5729F17};"8,10,{CA2A97D5-A888-4C12-8B5B-101B02FD4526};";2026-09-17 11:43:01;2026-09-17 11:43:01;{931F5F82-A8D9-4795-9F0B-D03C65D63DED};256
4180;1;8;9;{F36A85CC-3E03-4402-B491-26442B5106A2};"8,10,{13909B62-161C-4047-989E-6E67A01EAB2D};";2026-09-17 11:43:01;2026-09-17 11:43:01;{D6EE6D44-9815-4649-A524-6FEC70B5E2E7};256
4181;1;8;9;{BC061061-FB40-45A7-8AE2-5921829A81B0};"8,10,{DFC6BE87-BC1C-4149-AE79-B47148EF55FD};";2026-09-17 11:43:01;2026-09-17 11:43:01;{5582FB04-D5C0-4547-9100-27FD4CF20C27};256
4182;1;8;9;{B7DBCE3A-9D02-4805-9A53-5F7E54414083};"8,10,{2DDE3DE9-CE5B-4A04-8726-4B67964B1DB8};";2026-09-17 11:43:01;2026-09-17 11:43:01;{41F818C9-9212-4C5F-B28F-A08F84CB1D88};256
4183;1;8;10;{C042EF04-E81D-47D8-9575-F77D540EE9BB};"8,9,{6E880567-69A1-4140-AF77-A9E233C1235A};8,9,{00A005E3-2D5D-4535-81FD-5AB4A768DE94};8,9,{6E9C4E52-B1A1-405B-9CB7-F08F6AA5E686};8,9,{FA988641-41D4-4EA8-8278-CDEFDB688153};8,9,{374F0CA6-C381-46BE-BFD7-5CC3BD5DB79E};";2026-09-17 11:43:01;2026-09-17 11:43:01;{FF6C0579-050B-4D1E-B82D-FBBF68CF962B};256
4184;1;8;9;{6E880567-69A1-4140-AF77-A9E233C1235A};"8,10,{C042EF04-E81D-47D8-9575-F77D540EE9BB};";2026-09-17 11:43:01;2026-09-17 11:43:01;{97D1A569-BE5F-4D1C-A4B8-DE28F2FDE6E6};256
4185;1;8;10;{8305469C-452D-4983-B6B4-DA7D96B45D92};"8,9,{98074FD9-D02C-49EA-9A2D-BF0D85B801D6};";2026-09-17 11:43:01;2026-09-17 11:43:01;{A5ABAF2E-444E-4D87-9C46-9A901F8FB78E};256
4186;1;8;9;{C22C67A8-A027-469C-A98D-7F8CE1A80949};"8,10,{EC0D73E2-87A0-49F1-9A81-FE91F2E61051};";2026-09-17 11:43:01;2026-09-17 11:43:01;{001AB6FD-4948-4714-9B8D-A26A7524DA4C};256
4187;1;8;9;{69356195-8817-40FF-9AEC-4E8B0D7637F8};"8,10,{33210B1A-22D5-4768-895D-D94C66279BD0};";2026-09-17 11:43:01;2026-09-17 11:43:01;{1E4E450C-DCE8-418B-9D41-6954590524EC};256
4188;1;8;10;{41E2CAA2-C6B7-4B73-9469-D78E9D0FB543};"8,9,{696BA064-237F-47D8-A439-ABA8C74FDA63};";2026-09-17 11:43:01;2026-09-17 11:43:01;{1E6B7971-316D-4EF6-BB34-FD931988CB66};256
4189;1;8;10;{26AC1432-A1F7-494B-9CEB-321C829D3AA8};"8,9,{97C69839-9A37-41A7-9718-92853B2FBD28};8,9,{04264F1B-4623-4745-B30A-C31C80E19517};8,9,{22BD2F7B-C741-43E9-B4EE-65D8A40536BF};8,9,{C151263E-6D36-4E5E-87B6-81AD9FCF06D4};";2026-09-17 11:43:01;2026-09-17 11:43:01;{88650DB1-BFAE-4916-B8EF-9F537AED98B4};256
4190;1;8;10;{B1C5940A-D140-46C1-94FE-067AF6700D05};"8,9,{05A05D3F-D593-40C3-AF92-0FE5B91D6427};";2026-09-17 11:43:01;2026-09-17 11:43:01;{85051977-9DF8-44DD-AFC6-2C0E2381ED95};256
4191;1;8;9;{05A05D3F-D593-40C3-AF92-0FE5B91D6427};"8,10,{B1C5940A-D140-46C1-94FE-067AF6700D05};";2026-09-17 11:43:01;2026-09-17 11:43:01;{7C38D5A2-DBF2-49ED-8835-2A7B3F51443A};256
4192;1;8;10;{DE73479E-FD4A-4F84-B637-89315884B8E4};"8,9,{03188C0E-F2B9-4469-9738-EF1DC9BF41BD};";2026-09-17 11:43:01;2026-09-17 11:43:01;{C621E6D0-94E7-4C40-B3D4-881422F38660};256
4193;1;8;9;{D440F0C9-889A-4F48-8EE8-A0E3016893BD};"8,10,{4049C5FC-9B82-494E-A75D-4836B2BD2683};";2026-09-17 11:43:01;2026-09-17 11:43:01;{81CEE5E5-C789-4C77-8616-87FC44554F9B};256
4194;1;8;9;{8E707ACF-61D3-45F7-A429-E0FEF281E204};"8,10,{C1347C23-AF8A-4096-9D4D-33182BF8C408};";2026-09-17 11:43:01;2026-09-17 11:43:01;{3651675F-9CE8-4EB2-960A-425529DA30F0};256
4195;1;8;10;{F94A7C31-804D-483A-97CE-B1A03E2A7954};"8,9,{2BFAB104-B368-4CAE-9038-6965CD428298};";2026-09-17 11:43:01;2026-09-17 11:43:01;{8D5C6E1C-FE79-4F29-8330-5C33BB4D9952};256
4196;1;8;9;{2BFAB104-B368-4CAE-9038-6965CD428298};"8,10,{F94A7C31-804D-483A-97CE-B1A03E2A7954};";2026-09-17 11:43:01;2026-09-17 11:43:01;{2B1478B9-A428-4AA5-9735-D649EAED3248};256
4197;1;8;10;{4CDD38EC-F6C1-43DC-8506-1A0D85B1BF4A};"8,9,{C97D2011-BC91-4F81-883C-23FFAF01151C};";2026-09-17 11:43:01;2026-09-17 11:43:01;{B2EA764B-222E-4ED0-BA7C-B84EFE6CABED};256
4198;1;8;9;{C97D2011-BC91-4F81-883C-23FFAF01151C};"8,10,{4CDD38EC-F6C1-43DC-8506-1A0D85B1BF4A};";2026-09-17 11:43:01;2026-09-17 11:43:01;{AF2D8E86-8FD0-4E7B-9108-D9E8AA3C6CD3};256
4199;1;8;10;{9601EA88-E570-4D6E-91B1-087E7A0E3091};"8,9,{D0D40DCD-E02F-4F66-B18C-64D720FEFE37};";2026-09-17 11:43:01;2026-09-17 11:43:01;{393E4756-B693-4FD2-8606-4C711C0CB293};256
4200;1;8;10;{3532464E-9771-4169-B25B-BB35885E4B50};"8,9,{AC2D6980-6288-45EC-9C35-0FE506B5CC52};";2026-09-17 11:43:01;2026-09-17 11:43:01;{B67C9698-ACA6-4675-94A1-7E8D6CEDCC42};256
4201;1;8;10;{D8A1370C-EEEF-42DA-A648-7C9F300CAE9F};"8,9,{21353435-2CD1-4476-A015-39A2BF84AD0F};8,9,{9D907A5F-810F-442C-BF2E-707AFD0D9E12};";2026-09-17 11:43:01;2026-09-17 11:43:01;{4CE8EF14-49AB-4BFB-AD6F-3DA7DBB94B12};256
4202;1;8;9;{21353435-2CD1-4476-A015-39A2BF84AD0F};"8,10,{D8A1370C-EEEF-42DA-A648-7C9F300CAE9F};";2026-09-17 11:43:01;2026-09-17 11:43:01;{21445299-7414-4764-8A8D-6E02D55CB773};256
4203;1;8;9;{FB358DA5-F8D9-404F-BC94-95B3503DC233};"8,10,{CA2A97D5-A888-4C12-8B5B-101B02FD4526};";2026-09-17 11:43:01;2026-09-17 11:43:01;{5D8DB6F1-050C-43F4-AB8A-D2F217D70255};256
4204;1;8;9;{2A2902C2-8BEF-4072-9DD4-B2F6C7335ADD};"8,10,{13909B62-161C-4047-989E-6E67A01EAB2D};";2026-09-17 11:43:01;2026-09-17 11:43:01;{09A61A0C-B950-4EBC-9984-EBB28FCBAAB3};256
4205;1;8;9;{71D4E29C-3E1C-48EC-9C45-441BC64B9E5E};"8,10,{8A40E96B-2142-4FA3-9E1A-DBDD0D6167D0};";2026-09-17 11:43:01;2026-09-17 11:43:01;{ADF2DDB1-49BD-4AC0-8C11-467676144F34};256
4206;1;8;10;{26B9F71C-DB98-4FF7-8FF3-102FD4A1F025};"8,9,{3ECFD8AE-0ACF-4281-A422-8C00F3278D0E};";2026-09-17 11:43:01;2026-09-17 11:43:01;{603DB39B-CF6F-4D52-A20F-00E8DC0990AC};256
4207;1;8;9;{3ECFD8AE-0ACF-4281-A422-8C00F3278D0E};"8,10,{26B9F71C-DB98-4FF7-8FF3-102FD4A1F025};";2026-09-17 11:43:01;2026-09-17 11:43:01;{F2A306FC-767B-4E49-85EB-3611AC5E923F};256
4208;1;8;10;{023A6964-BFA7-43B4-8CEB-A8AABA30C6F8};"8,9,{8CEAD2B0-BACB-4B2D-B832-911A1DDEAC83};";2026-09-17 11:43:01;2026-09-17 11:43:01;{C8897968-D136-466B-9502-F4C7150491BE};256
4209;1;8;10;{8C830C94-443D-4630-A8D7-C7722ACA108C};"8,9,{9D248FAA-D5E2-4440-87D1-0D80EE3193CF};";2026-09-17 11:43:01;2026-09-17 11:43:01;{DE93A0D8-07E9-4171-9FF7-E936EE6D64EA};256
4210;1;8;10;{1655AD6E-9944-4DA6-A940-9C72EBBBB8F8};"8,9,{8BCE07CF-B746-4332-860C-E0D8B743AEB6};";2026-09-17 11:43:01;2026-09-17 11:43:01;{56480B3B-FE8C-4BC6-89CA-402C6004D6F7};256
4211;1;8;10;{5C261878-C8CF-41D9-B1E5-97BAF5AACD06};"8,9,{6B2BA2C0-2E68-4BAF-AFDA-36B081E918BB};8,9,{F3A1EAF2-1801-4169-83F5-46D3FF725528};";2026-09-17 11:43:01;2026-09-17 11:43:01;{DB756D21-730F-4583-92F2-C8E25394A136};256
4212;1;8;9;{F3386C36-E1F0-45E8-B444-E37F3924000A};"8,10,{10FBB386-4CB8-44BD-8174-B3B896F84722};";2026-09-17 11:43:01;2026-09-17 11:43:01;{104D6BAE-AC49-4532-AC2C-83926A1BA735};256
4213;1;8;9;{6B2BA2C0-2E68-4BAF-AFDA-36B081E918BB};"8,10,{5C261878-C8CF-41D9-B1E5-97BAF5AACD06};";2026-09-17 11:43:01;2026-09-17 11:43:01;{20A2E95C-F217-4D81-B0C4-99A6565EE58E};256
4214;1;8;9;{7BFCD7DF-1F5C-4B0C-A4D9-EE507C8573C2};"8,10,{34E32C64-F368-4EA4-8EF9-24490CB4C066};";2026-09-17 11:43:01;2026-09-17 11:43:01;{FC482A0E-85EB-4022-84B1-3416BA32DCFA};256
4215;1;8;10;{4686BF6B-A7F8-4321-B498-A6BDBFE1AA5B};"8,9,{DC5BA509-FC3C-41C3-861D-008E63586622};";2026-09-17 11:43:01;2026-09-17 11:43:01;{D4258F87-3BED-4A40-8EA9-F90FA5E460F6};256
4216;1;8;9;{B68F57DB-B412-4AEA-9192-733650FD5639};"8,10,{38544BEE-DFF0-4AD0-BAE3-BC39EAD7A83D};";2026-09-17 11:43:01;2026-09-17 11:43:01;{7CDFD93A-79C2-431A-9DA7-E198F61BACEA};256
4217;1;8;10;{4B577890-2C3C-407F-B045-8C3C698C79E5};"8,9,{3F284F6F-D82D-4CF4-B65E-59789511A896};";2026-09-17 11:43:01;2026-09-17 11:43:01;{66F8C737-DF62-479D-9F9B-A0E7CB22CDFC};256
4218;1;8;9;{49E924EB-BBD9-4A63-AFE7-0310B559CE84};"8,10,{F3DEF8FC-ED13-4049-8C66-9331F9E25604};";2026-09-17 11:43:01;2026-09-17 11:43:01;{147A7E13-FD20-43C3-B9FA-0A7F1F6E361A};256
4219;1;8;10;{8C0CF340-71FD-480B-89D0-115D2D081D8D};"8,9,{8CDE7F84-B03C-4BDB-A10A-DD0256E0D005};";2026-09-17 11:43:01;2026-09-17 11:43:01;{2FB22199-2E3E-4E18-9D97-4171DF6BA2D9};256
4220;1;8;9;{8CDE7F84-B03C-4BDB-A10A-DD0256E0D005};"8,10,{8C0CF340-71FD-480B-89D0-115D2D081D8D};";2026-09-17 11:43:01;2026-09-17 11:43:01;{0CC11FCF-5568-4ACC-B2A7-A3CDFD599C68};256
4221;1;8;9;{23E591AF-5DE4-402F-B6D1-ECE13CACCC1D};"8,10,{28E90490-2F47-49D9-9658-5E1CCC7DE4ED};";2026-09-17 11:43:01;2026-09-17 11:43:01;{5FFCDBC1-C768-49EB-8BEA-B18B5B3C25DB};256
4222;1;8;9;{B00DA582-93F8-48FF-B0C8-4CCEF61D7DA1};"8,10,{AB7B270A-E661-4AAD-94F3-012A494927C3};";2026-09-17 11:43:01;2026-09-17 11:43:01;{DA96BEA0-B3AF-4398-8A3E-8C54CDD10E86};256
4223;1;8;10;{4D07F2C6-7C16-4C36-99E3-F6F2C6319873};"8,9,{52A4F606-018B-45DE-BDDF-912EDD3AD5D5};8,9,{850DE9BD-98AF-465B-917A-DF208D352843};";2026-09-17 11:43:01;2026-09-17 11:43:01;{B5E08128-EE6A-428A-9186-578F640F9B44};256
4224;1;8;9;{AC4A51EB-59A6-4FEA-96E8-E8E65596E482};"8,10,{E91F0F8E-A824-4191-8D38-B6E842E45C6E};";2026-09-17 11:43:01;2026-09-17 11:43:01;{1FE26D7B-4B00-4F0F-9C58-731C7A7B034E};256
4225;1;8;9;{8CEAD2B0-BACB-4B2D-B832-911A1DDEAC83};"8,10,{023A6964-BFA7-43B4-8CEB-A8AABA30C6F8};";2026-09-17 11:43:01;2026-09-17 11:43:01;{89C2D5F0-2CB5-4E88-B691-C7F2F9CA8BBD};256
4226;1;8;9;{2D940DB8-B6F7-4D6D-B9FE-F0F3F419AFFE};"8,10,{BDD6037C-11DE-4BBB-8954-E2EA9B1B4BFE};";2026-09-17 11:43:01;2026-09-17 11:43:01;{B4A0141A-28DA-4EE9-9227-58ADEDC20270};256
4227;1;8;9;{22BD2F7B-C741-43E9-B4EE-65D8A40536BF};"8,10,{26AC1432-A1F7-494B-9CEB-321C829D3AA8};";2026-09-17 11:43:01;2026-09-17 11:43:01;{519CEAC4-968E-4403-8CA4-7A25D160C775};256
4228;1;8;10;{759FF287-5EFB-46A4-8D90-C7AB0909EDD7};"8,9,{444804AF-DA89-4FB5-8072-F8E443AE809A};";2026-09-17 11:43:01;2026-09-17 11:43:01;{D7ECEA44-9CC8-4CBE-94B9-CC65B72DBD32};256
4229;1;8;10;{B801347A-62E5-4067-AFCA-4A45EFCDE8A7};"8,9,{394BB2AF-6243-4E2E-8D59-CDA897784D85};";2026-09-17 11:43:01;2026-09-17 11:43:01;{9B8873B9-2645-40B0-9E6D-DE20E8963799};256
4230;1;8;9;{394BB2AF-6243-4E2E-8D59-CDA897784D85};"8,10,{B801347A-62E5-4067-AFCA-4A45EFCDE8A7};";2026-09-17 11:43:01;2026-09-17 11:43:01;{9FF8604C-EC89-455F-AEA0-AA4FEC023857};256
4231;1;8;10;{6D1DCB48-C13A-42F4-8372-91D5E2352E9C};"8,9,{C5998169-2FB9-4DF1-8A62-490672E58A69};";2026-09-17 11:43:01;2026-09-17 11:43:01;{2F69BC5C-84AF-432D-B2C9-6937C95BE309};256
4232;1;8;10;{5BC9DEBC-6646-4D9F-BA43-B2F75E9BFBEB};"8,9,{211B5BA3-BCAC-4CC6-B967-8DBFA8E3CC2A};8,9,{E4031EBC-87EE-4713-A9F7-00EAFB2C344B};8,9,{41814A65-58A1-4B55-BAFC-67D8F659D0EA};";2026-09-17 11:43:01;2026-09-17 11:43:01;{5CB557AE-12F4-4E5A-AC3F-4E528D7A0FD5};256
4233;1;8;10;{A9E13EAB-42B1-46FD-823E-9E78CF97C566};"8,9,{C50581BA-48AC-49B6-8B6C-F1FF9B7317F0};8,9,{6FE8766A-4052-4625-A798-92290D81C0EB};";2026-09-17 11:43:01;2026-09-17 11:43:01;{026981D9-A41B-462C-A26C-B6757F937D28};256
4234;1;8;9;{A208C97F-D6D3-4294-B0EF-A9C9C748C9CB};"8,10,{FA17D68A-656E-4855-B0C6-C0D5E5E0E4C0};";2026-09-17 11:43:01;2026-09-17 11:43:01;{754B4801-6041-431E-9F0A-2F1CD8328351};256
4235;1;8;9;{FD3633AB-AAB2-4713-973D-28DDF4396843};"8,10,{FA17D68A-656E-4855-B0C6-C0D5E5E0E4C0};";2026-09-17 11:43:01;2026-09-17 11:43:01;{EDF8568F-0E41-45C6-AF14-FA1F01EC07B0};256
4236;1;8;9;{FA988641-41D4-4EA8-8278-CDEFDB688153};"8,10,{C042EF04-E81D-47D8-9575-F77D540EE9BB};";2026-09-17 11:43:01;2026-09-17 11:43:01;{67022213-E7D7-4D86-AC7B-AB70A08670D6};256
4237;1;8;10;{C0776826-07E3-4495-8E48-0C8E6D170D66};"8,9,{056CD48A-C375-40C4-BB89-82BE4E914D2A};";2026-09-17 11:43:01;2026-09-17 11:43:01;{FBCCC469-4C2F-4252-8977-CE7749B62B5D};256
4238;1;8;9;{88D16E14-1F2C-42B7-B09C-7F2C04BC6E76};"8,10,{B7E9FDB7-140B-40FE-982A-2D430A67899B};";2026-09-17 11:43:01;2026-09-17 11:43:01;{8F6419BD-11EC-4FCA-BDDE-3EB72BCB85CE};256
4239;1;8;9;{1C395829-022B-4815-B66F-97E6B5F796BB};"8,10,{862357EF-56D7-4E54-8025-942907784C2D};";2026-09-17 11:43:01;2026-09-17 11:43:01;{8FD93BB7-456D-49C6-BF6A-B83A60D7CBE6};256
4240;1;8;9;{2A1C8703-6A23-4D45-9EFC-CBE5A5117DD5};"8,10,{4C7C7D72-1043-4F53-BB5C-6CFEF77EC8EC};";2026-09-17 11:43:01;2026-09-17 11:43:01;{0B98AB67-DACA-47FA-B557-3D59FAFD6BD6};256
4241;1;8;9;{991E531C-3761-43D3-943B-1366DD2FCADD};"8,10,{4CE6BD62-CA4F-4DCC-919F-D3D15E00BE88};";2026-09-17 11:43:01;2026-09-17 11:43:01;{DBF1B331-AF5D-4E89-833C-636A82C6F90B};256
4242;1;8;9;{7368BE84-E110-411D-AE64-AAF1796FC20C};"8,10,{E7434BF4-09F3-4C4B-B7C6-E59D0D17A053};";2026-09-17 11:43:01;2026-09-17 11:43:01;{CB5123D4-00A7-451A-9F02-5A904559A579};256
4243;1;8;9;{9D9ED216-7553-4EFC-8BAE-1EA855404830};"8,10,{1982BF37-1BCF-40D1-9271-6F8F43249019};";2026-09-17 11:43:01;2026-09-17 11:43:01;{05C36CDB-F7BF-4045-AFCA-309C1721BAC2};256
4244;1;8;9;{937CB4BF-04FD-4F10-91C7-8274645ADB10};"8,10,{9EE0188A-D582-4EFA-873A-B057CD4393AF};";2026-09-17 11:43:01;2026-09-17 11:43:01;{367810E1-D9B1-45D7-9B18-A452A71E226C};256
4245;1;8;10;{18E46195-5B3C-4CDA-AF9B-98E23FEBA645};"8,9,{8451AB48-6F0C-4B1C-A9EA-56E8DD40B43C};8,9,{74657C86-0C1A-429D-9488-626AA4BAC560};";2026-09-17 11:43:01;2026-09-17 11:43:01;{59E112CF-480E-4FC3-B27A-0F9DD50336FC};256
4246;1;8;9;{8451AB48-6F0C-4B1C-A9EA-56E8DD40B43C};"8,10,{18E46195-5B3C-4CDA-AF9B-98E23FEBA645};";2026-09-17 11:43:01;2026-09-17 11:43:01;{679D9F45-7E63-4ACD-8B46-BAD180D22700};256
4247;1;8;9;{AE4A2507-076D-4532-A6FF-04C38D4DE85D};"8,10,{00756324-A407-4B06-8B7A-AD017E0562F6};";2026-09-17 11:43:01;2026-09-17 11:43:01;{39AAC523-AA25-407A-A59D-3BF866D67858};256
4248;1;8;10;{14391FA5-6899-4E1C-A7BB-22D9F10B4843};"8,9,{9B48411C-1C47-4339-8C98-BA35863C01BC};";2026-09-17 11:43:01;2026-09-17 11:43:01;{AE0F58C4-19CB-4F1E-9CB2-61E2A1947B76};256
4249;1;8;9;{9EBD4BB9-8C63-414B-969D-D249E48EE042};"8,10,{862357EF-56D7-4E54-8025-942907784C2D};";2026-09-17 11:43:01;2026-09-17 11:43:01;{33AA629A-B9CF-4F49-B6C4-7DD38E6D7BBF};256
4250;1;8;10;{F6E15187-BD45-4388-A23D-2F072DC07049};"8,9,{140B0202-F248-4A07-915E-4FA21F305A95};";2026-09-17 11:43:01;2026-09-17 11:43:01;{EDA952BA-1C9F-4753-9921-BB1397CC2498};256
4251;1;8;9;{DDDE6DA8-C91F-4970-890A-5E2DA5D159B3};"8,10,{FA17D68A-656E-4855-B0C6-C0D5E5E0E4C0};";2026-09-17 11:43:01;2026-09-17 11:43:01;{FFFDF7A9-2E79-4276-B290-5A09A1E7C658};256
4252;1;8;9;{3714E619-3DAC-4D98-A77D-66826733B8C2};"8,10,{4C7C7D72-1043-4F53-BB5C-6CFEF77EC8EC};";2026-09-17 11:43:01;2026-09-17 11:43:01;{980F83A4-DEE5-4E4A-8D80-70552B366E09};256
4253;1;8;9;{20691FCE-CF55-46D6-A6DB-B5ECEA13780E};"8,10,{9EE0188A-D582-4EFA-873A-B057CD4393AF};";2026-09-17 11:43:01;2026-09-17 11:43:01;{19812BA7-B45D-4D4A-A682-26C4AC9AD459};256
4254;1;8;10;{567AB97F-8E6D-4F8B-BB1A-4EAD3E7A6FA9};"8,9,{65CE878A-5BD2-4FFF-A415-213D095F836C};8,9,{379EB756-4296-4C5A-8F19-76C7FB7910AA};";2026-09-17 11:43:01;2026-09-17 11:43:01;{5CFB53B4-A80F-486D-91A3-382265F45B56};256
4255;1;8;10;{09FEC131-6941-42F6-B0AB-DDB591A11C7C};"8,9,{0B3A8CBF-553E-4FD0-AE62-45CAE99FF6B1};";2026-09-17 11:43:01;2026-09-17 11:43:01;{4A2138A2-920C-4C6D-BAD2-63A471ADDEE1};256
4256;1;8;9;{838C4333-6415-4783-B618-5990A2D941E7};"8,10,{5AE9CAE6-36A6-469C-8E37-8E3D9B9FAB47};";2026-09-17 11:43:01;2026-09-17 11:43:01;{3C20AA71-86F8-4D7D-8414-BF2111749557};256
4257;1;8;9;{1A7560E5-F9C2-4A11-A09E-15B5F1EBC148};"8,10,{43605B0A-03D0-4326-B2FA-85D6CFE8F574};";2026-09-17 11:43:01;2026-09-17 11:43:01;{7BDF3DBF-074F-4B8B-A6F1-12AA7080BC82};256
4258;1;8;9;{374F0CA6-C381-46BE-BFD7-5CC3BD5DB79E};"8,10,{C042EF04-E81D-47D8-9575-F77D540EE9BB};";2026-09-17 11:43:01;2026-09-17 11:43:01;{8AD59099-DE1F-4CEA-8838-7C19C9021774};256
4259;1;8;9;{B3D5FE3B-0951-4960-86BE-436BAA9BF3CD};"8,10,{9E9999F7-EDE3-434E-9094-0E43B82288F7};";2026-09-17 11:43:01;2026-09-17 11:43:01;{59F029C3-68FD-45D9-9243-A1FC61907DE4};256
4260;1;8;10;{085C2ADB-DA4F-4675-9162-9CE38E0828E3};"8,9,{1FDCFA0E-AA4A-4218-990A-E99460779ABB};";2026-09-17 11:43:01;2026-09-17 11:43:01;{435A11CC-CF68-40E2-8D7F-24BE3FC8D06B};256
4261;1;8;10;{34B31236-98E9-4323-A8BB-AAB5C51E1469};"8,9,{57A02CE2-5F1F-40B2-BA0C-CAF7765E3AAF};";2026-09-17 11:43:01;2026-09-17 11:43:01;{90A4ED08-62E7-4FB7-86E6-751D62CD6E57};256
4262;1;8;10;{2EBA3EA1-A3DC-401C-9FE8-EB4EBA473406};"8,9,{C92EE835-CF04-4DF9-9AD4-14C6BCA406D0};";2026-09-17 11:43:01;2026-09-17 11:43:01;{84644CB7-5AD5-42BE-B19C-E85D11B50C43};256
4263;1;8;10;{7748F412-190A-46A0-80F8-4448F423FC6A};"8,9,{B6D5D98E-28D1-42A3-B677-A7E0740F434A};8,9,{4F9BCC46-740B-4028-95A9-8E914C34C386};";2026-09-17 11:43:01;2026-09-17 11:43:01;{4E2C9B2C-14D1-4D21-8881-081863CB82A9};256
4264;1;8;9;{B6D5D98E-28D1-42A3-B677-A7E0740F434A};"8,10,{7748F412-190A-46A0-80F8-4448F423FC6A};";2026-09-17 11:43:01;2026-09-17 11:43:01;{2079135F-4614-4C73-A0AD-B5E7E01E88F0};256
4265;1;8;10;{4049C5FC-9B82-494E-A75D-4836B2BD2683};"8,9,{D440F0C9-889A-4F48-8EE8-A0E3016893BD};";2026-09-17 11:43:01;2026-09-17 11:43:01;{35380619-5A04-4172-BF07-D3032E25E5A1};256
4266;1;8;9;{99EC7C58-23BE-4288-9A3D-B2EEE344AA26};"8,10,{6D368BFA-C2EA-4DAB-8CBB-47C9BD51B24A};";2026-09-17 11:43:01;2026-09-17 11:43:01;{091BC54E-2E2A-456C-80D8-49001B9B8163};256
4267;1;8;10;{5DF7D643-FE2C-44DA-9F46-2BDA5CA25A3B};"8,9,{812E616E-2DC2-450C-82D0-69CC6595BA43};";2026-09-17 11:43:01;2026-09-17 11:43:01;{71E8958B-4064-44AE-AD50-FE6F3878D4EA};256
4268;1;8;10;{4EA938BA-6ACB-4924-9BD1-655FBAB34A85};"8,9,{A1CD79FB-6F14-4771-875D-2A8543DF485B};";2026-09-17 11:43:01;2026-09-17 11:43:01;{4729AA17-872B-4624-A686-939CF3A569FC};256
4269;1;8;9;{A1CD79FB-6F14-4771-875D-2A8543DF485B};"8,10,{4EA938BA-6ACB-4924-9BD1-655FBAB34A85};";2026-09-17 11:43:01;2026-09-17 11:43:01;{9B685DCD-9D10-443C-8252-9D4EA7B51559};256
4270;1;8;10;{647D14E9-A8C7-406F-9D4A-2BFB8EF92468};"8,9,{71D50FD3-0800-4C9A-B1E2-FD7DD39E2AD7};";2026-09-17 11:43:01;2026-09-17 11:43:01;{EF82BC51-1E0E-4415-8257-16CFE9840A77};256
4271;1;8;9;{EBB749FD-3981-4B2E-BF32-7EC4D6E02E54};"8,10,{EF42CEBF-AE67-4DDB-B16B-CEF3B8D6BCE6};";2026-09-17 11:43:01;2026-09-17 11:43:01;{1AB06AE1-DABD-47BC-A643-CD1BA5BB167F};256
4272;1;8;10;{242D43B4-0E8C-41E0-84F4-0C67003DE1D3};"8,9,{9422263A-2E2B-41BF-B957-4D63F4C936ED};";2026-09-17 11:43:01;2026-09-17 11:43:01;{8A7DC58E-A9E4-4626-9DAE-A892E6F020E3};256
4273;1;8;10;{580A6523-AA6A-4A06-B13F-EFD19766ACCB};"8,9,{4BB95B5D-F355-4BB8-8CD4-135D031A9ECD};";2026-09-17 11:43:01;2026-09-17 11:43:01;{9FDE62BE-DCC3-4B67-9D4B-7A088EE9C6DA};256
4274;1;8;9;{88174130-A832-480D-80EF-BA6DD392DD88};"8,10,{B9F16B7D-32C1-48ED-A1A7-A3936735DED7};";2026-09-17 11:43:01;2026-09-17 11:43:01;{C25CCA55-C8E7-430A-8C86-94D6F58497EA};256
4275;1;8;10;{F05F1CAB-9BC4-45DB-BE43-445F016B4345};"8,9,{CD350962-FAD2-4A4F-8391-6B6C59BB382A};";2026-09-17 11:43:01;2026-09-17 11:43:01;{A4270220-A6AD-4350-B780-13BDB7CC4695};256
4276;1;8;9;{AD8CEAF2-D442-4DF0-883F-0F19BA84457B};"8,10,{A143A201-952C-4933-842D-060645CB5E2D};";2026-09-17 11:43:01;2026-09-17 11:43:01;{31DD8A91-C551-4F81-BC3F-48859C694C24};256
4277;1;8;9;{7FFCE633-44FD-4DD6-BE5D-69B55A7B92A1};"8,10,{A143A201-952C-4933-842D-060645CB5E2D};";2026-09-17 11:43:01;2026-09-17 11:43:01;{4C98BB8C-A033-4F65-B6F6-2A172AB08881};256
4278;1;8;9;{78972B98-EC60-441B-A787-E2E35D2837B3};"8,10,{968DE9F8-8B8B-46AD-888F-305285218553};";2026-09-17 11:43:01;2026-09-17 11:43:01;{FCC389C5-3D47-4ED1-A5AA-BA0FF294C284};256
4279;1;8;10;{F001AEBF-175F-4AB2-901A-B112D0912AA6};"8,9,{E8D6C67B-CB4C-4839-8169-E484DB4A179B};";2026-09-17 11:43:01;2026-09-17 11:43:01;{4AE3811A-622F-49FC-B1DA-72618FAE4CD2};256
4280;1;8;10;{B229908F-FFD8-4385-9027-0297C4769A58};"8,9,{B53127FC-A45A-4BDD-95B0-E26EEE895415};8,9,{47E3DE17-A613-428F-BB39-7D96CB57791C};";2026-09-17 11:43:01;2026-09-17 11:43:01;{76C4D56C-FC88-4864-AEAA-876FB561BAC3};256
4281;1;8;9;{B53127FC-A45A-4BDD-95B0-E26EEE895415};"8,10,{B229908F-FFD8-4385-9027-0297C4769A58};";2026-09-17 11:43:01;2026-09-17 11:43:01;{630AD2B6-0607-4462-B8E4-E1CCA007B2BA};256
4282;1;8;10;{122A50EA-2B68-4052-8708-BE6CCFC73CF8};"8,9,{077414BC-2C98-432F-99E4-7F2954E44C2B};8,9,{0919345D-4ADA-4E39-86C8-CD578775F069};";2026-09-17 11:43:01;2026-09-17 11:43:01;{5A3817C5-8206-4D6D-A52E-38FAAAC47D40};256
4283;1;8;10;{EEA77088-04A2-4628-85D1-50824E0D4DD7};"8,9,{CB17E4D2-987E-49F0-9367-E3CBA9E43485};";2026-09-17 11:43:01;2026-09-17 11:43:01;{F78A8086-CA52-4244-A369-2EB63787EDE1};256
4284;1;8;9;{3ECC9D35-80DA-4B93-8CFC-4ADFFB75E4D1};"8,10,{A4804E3D-6C1A-4CA7-8E80-9DD0079109AA};";2026-09-17 11:43:01;2026-09-17 11:43:01;{39E13997-5401-4D51-9AA6-B004AC6A5221};256
4285;1;8;9;{CB17E4D2-987E-49F0-9367-E3CBA9E43485};"8,10,{EEA77088-04A2-4628-85D1-50824E0D4DD7};";2026-09-17 11:43:01;2026-09-17 11:43:01;{EF338133-9CCF-481A-BB4A-CB9A64218141};256
4286;1;8;10;{406B3AC9-1DA9-4EA1-850A-4FA1D361082F};"8,9,{B58F8587-78A9-4729-A87A-34DA3CC5FB30};8,9,{B95588BA-12BD-4358-AD0E-551F8DA6E8FB};8,9,{1D3D1F78-F181-4848-9E0A-B657C75955C9};";2026-09-17 11:43:01;2026-09-17 11:43:01;{511DE893-EDB3-4100-8D35-DEEFFBB8C68A};256
4287;1;8;9;{32A2F85F-1F95-4C84-AE8E-E9F2A477639C};"8,10,{B96DB031-83F2-4E8D-BBB6-9A1DB8C95ADE};";2026-09-17 11:43:01;2026-09-17 11:43:01;{A2214005-AD3A-43BA-A0AF-0C677E8CB10E};256
4288;1;8;10;{A05D80B0-C2C8-4A04-80F6-6F30CA0E0522};"8,9,{2780D599-2340-4A9A-87BC-106255C58657};";2026-09-17 11:43:01;2026-09-17 11:43:01;{3FBA8F5C-C137-44F4-934D-4441A51CB615};256
4289;1;8;10;{62F5166C-E33E-4A1A-A8D4-0C6B222E5840};"8,9,{4BC4030A-B621-473A-A2F5-C491F3220818};";2026-09-17 11:43:01;2026-09-17 11:43:01;{9AAF08E2-2668-48E5-857D-1792678B0094};256
4290;1;8;9;{1D3D1F78-F181-4848-9E0A-B657C75955C9};"8,10,{406B3AC9-1DA9-4EA1-850A-4FA1D361082F};";2026-09-17 11:43:01;2026-09-17 11:43:01;{6B043571-E3AA-4FAE-9598-EBECC27BDC39};256
4291;1;8;10;{862FF0DD-B233-434F-A776-7C9101728044};"8,9,{4C02F927-5396-4311-ABCF-2EF394C74F38};";2026-09-17 11:43:01;2026-09-17 11:43:01;{A6C74FB3-D9D9-4953-B73B-C218FE32300F};256
4292;1;8;9;{4C02F927-5396-4311-ABCF-2EF394C74F38};"8,10,{862FF0DD-B233-434F-A776-7C9101728044};";2026-09-17 11:43:01;2026-09-17 11:43:01;{F95728D0-F97D-4DD9-87A3-A02636B04CC1};256
4293;1;8;9;{A1C3C746-6703-48B8-AD15-D9CAA4FD9FC8};"8,10,{5A78D746-66B4-4BCC-87F4-B465A4CE9057};";2026-09-17 11:43:01;2026-09-17 11:43:01;{2DF9D03C-CE9D-4965-B9DC-B69F3BAD9FC4};256
4294;1;8;9;{76E19A97-7DA5-42E6-98FF-5CDF9FD97410};"8,10,{0412C040-489B-4CFA-9A86-DB8FE95DC486};";2026-09-17 11:43:01;2026-09-17 11:43:01;{0BB478B8-E4E3-43D2-878A-2205EF6EAA7B};256
4295;1;8;10;{24D12AFE-F1CB-41C9-98D4-AAFA9DD424EA};"8,9,{B1CFD78F-2A7C-428F-9FF1-218E28D27866};8,9,{5802C6D4-33B3-4E21-ACBF-7AE8798A242A};";2026-09-17 11:43:01;2026-09-17 11:43:01;{9311618F-FC26-4489-AE18-4C4170BB110E};256
4296;1;8;9;{B1CFD78F-2A7C-428F-9FF1-218E28D27866};"8,10,{24D12AFE-F1CB-41C9-98D4-AAFA9DD424EA};";2026-09-17 11:43:01;2026-09-17 11:43:01;{A30C42CC-7960-4838-92AB-9CAF96011630};256
4297;1;8;10;{B179C30F-9AA7-4D27-A0A9-159374F6E9FF};"8,9,{F5A771F7-7A97-4697-A6C2-86058A8A1907};";2026-09-17 11:43:01;2026-09-17 11:43:01;{1F82E91B-A7F0-4966-ADD7-6935D2474E29};256
4298;1;8;10;{977FF3D7-8BE9-4D26-A968-7BCC376430C9};"8,9,{F5A771F7-7A97-4697-A6C2-86058A8A1907};";2026-09-17 11:43:01;2026-09-17 11:43:01;{D5F63BE6-1B0E-4188-AB5B-AB80F098CEC5};256
4299;1;8;10;{8C93080D-E305-42B0-96C5-E89722F94013};"8,9,{32C4B4A0-697F-4694-A285-DBE259EEB0CD};";2026-09-17 11:43:01;2026-09-17 11:43:01;{3AB6B4C6-A4AC-4C7D-89FE-E5E7D47452DD};256
4300;1;8;10;{95B128CA-6E6B-43B8-B8CC-B6AE8E3876B8};"8,9,{32C4B4A0-697F-4694-A285-DBE259EEB0CD};";2026-09-17 11:43:01;2026-09-17 11:43:01;{10DF0B42-124F-480E-873D-98F1A1709115};256
4301;1;8;9;{46138DEE-743A-4DF0-BC3F-F5AD02F37E4E};"8,10,{865D44BB-8E3C-4149-AF5F-5EFBAE37CA60};";2026-09-17 11:43:01;2026-09-17 11:43:01;{4B489290-C5C2-46E3-BA6D-680806C3FF98};256
4302;1;8;10;{220CF05A-6224-448F-A61F-1594965411DD};"8,9,{21690773-EFD2-49A1-B142-F3C3E1D12731};";2026-09-17 11:43:01;2026-09-17 11:43:01;{8F955E4D-1310-4602-BB15-49FD2586942F};256
4303;1;8;9;{21690773-EFD2-49A1-B142-F3C3E1D12731};"8,10,{220CF05A-6224-448F-A61F-1594965411DD};";2026-09-17 11:43:01;2026-09-17 11:43:01;{240E43A8-A818-4640-81DC-DFC2B6CCE4CC};256
4304;1;8;10;{ABE97291-743A-4362-BA23-47A08E5BE4D8};"8,9,{65AC4095-7F38-4871-9BE8-CDAE0C3D27C6};";2026-09-17 11:43:01;2026-09-17 11:43:01;{559769D7-B3A0-4314-A63F-59FEAC6984D2};256
4305;1;8;10;{0A94F2D2-2D00-4366-8689-4C415FA44E9F};"8,9,{2D47C680-A856-4C1C-9169-9EE1D84E5CD8};";2026-09-17 11:43:01;2026-09-17 11:43:01;{09BB61B6-1156-47BB-B727-0D95422EFD78};256
4306;1;8;10;{2E64F11C-E9F2-40C6-8166-622A62278C2A};"8,9,{93773650-D0E2-4F5A-8383-DEABFE794F03};8,9,{231C223B-D9A1-4823-A865-0E64EFCB69E9};";2026-09-17 11:43:01;2026-09-17 11:43:01;{6326A568-5177-4BC0-B52A-3860D734F20E};256
4307;1;8;10;{5D7A80F8-9B15-4232-AB45-1965D5D5DDD6};"8,9,{663F01A8-3A91-417D-B9B8-5096D154B5A8};";2026-09-17 11:43:01;2026-09-17 11:43:01;{FE17C3C0-041C-4CEF-B52B-66EC9B82115F};256
4308;1;8;9;{663F01A8-3A91-417D-B9B8-5096D154B5A8};"8,10,{5D7A80F8-9B15-4232-AB45-1965D5D5DDD6};";2026-09-17 11:43:01;2026-09-17 11:43:01;{DA4922FB-C265-41C2-BD94-30423F0CE6BE};256
4309;1;8;9;{F7F42E30-1047-4E8E-B7F1-1171E8321FC3};"8,10,{C4B74021-6C1F-4AF8-936D-BD51F0F0A057};";2026-09-17 11:43:01;2026-09-17 11:43:01;{C6EB2276-9897-4F1D-942A-E1C04D263FC3};256
4310;1;8;9;{1676483B-ED97-4A8A-AAA4-917B34AEF809};"8,10,{5704E5B7-25F3-478A-8F85-629ABFA09BC7};";2026-09-17 11:43:01;2026-09-17 11:43:01;{1ABAA14F-4AAD-436B-9364-1DC347E6D0FE};256
4311;1;8;10;{B6E9404D-9489-42D6-9657-4E11CD1B6DEF};"8,9,{A93F4746-AF4B-425C-AA8D-32829C416A6D};";2026-09-17 11:43:01;2026-09-17 11:43:01;{27807034-859C-4466-ADDD-DD40E320F4F1};256
4312;1;8;9;{D5E69EAB-4554-4C8D-9C02-565D6A3BFA8B};"8,10,{9686B573-95D6-40B8-B1CC-6472A3F5ECD4};";2026-09-17 11:43:01;2026-09-17 11:43:01;{2EC5C1FE-411D-43B5-9D78-E9C1D0DC6D28};256
4313;1;8;10;{9F995BCA-36A1-4971-AE9A-28E4F81C3C16};"8,9,{EB184F0C-A661-4833-BBB5-DBF43B22A9F7};";2026-09-17 11:43:01;2026-09-17 11:43:01;{B512C7CA-ED1F-44B8-BC62-72C0161B0849};256
4314;1;8;9;{1084EB78-E729-4AE2-9256-ADBA8343E274};"8,10,{E047CA46-FCA6-4B27-A0F2-BD24B91A3C8F};";2026-09-17 11:43:01;2026-09-17 11:43:01;{B08D4A48-F8F6-4226-86B9-58F3E31F9CAB};256
4315;1;8;10;{E047CA46-FCA6-4B27-A0F2-BD24B91A3C8F};"8,9,{1084EB78-E729-4AE2-9256-ADBA8343E274};8,9,{7323C3DB-9F40-40EE-AFD1-9B7477BD738F};";2026-09-17 11:43:01;2026-09-17 11:43:01;{B2923EA7-CAE1-42ED-A1F6-1DDB36BF09F0};256
4316;1;8;9;{A0E7A340-25A4-4950-9F47-5A73ECB1AB67};"8,10,{6DE55B06-8433-4217-899F-9AC0AFCC0861};";2026-09-17 11:43:01;2026-09-17 11:43:01;{A0F1562E-130E-44A6-9CEC-FCB9926839DC};256
4317;1;8;9;{6C234AEA-8B8F-4AE3-92D0-5CD11CB4B1F0};"8,10,{9686B573-95D6-40B8-B1CC-6472A3F5ECD4};";2026-09-17 11:43:01;2026-09-17 11:43:01;{6D001C64-8775-498E-8DCE-4C9C893941CC};256
4318;1;8;9;{6ACE21A3-7ABA-4F6F-B1AD-13A4AEA35B17};"8,10,{6B8BAC44-CA81-4764-8278-05BBFE6703A0};";2026-09-17 11:43:01;2026-09-17 11:43:01;{0D47C54A-FAE7-4E73-9AC2-AE07B794565F};256
4319;1;8;10;{F015ADEF-D2C4-4434-B32F-7CE39FFD89C4};"8,9,{8CD962E8-4CBE-49CB-A85E-3BD119F43995};8,9,{40988881-4A36-4B68-B714-AE72FDFC6F2C};";2026-09-17 11:43:01;2026-09-17 11:43:01;{41479561-C7C4-442C-99FF-EEB3953998CC};256
4320;1;8;9;{8CD962E8-4CBE-49CB-A85E-3BD119F43995};"8,10,{F015ADEF-D2C4-4434-B32F-7CE39FFD89C4};";2026-09-17 11:43:01;2026-09-17 11:43:01;{8FCF7D43-BFB0-446E-902E-507DBC7F74F9};256
4321;1;8;9;{121ACD7B-AB20-464E-B71A-3F8CA6D76283};"8,10,{5444C605-537D-4846-932D-F6460FE1FE36};";2026-09-17 11:43:01;2026-09-17 11:43:01;{5DAB9327-6BD3-4F1D-8292-B1C8A0BC94FA};256
4322;1;8;9;{40988881-4A36-4B68-B714-AE72FDFC6F2C};"8,10,{F015ADEF-D2C4-4434-B32F-7CE39FFD89C4};";2026-09-17 11:43:01;2026-09-17 11:43:01;{C45F3C5D-7F23-4BA5-8D30-D0228F52822E};256
4323;1;8;10;{A85E840C-A24D-4D15-B0F7-7355E3FB5559};"8,9,{958F9EC3-E4F0-4049-B49B-24CC8C0C7E23};";2026-09-17 11:43:01;2026-09-17 11:43:01;{74961354-9C20-42C2-8232-6D35CDE93084};256
4324;1;8;9;{7323C3DB-9F40-40EE-AFD1-9B7477BD738F};"8,10,{E047CA46-FCA6-4B27-A0F2-BD24B91A3C8F};";2026-09-17 11:43:01;2026-09-17 11:43:01;{14F4E5D9-A475-4071-ABDB-10FF6DE6A994};256
4325;1;8;9;{480098AE-2A36-44C4-818D-7E33BC92D8F9};"8,10,{5B141B0D-FF43-4D18-BBE5-D0D60D540515};";2026-09-17 11:43:01;2026-09-17 11:43:01;{66182C72-A34C-47F2-9AD4-8DDF11389A3E};256
4326;1;8;9;{522AEA90-ECD6-498D-8250-60C52AFF64EA};"8,10,{75D9138D-6A1F-4A97-956E-693B1A5E2D31};";2026-09-17 11:43:01;2026-09-17 11:43:01;{F1FD4B91-ECEF-4D17-87B8-230D5952676A};256
4327;1;8;10;{5949AE92-60E4-4A8E-83ED-3860BFF0CD39};"8,9,{05AB3662-E084-487A-8A27-A93700367E5F};8,9,{49FBA587-A949-47BF-8142-48D83EFCCAB3};";2026-09-17 11:43:01;2026-09-17 11:43:01;{C9395F73-EC7D-4271-95BC-47ED9B256930};256
4328;1;8;9;{05AB3662-E084-487A-8A27-A93700367E5F};"8,10,{5949AE92-60E4-4A8E-83ED-3860BFF0CD39};";2026-09-17 11:43:01;2026-09-17 11:43:01;{4A128EB6-F087-43F7-8084-45BD7B9448C9};256
4329;1;8;10;{8AA813BC-8967-4253-BC4D-FD3364330005};"8,9,{7B9B8FD5-EC52-41E7-AD77-2A46C8440238};";2026-09-17 11:43:01;2026-09-17 11:43:01;{0E62CCE8-1D12-4645-A981-CD926B8FC4F5};256
4330;1;8;9;{7B9B8FD5-EC52-41E7-AD77-2A46C8440238};"8,10,{8AA813BC-8967-4253-BC4D-FD3364330005};";2026-09-17 11:43:01;2026-09-17 11:43:01;{6813D345-AF48-4B50-A01E-2F3320A6E54E};256
4331;1;8;9;{C0888EE5-2E0F-408E-AD43-C35BD7A38A61};"8,10,{CB5B6A8D-F7AC-40A9-87AF-2C51E3CEE637};";2026-09-17 11:43:01;2026-09-17 11:43:01;{AE2756D2-F54E-409D-B0CE-7E4BE47246D0};256
4332;1;8;9;{CBEF4C04-EC8F-4932-8386-381C79DFDE51};"8,10,{6B8BAC44-CA81-4764-8278-05BBFE6703A0};";2026-09-17 11:43:01;2026-09-17 11:43:01;{75B65CC3-111B-48D3-B643-EDC3252192B3};256
4333;1;8;10;{1348C55F-01AA-4660-9C39-BEE41238D61D};"8,9,{0E5E3C6C-D59F-48C6-948E-01821FC62934};";2026-09-17 11:43:01;2026-09-17 11:43:01;{121457B6-8B6D-453C-B518-33720BE20DD1};256
4334;1;8;9;{0E5E3C6C-D59F-48C6-948E-01821FC62934};"8,10,{1348C55F-01AA-4660-9C39-BEE41238D61D};";2026-09-17 11:43:01;2026-09-17 11:43:01;{98368120-2682-4BA0-B0A0-B5A134A377F3};256
4335;1;8;9;{A9D3DC9B-5A00-4358-BA04-DE7B58B4E37F};"8,10,{6B6E97E1-F9E4-4E2B-A649-BCC37381C692};";2026-09-17 11:43:01;2026-09-17 11:43:01;{2DC79887-D6C4-4A15-9368-7646927EAF3B};256
4336;1;8;10;{C4B74021-6C1F-4AF8-936D-BD51F0F0A057};"8,9,{1B03E2F4-1B3B-4BFF-91DC-5CDF6DBB2609};8,9,{3FF53D3B-A00F-48C7-B32C-B7C648DD8126};8,9,{A9009559-8D50-420F-8525-0BB7CFCB5D3B};8,9,{F7F42E30-1047-4E8E-B7F1-1171E8321FC3};8,9,{8F2BFB0F-BB23-4467-913A-D945F6F52E99};";2026-09-17 11:43:01;2026-09-17 11:43:01;{AAF1EA49-2403-4C5D-B6D8-3F11FE0F4EE0};256
4337;1;8;9;{1B03E2F4-1B3B-4BFF-91DC-5CDF6DBB2609};"8,10,{C4B74021-6C1F-4AF8-936D-BD51F0F0A057};";2026-09-17 11:43:01;2026-09-17 11:43:01;{89D33C93-FE9F-4ECA-A191-5C3D46A14D46};256
4338;1;8;10;{DA1AC963-B6AA-49AF-890C-69491196692A};"8,9,{D2A503DF-CCDF-4DB9-91BD-2FECE93168F0};8,9,{264980B7-48C5-41D7-924E-81BDFE05A5AF};";2026-09-17 11:43:01;2026-09-17 11:43:01;{65A37DC8-8A4F-460D-A3E9-92E083D5140E};256
4339;1;8;9;{D2A503DF-CCDF-4DB9-91BD-2FECE93168F0};"8,10,{DA1AC963-B6AA-49AF-890C-69491196692A};";2026-09-17 11:43:01;2026-09-17 11:43:01;{B535FC36-7B1C-4D2C-98BB-57CAA4456B29};256
4340;1;8;9;{1636C53A-1960-4281-8055-34F7A7C6E7CE};"8,10,{234D326A-1D79-4FDB-8336-4F4F31B8A340};";2026-09-17 11:43:01;2026-09-17 11:43:01;{605736A9-CFC0-4623-9D6C-2331C5127888};256
4341;1;8;9;{67871B00-B7A3-464A-B18B-0B504003F517};"8,10,{234D326A-1D79-4FDB-8336-4F4F31B8A340};";2026-09-17 11:43:01;2026-09-17 11:43:01;{805F2606-A54B-402B-8E7F-11CD2A1E25FD};256
4342;1;8;9;{EC047859-F829-43B2-87E6-FD75058ACF16};"8,10,{1CAF92E9-5BA1-45DA-A4A3-B5FFAD994A2A};";2026-09-17 11:43:01;2026-09-17 11:43:01;{08C5E13B-FCF7-4488-9A9C-57E846D5FD09};256
4343;1;8;9;{E1917F92-25C9-4E51-8B52-50994B3E2A27};"8,10,{556B0CBC-02B8-45DD-9EDF-A7CDC62E5BFD};";2026-09-17 11:43:01;2026-09-17 11:43:01;{3D53B085-A3DF-4C05-A389-7BF68CCA64A1};256
4344;1;8;10;{F8F1A41E-7BB6-45B2-8161-A7AC92D5E94C};"8,9,{B1238C59-C492-40F4-8015-D41AAD86D5C4};";2026-09-17 11:43:01;2026-09-17 11:43:01;{F5975493-EB5D-45A8-85E1-4FCA5BA831EE};256
4345;1;8;10;{301A59D2-10D3-42BF-BEE4-9EA80971846F};"8,9,{24D741CB-87D9-49DD-B1F9-1775928EFABA};";2026-09-17 11:43:01;2026-09-17 11:43:01;{3AB3CC58-367B-4A02-B516-A85F72919655};256
4346;1;8;10;{58E3EBF1-B829-41F9-B0CD-3B72DEF047DC};"8,9,{57511B3C-B8DB-4236-9144-4E586E047A45};";2026-09-17 11:43:01;2026-09-17 11:43:01;{CCCA7171-4712-4841-A8FF-B0BBB47962CE};256
4347;1;8;9;{D430B1BF-9EBE-4FA6-ABFE-07DA4B127419};"8,10,{472FB89D-EFAA-4710-8A1B-93F830D6F125};";2026-09-17 11:43:01;2026-09-17 11:43:01;{AD428922-7338-4C31-B5BF-2DBAB58D037F};256
4348;1;8;9;{3FF53D3B-A00F-48C7-B32C-B7C648DD8126};"8,10,{C4B74021-6C1F-4AF8-936D-BD51F0F0A057};";2026-09-17 11:43:01;2026-09-17 11:43:01;{39906444-D05B-42B0-87FC-B240F38A98EE};256
4349;1;8;9;{EE92F026-859A-42EB-8312-2B176BD8EDB5};"8,10,{8F5F20E4-94E7-42CF-94E5-4E1CE4A5060B};";2026-09-17 11:43:01;2026-09-17 11:43:01;{D820DE46-89EB-4BC4-8DDD-BEDCC044174F};256
4350;1;8;10;{67273E01-B2E3-4963-B305-8A974D6385AD};"8,9,{3D2FF3E7-445A-48A5-8039-4526669A1C1A};";2026-09-17 11:43:01;2026-09-17 11:43:01;{4CD10BD5-5831-4FA8-B757-FF6638F0A1A0};256
4351;1;8;10;{0DE7496A-8C7F-47B8-A684-D0B8005B7B03};"8,9,{3E1B747F-7104-42E3-9363-B2EE39F7C9FB};";2026-09-17 11:43:01;2026-09-17 11:43:01;{327BB6CE-7F66-44CE-991A-C5A2BA36879D};256
4352;1;8;10;{91059B70-F71A-4E24-BC87-698DB4FCF662};"8,9,{5194B16B-4720-4913-886C-8386E14CAAEB};";2026-09-17 11:43:01;2026-09-17 11:43:01;{5A217230-D6BC-401C-9F6B-AD8DAA25BDDC};256
4353;1;8;9;{5194B16B-4720-4913-886C-8386E14CAAEB};"8,10,{91059B70-F71A-4E24-BC87-698DB4FCF662};";2026-09-17 11:43:01;2026-09-17 11:43:01;{0D66A4C7-8759-4122-AB8F-6AAF630A4A78};256
4354;1;8;10;{05AFD138-B33E-4AB6-BA92-164131505CFD};"8,9,{A7F6029B-A8AE-462B-9BB1-96FFF47878AB};";2026-09-17 11:43:01;2026-09-17 11:43:01;{EE4EE8AA-3208-4368-AC04-B6B76F71CF43};256
4355;1;8;9;{A7F6029B-A8AE-462B-9BB1-96FFF47878AB};"8,10,{05AFD138-B33E-4AB6-BA92-164131505CFD};";2026-09-17 11:43:01;2026-09-17 11:43:01;{075C3B5A-508A-49D9-BB32-F029E412C3E3};256
4356;1;8;9;{579EF692-9CC2-4EB9-AD9E-E5DBB271C639};"8,10,{6B8BAC44-CA81-4764-8278-05BBFE6703A0};";2026-09-17 11:43:01;2026-09-17 11:43:01;{8CDE5031-466F-4F99-9FC3-C447D84B6DED};256
4357;1;8;9;{87D28E71-DB05-4A14-95F7-9790DD414BBD};"8,10,{5FD7B278-62FB-4F20-9B9F-2D9D758AD064};";2026-09-17 11:43:01;2026-09-17 11:43:01;{B2D9852F-32C2-400A-88A7-05EB3F1C71C6};256
4358;1;8;9;{A3B7C88D-C421-4C2D-BAA8-AB7F18711578};"8,10,{7EF60E76-5BE3-4B0F-8F1D-D315CBAE9F5A};";2026-09-17 11:43:01;2026-09-17 11:43:01;{45EDEA3D-76E2-435A-937E-7182C00606C7};256
4359;1;8;10;{6FB6FF52-8580-48B3-8AF9-8EE0636B05EB};"8,9,{3283B051-EB8E-4D30-A89E-DCF9C6BB58E7};8,9,{C6B79DB5-1FBC-4FB2-809F-1A6E55ECBD88};8,9,{397916DB-2A3A-4D7F-9546-7125810A5E11};";2026-09-17 11:43:01;2026-09-17 11:43:01;{BBDA73AB-9FB7-4621-B437-43AE90F42440};256
4360;1;8;9;{3283B051-EB8E-4D30-A89E-DCF9C6BB58E7};"8,10,{6FB6FF52-8580-48B3-8AF9-8EE0636B05EB};";2026-09-17 11:43:01;2026-09-17 11:43:01;{9654883C-5BAA-4EF3-ABB9-13F1D6D8BC08};256
4361;1;8;9;{4EFAD5BB-5DA5-4E48-9AB9-88356AAAFEA2};"8,10,{853466BB-3595-455E-962E-D07CCFBA28AB};";2026-09-17 11:43:01;2026-09-17 11:43:01;{D72B2D07-B22F-4FBD-826F-9D94AFBB02FA};256
4362;1;8;10;{790B7261-A1A8-47A7-B60B-B74BA6FAECAF};"8,9,{AA36DE56-78CB-4CA4-AF47-1BC6581ECD57};8,9,{2FCCB81A-A29C-4BD4-8CCE-8C9D37A6EC73};8,9,{3745620B-BB0B-4791-BE6B-A091FDB45312};8,9,{9E26E435-FB5C-43D4-B52D-7557DA3FB652};";2026-09-17 11:43:01;2026-09-17 11:43:01;{E82B97C4-B209-44DF-AD71-92F4111FCAD5};256
4363;1;8;9;{AA36DE56-78CB-4CA4-AF47-1BC6581ECD57};"8,10,{790B7261-A1A8-47A7-B60B-B74BA6FAECAF};";2026-09-17 11:43:01;2026-09-17 11:43:01;{91CDA560-3A56-4BA8-AA6F-C348111DB9E2};256
4364;1;8;10;{63FBC8E8-95C1-4562-9D20-BFAA26486EC9};"8,9,{4C2FFE94-E047-4CAA-BF41-BA6596AB9909};";2026-09-17 11:43:01;2026-09-17 11:43:01;{FE6DEF6F-D327-4513-891F-0C999C95C389};256
4365;1;8;9;{4C2FFE94-E047-4CAA-BF41-BA6596AB9909};"8,10,{63FBC8E8-95C1-4562-9D20-BFAA26486EC9};";2026-09-17 11:43:01;2026-09-17 11:43:01;{960B40D8-6617-4939-BC65-7301D17E4F71};256
4366;1;8;9;{264980B7-48C5-41D7-924E-81BDFE05A5AF};"8,10,{DA1AC963-B6AA-49AF-890C-69491196692A};";2026-09-17 11:43:01;2026-09-17 11:43:01;{70CFB9AE-9150-4E05-8A25-F76D4E17ED57};256
4367;1;8;10;{78426B35-9B99-4096-A0A3-2CF63C2B4077};"8,9,{94009E10-43B3-490B-8FCF-7F1504028DA3};";2026-09-17 11:43:01;2026-09-17 11:43:01;{9106D35F-C067-4ACE-9D73-26C5F9010960};256
4368;1;8;10;{56FFB751-4A61-43B3-9D51-90290DBDEBF9};"8,9,{AAED100E-71AF-4F99-86AA-ED4F1865E2CF};8,9,{829D5C38-6B64-4CFD-9240-3B5F1F71B52B};";2026-09-17 11:43:01;2026-09-17 11:43:01;{FF85C394-9E2B-430B-A199-882E26C625EB};256
4369;1;8;9;{AAED100E-71AF-4F99-86AA-ED4F1865E2CF};"8,10,{56FFB751-4A61-43B3-9D51-90290DBDEBF9};";2026-09-17 11:43:01;2026-09-17 11:43:01;{12F972A3-E83E-4468-AD27-D5767299B487};256
4370;1;8;9;{38C02483-E7AE-48DA-BB16-36B004D82196};"8,10,{9FA5B7F8-3185-4B20-AF73-9214FC25FA7F};";2026-09-17 11:43:01;2026-09-17 11:43:01;{2452BCF4-7C6E-47FB-8510-8308DE72A82D};256
4371;1;8;9;{C5B80CB7-5D27-4DBA-B7A0-2691E6945B3C};"8,10,{2476FD13-E0C8-4F76-B612-74B274714A59};";2026-09-17 11:43:01;2026-09-17 11:43:01;{47DDB6BD-0906-42F2-B07C-428C31E7489F};256
4372;1;8;9;{C6B79DB5-1FBC-4FB2-809F-1A6E55ECBD88};"8,10,{6FB6FF52-8580-48B3-8AF9-8EE0636B05EB};";2026-09-17 11:43:01;2026-09-17 11:43:01;{B249EE04-C610-43CB-849D-4E7CFEF78D16};256
4373;1;8;9;{DB63BA0F-B5B7-4A84-98F2-9C13A017D795};"8,10,{0B7CE34B-C39A-49BA-80C7-01E142F9143F};";2026-09-17 11:43:01;2026-09-17 11:43:01;{CB83EBB7-264B-4767-91AF-D9D8128BCE4B};256
4374;1;8;9;{2FCCB81A-A29C-4BD4-8CCE-8C9D37A6EC73};"8,10,{790B7261-A1A8-47A7-B60B-B74BA6FAECAF};";2026-09-17 11:43:01;2026-09-17 11:43:01;{29F6969D-9917-44E9-885F-D878DD2F8913};256
4375;1;8;10;{FD764C37-4845-4212-A726-FC55722B42D8};"8,9,{20AAB73A-13EB-488E-8722-F7F41306C03D};8,9,{91A766A3-6DED-4E03-AE42-F89A23AFDDB9};";2026-09-17 11:43:01;2026-09-17 11:43:01;{199489E5-0A64-4E66-A9E3-CC824E9DEDFD};256
4376;1;8;9;{20AAB73A-13EB-488E-8722-F7F41306C03D};"8,10,{FD764C37-4845-4212-A726-FC55722B42D8};";2026-09-17 11:43:01;2026-09-17 11:43:01;{E66F070D-98DB-47A9-9895-FB5C240A05AF};256
4377;1;8;10;{F33388A6-D5FE-4985-8E72-01455A6B6600};"8,9,{651C37B4-E741-41C1-A086-5E10EB03D6AC};";2026-09-17 11:43:01;2026-09-17 11:43:01;{1613C1C7-863A-4C43-A4FB-C773DD79302C};256
4378;1;8;9;{651C37B4-E741-41C1-A086-5E10EB03D6AC};"8,10,{F33388A6-D5FE-4985-8E72-01455A6B6600};";2026-09-17 11:43:01;2026-09-17 11:43:01;{3CEE6B9A-AA70-4DB1-964E-5208B9F8B5F4};256
4379;1;8;10;{725FE071-90C1-489C-A7B6-0E145C1E90D8};"8,9,{D52E6E8B-820C-46FE-B1F0-E1379F8C458F};8,9,{EB418102-1A5C-4640-9782-5FE9527D4978};8,9,{AA712A77-27BD-44C8-A030-7E90B934B869};";2026-09-17 11:43:01;2026-09-17 11:43:01;{FFB8F727-599A-4D62-A9CB-DA1A713C9BD8};256
4380;1;8;9;{D52E6E8B-820C-46FE-B1F0-E1379F8C458F};"8,10,{725FE071-90C1-489C-A7B6-0E145C1E90D8};";2026-09-17 11:43:01;2026-09-17 11:43:01;{232394ED-6BAA-48D9-A42D-4B91EEDE5E60};256
4381;1;8;9;{AE33E00A-7ACA-4967-9546-C736FC5D253E};"8,10,{8550876C-DCB1-4E68-AAB5-A1BA25D64767};";2026-09-17 11:43:01;2026-09-17 11:43:01;{5CAADD46-273E-4DA6-8003-E22436A45BE7};256
4382;1;8;9;{A647B58C-B0A4-4919-BB38-19340EE88878};"8,10,{431FC2C5-514E-4B08-8828-DA0DA92AAC74};";2026-09-17 11:43:01;2026-09-17 11:43:01;{960E23D6-7757-4D15-A2D9-CAD64721575A};256
4383;1;8;9;{829D5C38-6B64-4CFD-9240-3B5F1F71B52B};"8,10,{56FFB751-4A61-43B3-9D51-90290DBDEBF9};";2026-09-17 11:43:01;2026-09-17 11:43:01;{5E24525C-09FB-42AA-8973-D963AF1E8042};256
4384;1;8;9;{EB418102-1A5C-4640-9782-5FE9527D4978};"8,10,{725FE071-90C1-489C-A7B6-0E145C1E90D8};";2026-09-17 11:43:01;2026-09-17 11:43:01;{B59D77C5-402F-4F47-992E-BA2FCED67D54};256
4385;1;8;10;{34076E62-A904-4F16-AD67-B5AEF83D4089};"8,9,{29FF496B-47FF-45D4-B2DF-3205A01AB599};";2026-09-17 11:43:01;2026-09-17 11:43:01;{2BA4D458-13F4-4936-A3E0-B75D234A688D};256
4386;1;8;9;{29FF496B-47FF-45D4-B2DF-3205A01AB599};"8,10,{34076E62-A904-4F16-AD67-B5AEF83D4089};";2026-09-17 11:43:01;2026-09-17 11:43:01;{2FFE37C2-A8C9-4518-978F-7740ADAA57B9};256
4387;1;8;9;{397916DB-2A3A-4D7F-9546-7125810A5E11};"8,10,{6FB6FF52-8580-48B3-8AF9-8EE0636B05EB};";2026-09-17 11:43:01;2026-09-17 11:43:01;{4249F14E-095E-407D-B69A-EED25A050EAF};256
4388;1;8;10;{7654F21A-7251-43D0-908C-5162E3DA766A};"8,9,{03CEDCCF-7924-4BD9-B2D9-8A2B697C073A};";2026-09-17 11:43:01;2026-09-17 11:43:01;{368B6338-F408-4127-851B-49A0749A5030};256
4389;1;8;9;{03CEDCCF-7924-4BD9-B2D9-8A2B697C073A};"8,10,{7654F21A-7251-43D0-908C-5162E3DA766A};";2026-09-17 11:43:01;2026-09-17 11:43:01;{AD470518-04D8-4BDF-A695-F0DC3A0BCFDC};256
4390;1;8;10;{E91B5E38-A011-4EEC-B97C-11DFA8075A4A};"8,9,{48A96308-A64B-4E38-B864-9F25E9556ACC};";2026-09-17 11:43:01;2026-09-17 11:43:01;{6C8670F4-B115-477A-9184-FA84A02D6626};256
4391;1;8;9;{A9009559-8D50-420F-8525-0BB7CFCB5D3B};"8,10,{C4B74021-6C1F-4AF8-936D-BD51F0F0A057};";2026-09-17 11:43:01;2026-09-17 11:43:01;{6E606C25-F10D-4F8A-87D1-E0CB9A7E4087};256
4392;1;8;10;{FCF11CB6-27DE-40E0-861F-74E94FC34EC6};"8,9,{9AD3B38D-4F26-4B86-B99C-929A9A1A0FEE};";2026-09-17 11:43:01;2026-09-17 11:43:01;{DEC84279-D765-4A0F-8690-EF80EC2DA9BC};256
4393;1;8;10;{530417E3-4060-43B4-88D4-8C2C557DE662};"8,9,{A71B5579-29C3-4B9A-9B28-BC673DF4317E};8,9,{4A9A2024-6F9C-43A1-A223-C8EA0356047E};";2026-09-17 11:43:01;2026-09-17 11:43:01;{606274AC-C887-4E63-857B-56705747A169};256
4394;1;8;9;{A71B5579-29C3-4B9A-9B28-BC673DF4317E};"8,10,{530417E3-4060-43B4-88D4-8C2C557DE662};";2026-09-17 11:43:01;2026-09-17 11:43:01;{B749027B-6B10-4725-BD7E-04B00CE033CE};256
4395;1;8;10;{E1F1C56F-4A4E-4105-83F9-9F0E14CE02D9};"8,9,{10ACFA37-128A-4FEA-8CD1-0A2BF655B3F7};8,9,{33E0CFE2-AFB6-486C-ABFF-F600AB52E147};";2026-09-17 11:43:01;2026-09-17 11:43:01;{6FB3C4BB-217F-4BB8-A7CE-19E29A1D926E};256
4396;1;8;10;{527ECE9B-92CA-4856-9C3B-719F34DED1F8};"8,9,{503BBB5B-F076-4B1C-9E7A-B84011C76E26};";2026-09-17 11:43:01;2026-09-17 11:43:01;{B049A1F3-185B-4706-95E2-0EB3F1EDDEB4};256
4397;1;8;9;{AA712A77-27BD-44C8-A030-7E90B934B869};"8,10,{725FE071-90C1-489C-A7B6-0E145C1E90D8};";2026-09-17 11:43:01;2026-09-17 11:43:01;{43B26A2A-4F67-4974-BB31-28836A1DC751};256
4398;1;8;10;{786F5613-2A01-43D1-8E89-E6F18269FBA8};"8,9,{3921FDF4-4FA2-4382-992A-1BF221AE40FC};";2026-09-17 11:43:01;2026-09-17 11:43:01;{BEB962FC-3A44-4CB5-A1D4-EBDC38B053F5};256
4399;1;8;10;{9F4F9836-77E6-4DE0-B8BD-09FA6388F5C1};"8,9,{BAA4452C-4B53-4D45-822A-697490544D20};";2026-09-17 11:43:01;2026-09-17 11:43:01;{1EE2BD36-828E-4DF1-8BDF-8D36C807D3A0};256
4400;1;8;9;{7CE5DE6E-138A-4188-BFB2-8D41879158DE};"8,10,{38B9ED03-A90B-4716-AE48-99F85097EC80};";2026-09-17 11:43:01;2026-09-17 11:43:01;{29DD5331-ADA2-4EC1-B0B1-54FAD611DE2C};256
4401;1;8;10;{9FD7BB5A-4506-43FE-A17A-3BE4B065057E};"8,9,{7D75421A-2664-452B-AC4E-004A8F037B4E};";2026-09-17 11:43:01;2026-09-17 11:43:01;{DFD37126-4D02-40A7-AAED-A8EAEB58B395};256
4402;1;8;9;{7D75421A-2664-452B-AC4E-004A8F037B4E};"8,10,{9FD7BB5A-4506-43FE-A17A-3BE4B065057E};";2026-09-17 11:43:01;2026-09-17 11:43:01;{A8A6CC3D-E936-4D85-B74A-D08D7F3820C7};256
4403;1;8;9;{39BB940C-66AE-4045-B073-DA74E0157D62};"8,10,{DD34260A-A6D4-4FC5-AC22-D88629509324};";2026-09-17 11:43:01;2026-09-17 11:43:01;{92CA7730-B53B-499A-BDEC-9C914C01A409};256
4404;1;8;9;{92C83AE2-D0AB-4EB9-AAD0-0F64A71E6970};"8,10,{E17CC2FE-ED60-4499-99A2-83A3A2C4C382};";2026-09-17 11:43:01;2026-09-17 11:43:01;{5D44B3F3-EB4F-48E7-BCC2-63732280D82A};256
4405;1;8;9;{8F2BFB0F-BB23-4467-913A-D945F6F52E99};"8,10,{C4B74021-6C1F-4AF8-936D-BD51F0F0A057};";2026-09-17 11:43:01;2026-09-17 11:43:01;{CCCC829D-53D3-45A8-B8B3-B1AAD2F97DE2};256
4406;1;8;9;{D3291B30-128A-44E6-ACE6-142EFCA0C83C};"8,10,{58D127C0-7C22-427C-B19F-B9BE02455DCE};";2026-09-17 11:43:01;2026-09-17 11:43:01;{F864FABB-F364-4417-8947-FAF4A03DA42D};256
4407;1;8;9;{2438A9CF-8FAD-4B35-A3D5-92F92EBCB628};"8,10,{5852DAB3-5E7A-4BD6-8D3C-28ADA6D365D0};";2026-09-17 11:43:01;2026-09-17 11:43:01;{0D2EE7B4-61D0-4802-A835-D7198CFCD6A4};256
4408;1;8;9;{4A9A2024-6F9C-43A1-A223-C8EA0356047E};"8,10,{530417E3-4060-43B4-88D4-8C2C557DE662};";2026-09-17 11:43:01;2026-09-17 11:43:01;{99F6E3B0-01CA-46EF-90DC-FFD508DDF9E3};256
4409;1;8;10;{3E560064-C303-4838-AC13-BA6EBA4924BD};"8,9,{3F957F0A-9284-44A8-A948-793CEA25CBED};8,9,{AB927BE2-3EC1-45AB-84B2-DD50302E2CB9};8,9,{087EE732-1E6D-42D2-935B-967C436A11CC};8,9,{2B85A7C9-E6DD-429C-BF85-0A429DEB1262};";2026-09-17 11:43:01;2026-09-17 11:43:01;{D072A86B-7981-4779-A95C-349B14276880};256
4410;1;8;10;{24900C72-3DC0-4B06-909E-1B01218DEA5E};"8,9,{D569F36E-EA5C-449F-A481-9D80B4090E69};";2026-09-17 11:43:01;2026-09-17 11:43:01;{20B0B340-B29D-4958-A30F-17AA99B9F952};256
4411;1;8;9;{D569F36E-EA5C-449F-A481-9D80B4090E69};"8,10,{24900C72-3DC0-4B06-909E-1B01218DEA5E};";2026-09-17 11:43:01;2026-09-17 11:43:01;{A4FAFF65-EA24-4B7B-9995-60593D3D02A7};256
4412;1;8;10;{00756324-A407-4B06-8B7A-AD017E0562F6};"8,9,{AE4A2507-076D-4532-A6FF-04C38D4DE85D};";2026-09-17 11:43:01;2026-09-17 11:43:01;{BFF9F064-A253-4C4E-89DE-720A36115445};256
4413;1;8;9;{9E26E435-FB5C-43D4-B52D-7557DA3FB652};"8,10,{790B7261-A1A8-47A7-B60B-B74BA6FAECAF};";2026-09-17 11:43:01;2026-09-17 11:43:01;{CE965058-A123-4526-8800-DACB5F2E6D3B};256
4414;1;8;9;{D071F545-9062-4BE1-9C31-45A949AAAB49};"8,10,{296FD65A-2576-4F59-929F-9D379DC9D141};";2026-09-17 11:43:01;2026-09-17 11:43:01;{5958B11D-4419-404A-9904-A6EE7FF627F7};256
4415;1;8;10;{4EE13225-18B3-4D67-B799-35F1F1E6D7C2};"8,9,{2E7D0371-FAE3-4EBB-95FF-F199F0F23FFF};8,9,{F6EF98C3-8D5D-42E2-A93E-4A0A92EBE9C9};";2026-09-17 11:43:01;2026-09-17 11:43:01;{814A4518-8FF4-4CF8-8C2E-1F9C2E18FE7A};256
4416;1;8;9;{2E7D0371-FAE3-4EBB-95FF-F199F0F23FFF};"8,10,{4EE13225-18B3-4D67-B799-35F1F1E6D7C2};";2026-09-17 11:43:01;2026-09-17 11:43:01;{1D4EDAA7-145E-431E-BBC2-B55993671F72};256
4417;1;8;9;{F0BF378E-FC0D-4D8D-8BAD-12BBA040D47B};"8,10,{C501126F-304E-4856-BCF8-36DEE77AAB51};";2026-09-17 11:43:01;2026-09-17 11:43:01;{B22FE74A-67DF-467B-BCA8-23288B3E1587};256
4418;1;8;10;{0B58E270-70FD-470A-ADCE-C6E467170D23};"8,9,{D83A460B-023B-4ACA-80F0-4F66902093B0};";2026-09-17 11:43:01;2026-09-17 11:43:01;{4AE86D14-85C5-4BC8-BE61-4A3B9FBD9801};256
4419;1;8;9;{D83A460B-023B-4ACA-80F0-4F66902093B0};"8,10,{0B58E270-70FD-470A-ADCE-C6E467170D23};";2026-09-17 11:43:01;2026-09-17 11:43:01;{EA3DBDCB-60F1-4EEC-AE85-00C676A8F2D8};256
4420;1;8;9;{5143AC6B-89E0-4B88-8F36-63684DC75EA4};"8,10,{CF3D42EA-7259-40ED-95CC-72AD1A880DFC};";2026-09-17 11:43:01;2026-09-17 11:43:01;{D5C18E5D-AFA5-4DB3-9AC7-592E27456EF1};256
4421;1;8;10;{416AA557-63AD-4CBA-B8F3-779840AAC83E};"8,9,{9239D258-6EA0-42DA-8153-602E2441740B};";2026-09-17 11:43:01;2026-09-17 11:43:01;{1CF7C2D4-5A52-4C30-9C7A-B1A96C8CBB70};256
4422;1;8;9;{9239D258-6EA0-42DA-8153-602E2441740B};"8,10,{416AA557-63AD-4CBA-B8F3-779840AAC83E};";2026-09-17 11:43:01;2026-09-17 11:43:01;{F0AAFC1A-53F9-4431-A739-4F1FFB83500C};256
4423;1;8;10;{94EDBBCB-60AA-4C92-AC40-D935A3853E03};"8,9,{C95F4CF0-C627-46A1-B028-F6B619B92267};";2026-09-17 11:43:01;2026-09-17 11:43:01;{6FE36076-6D07-4F6B-A255-DCAC32474414};256
4424;1;8;10;{B96DB031-83F2-4E8D-BBB6-9A1DB8C95ADE};"8,9,{32A2F85F-1F95-4C84-AE8E-E9F2A477639C};";2026-09-17 11:43:01;2026-09-17 11:43:01;{606A2BA7-CA1D-4114-91D3-391A0B62951D};256
4425;1;8;9;{8AB85DBB-45AE-4356-BDFF-5D3880C3E18F};"8,10,{4F096076-1074-4988-85E3-D42821FFB7BD};";2026-09-17 11:43:01;2026-09-17 11:43:01;{6ED78FC0-7E56-4950-8A3F-F7EA23445C34};256
4426;1;8;10;{99E94DD6-0A1E-4B88-AA17-CF833C275510};"8,9,{511F7078-E56C-4E30-B90E-671762F2CD0A};";2026-09-17 11:43:01;2026-09-17 11:43:01;{1E218AB9-E7FB-49FB-912E-1753F15FD57E};256
4427;1;8;10;{49325A1F-D1DD-4A29-9CB7-4210BCB15847};"8,9,{6D87BF41-10B4-49CB-8700-CCC8F807C60A};";2026-09-17 11:43:01;2026-09-17 11:43:01;{488B4BC4-941F-4E65-8AE9-79A8C1AE913F};256
4428;1;8;9;{6D87BF41-10B4-49CB-8700-CCC8F807C60A};"8,10,{49325A1F-D1DD-4A29-9CB7-4210BCB15847};";2026-09-17 11:43:01;2026-09-17 11:43:01;{6777DD6B-0D23-4160-A6CE-43BE42FDA42D};256
4429;1;8;10;{AA43A8EF-4329-4F19-8440-823242C7528A};"8,9,{306B3127-4834-4686-B31E-EAFFC420C4CF};";2026-09-17 11:43:01;2026-09-17 11:43:01;{10EF465C-BE3F-4BB9-9244-C724190AC3CD};256
4430;1;8;9;{306B3127-4834-4686-B31E-EAFFC420C4CF};"8,10,{AA43A8EF-4329-4F19-8440-823242C7528A};";2026-09-17 11:43:01;2026-09-17 11:43:01;{3C6D9B38-D997-426C-BA90-3ABF0C898CD0};256
4431;1;8;10;{2C54C977-6335-4188-BDAC-818DBD49E748};"8,9,{25998C50-8717-4B61-A0FE-ECCE7A411091};";2026-09-17 11:43:01;2026-09-17 11:43:01;{0D3438F5-3116-4E49-9C9B-3496D63746FE};256
4432;1;8;9;{25998C50-8717-4B61-A0FE-ECCE7A411091};"8,10,{2C54C977-6335-4188-BDAC-818DBD49E748};";2026-09-17 11:43:01;2026-09-17 11:43:01;{2B0C7165-0559-4AA9-9DE2-B927AC9A1C9F};256
4433;1;8;10;{E93F6930-BFC7-44EF-BBC0-9E52307C0A1E};"8,9,{73CBE972-37A7-49C4-B505-D41E7F8DE1A6};";2026-09-17 11:43:01;2026-09-17 11:43:01;{6889698A-DE15-4D16-B143-7AAFAA665A87};256
4434;1;8;9;{51D222E9-80B0-4EF6-A601-CAD246F0BA11};"8,10,{7524A3EE-7D3A-4A3C-A49B-46713DF3EB3A};";2026-09-17 11:43:01;2026-09-17 11:43:01;{23BC3718-33B1-47DC-98F9-D79085649892};256
4435;1;8;10;{201FA78A-3FB8-45CD-8BAE-E0A6C4514F52};"8,9,{DE4B0E08-F56C-43BA-A2BD-0864D5742516};";2026-09-17 11:43:01;2026-09-17 11:43:01;{D5D7BF7C-B6E1-45B3-BB4F-93EBA7511966};256
4436;1;8;10;{DA482980-1AB5-4D08-961E-3116482E986C};"8,9,{FD404AE6-8F3A-48C0-AFC2-4C9F727B7356};";2026-09-17 11:43:01;2026-09-17 11:43:01;{DAB4B71B-41B2-454A-8443-9006DFA627FC};256
4437;1;8;9;{FD404AE6-8F3A-48C0-AFC2-4C9F727B7356};"8,10,{DA482980-1AB5-4D08-961E-3116482E986C};";2026-09-17 11:43:01;2026-09-17 11:43:01;{2DA96ED4-EC0A-4797-A465-E07342F5F095};256
4438;1;8;9;{33992C87-7D0A-49B2-9374-7CC91CEA6785};"8,10,{5852DAB3-5E7A-4BD6-8D3C-28ADA6D365D0};";2026-09-17 11:43:01;2026-09-17 11:43:01;{06360AD0-7456-4C25-9BB5-A306355DC670};256
4439;1;8;10;{9C401504-C06A-4DBE-8060-DF11F51BFBC5};"8,9,{5419C033-BD4D-4F79-B3E0-9685E4D0209D};";2026-09-17 11:43:01;2026-09-17 11:43:01;{74725028-FC75-409B-A98D-CAF742FA3D40};256
4440;1;8;9;{5419C033-BD4D-4F79-B3E0-9685E4D0209D};"8,10,{9C401504-C06A-4DBE-8060-DF11F51BFBC5};";2026-09-17 11:43:01;2026-09-17 11:43:01;{CC6F2D8D-94EA-4DD5-9B75-BFC84164C8C4};256
4441;1;8;10;{2A53BCF7-A96D-44E7-AE5F-86693FD4CC5E};"8,9,{1A713520-680F-4620-BD30-D9196D4B0F76};";2026-09-17 11:43:01;2026-09-17 11:43:01;{724CEA58-71C7-4436-BD42-D9A4C69309C6};256
4442;1;8;9;{1A713520-680F-4620-BD30-D9196D4B0F76};"8,10,{2A53BCF7-A96D-44E7-AE5F-86693FD4CC5E};";2026-09-17 11:43:01;2026-09-17 11:43:01;{27625056-0329-4343-AEB0-1B9797A6EF01};256
4443;1;8;10;{05BE6843-4719-4059-9DC9-B24FC81DD4A4};"8,9,{56FF3363-A39B-47DC-B729-2588255DE47C};";2026-09-17 11:43:01;2026-09-17 11:43:01;{4BDB2105-5BCC-49C1-B19A-2A5A581AAF2F};256
4444;1;8;9;{56FF3363-A39B-47DC-B729-2588255DE47C};"8,10,{05BE6843-4719-4059-9DC9-B24FC81DD4A4};";2026-09-17 11:43:01;2026-09-17 11:43:01;{3D262E18-66C7-4CFF-BDA4-803FB00CF914};256
4445;1;8;9;{F6EF98C3-8D5D-42E2-A93E-4A0A92EBE9C9};"8,10,{4EE13225-18B3-4D67-B799-35F1F1E6D7C2};";2026-09-17 11:43:01;2026-09-17 11:43:01;{7EFC2AC3-9DD5-4ECC-B236-63F29D262CE4};256
4446;1;8;9;{55E3567E-99D7-4275-8DFF-FBA8EC2F4431};"8,10,{86AA5F07-F538-4385-A577-2EE5807800C5};";2026-09-17 11:43:01;2026-09-17 11:43:01;{6EA73985-6562-4F4C-BB6F-FB36BB3F4B5F};256
4447;1;8;9;{0B4EB34B-97FC-4E99-B742-D96562CF6CFB};"8,10,{6D657974-CC61-437B-8540-A2EF2FEC3970};";2026-09-17 11:43:01;2026-09-17 11:43:01;{E6D4B9D4-3B5D-46EA-A471-E5D61B75D905};256
4448;1;8;10;{0021E29C-1C06-4A34-BEDC-45D3C1282258};"8,9,{DF60FF0B-A537-4D9D-B247-BBA0C291325F};";2026-09-17 11:43:01;2026-09-17 11:43:01;{774D0731-E8BA-46EA-B301-C8E00CF26784};256
4449;1;8;9;{DF60FF0B-A537-4D9D-B247-BBA0C291325F};"8,10,{0021E29C-1C06-4A34-BEDC-45D3C1282258};";2026-09-17 11:43:01;2026-09-17 11:43:01;{D1A0380B-0A30-4E38-A799-793517A4F5AC};256
4450;1;8;10;{48DD2AC7-8FEE-4B37-B0A9-D38D7D879799};"8,9,{63AF7EE0-7A39-43F0-AFB8-628A123D7B8B};";2026-09-17 11:43:01;2026-09-17 11:43:01;{2A564A83-F38F-4387-B2ED-5820A90B5E6E};256
4451;1;8;9;{63AF7EE0-7A39-43F0-AFB8-628A123D7B8B};"8,10,{48DD2AC7-8FEE-4B37-B0A9-D38D7D879799};";2026-09-17 11:43:01;2026-09-17 11:43:01;{1260A261-B528-413D-ABE9-096F461462DE};256
4452;1;8;10;{881A1C52-187C-4397-A20C-A9B9940F19F0};"8,9,{D5EC16E4-3FE9-4074-A7F4-C9DBE3424B27};8,9,{3A5E3DAC-E9E5-4EB9-B700-0908B2F82764};";2026-09-17 11:43:01;2026-09-17 11:43:01;{E2D41C73-D91A-4088-9542-FF8C358D276D};256
4453;1;8;9;{3A7EA6BB-1E61-4925-A12B-3F6BB74D3DEE};"8,10,{81CD4800-799F-4351-BD0A-5283283A2051};";2026-09-17 11:43:01;2026-09-17 11:43:01;{167262A7-B792-4635-A38E-9E00B4349408};256
4454;1;8;9;{01FB7815-60C2-4B1E-9AAA-5378E5EB5605};"8,10,{E450C738-B32C-4928-B959-BBFD28F2BD14};";2026-09-17 11:43:01;2026-09-17 11:43:01;{2740E029-40D2-4C34-B7DE-F4682AB83391};256
4455;1;8;9;{2B85A7C9-E6DD-429C-BF85-0A429DEB1262};"8,10,{3E560064-C303-4838-AC13-BA6EBA4924BD};";2026-09-17 11:43:01;2026-09-17 11:43:01;{D077805B-E7CE-468D-A455-6DDD00246D1D};256
4456;1;8;9;{31B5FB3B-22C9-426F-AFAB-1AEB570FEFC9};"8,10,{7524A3EE-7D3A-4A3C-A49B-46713DF3EB3A};";2026-09-17 11:43:01;2026-09-17 11:43:01;{AC32AD8F-1666-434E-AAEB-6E8EDC6FE924};256
4457;1;8;9;{363AD69B-4C16-4A65-A604-53BF031B124D};"8,10,{823C2AFF-E29C-4549-B7CA-D7FDD3441427};";2026-09-17 11:43:01;2026-09-17 11:43:01;{E96BC336-86C3-44AE-928F-D76EBF05C47C};256
4458;1;8;9;{6DA7950C-2980-4B1C-9CA2-51EAA2F176F4};"8,10,{688C75D5-F97D-425C-AFA5-284191FFC3E5};";2026-09-17 11:43:01;2026-09-17 11:43:01;{A1DC5717-6C7C-4937-9174-A50BCB0F9F53};256
4459;1;8;10;{C2A7D83A-756E-4C22-9CB4-65F845A6E58D};"8,9,{F4C467E5-BD4D-489C-81CB-D3165E5DAD89};";2026-09-17 11:43:01;2026-09-17 11:43:01;{59BBB52A-41BE-474E-B7BE-7FDDE4EAA789};256
4460;1;8;10;{7ACF0E18-A5C1-478B-AB11-8C034C32FCBD};"8,9,{64F3BDBA-96BE-4101-9383-B2615975F21F};";2026-09-17 11:43:01;2026-09-17 11:43:01;{9D77E54F-59C8-4B62-9BAD-DA64D409BB4A};256
4461;1;8;10;{B09D653E-B144-4BC5-B676-4038E5097240};"8,9,{7F922597-B802-4030-AB6A-C7E67B6B93E1};";2026-09-17 11:43:01;2026-09-17 11:43:01;{DD7FB56B-1613-4B73-BC80-C6945B50A725};256
4462;1;8;10;{DFB934F1-B118-4960-A4B5-C50898949F9A};"8,9,{F350F381-FEC5-48D1-8F2C-5054BD0DCEE9};8,9,{368E176B-965A-4B55-96BD-347E7FBAE4B7};";2026-09-17 11:43:01;2026-09-17 11:43:01;{2343ED8E-2AEE-4755-98B4-9955BF9A2C8D};256
4463;1;8;9;{F350F381-FEC5-48D1-8F2C-5054BD0DCEE9};"8,10,{DFB934F1-B118-4960-A4B5-C50898949F9A};";2026-09-17 11:43:01;2026-09-17 11:43:01;{84E37E00-0C25-403A-9917-0D0069E4375F};256
4464;1;8;10;{1B2110B7-9597-4E3E-B069-02DF8C7D7E75};"8,9,{7481B40D-5671-43C5-A8A5-55B491249349};";2026-09-17 11:43:01;2026-09-17 11:43:01;{862544BE-D1F8-43CD-9AFB-D21C8B74D381};256
4465;1;8;9;{7481B40D-5671-43C5-A8A5-55B491249349};"8,10,{1B2110B7-9597-4E3E-B069-02DF8C7D7E75};";2026-09-17 11:43:01;2026-09-17 11:43:01;{ECE25066-FBAC-447D-84C1-4A37876BBE90};256
4466;1;8;10;{42B02275-B299-4AF7-8663-D7FD36854E94};"8,9,{ECD88766-7CB7-4FB3-9243-AB407F5EE82C};8,9,{4B9E51A7-3D2E-4AE7-900A-B5C770A7691C};8,9,{59CB1B3E-E65B-4451-B43D-007AC5BBA177};";2026-09-17 11:43:01;2026-09-17 11:43:01;{2B6B0A6B-200D-4030-B3DC-E0C9D503D751};256
4467;1;8;9;{ECD88766-7CB7-4FB3-9243-AB407F5EE82C};"8,10,{42B02275-B299-4AF7-8663-D7FD36854E94};";2026-09-17 11:43:01;2026-09-17 11:43:01;{ECB3CE45-9572-4513-9A07-447DFAF0BE20};256
4468;1;8;10;{94EAE616-A554-4E29-9F68-84E610A80BC6};"8,9,{5984409F-AE9C-4D31-851A-CD254D3FD85F};";2026-09-17 11:43:01;2026-09-17 11:43:01;{B1C13FE3-6A3F-46EF-9E6E-1BF27DA9AB30};256
4469;1;8;10;{EEDB779F-4417-4A18-8286-13C410D9E2C1};"8,9,{80B54D46-9422-4EF3-B7DE-9D687C9D41C3};";2026-09-17 11:43:01;2026-09-17 11:43:01;{557C3646-26B9-4789-876E-1BD2D41BCC0E};256
4470;1;8;9;{80B54D46-9422-4EF3-B7DE-9D687C9D41C3};"8,10,{EEDB779F-4417-4A18-8286-13C410D9E2C1};";2026-09-17 11:43:01;2026-09-17 11:43:01;{65AEEEF8-8822-423E-88DD-1FBECD321CA4};256
4471;1;8;9;{41916522-BBE9-4C0F-94E2-A7A14D7801AB};"8,10,{ADE50D1B-7985-4394-965F-86FB06888AFC};";2026-09-17 11:43:01;2026-09-17 11:43:01;{39FDA10C-B807-460A-B479-C8D0AB39C30F};256
4472;1;8;9;{8B9A036B-43F7-4D26-BB0A-BF88D26F0635};"8,10,{697823D1-63E9-45D4-ABAB-36E33E88802D};";2026-09-17 11:43:01;2026-09-17 11:43:01;{4964BF53-8E11-4F1C-B57B-24D8F4117BEF};256
4473;1;8;10;{066576AD-DDC9-448B-827F-87C78BC7EAC6};"8,9,{14C3F584-4A15-4404-AAAA-ACFA2D229F5E};";2026-09-17 11:43:01;2026-09-17 11:43:01;{DB2ECB7E-4E83-4951-A72D-39C30A4936F6};256
4474;1;8;9;{4FB38698-BB04-4F88-B922-015CE2ABD5CE};"8,10,{CC4EDECF-4B91-4604-ADD5-B5066177E67A};";2026-09-17 11:43:01;2026-09-17 11:43:01;{C72C13EE-226E-4D23-8501-635769054FB8};256
4475;1;8;10;{BA0B2D66-8E42-45D0-B030-8E1A50D95C96};"8,9,{BAD4E3A2-3C1E-4F80-9952-FFF476A1E07C};";2026-09-17 11:43:01;2026-09-17 11:43:01;{D98FE2B8-3865-4496-AD38-2EC56C553863};256
4476;1;8;9;{BAD4E3A2-3C1E-4F80-9952-FFF476A1E07C};"8,10,{BA0B2D66-8E42-45D0-B030-8E1A50D95C96};";2026-09-17 11:43:01;2026-09-17 11:43:01;{F2CAA002-93AA-4387-B59D-2717365B930D};256
4477;1;8;9;{864AFF93-D9E4-4B05-B006-2D90C9A0DD0E};"8,10,{303AD75D-490E-4752-B5C8-13963238F1B9};";2026-09-17 11:43:01;2026-09-17 11:43:01;{7D765BBC-8496-497A-A8BC-0E1A1110F86A};256
4478;1;8;10;{CDAC9458-A723-4B00-8AE3-1818ABE91C2C};"8,9,{7D786ACF-B7AA-494E-A320-2244E4A65CF9};";2026-09-17 11:43:01;2026-09-17 11:43:01;{F0B44029-58DF-44AE-BE6E-D01E91B0A5F1};256
4479;1;8;9;{7D786ACF-B7AA-494E-A320-2244E4A65CF9};"8,10,{CDAC9458-A723-4B00-8AE3-1818ABE91C2C};";2026-09-17 11:43:01;2026-09-17 11:43:01;{EF08DF79-5B76-473C-8D5B-93824690B336};256
4480;1;8;9;{193C87C9-3806-46C5-BD1F-5E1CC07DB424};"8,10,{A8231E31-9705-47AA-B278-A44C5465B1E0};";2026-09-17 11:43:01;2026-09-17 11:43:01;{64B1F683-92FD-427F-8102-708345F80C92};256
4481;1;8;9;{4B9E51A7-3D2E-4AE7-900A-B5C770A7691C};"8,10,{42B02275-B299-4AF7-8663-D7FD36854E94};";2026-09-17 11:43:01;2026-09-17 11:43:01;{ABE43F76-7B0A-4648-AF35-0EE064347F25};256
4482;1;8;9;{3A5E3DAC-E9E5-4EB9-B700-0908B2F82764};"8,10,{881A1C52-187C-4397-A20C-A9B9940F19F0};";2026-09-17 11:43:01;2026-09-17 11:43:01;{D8A5684E-32F4-4919-9321-3DAB9C44042A};256
4483;1;8;9;{07DAEAF2-75F8-4148-B8BF-AE56166839C0};"8,10,{ADE50D1B-7985-4394-965F-86FB06888AFC};";2026-09-17 11:43:01;2026-09-17 11:43:01;{ABFB7A9E-72F2-449B-A53F-602B10690D4E};256
4484;1;8;9;{04A5B960-8B92-4B60-933A-079A83E25C3E};"8,10,{AE83DE3B-D1C1-4EC0-BAA8-C2C5AD1E4831};";2026-09-17 11:43:01;2026-09-17 11:43:01;{51890551-705A-4F50-8265-84372212FA14};256
4485;1;8;10;{B85692F6-413D-498B-89E4-C516A15961DF};"8,9,{BC9ABDCA-5381-4473-8A86-6C30A870A062};";2026-09-17 11:43:01;2026-09-17 11:43:01;{1C855589-8A64-48B7-9231-F1176DC1A734};256
4486;1;8;9;{BC9ABDCA-5381-4473-8A86-6C30A870A062};"8,10,{B85692F6-413D-498B-89E4-C516A15961DF};";2026-09-17 11:43:01;2026-09-17 11:43:01;{28660FCA-E0AE-4B9A-A2BF-B514DBED1A73};256
4487;1;8;10;{1701D8EB-47A4-40FC-85A1-73902C9EB316};"8,9,{A086CA46-A305-4CE2-9BD2-C497A3F92427};";2026-09-17 11:43:01;2026-09-17 11:43:01;{68E01DE4-AC2D-4DD9-BA20-EF28F9D765FA};256
4488;1;8;9;{A086CA46-A305-4CE2-9BD2-C497A3F92427};"8,10,{1701D8EB-47A4-40FC-85A1-73902C9EB316};";2026-09-17 11:43:01;2026-09-17 11:43:01;{1B290773-31E1-4708-A18A-EA94AC3F47F3};256
4489;1;8;10;{E6E9AAD0-0BF6-4EF8-B528-7AC374BCD47B};"8,9,{A5632618-AC8F-4FB5-AF56-D46FC0C00592};";2026-09-17 11:43:01;2026-09-17 11:43:01;{C6B04293-9BFF-42BD-A4E5-A4A7D25DC846};256
4490;1;8;9;{A5632618-AC8F-4FB5-AF56-D46FC0C00592};"8,10,{E6E9AAD0-0BF6-4EF8-B528-7AC374BCD47B};";2026-09-17 11:43:01;2026-09-17 11:43:01;{570532F8-E0E8-4F7C-9699-AED255801FF7};256
4491;1;8;9;{2476F87C-4757-4261-9009-06A54099EC8E};"8,10,{A8231E31-9705-47AA-B278-A44C5465B1E0};";2026-09-17 11:43:01;2026-09-17 11:43:01;{AC2FAE55-83D0-4E9D-8A54-BD47D595744F};256
4492;1;8;9;{1B6CA485-6E06-4084-BEE9-10C04B57DAEB};"8,10,{C78A6B14-A052-4349-9977-93FBB4FB7559};";2026-09-17 11:43:01;2026-09-17 11:43:01;{D539981B-B678-4D0B-B927-6907D18FB7AD};256
4493;1;8;9;{59CB1B3E-E65B-4451-B43D-007AC5BBA177};"8,10,{42B02275-B299-4AF7-8663-D7FD36854E94};";2026-09-17 11:43:01;2026-09-17 11:43:01;{8498D61B-780C-4021-B523-329E2F84D087};256
4494;1;8;10;{F7710ACF-4117-4A5F-BA1E-C68886811BB1};"8,9,{D7E526F8-9A9A-4E3B-BC57-DFA2F3EB5342};";2026-09-17 11:43:01;2026-09-17 11:43:01;{22686FFF-5BDE-4B13-B51F-DF40EB3327F0};256
4495;1;8;9;{D7E526F8-9A9A-4E3B-BC57-DFA2F3EB5342};"8,10,{F7710ACF-4117-4A5F-BA1E-C68886811BB1};";2026-09-17 11:43:01;2026-09-17 11:43:01;{9F484407-0852-42D9-9BFC-93ACEBFC2B94};256
4496;1;8;10;{B36C04E3-87ED-4633-948E-09550002F5F8};"8,9,{D8238D66-3104-415D-87AB-C704E337E42C};";2026-09-17 11:43:01;2026-09-17 11:43:01;{75F9EAED-1CFC-4398-8FF1-E761C0AF06FE};256
4497;1;8;9;{D8238D66-3104-415D-87AB-C704E337E42C};"8,10,{B36C04E3-87ED-4633-948E-09550002F5F8};";2026-09-17 11:43:01;2026-09-17 11:43:01;{CEC41C5E-5631-48D4-BD05-1D493E00C53E};256
4498;1;8;10;{3822CA2A-FBE3-41FE-A48B-A1FCB64F71BF};"8,9,{BA6D21AB-EECB-46F5-9AB0-DD53A20802F2};8,9,{AA31DCC5-3F0F-4708-9D51-5713601ECFB4};";2026-09-17 11:43:01;2026-09-17 11:43:01;{A7A85044-E8A2-49CF-8DB6-23BB394F1302};256
4499;1;8;9;{BA6D21AB-EECB-46F5-9AB0-DD53A20802F2};"8,10,{3822CA2A-FBE3-41FE-A48B-A1FCB64F71BF};";2026-09-17 11:43:01;2026-09-17 11:43:01;{0147422A-76EA-4AA4-A0FE-C6BA9D778A3F};256
4500;1;8;9;{73B987B8-E074-461F-8610-15D3AA7FDD06};"8,10,{3B1AF08A-8F0A-4AB4-A6EB-D6E3D01A25D4};";2026-09-17 11:43:01;2026-09-17 11:43:01;{DDF1CC91-92BC-4A18-95A9-13FAB7D8ACA5};256
4501;1;8;9;{AA31DCC5-3F0F-4708-9D51-5713601ECFB4};"8,10,{3822CA2A-FBE3-41FE-A48B-A1FCB64F71BF};";2026-09-17 11:43:01;2026-09-17 11:43:01;{7B5488F4-2864-45FE-89C3-D00284C8275F};256
4502;1;8;10;{2D406F14-62F1-47B7-8F0A-F3246543916E};"8,9,{D45ABC5F-C1C7-4893-9B44-6EF13326F27E};";2026-09-17 11:43:01;2026-09-17 11:43:01;{86721EA8-7FC6-4EA9-A394-6C0B66022E6F};256
4503;1;8;9;{D45ABC5F-C1C7-4893-9B44-6EF13326F27E};"8,10,{2D406F14-62F1-47B7-8F0A-F3246543916E};";2026-09-17 11:43:01;2026-09-17 11:43:01;{70C107AF-2BCB-4873-9AC6-7E911723494B};256
4504;1;8;10;{A065E192-3499-4143-9F01-83F84443487E};"8,9,{6370331C-1729-4622-8C11-7DFDE0514703};";2026-09-17 11:43:01;2026-09-17 11:43:01;{8616A901-D076-4E8C-B85E-8F40B90C8712};256
4505;1;8;9;{6370331C-1729-4622-8C11-7DFDE0514703};"8,10,{A065E192-3499-4143-9F01-83F84443487E};";2026-09-17 11:43:01;2026-09-17 11:43:01;{0A92810F-2703-418C-BDA2-70E3BABC5D6F};256
4506;1;8;9;{5648AE0F-FE56-4499-A552-5F844D8534AB};"8,10,{ADE50D1B-7985-4394-965F-86FB06888AFC};";2026-09-17 11:43:01;2026-09-17 11:43:01;{09BCF012-3BBD-4B2F-B481-152773B2A36E};256
4507;1;8;9;{2A32D51F-67FD-4ACD-BC05-5D8A18C5BB65};"8,10,{81A24124-3A7B-4154-87E8-C39EF7A57CE8};";2026-09-17 11:43:01;2026-09-17 11:43:01;{7A9541D0-1DDC-446E-BFD5-482A7D14F1D7};256
4508;1;8;10;{D77C7897-E37F-4745-BA0A-801D26DD1465};"8,9,{0CE5209D-08A9-4CC8-82D1-44C1F29F3F19};";2026-09-17 11:43:01;2026-09-17 11:43:01;{4D382683-D195-434C-8C05-580C3241C740};256
4509;1;8;9;{696BA064-237F-47D8-A439-ABA8C74FDA63};"8,10,{41E2CAA2-C6B7-4B73-9469-D78E9D0FB543};";2026-09-17 11:43:01;2026-09-17 11:43:01;{7A60D634-D440-4CA8-87A2-BE4EEF91A1FD};256
4510;1;8;10;{0248ECB5-A216-4B10-B459-B285414D4F7A};"8,9,{CBE25017-91E5-4F46-8950-BE6640B076B5};";2026-09-17 11:43:01;2026-09-17 11:43:01;{75A63CB0-F400-4847-B256-DD10E8540914};256
4511;1;8;10;{FC8D5E33-15C9-4798-961D-1EB998C62C1E};"8,9,{508BAA69-0FE8-45ED-8981-18E69B454AB3};";2026-09-17 11:43:01;2026-09-17 11:43:01;{73E644DA-3D7F-4A14-89BE-61E94B054670};256
4512;1;8;9;{508BAA69-0FE8-45ED-8981-18E69B454AB3};"8,10,{FC8D5E33-15C9-4798-961D-1EB998C62C1E};";2026-09-17 11:43:01;2026-09-17 11:43:01;{E8C5005D-1A5E-4EB5-9A68-E63F96D44F7D};256
4513;1;8;10;{67E01641-D030-4E56-BA29-6451A070EC5D};"8,9,{00CAA678-8B85-4FC8-B00B-B8AA4529E9AD};8,9,{0ECCF0CB-3F44-4C07-A32E-21CB08C3FA5B};";2026-09-17 11:43:01;2026-09-17 11:43:01;{9AF75FFA-F775-4589-AFB9-056BE95AC5A8};256
4514;1;8;9;{00CAA678-8B85-4FC8-B00B-B8AA4529E9AD};"8,10,{67E01641-D030-4E56-BA29-6451A070EC5D};";2026-09-17 11:43:01;2026-09-17 11:43:01;{A38F3B0E-28D4-4488-BF68-6A7F8A12E675};256
4515;1;8;10;{4597A8F1-FE5B-4C52-9D19-353DAB4F04C4};"8,9,{5CBB4382-CD3C-4A9B-94F1-567DD89FB32B};";2026-09-17 11:43:01;2026-09-17 11:43:01;{CFE778D0-0766-4947-ADA9-F967EF78C1E1};256
4516;1;8;9;{5CBB4382-CD3C-4A9B-94F1-567DD89FB32B};"8,10,{4597A8F1-FE5B-4C52-9D19-353DAB4F04C4};";2026-09-17 11:43:01;2026-09-17 11:43:01;{73BA44A3-5AF0-434B-B856-A5051E23B4B3};256
4517;1;8;10;{28DA8649-8D1A-4B3E-839F-5823D97511A6};"8,9,{E0317A81-2A0C-47DA-8890-83CF718B7BA7};";2026-09-17 11:43:01;2026-09-17 11:43:01;{C81D14C6-AA1E-48DA-A889-2810BC3F49EF};256
4518;1;8;9;{E0317A81-2A0C-47DA-8890-83CF718B7BA7};"8,10,{28DA8649-8D1A-4B3E-839F-5823D97511A6};";2026-09-17 11:43:01;2026-09-17 11:43:01;{9A2F273E-E3A9-4761-998A-517EE35F4ED0};256
4519;1;8;10;{CE3F8472-4BBA-4BC8-AC67-21D82D8E4A05};"8,9,{2E38E8A0-C130-4D22-9165-9147F7CC635C};";2026-09-17 11:43:01;2026-09-17 11:43:01;{ACF54090-EADF-4F5D-B72A-A18D776D538E};256
4520;1;8;9;{2E38E8A0-C130-4D22-9165-9147F7CC635C};"8,10,{CE3F8472-4BBA-4BC8-AC67-21D82D8E4A05};";2026-09-17 11:43:01;2026-09-17 11:43:01;{47702A21-DD02-46E4-A9A9-A4EDCAE12EA1};256
4521;1;8;9;{99041F6D-9F68-435C-9B34-F6B08FC28EE2};"8,10,{ADE50D1B-7985-4394-965F-86FB06888AFC};";2026-09-17 11:43:01;2026-09-17 11:43:01;{F957B64B-C70D-49A4-84AD-E198EFCC0395};256
4522;1;8;10;{9EA80799-380B-4B7E-B73D-7F85EA8CD844};"8,9,{0AAE1F5D-1C02-4CFC-8CA1-859BE82B5559};";2026-09-17 11:43:01;2026-09-17 11:43:01;{0BFB8086-02AD-4865-9C14-94A1729289C0};256
4523;1;8;9;{0AAE1F5D-1C02-4CFC-8CA1-859BE82B5559};"8,10,{9EA80799-380B-4B7E-B73D-7F85EA8CD844};";2026-09-17 11:43:01;2026-09-17 11:43:01;{3BFE8FFA-95EA-41E0-8AFD-E2D7C3DEFC30};256
4524;1;8;10;{9C87287E-4FD3-4BD1-9179-9549A3E84E8C};"8,9,{7A0B818F-AABA-4DB5-AE66-56F4BD216DAD};";2026-09-17 11:43:01;2026-09-17 11:43:01;{E03825A3-60F2-490B-B74D-48E9B9C968F9};256
4525;1;8;10;{CCA19DDF-B470-4B33-BE2E-43336170917F};"8,9,{A2E43845-1CB3-4A88-81EA-F11510547F0D};";2026-09-17 11:43:01;2026-09-17 11:43:01;{D17BC318-810E-49BE-BBF8-7F41877347B3};256
4526;1;8;9;{A2E43845-1CB3-4A88-81EA-F11510547F0D};"8,10,{CCA19DDF-B470-4B33-BE2E-43336170917F};";2026-09-17 11:43:01;2026-09-17 11:43:01;{A681089A-C913-4D9A-BCB0-412CFD42E8F8};256
4527;1;8;10;{A4804E3D-6C1A-4CA7-8E80-9DD0079109AA};"8,9,{3ECC9D35-80DA-4B93-8CFC-4ADFFB75E4D1};";2026-09-17 11:43:01;2026-09-17 11:43:01;{D507FADB-E5B3-4367-9941-D94679BA3601};256
4528;1;8;10;{A54A2884-A7B8-4C87-8C6C-3E8E827F3077};"8,9,{EA446F3A-F0B0-4B20-BF0E-D10F2AE81155};";2026-09-17 11:43:01;2026-09-17 11:43:01;{119C7BC0-94FC-4387-BAF0-039B4DF0626F};256
4529;1;8;9;{EA446F3A-F0B0-4B20-BF0E-D10F2AE81155};"8,10,{A54A2884-A7B8-4C87-8C6C-3E8E827F3077};";2026-09-17 11:43:01;2026-09-17 11:43:01;{C086BFD8-D145-4D76-9FA4-C77272535728};256
4530;1;8;9;{0ECCF0CB-3F44-4C07-A32E-21CB08C3FA5B};"8,10,{67E01641-D030-4E56-BA29-6451A070EC5D};";2026-09-17 11:43:01;2026-09-17 11:43:01;{07152747-DF72-4212-A071-A3A1664CC052};256
4531;1;8;10;{99E86B97-335F-477B-9CE3-AA008F2F0E78};"8,9,{D56BF804-C920-4FD5-BE8B-084FF54CF005};";2026-09-17 11:43:01;2026-09-17 11:43:01;{D2FB8A8A-A1A6-462D-812B-7E762CFDDA6D};256
4532;1;8;9;{D56BF804-C920-4FD5-BE8B-084FF54CF005};"8,10,{99E86B97-335F-477B-9CE3-AA008F2F0E78};";2026-09-17 11:43:01;2026-09-17 11:43:01;{0F4C2DDD-A171-4EDD-B940-237D7B9C7CBB};256
4533;1;8;10;{904CCC6C-4722-4213-9730-03DCA456F966};"8,9,{99882180-E388-491D-9E01-3BA65AC564D2};";2026-09-17 11:43:01;2026-09-17 11:43:01;{C781727B-05E7-46CA-BFFD-03D8148C52FF};256
4534;1;8;9;{99882180-E388-491D-9E01-3BA65AC564D2};"8,10,{904CCC6C-4722-4213-9730-03DCA456F966};";2026-09-17 11:43:01;2026-09-17 11:43:01;{69C47EEB-1819-4C4F-8134-875BB16C4EE9};256
4535;1;8;10;{4C95B910-CB1A-4053-8C25-3B7CFE445770};"8,9,{48013765-A004-4D1E-A672-3B7335399F23};";2026-09-17 11:43:01;2026-09-17 11:43:01;{780A76B9-6924-4CDE-B396-9AE33402D9AA};256
4536;1;8;10;{5B642722-2693-4C64-BBAA-2EB2A8DFDCC0};"8,9,{D7409CCE-FBCF-47CF-A902-E111F2AA9D8F};";2026-09-17 11:43:01;2026-09-17 11:43:01;{4E69D810-C843-447A-86EB-DD4B613E02E4};256
4537;1;8;9;{D7409CCE-FBCF-47CF-A902-E111F2AA9D8F};"8,10,{5B642722-2693-4C64-BBAA-2EB2A8DFDCC0};";2026-09-17 11:43:01;2026-09-17 11:43:01;{7C7144AF-F090-46B0-B7E0-1D904CD776F6};256
4538;1;8;10;{94FBC77B-5A4A-4401-9CBE-DDD58EE638A6};"8,9,{831E686C-BA05-4FBA-B6CB-ADECFC3F6D9A};";2026-09-17 11:43:01;2026-09-17 11:43:01;{490B9A3D-FE57-4FB2-8AE8-D5C3F114C8ED};256
4539;1;8;9;{831E686C-BA05-4FBA-B6CB-ADECFC3F6D9A};"8,10,{94FBC77B-5A4A-4401-9CBE-DDD58EE638A6};";2026-09-17 11:43:01;2026-09-17 11:43:01;{8BDAFD90-BB44-4373-B62A-EE419B214DA8};256
4540;1;8;9;{F7AF898F-31E2-4C70-B060-7783EC972659};"8,10,{ADE50D1B-7985-4394-965F-86FB06888AFC};";2026-09-17 11:43:01;2026-09-17 11:43:01;{CB31ABF7-E1BC-44A3-B6AF-FB9B510F80A0};256
4541;1;8;10;{FCF53E60-C0C8-4B37-8B93-74C8C03ED303};"8,9,{DDE6D80D-3399-4641-9550-50A4A8A318D2};";2026-09-17 11:43:01;2026-09-17 11:43:01;{5D185B6C-4005-480A-920F-2045833E81E7};256
4542;1;8;9;{DDE6D80D-3399-4641-9550-50A4A8A318D2};"8,10,{FCF53E60-C0C8-4B37-8B93-74C8C03ED303};";2026-09-17 11:43:01;2026-09-17 11:43:01;{DCFC3536-632C-4619-A426-2C715313BDD7};256
4543;1;8;10;{5CC9F447-D1E6-4BCD-B82F-13BEAFB11069};"8,9,{79453EA6-04A2-417E-A4BB-3BFAB3FA6CA1};8,9,{4DC46D9E-8F26-4247-B5A0-6A4480FE3759};8,9,{B758D01E-4AFA-4B73-BE26-4EB3C00CA19E};";2026-09-17 11:43:01;2026-09-17 11:43:01;{7054D73A-CF32-45FE-893E-527CB89ADAEE};256
4544;1;8;9;{4DC46D9E-8F26-4247-B5A0-6A4480FE3759};"8,10,{5CC9F447-D1E6-4BCD-B82F-13BEAFB11069};";2026-09-17 11:43:01;2026-09-17 11:43:01;{B55E222D-0974-4A62-989D-BAAB2E36579D};256
4545;1;8;10;{6BADDD55-AD3F-4DAF-85F9-F463959DFF54};"8,9,{CDBA3E79-23CF-4EE0-BC47-4F7B82E0DD3A};";2026-09-17 11:43:01;2026-09-17 11:43:01;{7BA9432F-20AF-453E-B714-E7A849934026};256
4546;1;8;9;{CDBA3E79-23CF-4EE0-BC47-4F7B82E0DD3A};"8,10,{6BADDD55-AD3F-4DAF-85F9-F463959DFF54};";2026-09-17 11:43:01;2026-09-17 11:43:01;{BE7CA6F3-CB57-4937-B2E9-5FF23486E86C};256
4547;1;8;10;{4D021BBC-4B7F-4B23-BD24-C9A215AA383C};"8,9,{46FD885A-590C-4663-9620-047F058055C1};8,9,{14392EE0-4DAB-428C-8179-F644E3D1FC2D};";2026-09-17 11:43:01;2026-09-17 11:43:01;{CE4E3108-716F-4E3B-800E-04572CEA253F};256
4548;1;8;10;{563B2ACF-7EF2-4DD3-9AEE-C2C77FFB956E};"8,9,{4A85FFD6-E052-4079-A6AC-EEEBE4A19102};";2026-09-17 11:43:01;2026-09-17 11:43:01;{1634FCF8-3242-4CB8-BBD1-9BE65DEC86E2};256
4549;1;8;10;{6A3883B6-8568-4237-A68F-CB31127C5BCB};"8,9,{6B62A5B8-6AA8-4E00-B237-227AA7FA35B6};8,9,{A9E5F2CB-3585-405E-B3C9-3F07EEE19AC5};";2026-09-17 11:43:01;2026-09-17 11:43:01;{24C6435B-AA3B-4D68-8E0E-E64AF1E3E154};256
4550;1;8;9;{A9E5F2CB-3585-405E-B3C9-3F07EEE19AC5};"8,10,{6A3883B6-8568-4237-A68F-CB31127C5BCB};";2026-09-17 11:43:01;2026-09-17 11:43:01;{5BC3BB68-204F-4C29-98EC-31A090CEB655};256
4551;1;8;9;{0CE5209D-08A9-4CC8-82D1-44C1F29F3F19};"8,10,{D77C7897-E37F-4745-BA0A-801D26DD1465};";2026-09-17 11:43:01;2026-09-17 11:43:01;{28139535-5510-46CB-89D6-3131FCE14C5C};256
4552;1;8;10;{3688088F-0E03-4EC1-84F3-B0F5E51A4729};"8,9,{4F387E54-2F27-4387-A8CA-80B80C10CAF0};8,9,{F5BCCA15-1322-4FF5-B711-2FC596EADF2C};";2026-09-17 11:43:01;2026-09-17 11:43:01;{B053BD5B-81B7-4B58-872A-D7D9AA887A95};256
4553;1;8;9;{4F387E54-2F27-4387-A8CA-80B80C10CAF0};"8,10,{3688088F-0E03-4EC1-84F3-B0F5E51A4729};";2026-09-17 11:43:01;2026-09-17 11:43:01;{E8AA2048-99AD-484A-9FB2-31D551568CA3};256
4554;1;8;9;{F5BCCA15-1322-4FF5-B711-2FC596EADF2C};"8,10,{3688088F-0E03-4EC1-84F3-B0F5E51A4729};";2026-09-17 11:43:01;2026-09-17 11:43:01;{697FCBB8-ACC5-4481-98DE-70833B561FC4};256
4555;1;8;9;{0F49C988-6BD6-4C46-B46C-1F213640384D};"8,10,{ADE50D1B-7985-4394-965F-86FB06888AFC};";2026-09-17 11:43:01;2026-09-17 11:43:01;{5D21A68C-B00D-4B14-BCA7-6CBD1A4579D3};256
4556;1;8;10;{C798A7CB-4A52-48C2-BAEA-9EF79281601C};"8,9,{E1251170-48B9-47EC-9608-AB04B70C6FCD};";2026-09-17 11:43:01;2026-09-17 11:43:01;{E34EF032-2CB7-4691-921C-1FB07DA8C4B7};256
4557;1;8;9;{E1251170-48B9-47EC-9608-AB04B70C6FCD};"8,10,{C798A7CB-4A52-48C2-BAEA-9EF79281601C};";2026-09-17 11:43:01;2026-09-17 11:43:01;{3A126642-C5D7-4E87-990B-F6F28B459650};256
4558;1;8;10;{8F69B07D-0FF7-4574-8BC7-A72BD75C8F6E};"8,9,{2BF4BB24-DEC0-4CB1-BF8F-6213DBB4E67D};";2026-09-17 11:43:01;2026-09-17 11:43:01;{8603B577-6226-44F1-A5DD-F6E3F21A9853};256
4559;1;8;9;{2BF4BB24-DEC0-4CB1-BF8F-6213DBB4E67D};"8,10,{8F69B07D-0FF7-4574-8BC7-A72BD75C8F6E};";2026-09-17 11:43:01;2026-09-17 11:43:01;{A0DC7E85-A589-458F-9E77-66FDF7FAFAFA};256
4560;1;8;10;{84E17740-8F11-40A0-A807-6D7A71177C08};"8,9,{4142281E-40BE-4FD6-8DBD-AB43453FABC7};";2026-09-17 11:43:01;2026-09-17 11:43:01;{A4A9D40C-C100-4B98-BF3C-407832DDA207};256
4561;1;8;10;{F28ECB0B-E1D2-4964-BFFF-315BF1229E42};"8,9,{2D83DBD2-F6B5-4A3D-9995-2067BF566577};";2026-09-17 11:43:01;2026-09-17 11:43:01;{38EE2BE7-3299-4A26-8333-594C6945AB08};256
4562;1;8;9;{2D83DBD2-F6B5-4A3D-9995-2067BF566577};"8,10,{F28ECB0B-E1D2-4964-BFFF-315BF1229E42};";2026-09-17 11:43:01;2026-09-17 11:43:01;{FED6ACEE-4484-44BA-97A7-6A040DB0601D};256
4563;1;8;9;{12E52135-777A-4135-9404-2F2891B7CC37};"8,10,{C84CF6A1-470C-4717-8E91-93EEC8DCF268};";2026-09-17 11:43:01;2026-09-17 11:43:01;{291B4B3E-61F7-4E95-BC95-3A101DCA5668};256
4564;1;8;10;{2BCD675E-A66E-4D57-AF64-B8B25456A9CD};"8,9,{51F99DF9-C246-4CB6-A714-21855EAFE018};";2026-09-17 11:43:01;2026-09-17 11:43:01;{0D6FCBE3-A592-44C9-80EF-7BA478D81DDF};256
4565;1;8;9;{51F99DF9-C246-4CB6-A714-21855EAFE018};"8,10,{2BCD675E-A66E-4D57-AF64-B8B25456A9CD};";2026-09-17 11:43:01;2026-09-17 11:43:01;{F397F0FD-6D65-4341-A328-BCC5D27CE67B};256
4566;1;8;9;{4AF2A6C6-0FA2-4413-BA93-30F97CA263C3};"8,10,{5638CB45-1DDE-4D37-8D39-44C44E2851B2};";2026-09-17 11:43:01;2026-09-17 11:43:01;{46D475A3-43A3-41A3-A4D7-68A6DE4F184F};256
4567;1;8;10;{85EEF606-E93D-4A53-8756-2CA5D8070050};"8,9,{20FBFCDB-E662-4EE8-A546-1B86A496E9CC};8,9,{3ECB0865-CDEB-41AA-9EA6-866F615FDE83};";2026-09-17 11:43:01;2026-09-17 11:43:01;{29DA1500-DC3C-4F9B-B542-4462D6C79C8B};256
4568;1;8;9;{B758D01E-4AFA-4B73-BE26-4EB3C00CA19E};"8,10,{5CC9F447-D1E6-4BCD-B82F-13BEAFB11069};";2026-09-17 11:43:01;2026-09-17 11:43:01;{B85ACCE4-583E-4EE9-93B5-3492DB26571A};256
4569;1;8;10;{B9182A14-F47B-4B44-AEA9-04282DFDB90E};"8,9,{0F86D897-00B2-4734-92BB-73E5F6830B65};";2026-09-17 11:43:01;2026-09-17 11:43:01;{CDCADEE9-BE8E-4F36-BA29-179C08F57B80};256
4570;1;8;10;{B6B5BC72-5648-4375-8BD1-3FD2D1F599D6};"8,9,{FC1A9501-45C8-4CB8-A6AE-FF651C52A277};";2026-09-17 11:43:01;2026-09-17 11:43:01;{FE8D4776-A0D9-43F8-89E5-9161DF38ACA9};256
4571;1;8;9;{FC1A9501-45C8-4CB8-A6AE-FF651C52A277};"8,10,{B6B5BC72-5648-4375-8BD1-3FD2D1F599D6};";2026-09-17 11:43:01;2026-09-17 11:43:01;{093C25A4-0358-46FF-89AE-72413E3D947B};256
4572;1;8;9;{B92FA51A-D56E-4FB6-8810-AD333FE4BAC2};"8,10,{ADE50D1B-7985-4394-965F-86FB06888AFC};";2026-09-17 11:43:01;2026-09-17 11:43:01;{DF7CAA48-9E66-4095-A39F-56DAB7012639};256
4573;1;8;9;{92FE16B3-C668-4777-8467-747600956956};"8,10,{DFFFCDED-39CD-4F33-80E1-647C749499D0};";2026-09-17 11:43:01;2026-09-17 11:43:01;{5107529B-7BD1-4284-84E7-40C032B9B8E2};256
4574;1;8;10;{D3015D61-CA0F-4F60-B03B-D12C37DD5403};"8,9,{D44BFBBE-3466-435C-B8E5-458861D69344};";2026-09-17 11:43:01;2026-09-17 11:43:01;{C002301A-4C44-4D82-B4C1-87D66182E947};256
4575;1;8;9;{D44BFBBE-3466-435C-B8E5-458861D69344};"8,10,{D3015D61-CA0F-4F60-B03B-D12C37DD5403};";2026-09-17 11:43:01;2026-09-17 11:43:01;{FBDB660F-1D9B-4F53-B081-2884E0F1B037};256
4576;1;8;9;{822871B4-5753-4690-9D1D-73355CCA799B};"8,10,{DFFFCDED-39CD-4F33-80E1-647C749499D0};";2026-09-17 11:43:01;2026-09-17 11:43:01;{77BFA28F-1FB0-44CE-B4E1-52F76D43AE7B};256
4577;1;8;9;{07BCC9C1-B8AF-4175-B8A6-805E9CA95801};"8,10,{F0EEB4E7-7D5A-426B-AF6F-EB390C88F8C9};";2026-09-17 11:43:01;2026-09-17 11:43:01;{3D658590-81B0-4022-8444-1F9F1A385BA6};256
4578;1;8;9;{333D7F8B-A1E6-479A-A012-8DE82DF760B1};"8,10,{368ED561-9076-4C88-BA75-F007F66CF109};";2026-09-17 11:43:01;2026-09-17 11:43:01;{97D318EC-95A9-4E8C-804E-30FA118AD2CB};256
4579;1;8;10;{A7C73E56-158A-470A-8886-05B9188D0FE4};"8,9,{DCA6865C-FD52-48F8-A680-26F0C7FD2B82};";2026-09-17 11:43:01;2026-09-17 11:43:01;{A892B12A-C68D-4CE1-958C-354C15C0DC4A};256
4580;1;8;9;{C3E23CE9-7C30-4B5D-9A1A-9D03520399FA};"8,10,{ADE50D1B-7985-4394-965F-86FB06888AFC};";2026-09-17 11:43:01;2026-09-17 11:43:01;{B6AD0C6B-0653-4F43-A32A-9EC2E2538C9C};256
4581;1;8;9;{26726110-4B8B-40C0-A2AF-2119E0B77D94};"8,10,{1CF73A5E-FD9B-4915-AD0D-7BA9574A3276};";2026-09-17 11:43:01;2026-09-17 11:43:01;{FDF9B77B-A9C9-4CF6-9130-A80E53144C71};256
4582;1;8;10;{2B4A9F6E-52AD-4D43-A03D-B24A258EEFC3};"8,9,{4A06CE7B-9B2F-4111-89A3-76F0F460379B};";2026-09-17 11:43:01;2026-09-17 11:43:01;{C540B194-FEAF-499C-B4FC-7EF1C3C5409D};256
4583;1;8;10;{8607C021-EE14-449D-AAEE-C2A0446940E7};"8,9,{EA547C9D-3DEF-444D-96CD-F057FC9E0E2B};";2026-09-17 11:43:01;2026-09-17 11:43:01;{C99EA4D3-47C8-42EF-B5A6-852F353EAA38};256
4584;1;8;9;{EA547C9D-3DEF-444D-96CD-F057FC9E0E2B};"8,10,{8607C021-EE14-449D-AAEE-C2A0446940E7};";2026-09-17 11:43:01;2026-09-17 11:43:01;{5AE6F190-AEF7-463F-9B75-D00B5015777C};256
4585;1;8;10;{DD26AA13-4DB4-46F5-8D79-FE9971DCCA59};"8,9,{9D74E2E3-C9BE-40AF-AC47-27579F676CFB};8,9,{5A516252-F2D4-4545-BEFC-06AF326464BC};8,9,{E13B609A-6A5D-481D-8B1B-F17488F9341A};";2026-09-17 11:43:01;2026-09-17 11:43:01;{E9CC71FC-E0BA-48B5-AAD5-94E6F8055357};256
4586;1;8;9;{9D74E2E3-C9BE-40AF-AC47-27579F676CFB};"8,10,{DD26AA13-4DB4-46F5-8D79-FE9971DCCA59};";2026-09-17 11:43:01;2026-09-17 11:43:01;{A8E4BA03-10E0-4848-A752-8D6F1896CF21};256
4587;1;8;10;{9D0B9640-DCF2-4F71-AB50-D6EC10869963};"8,9,{2CC4AE78-DD5C-4FCF-B77F-3157D653BC2F};";2026-09-17 11:43:01;2026-09-17 11:43:01;{AAAE2B8C-DDB5-4AA2-8198-B652C760FFDB};256
4588;1;8;9;{2CC4AE78-DD5C-4FCF-B77F-3157D653BC2F};"8,10,{9D0B9640-DCF2-4F71-AB50-D6EC10869963};";2026-09-17 11:43:01;2026-09-17 11:43:01;{4E1343DD-E0DB-4D50-87F2-E7E17AC2FC7F};256
4589;1;8;10;{EDB18A26-999F-40F3-B69B-13C20CFE7426};"8,9,{7265AF52-E150-46C9-8EFB-75F78B345D68};";2026-09-17 11:43:01;2026-09-17 11:43:01;{B7F2316F-5C49-42A7-A98A-258D7B9FEE12};256
4590;1;8;9;{13B89616-AF02-4F56-B5D2-4E604E71FA08};"8,10,{22AF94E9-E9DB-486C-B586-09ECF921A953};";2026-09-17 11:43:01;2026-09-17 11:43:01;{E74CD560-BCCF-4A2E-9E8D-F3E17F786296};256
4591;1;8;10;{B14B3A0B-FC16-49ED-88D5-26975E144BC5};"8,9,{2C21D8B4-2F71-4194-AA75-2BC636FD2034};";2026-09-17 11:43:01;2026-09-17 11:43:01;{E650C35C-C581-4355-B778-2F1DF8713EF8};256
4592;1;8;9;{2C21D8B4-2F71-4194-AA75-2BC636FD2034};"8,10,{B14B3A0B-FC16-49ED-88D5-26975E144BC5};";2026-09-17 11:43:01;2026-09-17 11:43:01;{DC504B4C-B671-4ECD-A0FA-530A24FF1528};256
4593;1;8;10;{E0F85FE8-E426-43E8-BC04-7908C8D83124};"8,9,{0F5638DD-2F35-4038-A0CE-1C335CEAD3F3};";2026-09-17 11:43:01;2026-09-17 11:43:01;{D18C8537-AE0F-4259-BFC5-D928868140B4};256
4594;1;8;9;{0F5638DD-2F35-4038-A0CE-1C335CEAD3F3};"8,10,{E0F85FE8-E426-43E8-BC04-7908C8D83124};";2026-09-17 11:43:01;2026-09-17 11:43:01;{9BD2EC94-09ED-4F32-9027-4A7D40E7D782};256
4595;1;8;10;{11E13C60-96C9-4666-B188-7996B2A8778A};"8,9,{7D08B5C2-061F-48DB-B9F1-4850631ED86B};";2026-09-17 11:43:01;2026-09-17 11:43:01;{AE5DD07A-D8C4-4372-A231-6EBF364B4507};256
4596;1;8;9;{7D08B5C2-061F-48DB-B9F1-4850631ED86B};"8,10,{11E13C60-96C9-4666-B188-7996B2A8778A};";2026-09-17 11:43:01;2026-09-17 11:43:01;{A26836BA-F371-4541-B82C-F16EF9EFF0EC};256
4597;1;8;9;{5984409F-AE9C-4D31-851A-CD254D3FD85F};"8,10,{94EAE616-A554-4E29-9F68-84E610A80BC6};";2026-09-17 11:43:01;2026-09-17 11:43:01;{76863709-23C8-45DE-9EEA-54F88050E71A};256
4598;1;8;10;{0A8882BA-E5B0-4371-8424-8D1B68A9545F};"8,9,{EAB0E27E-8E95-40F0-AEC4-1E3A9821C0D1};";2026-09-17 11:43:01;2026-09-17 11:43:01;{BCE5B85E-EBA8-4288-9E43-6F8F7DF2E4ED};256
4599;1;8;10;{F4714FCD-7F85-4063-93F4-10FC1783CAAD};"8,9,{8D77AFA1-C2D1-4C15-872F-ED504CAAC4F0};";2026-09-17 11:43:01;2026-09-17 11:43:01;{F8DFF04C-D8D1-4D00-AA28-DD6D7E75BBCE};256
4600;1;8;9;{8D77AFA1-C2D1-4C15-872F-ED504CAAC4F0};"8,10,{F4714FCD-7F85-4063-93F4-10FC1783CAAD};";2026-09-17 11:43:01;2026-09-17 11:43:01;{B4B47F4E-C262-44EC-B6A5-DF730D642DDB};256
4601;1;8;10;{E52DE33F-4A6C-4C4A-9315-C7A3096E442E};"8,9,{A7E2E423-E784-4D28-89AE-875B0DF3997F};";2026-09-17 11:43:01;2026-09-17 11:43:01;{2C598137-3355-4DC7-833F-86DACA71EBBC};256
4602;1;8;9;{A7E2E423-E784-4D28-89AE-875B0DF3997F};"8,10,{E52DE33F-4A6C-4C4A-9315-C7A3096E442E};";2026-09-17 11:43:01;2026-09-17 11:43:01;{66BD4FDB-77A6-417A-B411-3696F934CCBC};256
4603;1;8;10;{20546088-4DFB-4E19-A481-5BA8A364C396};"8,9,{DA8ADB05-D681-482A-A653-AFD114079FE3};";2026-09-17 11:43:01;2026-09-17 11:43:01;{0A522332-14A4-4EA0-AB18-571089292021};256
4604;1;8;9;{DA8ADB05-D681-482A-A653-AFD114079FE3};"8,10,{20546088-4DFB-4E19-A481-5BA8A364C396};";2026-09-17 11:43:01;2026-09-17 11:43:01;{FABE8D5B-067C-4A35-97DD-356FA730A53B};256
4605;1;8;10;{F06C12AA-43C2-44F1-8911-EF9B220679C7};"8,9,{B0785A5D-70D6-49F2-82E2-D0086B46A9B7};";2026-09-17 11:43:01;2026-09-17 11:43:01;{0CD682BA-5BFC-455B-AA71-E1BEEC2896A0};256
4606;1;8;10;{79374D54-0084-4E9B-AD7E-832BBE8C83DC};"8,9,{06B3C4DF-6B0B-4152-8C0E-ECB0AB08FF6B};";2026-09-17 11:43:01;2026-09-17 11:43:01;{FE7ED21C-3869-43C1-847A-FD214C68E9AD};256
4607;1;8;9;{06B3C4DF-6B0B-4152-8C0E-ECB0AB08FF6B};"8,10,{79374D54-0084-4E9B-AD7E-832BBE8C83DC};";2026-09-17 11:43:01;2026-09-17 11:43:01;{6252ABF4-74A2-42B8-A424-5199C6071158};256
4608;1;8;10;{9D5F0E75-EAB3-429D-885B-6433E6AF4A7A};"8,9,{D732168C-662C-4B66-96A3-E27E465973BA};8,9,{D8EF7F59-86B1-411D-BA3C-8CDCB8BD8079};8,9,{7D7B7B6C-2F1D-457C-AF96-991A7AB8845D};8,9,{BE7E8C17-344F-4875-BB0E-04E43FF8A34F};8,9,{B37652F0-224C-4BA7-81DD-DC4EC1C537F1};";2026-09-17 11:43:01;2026-09-17 11:43:01;{A7CBF414-8B7E-4892-8E86-68B1B1285CB4};256
4609;1;8;9;{D732168C-662C-4B66-96A3-E27E465973BA};"8,10,{9D5F0E75-EAB3-429D-885B-6433E6AF4A7A};";2026-09-17 11:43:01;2026-09-17 11:43:01;{CA36D185-87EB-462E-9FEF-9EA7718BFBBB};256
4610;1;8;9;{CBE25017-91E5-4F46-8950-BE6640B076B5};"8,10,{0248ECB5-A216-4B10-B459-B285414D4F7A};";2026-09-17 11:43:01;2026-09-17 11:43:01;{B8D56FE7-3B53-4364-979A-E86963C76C99};256
4611;1;8;9;{BE7E8C17-344F-4875-BB0E-04E43FF8A34F};"8,10,{9D5F0E75-EAB3-429D-885B-6433E6AF4A7A};";2026-09-17 11:43:01;2026-09-17 11:43:01;{E98FCB24-F4DC-4491-A6ED-54771FF8DF21};256
4612;1;8;9;{B37652F0-224C-4BA7-81DD-DC4EC1C537F1};"8,10,{9D5F0E75-EAB3-429D-885B-6433E6AF4A7A};";2026-09-17 11:43:01;2026-09-17 11:43:01;{B1950E41-95A8-4F77-B5D6-9A403047B544};256
4613;1;8;10;{29F4A838-9D7A-4355-8DFD-150BDA64197A};"8,9,{9BFAB391-1322-4E6E-ADB8-D5AABAC5AC20};";2026-09-17 11:43:01;2026-09-17 11:43:01;{BC4F0E4A-3991-4573-8AD6-44DC807FB004};256
4614;1;8;9;{9BFAB391-1322-4E6E-ADB8-D5AABAC5AC20};"8,10,{29F4A838-9D7A-4355-8DFD-150BDA64197A};";2026-09-17 11:43:01;2026-09-17 11:43:01;{CC329157-989E-4C6E-BFAD-E67B6EB193CD};256
4615;1;8;10;{22A23D0F-4D34-4A5E-BF10-6EA710675899};"8,9,{C8D1EB9E-84B4-4C1A-A074-DE821B6821C0};";2026-09-17 11:43:01;2026-09-17 11:43:01;{64577A48-DC0C-4010-BBC9-5C8E4A44E1B8};256
4616;1;8;9;{3EC138A6-2844-4AB5-926C-3F34C39F4A5A};"8,10,{D585520E-C7DF-466A-A30F-E371E75FA329};";2026-09-17 11:43:01;2026-09-17 11:43:01;{02DC4FF5-C23E-426B-BCF1-3FDBAB2BC02C};256
4617;1;8;10;{332F1A04-278E-4068-842B-53194C4AE72D};"8,9,{708CA288-FBF7-41A9-BACF-AF4DD0918716};";2026-09-17 11:43:01;2026-09-17 11:43:01;{B58A7B38-FB5F-4280-A319-8C618BDC0A08};256
4618;1;8;10;{F2AEEC72-6224-42FA-A065-34C11CBCC721};"8,9,{BB81C6C1-D125-4283-BBDD-1D486A511176};";2026-09-17 11:43:01;2026-09-17 11:43:01;{CDCDAE3E-F077-4FB4-A213-1CDEBE7895B5};256
4619;1;8;9;{BB81C6C1-D125-4283-BBDD-1D486A511176};"8,10,{F2AEEC72-6224-42FA-A065-34C11CBCC721};";2026-09-17 11:43:01;2026-09-17 11:43:01;{22443360-9096-4616-8B18-6CC02C5D893C};256
4620;1;8;10;{83E5218E-3CF0-458C-9196-FF19536A7436};"8,9,{644609EC-C5F2-4C91-9FDD-C801BF878C83};";2026-09-17 11:43:01;2026-09-17 11:43:01;{D2C45F59-4D03-4940-88DA-A5BB130A73E6};256
4621;1;8;10;{B7C502F1-A182-42EC-ABCE-EC7C14216264};"8,9,{CBCCEC82-40D3-422D-A1DD-D90B99E8869F};";2026-09-17 11:43:01;2026-09-17 11:43:01;{CFAC6312-58E8-46B3-800D-75B050BC320A};256
4622;1;8;10;{53FE6430-9B05-4A6A-AF96-2DAF4EACDCAC};"8,9,{F88582B1-0DCE-4B53-9468-1006C52054F7};";2026-09-17 11:43:01;2026-09-17 11:43:01;{5A14F4A0-DDB5-42F0-AFDC-1D6920207AD8};256
4623;1;8;9;{F88582B1-0DCE-4B53-9468-1006C52054F7};"8,10,{53FE6430-9B05-4A6A-AF96-2DAF4EACDCAC};";2026-09-17 11:43:01;2026-09-17 11:43:01;{5FB24C6B-EA13-4704-A586-9106D104AE80};256
4624;1;8;9;{7B2E984E-1820-4B68-80EF-7AEA9B7ADAAB};"8,10,{8C8DF365-4E41-4213-BB55-13DC088D19A4};";2026-09-17 11:43:01;2026-09-17 11:43:01;{981EC6AC-B80D-43B3-B350-BB33EEFAD600};256
4625;1;8;10;{1BD10EE9-8802-4F8B-8B30-BA53C3DAB423};"8,9,{E7ECEC38-8020-4508-AF1C-41C32CE8C19C};";2026-09-17 11:43:01;2026-09-17 11:43:01;{FFABC550-7243-4390-9D10-BDDADF8D6819};256
4626;1;8;9;{E7ECEC38-8020-4508-AF1C-41C32CE8C19C};"8,10,{1BD10EE9-8802-4F8B-8B30-BA53C3DAB423};";2026-09-17 11:43:01;2026-09-17 11:43:01;{156A3C0B-1219-466E-90B2-D4CFF9FCFCFD};256
4627;1;8;10;{3E3EDF6C-C9DA-4102-BF94-63AB7291143B};"8,9,{209496A7-14D8-4385-9085-828F60E34AB6};";2026-09-17 11:43:01;2026-09-17 11:43:01;{8FE85055-C07D-44A8-B8FF-A8EA89E8EFCE};256
4628;1;8;9;{209496A7-14D8-4385-9085-828F60E34AB6};"8,10,{3E3EDF6C-C9DA-4102-BF94-63AB7291143B};";2026-09-17 11:43:01;2026-09-17 11:43:01;{B4E387D1-FB77-4BBD-9A62-5EB246A04670};256
4629;1;8;9;{429861DA-121D-4EE1-A8AE-D358D91A2213};"8,10,{2C6DD044-960B-4CA4-9D0E-0EC67BADDD48};";2026-09-17 11:43:01;2026-09-17 11:43:01;{F384C8EE-7281-46AA-8EB1-F7F5E8440258};256
4630;1;8;10;{C87372C0-ABBA-4327-AF20-685AEE30B710};"8,9,{672DFF9E-05FC-4356-92EF-362FA4EF25D1};";2026-09-17 11:43:01;2026-09-17 11:43:01;{444D5D4D-A0E1-46B1-A2BC-92498DECED64};256
4631;1;8;9;{8762CE31-DFF6-40EB-A633-4CC4B1902846};"8,10,{DDE70DD0-8630-47B8-A691-0195E2330099};";2026-09-17 11:43:01;2026-09-17 11:43:01;{A34FA37B-F412-4E66-A9D0-30E6D0C1272B};256
4632;1;8;9;{796F58D8-37DF-4311-A603-7468C908DF44};"8,10,{C53FADD8-C875-446E-9AD3-FCFC65522F09};";2026-09-17 11:43:01;2026-09-17 11:43:01;{60EBE5D2-7FA7-4E61-A726-7145D602CCC1};256
4633;1;8;10;{5C70C229-367E-4677-88CE-8595C44E95C6};"8,9,{DC4D983B-F3B2-434D-8BE0-866F67FF4AA3};";2026-09-17 11:43:01;2026-09-17 11:43:01;{CAB19C75-79BA-40DC-924C-80251BFC8F30};256
4634;1;8;10;{2D36E6BC-4774-4786-8B69-F760C6FD8C6B};"8,9,{9F527EB9-39FB-4498-AD6C-7D78FA05A5BC};";2026-09-17 11:43:01;2026-09-17 11:43:01;{71C65555-40B6-47E9-902E-F4AAEFF03A89};256
4635;1;8;9;{9F527EB9-39FB-4498-AD6C-7D78FA05A5BC};"8,10,{2D36E6BC-4774-4786-8B69-F760C6FD8C6B};";2026-09-17 11:43:01;2026-09-17 11:43:01;{D566E1BA-1C72-4930-98E8-B0D3DAC60A09};256
4636;1;8;10;{AA919CC1-BF28-4BF2-A9B6-E90267C38B28};"8,9,{F4D6A455-FB1D-496B-BD9E-37D2F610AC3E};";2026-09-17 11:43:01;2026-09-17 11:43:01;{340AECB4-CD0D-427B-8629-D490F06EA970};256
4637;1;8;9;{F4D6A455-FB1D-496B-BD9E-37D2F610AC3E};"8,10,{AA919CC1-BF28-4BF2-A9B6-E90267C38B28};";2026-09-17 11:43:01;2026-09-17 11:43:01;{A119C0E5-EC6D-4389-A8CB-E81D198A8AC2};256
4638;1;8;10;{F5AE4FBA-548E-4272-9FCA-13FEBE5017DE};"8,9,{76BC3FF0-C6FF-41DA-9391-E684C982D738};";2026-09-17 11:43:01;2026-09-17 11:43:01;{44DB2B7C-7796-4D64-80D1-709CC1992D07};256
4639;1;8;9;{76BC3FF0-C6FF-41DA-9391-E684C982D738};"8,10,{F5AE4FBA-548E-4272-9FCA-13FEBE5017DE};";2026-09-17 11:43:01;2026-09-17 11:43:01;{98B01667-8595-49AC-85A3-B69F7F3B827C};256
4640;1;8;10;{591CEC0B-23C5-4B87-822E-51AE2C86B4A1};"8,9,{8FE8C976-AB29-4585-B2B5-FCFA47A3AF62};";2026-09-17 11:43:01;2026-09-17 11:43:01;{ECEC43F0-C1DC-4ACA-9DAD-4323D064075F};256
4641;1;8;10;{0976D2A6-34BB-455C-84CC-9A95C95F90F2};"8,9,{AD78CADA-E1B7-4137-B83A-68B036CA222E};";2026-09-17 11:43:01;2026-09-17 11:43:01;{0E8C11E6-67B4-4159-900D-A660EB95BD2E};256
4642;1;8;9;{AD78CADA-E1B7-4137-B83A-68B036CA222E};"8,10,{0976D2A6-34BB-455C-84CC-9A95C95F90F2};";2026-09-17 11:43:01;2026-09-17 11:43:01;{CEAA0196-8AC3-47F7-9C0F-041F18D7EE74};256
4643;1;8;9;{1B3910AB-D3BB-426D-B01B-B177578BAE91};"8,10,{1AA7AB7E-C64C-4F92-813E-BB293695C212};";2026-09-17 11:43:01;2026-09-17 11:43:01;{B534BC02-71DB-4E94-AF47-A40591812FE7};256
4644;1;8;10;{4CFD1F10-82BB-4101-AF57-D91969775ED7};"8,9,{E0A6B8B8-9FD3-46D6-9BF1-E2C829F7EFA3};8,9,{6260F4BF-D864-4B45-AF6C-01992D83D281};";2026-09-17 11:43:01;2026-09-17 11:43:01;{1BFF1446-58A9-49ED-B53B-3E172E9342B5};256
4645;1;8;9;{EB184F0C-A661-4833-BBB5-DBF43B22A9F7};"8,10,{9F995BCA-36A1-4971-AE9A-28E4F81C3C16};";2026-09-17 11:43:01;2026-09-17 11:43:01;{0F626900-E472-4DB0-B7B7-F9352EF02770};256
4646;1;8;10;{4B549E0C-954D-44C2-BAE5-CCB5C85A367B};"8,9,{BF5BF079-A2F5-4CFF-B06E-BD3767BC2A3F};";2026-09-17 11:43:01;2026-09-17 11:43:01;{69F35EBA-8251-4BF5-8D99-6593F4D9BDF3};256
4647;1;8;9;{BF5BF079-A2F5-4CFF-B06E-BD3767BC2A3F};"8,10,{4B549E0C-954D-44C2-BAE5-CCB5C85A367B};";2026-09-17 11:43:01;2026-09-17 11:43:01;{F0B8EA09-18D6-4C65-9E14-36E170FE60E9};256
4648;1;8;10;{AB32E288-F25B-4BD8-BE36-46E6516A171E};"8,9,{70FDBD53-943F-4DC2-B671-CEAC4684C0D3};8,9,{56330AC4-AE5C-497C-92CA-A16D6427A122};";2026-09-17 11:43:01;2026-09-17 11:43:01;{C4D44663-6D57-4B70-96D4-99D5E2FDE873};256
4649;1;8;9;{70FDBD53-943F-4DC2-B671-CEAC4684C0D3};"8,10,{AB32E288-F25B-4BD8-BE36-46E6516A171E};";2026-09-17 11:43:01;2026-09-17 11:43:01;{3DBE1D6B-B69D-4D37-99E6-8454689CBCEB};256
4650;1;8;10;{42FE2C21-645E-44BD-982C-857DC38D4187};"8,9,{8B429B0A-6BC5-440B-8425-27B2E1C2257A};";2026-09-17 11:43:01;2026-09-17 11:43:01;{10404C60-C4B3-49F0-A775-23F4B36632AC};256
4651;1;8;9;{56330AC4-AE5C-497C-92CA-A16D6427A122};"8,10,{AB32E288-F25B-4BD8-BE36-46E6516A171E};";2026-09-17 11:43:01;2026-09-17 11:43:01;{DCC0FEEE-9438-4363-A8E0-E61A3BC13BA4};256
4652;1;8;10;{CB5B6A8D-F7AC-40A9-87AF-2C51E3CEE637};"8,9,{C0888EE5-2E0F-408E-AD43-C35BD7A38A61};";2026-09-17 11:43:01;2026-09-17 11:43:01;{B378AF24-FEF2-4AD5-8537-6A9746764F2A};256
4653;1;8;10;{7320317C-1BCC-414C-854B-20ACB24DEDB3};"8,9,{CADFBBB4-77E5-421A-A03C-99BF4D9B42E3};";2026-09-17 11:43:01;2026-09-17 11:43:01;{9D0ACBA0-4E42-4331-91E7-13733199A39F};256
4654;1;8;9;{CADFBBB4-77E5-421A-A03C-99BF4D9B42E3};"8,10,{7320317C-1BCC-414C-854B-20ACB24DEDB3};";2026-09-17 11:43:01;2026-09-17 11:43:01;{F347DCC8-7D28-44E5-B665-9369F78652BE};256
4655;1;8;10;{B628C1ED-4823-4EAC-8765-45F5D8F514D4};"8,9,{A4394A6A-74C6-43EA-863F-978122291BA7};";2026-09-17 11:43:01;2026-09-17 11:43:01;{D167F1F2-B833-48AD-9E31-CD9B86008F24};256
4656;1;8;10;{4F096076-1074-4988-85E3-D42821FFB7BD};"8,9,{8AB85DBB-45AE-4356-BDFF-5D3880C3E18F};";2026-09-17 11:43:01;2026-09-17 11:43:01;{86B6C801-6AA3-4117-A0C4-5F2CF760260E};256
4657;1;8;9;{08691AFB-C65E-4BE4-93F1-6D2A492C93BE};"8,10,{C1C7AFCE-5A38-4BC7-BDC4-9600465BE4F7};";2026-09-17 11:43:01;2026-09-17 11:43:01;{119DDE77-25D5-484A-A105-80FA4D081468};256
4658;1;8;10;{2982EDB0-1B62-432A-A243-35A2AEEDF45C};"8,9,{B6882B2C-B175-4BA2-8D62-1D0CF3ACCFAE};";2026-09-17 11:43:01;2026-09-17 11:43:01;{6A8EC0F2-66A8-472D-B361-2413242FFF59};256
4659;1;8;9;{B6882B2C-B175-4BA2-8D62-1D0CF3ACCFAE};"8,10,{2982EDB0-1B62-432A-A243-35A2AEEDF45C};";2026-09-17 11:43:01;2026-09-17 11:43:01;{96B7E58E-F361-47BD-9DE9-8599004813B0};256
4660;1;8;10;{792496D3-0EAA-4694-8B03-2D78278FE339};"8,9,{36F5F259-4CA9-409A-9715-01DA8F5D95A4};";2026-09-17 11:43:01;2026-09-17 11:43:01;{CF47C944-9165-4E94-B05F-3BC2DB8751D2};256
4661;1;8;10;{5F8B42D3-8B9E-4B0E-9887-0FED770DA18A};"8,9,{754B190F-E719-4837-85CB-D954F0EE6292};";2026-09-17 11:43:01;2026-09-17 11:43:01;{D19FCED7-8E6D-479E-8C10-37F24858F22A};256
4662;1;8;10;{312BA727-416C-41B8-BEE8-64C51CF65DB4};"8,9,{1E7F053A-F974-4C23-90B2-31C190B1D389};";2026-09-17 11:43:01;2026-09-17 11:43:01;{D9D09CE1-D761-4A6E-979B-DC960BBFEB66};256
4663;1;8;9;{7A6B071E-951D-4054-841F-6E5CF03F7952};"8,10,{EDDE4B35-8384-462C-A025-3BFB82A0F536};";2026-09-17 11:43:01;2026-09-17 11:43:01;{B90F7F15-1D3B-400C-9487-35A0474C7519};256
4664;1;8;9;{F7E48A81-1900-4C61-81E4-76D02C06A103};"8,10,{EDDE4B35-8384-462C-A025-3BFB82A0F536};";2026-09-17 11:43:01;2026-09-17 11:43:01;{2597D4A1-826E-43B5-9D2B-0127870D3ED2};256
4665;1;8;10;{47E226FE-7E04-488D-BDA9-85B50B09DFC6};"8,9,{39E8F82D-A840-4CA7-B24F-13D4E54A0CAF};";2026-09-17 11:43:01;2026-09-17 11:43:01;{AB467C62-E409-4151-967B-6FD0E3537FBE};256
4666;1;8;10;{1382016D-4802-42AF-B34E-429F8F60186E};"8,9,{55AD951B-A467-4A77-8F42-E898FE4ABE2C};";2026-09-17 11:43:01;2026-09-17 11:43:01;{640ABD1F-D821-4AFD-AEAF-42F11930E7E6};256
4667;1;8;9;{AFDED94F-E5D0-4B8B-BBDE-9C04AD70BB30};"8,10,{EDDE4B35-8384-462C-A025-3BFB82A0F536};";2026-09-17 11:43:01;2026-09-17 11:43:01;{B1872523-D022-43F6-B50D-5AF9FAB2370E};256
4668;1;8;10;{79641875-D0FE-46BF-80AA-8D11D77B880F};"8,9,{06D365B5-FB72-4AB7-B642-15CFE0BB2E87};";2026-09-17 11:43:01;2026-09-17 11:43:01;{B67A6C6A-4312-42E5-8A94-CCBF7B64ED93};256
4669;1;8;9;{06D365B5-FB72-4AB7-B642-15CFE0BB2E87};"8,10,{79641875-D0FE-46BF-80AA-8D11D77B880F};";2026-09-17 11:43:01;2026-09-17 11:43:01;{70E61AEA-0A62-42BA-9417-BE7309AFB38B};256
4670;1;8;9;{CF13EC07-6479-4692-B9E7-5C9D1F3F4E32};"8,10,{E8D92A23-214B-4BCA-B5E3-211AAB329665};";2026-09-17 11:43:01;2026-09-17 11:43:01;{0CB34EE2-E6BF-461B-9AA5-565B4EF9F606};256
4671;1;8;10;{72C508AA-B75A-4956-B726-47075BCCB88C};"8,9,{86C27A58-365B-4E4A-8BB1-A6FED0DF5E4F};";2026-09-17 11:43:01;2026-09-17 11:43:01;{073DC724-DD99-4AA1-9260-811DD80593C0};256
4672;1;8;9;{86C27A58-365B-4E4A-8BB1-A6FED0DF5E4F};"8,10,{72C508AA-B75A-4956-B726-47075BCCB88C};";2026-09-17 11:43:01;2026-09-17 11:43:01;{12B4170B-B2B6-4DB1-AD7F-911ECB08F820};256
4673;1;8;10;{0DCA3631-1A9D-40D0-8A0D-3A24FCF3115F};"8,9,{E2102C4C-9398-435B-8F9B-4EB883C3D40D};";2026-09-17 11:43:01;2026-09-17 11:43:01;{0A042F0F-E9FB-4D6B-8DF8-00278E0781EB};256
4674;1;8;10;{D6DA6DC0-6C5E-471E-8F56-5793DB7BE83B};"8,9,{AF7B58ED-90C0-4906-A814-D6F5F90A5BF6};";2026-09-17 11:43:01;2026-09-17 11:43:01;{D6A4460F-9E0E-423C-9456-0CBC62D3248D};256
