RULETYPE,FROMFEATURECLASS,FROMASSETGROUP,FROMASSETTYPE,FROMTERMINAL,TOFEATURECLASS,TOASSETGROUP,TOASSETTYPE,TOTERMINAL,VIAFEATURECLASS,VIAASSETGROUP,VIAASSETTYPE,VIATERMINAL
Containment,StructureBoundary,Bóveda de tuberías,Bóveda,,StructureJunction,Acceso a tubería,Puerta,,,,,
Containment,StructureBoundary,Bóveda de tuberías,Bóveda,,StructureJunction,Acceso a tubería,Rejilla,,,,,
Containment,StructureBoundary,Bóveda de tuberías,Bóveda,,StructureJunction,Acceso a tubería,Orificio para revisiones,,,,,
Containment,StructureBoundary,Bóveda de tuberías,Bóveda,,StructureJunction,Acceso a tubería,Tapa,,,,,
Containment,StructureBoundary,Bóveda de tuberías,Bóveda,,StructureJunction,Acceso a tubería,Tapa de alcantarilla,,,,,
Containment,StructureBoundary,Bóveda de tuberías,Bóveda,,StructureJunction,Acceso a tubería,Se desconoce,,,,,
Containment,StructureBoundary,Bóveda de tuberías,Bóveda,,StructureJunction,Anclaje de tubería,Anclaje,,,,,
Containment,StructureBoundary,Bóveda de tuberías,Bóveda,,StructureJunction,Caja de tuberías,Blow Off,,,,,
Containment,StructureBoundary,Bóveda de tuberías,Bóveda,,StructureJunction,Caja de tuberías,Curb Box,,,,,
Containment,StructureBoundary,Bóveda de tuberías,Bóveda,,StructureJunction,Caja de tuberías,Curb Box with Stationary Rod,,,,,
Containment,StructureBoundary,Bóveda de tuberías,Bóveda,,StructureJunction,Caja de tuberías,Caja de medidores,,,,,
Containment,StructureBoundary,Bóveda de tuberías,Bóveda,,StructureJunction,Caja de tuberías,Calzada,,,,,
Containment,StructureBoundary,Bóveda de tuberías,Bóveda,,StructureJunction,Caja de tuberías,Se desconoce,,,,,
Containment,StructureBoundary,Bóveda de tuberías,Bóveda,,StructureJunction,Caja de tuberías,Caja de válvulas,,,,,
Containment,StructureBoundary,Bóveda de tuberías,Bóveda,,StructureJunction,Gancho de tubería,Muelle constante,,,,,
Containment,StructureBoundary,Bóveda de tuberías,Bóveda,,StructureJunction,Gancho de tubería,Rígido,,,,,
Containment,StructureBoundary,Bóveda de tuberías,Bóveda,,StructureJunction,Gancho de tubería,Muelle variable,,,,,
Containment,StructureBoundary,Bóveda de tuberías,Bóveda,,StructureJunction,Soporte de tubería,Soporte de tubería,,,,,
Containment,StructureBoundary,Bóveda de tuberías,Bóveda,,StructureJunction,Soporte de tubería,Rodillo,,,,,
Containment,StructureBoundary,Bóveda de tuberías,Bóveda,,StructureJunction,Bóveda de tuberías,Ventosa,,,,,
Containment,StructureBoundary,Bóveda de tuberías,Bóveda,,StructureJunction,Bóveda de tuberías,Registro,,,,,
Containment,StructureBoundary,Bóveda de tuberías,Bóveda,,StructureJunction,Bóveda de tuberías,Bóveda,,,,,
Containment,StructureBoundary,Bóveda de tuberías,Bóveda,,WaterAssembly,Vacío de aire y purga de aire,Vacío de aire y purga de aire,,,,,
Containment,StructureBoundary,Bóveda de tuberías,Bóveda,,WaterAssembly,Descarga,Automático,,,,,
Containment,StructureBoundary,Bóveda de tuberías,Bóveda,,WaterAssembly,Descarga,Manual,,,,,
Containment,StructureBoundary,Bóveda de tuberías,Bóveda,,WaterAssembly,Estación de contador,Estación de contador,,,,,
Containment,StructureBoundary,Bóveda de tuberías,Bóveda,,WaterAssembly,Estación de reducción de presión,Estación de reducción de presión,,,,,
Containment,StructureBoundary,Límite de estación de bombeo de agua,Estación de refuerzo,,WaterDevice,Filtro,Filtro,,,,,
Containment,StructureBoundary,Límite de estación de bombeo de agua,Estación de refuerzo,,WaterDevice,Válvula de flujo,Antirretorno,,,,,
Containment,StructureBoundary,Límite de estación de bombeo de agua,Estación de refuerzo,,WaterDevice,Bomba,Refuerzo,,,,,
Containment,StructureBoundary,Límite de estación de bombeo de agua,Estación de refuerzo,,WaterDevice,Válvula de servicio,Muestreo,,,,,
Containment,StructureBoundary,Límite de estación de bombeo de agua,Estación de refuerzo,,WaterDevice,Contador del sistema,Estación de bombeo,,,,,
Containment,StructureBoundary,Límite de estación de bombeo de agua,Estación de refuerzo,,WaterDevice,Válvula del sistema,Derivación,,,,,
Containment,StructureBoundary,Límite de estación de bombeo de agua,Estación de refuerzo,,WaterDevice,Válvula del sistema,Suministro,,,,,
Containment,StructureBoundary,Límite de estación de bombeo de agua,Estación de refuerzo,,WaterDevice,Válvula del sistema,Sistema,,,,,
Containment,StructureBoundary,Límite de estación de bombeo de agua,Estación de refuerzo,,WaterJunction,Nudo,Tope de tubería,,,,,
Containment,StructureBoundary,Límite de estación de bombeo de agua,Estación de refuerzo,,WaterJunction,Nudo,Acoplamiento,,,,,
Containment,StructureBoundary,Límite de estación de bombeo de agua,Estación de refuerzo,,WaterJunction,Nudo,Cruz,,,,,
Containment,StructureBoundary,Límite de estación de bombeo de agua,Estación de refuerzo,,WaterJunction,Nudo,Codo,,,,,
Containment,StructureBoundary,Límite de estación de bombeo de agua,Estación de refuerzo,,WaterJunction,Nudo,Tapa de extremo,,,,,
Containment,StructureBoundary,Límite de estación de bombeo de agua,Estación de refuerzo,,WaterJunction,Nudo,Junta de expansión,,,,,
Containment,StructureBoundary,Límite de estación de bombeo de agua,Estación de refuerzo,,WaterJunction,Nudo,Brida,,,,,
Containment,StructureBoundary,Límite de estación de bombeo de agua,Estación de refuerzo,,WaterJunction,Nudo,Tapón,,,,,
Containment,StructureBoundary,Límite de estación de bombeo de agua,Estación de refuerzo,,WaterJunction,Nudo,Reductor,,,,,
Containment,StructureBoundary,Límite de estación de bombeo de agua,Estación de refuerzo,,WaterJunction,Nudo,Cruz con reducción,,,,,
Containment,StructureBoundary,Límite de estación de bombeo de agua,Estación de refuerzo,,WaterJunction,Nudo,T con reducción,,,,,
Containment,StructureBoundary,Límite de estación de bombeo de agua,Estación de refuerzo,,WaterJunction,Nudo,Abrazadera,,,,,
Containment,StructureBoundary,Límite de estación de bombeo de agua,Estación de refuerzo,,WaterJunction,Nudo,Tornillo,,,,,
Containment,StructureBoundary,Límite de estación de bombeo de agua,Estación de refuerzo,,WaterJunction,Nudo,Manguito,,,,,
Containment,StructureBoundary,Límite de estación de bombeo de agua,Estación de refuerzo,,WaterJunction,Nudo,Toma,,,,,
Containment,StructureBoundary,Límite de estación de bombeo de agua,Estación de refuerzo,,WaterJunction,Nudo,Abrazadera para grifo,,,,,
Containment,StructureBoundary,Límite de estación de bombeo de agua,Estación de refuerzo,,WaterJunction,Nudo,T,,,,,
Containment,StructureBoundary,Límite de estación de bombeo de agua,Estación de refuerzo,,WaterJunction,Nudo,Transición,,,,,
Containment,StructureBoundary,Límite de estación de bombeo de agua,Estación de refuerzo,,WaterJunction,Nudo,Soldadura,,,,,
Containment,StructureBoundary,Límite de estación de bombeo de agua,Estación de refuerzo,,WaterJunction,Nudo,Y,,,,,
Containment,StructureBoundary,Límite de estación de bombeo de agua,Estación de bombeo,,WaterDevice,Filtro,Filtro,,,,,
Containment,StructureBoundary,Límite de estación de bombeo de agua,Estación de bombeo,,WaterDevice,Válvula de flujo,Antirretorno,,,,,
Containment,StructureBoundary,Límite de estación de bombeo de agua,Estación de bombeo,,WaterDevice,Bomba,Principal,,,,,
Containment,StructureBoundary,Límite de estación de bombeo de agua,Estación de bombeo,,WaterDevice,Válvula de servicio,Muestreo,,,,,
Containment,StructureBoundary,Límite de estación de bombeo de agua,Estación de bombeo,,WaterDevice,Estación,Estación de bombeo,,,,,
Containment,StructureBoundary,Límite de estación de bombeo de agua,Estación de bombeo,,WaterDevice,Contador del sistema,Estación de bombeo,,,,,
Containment,StructureBoundary,Límite de estación de bombeo de agua,Estación de bombeo,,WaterDevice,Válvula del sistema,Derivación,,,,,
Containment,StructureBoundary,Límite de estación de bombeo de agua,Estación de bombeo,,WaterDevice,Válvula del sistema,Suministro,,,,,
Containment,StructureBoundary,Límite de estación de bombeo de agua,Estación de bombeo,,WaterDevice,Válvula del sistema,Sistema,,,,,
Containment,StructureBoundary,Límite de estación de bombeo de agua,Estación de bombeo,,WaterJunction,Nudo,Tope de tubería,,,,,
Containment,StructureBoundary,Límite de estación de bombeo de agua,Estación de bombeo,,WaterJunction,Nudo,Acoplamiento,,,,,
Containment,StructureBoundary,Límite de estación de bombeo de agua,Estación de bombeo,,WaterJunction,Nudo,Cruz,,,,,
Containment,StructureBoundary,Límite de estación de bombeo de agua,Estación de bombeo,,WaterJunction,Nudo,Codo,,,,,
Containment,StructureBoundary,Límite de estación de bombeo de agua,Estación de bombeo,,WaterJunction,Nudo,Tapa de extremo,,,,,
Containment,StructureBoundary,Límite de estación de bombeo de agua,Estación de bombeo,,WaterJunction,Nudo,Junta de expansión,,,,,
Containment,StructureBoundary,Límite de estación de bombeo de agua,Estación de bombeo,,WaterJunction,Nudo,Brida,,,,,
Containment,StructureBoundary,Límite de estación de bombeo de agua,Estación de bombeo,,WaterJunction,Nudo,Tapón,,,,,
Containment,StructureBoundary,Límite de estación de bombeo de agua,Estación de bombeo,,WaterJunction,Nudo,Reductor,,,,,
Containment,StructureBoundary,Límite de estación de bombeo de agua,Estación de bombeo,,WaterJunction,Nudo,Cruz con reducción,,,,,
Containment,StructureBoundary,Límite de estación de bombeo de agua,Estación de bombeo,,WaterJunction,Nudo,T con reducción,,,,,
Containment,StructureBoundary,Límite de estación de bombeo de agua,Estación de bombeo,,WaterJunction,Nudo,Abrazadera,,,,,
Containment,StructureBoundary,Límite de estación de bombeo de agua,Estación de bombeo,,WaterJunction,Nudo,Tornillo,,,,,
Containment,StructureBoundary,Límite de estación de bombeo de agua,Estación de bombeo,,WaterJunction,Nudo,Manguito,,,,,
Containment,StructureBoundary,Límite de estación de bombeo de agua,Estación de bombeo,,WaterJunction,Nudo,Toma,,,,,
Containment,StructureBoundary,Límite de estación de bombeo de agua,Estación de bombeo,,WaterJunction,Nudo,Abrazadera para grifo,,,,,
Containment,StructureBoundary,Límite de estación de bombeo de agua,Estación de bombeo,,WaterJunction,Nudo,T,,,,,
Containment,StructureBoundary,Límite de estación de bombeo de agua,Estación de bombeo,,WaterJunction,Nudo,Transición,,,,,
Containment,StructureBoundary,Límite de estación de bombeo de agua,Estación de bombeo,,WaterJunction,Nudo,Soldadura,,,,,
Containment,StructureBoundary,Límite de estación de bombeo de agua,Estación de bombeo,,WaterJunction,Nudo,Y,,,,,
Containment,StructureBoundary,Límite de almacenamiento de agua,Tanque de almacenamiento,,WaterDevice,Almacenamiento,Tanque de almacenamiento,,,,,
Containment,StructureBoundary,Límite de almacenamiento de agua,Torre,,WaterDevice,Almacenamiento,Torre,,,,,
Containment,StructureBoundary,Límite de suministro de agua,Interconexión,,WaterDevice,Contador de servicio,Comercial,,,,,
Containment,StructureBoundary,Límite de suministro de agua,Interconexión,,WaterDevice,Contador de servicio,Industrial,,,,,
Containment,StructureBoundary,Límite de suministro de agua,Interconexión,,WaterDevice,Contador de servicio,Residencial,,,,,
Containment,StructureBoundary,Límite de suministro de agua,Interconexión,,WaterDevice,Suministro,Interconexión,,,,,
Containment,StructureBoundary,Límite de suministro de agua,Interconexión,,WaterDevice,Contador del sistema,Volumen,,,,,
Containment,StructureBoundary,Límite de suministro de agua,Interconexión,,WaterDevice,Contador del sistema,Caudalímetro,,,,,
Containment,StructureBoundary,Límite de suministro de agua,Interconexión,,WaterDevice,Contador del sistema,Conexión de emergencia,,,,,
Containment,StructureBoundary,Límite de suministro de agua,Interconexión,,WaterDevice,Contador del sistema,Estación de bombeo,,,,,
Containment,StructureBoundary,Límite de suministro de agua,Planta potabilizadora,,WaterDevice,Suministro,Planta potabilizadora,,,,,
Containment,StructureBoundary,Límite de suministro de agua,Planta potabilizadora,,WaterDevice,Suministro,Pozo,,,,,
Containment,StructureJunction,Caja de tuberías,Blow Off,,WaterDevice,Limpieza y descarga,Limpieza automática,,,,,
Containment,StructureJunction,Caja de tuberías,Blow Off,,WaterDevice,Limpieza y descarga,Descarga,,,,,
Containment,StructureJunction,Caja de tuberías,Blow Off,,WaterDevice,Limpieza y descarga,Válvula giratoria para incendios,,,,,
Containment,StructureJunction,Caja de tuberías,Blow Off,,WaterDevice,Limpieza y descarga,Boca de incendios,,,,,
Containment,StructureJunction,Caja de tuberías,Blow Off,,WaterDevice,Limpieza y descarga,Poste de boca de riego,,,,,
Containment,StructureJunction,Caja de tuberías,Blow Off,,WaterDevice,Limpieza y descarga,Se desconoce,,,,,
Containment,StructureJunction,Caja de tuberías,Blow Off,,WaterDevice,Salida,Desagüe,,,,,
Containment,StructureJunction,Caja de tuberías,Curb Box,,WaterDevice,Válvula de servicio,Boca de incendios,,,,,
Containment,StructureJunction,Caja de tuberías,Curb Box,,WaterDevice,Válvula de servicio,Acometida,,,,,
Containment,StructureJunction,Caja de tuberías,Curb Box,,WaterJunction,Nudo,Mordaza,,,,,
Containment,StructureJunction,Caja de tuberías,Curb Box,,WaterJunction,Nudo,Tope de tubería,,,,,
Containment,StructureJunction,Caja de tuberías,Curb Box,,WaterJunction,Nudo,Acoplamiento,,,,,
Containment,StructureJunction,Caja de tuberías,Curb Box,,WaterJunction,Nudo,Cruz,,,,,
Containment,StructureJunction,Caja de tuberías,Curb Box,,WaterJunction,Nudo,Codo,,,,,
Containment,StructureJunction,Caja de tuberías,Curb Box,,WaterJunction,Nudo,Tapa de extremo,,,,,
Containment,StructureJunction,Caja de tuberías,Curb Box,,WaterJunction,Nudo,Junta de expansión,,,,,
Containment,StructureJunction,Caja de tuberías,Curb Box,,WaterJunction,Nudo,Brida,,,,,
Containment,StructureJunction,Caja de tuberías,Curb Box,,WaterJunction,Nudo,Tapón,,,,,
Containment,StructureJunction,Caja de tuberías,Curb Box,,WaterJunction,Nudo,Reductor,,,,,
Containment,StructureJunction,Caja de tuberías,Curb Box,,WaterJunction,Nudo,Cruz con reducción,,,,,
Containment,StructureJunction,Caja de tuberías,Curb Box,,WaterJunction,Nudo,T con reducción,,,,,
Containment,StructureJunction,Caja de tuberías,Curb Box,,WaterJunction,Nudo,Abrazadera,,,,,
Containment,StructureJunction,Caja de tuberías,Curb Box,,WaterJunction,Nudo,Tornillo,,,,,
Containment,StructureJunction,Caja de tuberías,Curb Box,,WaterJunction,Nudo,Manguito,,,,,
Containment,StructureJunction,Caja de tuberías,Curb Box,,WaterJunction,Nudo,Toma,,,,,
Containment,StructureJunction,Caja de tuberías,Curb Box,,WaterJunction,Nudo,Abrazadera para grifo,,,,,
Containment,StructureJunction,Caja de tuberías,Curb Box,,WaterJunction,Nudo,Tapping Sleeve,,,,,
Containment,StructureJunction,Caja de tuberías,Curb Box,,WaterJunction,Nudo,T,,,,,
Containment,StructureJunction,Caja de tuberías,Curb Box,,WaterJunction,Nudo,Transición,,,,,
Containment,StructureJunction,Caja de tuberías,Curb Box,,WaterJunction,Nudo,Se desconoce,,,,,
Containment,StructureJunction,Caja de tuberías,Curb Box,,WaterJunction,Nudo,Soldadura,,,,,
Containment,StructureJunction,Caja de tuberías,Curb Box,,WaterJunction,Nudo,Y,,,,,
Containment,StructureJunction,Caja de tuberías,Curb Box with Stationary Rod,,WaterDevice,Válvula de servicio,Boca de incendios,,,,,
Containment,StructureJunction,Caja de tuberías,Curb Box with Stationary Rod,,WaterDevice,Válvula de servicio,Acometida,,,,,
Containment,StructureJunction,Caja de tuberías,Curb Box with Stationary Rod,,WaterJunction,Nudo,Mordaza,,,,,
Containment,StructureJunction,Caja de tuberías,Curb Box with Stationary Rod,,WaterJunction,Nudo,Tope de tubería,,,,,
Containment,StructureJunction,Caja de tuberías,Curb Box with Stationary Rod,,WaterJunction,Nudo,Acoplamiento,,,,,
Containment,StructureJunction,Caja de tuberías,Curb Box with Stationary Rod,,WaterJunction,Nudo,Cruz,,,,,
Containment,StructureJunction,Caja de tuberías,Curb Box with Stationary Rod,,WaterJunction,Nudo,Codo,,,,,
Containment,StructureJunction,Caja de tuberías,Curb Box with Stationary Rod,,WaterJunction,Nudo,Tapa de extremo,,,,,
Containment,StructureJunction,Caja de tuberías,Curb Box with Stationary Rod,,WaterJunction,Nudo,Junta de expansión,,,,,
Containment,StructureJunction,Caja de tuberías,Curb Box with Stationary Rod,,WaterJunction,Nudo,Brida,,,,,
Containment,StructureJunction,Caja de tuberías,Curb Box with Stationary Rod,,WaterJunction,Nudo,Tapón,,,,,
Containment,StructureJunction,Caja de tuberías,Curb Box with Stationary Rod,,WaterJunction,Nudo,Reductor,,,,,
Containment,StructureJunction,Caja de tuberías,Curb Box with Stationary Rod,,WaterJunction,Nudo,Cruz con reducción,,,,,
Containment,StructureJunction,Caja de tuberías,Curb Box with Stationary Rod,,WaterJunction,Nudo,T con reducción,,,,,
Containment,StructureJunction,Caja de tuberías,Curb Box with Stationary Rod,,WaterJunction,Nudo,Abrazadera,,,,,
Containment,StructureJunction,Caja de tuberías,Curb Box with Stationary Rod,,WaterJunction,Nudo,Tornillo,,,,,
Containment,StructureJunction,Caja de tuberías,Curb Box with Stationary Rod,,WaterJunction,Nudo,Manguito,,,,,
Containment,StructureJunction,Caja de tuberías,Curb Box with Stationary Rod,,WaterJunction,Nudo,Toma,,,,,
Containment,StructureJunction,Caja de tuberías,Curb Box with Stationary Rod,,WaterJunction,Nudo,Abrazadera para grifo,,,,,
Containment,StructureJunction,Caja de tuberías,Curb Box with Stationary Rod,,WaterJunction,Nudo,Tapping Sleeve,,,,,
Containment,StructureJunction,Caja de tuberías,Curb Box with Stationary Rod,,WaterJunction,Nudo,T,,,,,
Containment,StructureJunction,Caja de tuberías,Curb Box with Stationary Rod,,WaterJunction,Nudo,Transición,,,,,
Containment,StructureJunction,Caja de tuberías,Curb Box with Stationary Rod,,WaterJunction,Nudo,Se desconoce,,,,,
Containment,StructureJunction,Caja de tuberías,Curb Box with Stationary Rod,,WaterJunction,Nudo,Soldadura,,,,,
Containment,StructureJunction,Caja de tuberías,Curb Box with Stationary Rod,,WaterJunction,Nudo,Y,,,,,
Containment,StructureJunction,Caja de tuberías,Caja de medidores,,WaterDevice,Válvula de flujo,Antirretorno,,,,,
Containment,StructureJunction,Caja de tuberías,Caja de medidores,,WaterDevice,Supervisión,Medidor de detección,,,,,
Containment,StructureJunction,Caja de tuberías,Caja de medidores,,WaterDevice,Contador de servicio,Comercial,,,,,
Containment,StructureJunction,Caja de tuberías,Caja de medidores,,WaterDevice,Contador de servicio,Incendio,,,,,
Containment,StructureJunction,Caja de tuberías,Caja de medidores,,WaterDevice,Contador de servicio,Industrial,,,,,
Containment,StructureJunction,Caja de tuberías,Caja de medidores,,WaterDevice,Contador de servicio,Riego,,,,,
Containment,StructureJunction,Caja de tuberías,Caja de medidores,,WaterDevice,Contador de servicio,Residencial,,,,,
Containment,StructureJunction,Caja de tuberías,Caja de medidores,,WaterDevice,Contador de servicio,Se desconoce,,,,,
Containment,StructureJunction,Caja de tuberías,Caja de medidores,,WaterDevice,Válvula de servicio,Descarga,,,,,
Containment,StructureJunction,Caja de tuberías,Caja de medidores,,WaterDevice,Válvula de servicio,Boca de incendios,,,,,
Containment,StructureJunction,Caja de tuberías,Caja de medidores,,WaterDevice,Válvula de servicio,Acometida,,,,,
Containment,StructureJunction,Caja de tuberías,Caja de medidores,,WaterJunction,Nudo,Tope de tubería,,,,,
Containment,StructureJunction,Caja de tuberías,Caja de medidores,,WaterJunction,Nudo,Acoplamiento,,,,,
Containment,StructureJunction,Caja de tuberías,Caja de medidores,,WaterJunction,Nudo,Codo,,,,,
Containment,StructureJunction,Caja de tuberías,Caja de medidores,,WaterJunction,Nudo,Reductor,,,,,
Containment,StructureJunction,Caja de tuberías,Caja de medidores,,WaterJunction,Nudo,T,,,,,
Containment,StructureJunction,Caja de tuberías,Calzada,,WaterDevice,Válvula de servicio,Boca de incendios,,,,,
Containment,StructureJunction,Caja de tuberías,Calzada,,WaterDevice,Válvula de servicio,Acometida,,,,,
Containment,StructureJunction,Caja de tuberías,Calzada,,WaterJunction,Nudo,Mordaza,,,,,
Containment,StructureJunction,Caja de tuberías,Calzada,,WaterJunction,Nudo,Tope de tubería,,,,,
Containment,StructureJunction,Caja de tuberías,Calzada,,WaterJunction,Nudo,Acoplamiento,,,,,
Containment,StructureJunction,Caja de tuberías,Calzada,,WaterJunction,Nudo,Cruz,,,,,
Containment,StructureJunction,Caja de tuberías,Calzada,,WaterJunction,Nudo,Codo,,,,,
Containment,StructureJunction,Caja de tuberías,Calzada,,WaterJunction,Nudo,Tapa de extremo,,,,,
Containment,StructureJunction,Caja de tuberías,Calzada,,WaterJunction,Nudo,Junta de expansión,,,,,
Containment,StructureJunction,Caja de tuberías,Calzada,,WaterJunction,Nudo,Brida,,,,,
Containment,StructureJunction,Caja de tuberías,Calzada,,WaterJunction,Nudo,Tapón,,,,,
Containment,StructureJunction,Caja de tuberías,Calzada,,WaterJunction,Nudo,Reductor,,,,,
Containment,StructureJunction,Caja de tuberías,Calzada,,WaterJunction,Nudo,Cruz con reducción,,,,,
Containment,StructureJunction,Caja de tuberías,Calzada,,WaterJunction,Nudo,T con reducción,,,,,
Containment,StructureJunction,Caja de tuberías,Calzada,,WaterJunction,Nudo,Abrazadera,,,,,
Containment,StructureJunction,Caja de tuberías,Calzada,,WaterJunction,Nudo,Tornillo,,,,,
Containment,StructureJunction,Caja de tuberías,Calzada,,WaterJunction,Nudo,Manguito,,,,,
Containment,StructureJunction,Caja de tuberías,Calzada,,WaterJunction,Nudo,Toma,,,,,
Containment,StructureJunction,Caja de tuberías,Calzada,,WaterJunction,Nudo,Abrazadera para grifo,,,,,
Containment,StructureJunction,Caja de tuberías,Calzada,,WaterJunction,Nudo,Tapping Sleeve,,,,,
Containment,StructureJunction,Caja de tuberías,Calzada,,WaterJunction,Nudo,T,,,,,
Containment,StructureJunction,Caja de tuberías,Calzada,,WaterJunction,Nudo,Transición,,,,,
Containment,StructureJunction,Caja de tuberías,Calzada,,WaterJunction,Nudo,Se desconoce,,,,,
Containment,StructureJunction,Caja de tuberías,Calzada,,WaterJunction,Nudo,Soldadura,,,,,
Containment,StructureJunction,Caja de tuberías,Calzada,,WaterJunction,Nudo,Y,,,,,
Containment,StructureJunction,Caja de tuberías,Caja de válvulas,,WaterDevice,Válvula de flujo,Antirretorno,,,,,
Containment,StructureJunction,Caja de tuberías,Caja de válvulas,,WaterDevice,Supervisión,Medidor de detección,,,,,
Containment,StructureJunction,Caja de tuberías,Caja de válvulas,,WaterDevice,Válvula de servicio,Descarga,,,,,
Containment,StructureJunction,Caja de tuberías,Caja de válvulas,,WaterDevice,Válvula de servicio,Boca de incendios,,,,,
Containment,StructureJunction,Caja de tuberías,Caja de válvulas,,WaterDevice,Válvula de servicio,Acometida,,,,,
Containment,StructureJunction,Caja de tuberías,Caja de válvulas,,WaterDevice,Válvula del sistema,Derivación,,,,,
Containment,StructureJunction,Caja de tuberías,Caja de válvulas,,WaterDevice,Válvula del sistema,Interconexión,,,,,
Containment,StructureJunction,Caja de tuberías,Caja de válvulas,,WaterDevice,Válvula del sistema,Zona de aislamiento,,,,,
Containment,StructureJunction,Caja de tuberías,Caja de válvulas,,WaterDevice,Válvula del sistema,Zona de presión,,,,,
Containment,StructureJunction,Caja de tuberías,Caja de válvulas,,WaterDevice,Válvula del sistema,Suministro,,,,,
Containment,StructureJunction,Caja de tuberías,Caja de válvulas,,WaterDevice,Válvula del sistema,Sistema,,,,,
Containment,StructureJunction,Caja de tuberías,Caja de válvulas,,WaterDevice,Válvula del sistema,Se desconoce,,,,,
Containment,StructureJunction,Caja de tuberías,Caja de válvulas,,WaterJunction,Nudo,Mordaza,,,,,
Containment,StructureJunction,Caja de tuberías,Caja de válvulas,,WaterJunction,Nudo,Tope de tubería,,,,,
Containment,StructureJunction,Caja de tuberías,Caja de válvulas,,WaterJunction,Nudo,Acoplamiento,,,,,
Containment,StructureJunction,Caja de tuberías,Caja de válvulas,,WaterJunction,Nudo,Cruz,,,,,
Containment,StructureJunction,Caja de tuberías,Caja de válvulas,,WaterJunction,Nudo,Codo,,,,,
Containment,StructureJunction,Caja de tuberías,Caja de válvulas,,WaterJunction,Nudo,Tapa de extremo,,,,,
Containment,StructureJunction,Caja de tuberías,Caja de válvulas,,WaterJunction,Nudo,Junta de expansión,,,,,
Containment,StructureJunction,Caja de tuberías,Caja de válvulas,,WaterJunction,Nudo,Brida,,,,,
Containment,StructureJunction,Caja de tuberías,Caja de válvulas,,WaterJunction,Nudo,Tapón,,,,,
Containment,StructureJunction,Caja de tuberías,Caja de válvulas,,WaterJunction,Nudo,Reductor,,,,,
Containment,StructureJunction,Caja de tuberías,Caja de válvulas,,WaterJunction,Nudo,Cruz con reducción,,,,,
Containment,StructureJunction,Caja de tuberías,Caja de válvulas,,WaterJunction,Nudo,T con reducción,,,,,
Containment,StructureJunction,Caja de tuberías,Caja de válvulas,,WaterJunction,Nudo,Abrazadera,,,,,
Containment,StructureJunction,Caja de tuberías,Caja de válvulas,,WaterJunction,Nudo,Tornillo,,,,,
Containment,StructureJunction,Caja de tuberías,Caja de válvulas,,WaterJunction,Nudo,Manguito,,,,,
Containment,StructureJunction,Caja de tuberías,Caja de válvulas,,WaterJunction,Nudo,Toma,,,,,
Containment,StructureJunction,Caja de tuberías,Caja de válvulas,,WaterJunction,Nudo,Abrazadera para grifo,,,,,
Containment,StructureJunction,Caja de tuberías,Caja de válvulas,,WaterJunction,Nudo,Tapping Sleeve,,,,,
Containment,StructureJunction,Caja de tuberías,Caja de válvulas,,WaterJunction,Nudo,T,,,,,
Containment,StructureJunction,Caja de tuberías,Caja de válvulas,,WaterJunction,Nudo,Transición,,,,,
Containment,StructureJunction,Caja de tuberías,Caja de válvulas,,WaterJunction,Nudo,Se desconoce,,,,,
Containment,StructureJunction,Caja de tuberías,Caja de válvulas,,WaterJunction,Nudo,Soldadura,,,,,
Containment,StructureJunction,Caja de tuberías,Caja de válvulas,,WaterJunction,Nudo,Y,,,,,
Containment,StructureJunction,Bóveda de tuberías,Bóveda,,WaterJunction,Nudo,Soldadura,,,,,
Containment,StructureLine,Revestimiento de tubería,Revestimiento,,WaterLine,Tubería general de agua,Tubería de distribución,,,,,
Containment,StructureLine,Revestimiento de tubería,Revestimiento,,WaterLine,Tubería general de agua,Producción,,,,,
Containment,StructureLine,Revestimiento de tubería,Revestimiento,,WaterLine,Tubería general de agua,Transporte,,,,,
Containment,WaterAssembly,Vacío de aire y purga de aire,Vacío de aire y purga de aire,,WaterDevice,Válvula de presión,Purga de aire,,,,,
Containment,WaterAssembly,Vacío de aire y purga de aire,Vacío de aire y purga de aire,,WaterDevice,Válvula de presión,Aire y vacío,,,,,
Containment,WaterAssembly,Vacío de aire y purga de aire,Vacío de aire y purga de aire,,WaterDevice,Válvula de presión,Combinada de aire_Obsoleto,,,,,
Containment,WaterAssembly,Vacío de aire y purga de aire,Vacío de aire y purga de aire,,WaterDevice,Válvula de servicio,Acometida,,,,,
Containment,WaterAssembly,Vacío de aire y purga de aire,Vacío de aire y purga de aire,,WaterJunction,Nudo,Tope de tubería,,,,,
Containment,WaterAssembly,Vacío de aire y purga de aire,Vacío de aire y purga de aire,,WaterJunction,Nudo,Codo,,,,,
Containment,WaterAssembly,Vacío de aire y purga de aire,Vacío de aire y purga de aire,,WaterJunction,Nudo,Abrazadera,,,,,
Containment,WaterAssembly,Vacío de aire y purga de aire,Vacío de aire y purga de aire,,WaterJunction,Nudo,Toma,,,,,
Containment,WaterAssembly,Vacío de aire y purga de aire,Vacío de aire y purga de aire,,WaterJunction,Nudo,Abrazadera para grifo,,,,,
Containment,WaterAssembly,Vacío de aire y purga de aire,Vacío de aire y purga de aire,,WaterJunction,Nudo,Tapping Sleeve,,,,,
Containment,WaterAssembly,Vacío de aire y purga de aire,Vacío de aire y purga de aire,,WaterJunction,Nudo,T,,,,,
Containment,WaterAssembly,Vacío de aire y purga de aire,Vacío de aire y purga de aire,,WaterLine,Acometida,Servicio de aire y vacío,,,,,
Containment,WaterAssembly,Antirretorno,Detector de retención de dos pasos,,WaterDevice,Filtro,Filtro,,,,,
Containment,WaterAssembly,Antirretorno,Detector de retención de dos pasos,,WaterDevice,Válvula de flujo,Antirretorno,,,,,
Containment,WaterAssembly,Antirretorno,Detector de retención de dos pasos,,WaterDevice,Supervisión,Medidor de detección,,,,,
Containment,WaterAssembly,Antirretorno,Detector de retención de dos pasos,,WaterDevice,Supervisión,Sensor de presión,,,,,
Containment,WaterAssembly,Antirretorno,Detector de retención de dos pasos,,WaterDevice,Válvula de servicio,Purgar,,,,,
Containment,WaterAssembly,Antirretorno,Detector de retención de dos pasos,,WaterDevice,Contador del sistema,Volumen,,,,,
Containment,WaterAssembly,Antirretorno,Detector de retención de dos pasos,,WaterDevice,Válvula del sistema,Sistema,,,,,
Containment,WaterAssembly,Antirretorno,Detector de retención de dos pasos,,WaterLine,Acometida,Servicio comercial,,,,,
Containment,WaterAssembly,Antirretorno,Detector de retención de dos pasos,,WaterLine,Acometida,Servicio industrial,,,,,
Containment,WaterAssembly,Antirretorno,Válvula de retención de dos pasos,,WaterDevice,Filtro,Filtro,,,,,
Containment,WaterAssembly,Antirretorno,Válvula de retención de dos pasos,,WaterDevice,Válvula de flujo,Antirretorno,,,,,
Containment,WaterAssembly,Antirretorno,Válvula de retención de dos pasos,,WaterDevice,Supervisión,Sensor de presión,,,,,
Containment,WaterAssembly,Antirretorno,Válvula de retención de dos pasos,,WaterDevice,Válvula de servicio,Purgar,,,,,
Containment,WaterAssembly,Antirretorno,Válvula de retención de dos pasos,,WaterDevice,Válvula de servicio,Muestreo,,,,,
Containment,WaterAssembly,Antirretorno,Válvula de retención de dos pasos,,WaterDevice,Válvula de servicio,Acometida,,,,,
Containment,WaterAssembly,Antirretorno,Válvula de retención de dos pasos,,WaterDevice,Válvula del sistema,Sistema,,,,,
Containment,WaterAssembly,Antirretorno,Válvula de retención de dos pasos,,WaterLine,Acometida,Servicio comercial,,,,,
Containment,WaterAssembly,Antirretorno,Válvula de retención de dos pasos,,WaterLine,Acometida,Servicio industrial,,,,,
Containment,WaterAssembly,Antirretorno,Detector de presión reducida,,WaterDevice,Filtro,Filtro,,,,,
Containment,WaterAssembly,Antirretorno,Detector de presión reducida,,WaterDevice,Válvula de flujo,Antirretorno,,,,,
Containment,WaterAssembly,Antirretorno,Detector de presión reducida,,WaterDevice,Supervisión,Medidor de detección,,,,,
Containment,WaterAssembly,Antirretorno,Detector de presión reducida,,WaterDevice,Supervisión,Sensor de presión,,,,,
Containment,WaterAssembly,Antirretorno,Detector de presión reducida,,WaterDevice,Válvula de presión,Reducción de presión,,,,,
Containment,WaterAssembly,Antirretorno,Detector de presión reducida,,WaterDevice,Válvula de presión,Escape de presion_Obsoleto,,,,,
Containment,WaterAssembly,Antirretorno,Detector de presión reducida,,WaterDevice,Válvula de servicio,Purgar,,,,,
Containment,WaterAssembly,Antirretorno,Detector de presión reducida,,WaterDevice,Contador del sistema,Volumen,,,,,
Containment,WaterAssembly,Antirretorno,Detector de presión reducida,,WaterDevice,Válvula del sistema,Sistema,,,,,
Containment,WaterAssembly,Antirretorno,Detector de presión reducida,,WaterLine,Acometida,Servicio comercial,,,,,
Containment,WaterAssembly,Antirretorno,Detector de presión reducida,,WaterLine,Acometida,Servicio industrial,,,,,
Containment,WaterAssembly,Antirretorno,Zona de presión reducida,,WaterDevice,Filtro,Filtro,,,,,
Containment,WaterAssembly,Antirretorno,Zona de presión reducida,,WaterDevice,Válvula de flujo,Antirretorno,,,,,
Containment,WaterAssembly,Antirretorno,Zona de presión reducida,,WaterDevice,Supervisión,Sensor de presión,,,,,
Containment,WaterAssembly,Antirretorno,Zona de presión reducida,,WaterDevice,Válvula de presión,Reducción de presión,,,,,
Containment,WaterAssembly,Antirretorno,Zona de presión reducida,,WaterDevice,Válvula de servicio,Purgar,,,,,
Containment,WaterAssembly,Antirretorno,Zona de presión reducida,,WaterDevice,Válvula de servicio,Acometida,,,,,
Containment,WaterAssembly,Antirretorno,Zona de presión reducida,,WaterDevice,Válvula del sistema,Sistema,,,,,
Containment,WaterAssembly,Antirretorno,Zona de presión reducida,,WaterLine,Acometida,Servicio comercial,,,,,
Containment,WaterAssembly,Antirretorno,Zona de presión reducida,,WaterLine,Acometida,Servicio industrial,,,,,
Containment,WaterAssembly,Descarga,Automático,,WaterDevice,Válvula de servicio,Descarga,,,,,
Containment,WaterAssembly,Descarga,Automático,,WaterJunction,Nudo,Tapón,,,,,
Containment,WaterAssembly,Descarga,Automático,,WaterLine,Acometida,Servicio de descarga,,,,,
Containment,WaterAssembly,Descarga,Manual,,WaterDevice,Válvula de servicio,Descarga,,,,,
Containment,WaterAssembly,Descarga,Manual,,WaterDevice,Válvula del sistema,Sistema,,,,,
Containment,WaterAssembly,Descarga,Manual,,WaterJunction,Nudo,Tapón,,,,,
Containment,WaterAssembly,Descarga,Manual,,WaterLine,Acometida,Servicio de descarga,,,,,
Containment,WaterAssembly,Válvula horizontal,Tuerca de accionamiento,,WaterDevice,Válvula del sistema,Zona de aislamiento,,,,,
Containment,WaterAssembly,Válvula horizontal,Tuerca de accionamiento,,WaterDevice,Válvula del sistema,Suministro,,,,,
Containment,WaterAssembly,Válvula horizontal,Tuerca de accionamiento,,WaterDevice,Válvula del sistema,Sistema,,,,,
Containment,WaterAssembly,Válvula horizontal,Tuerca de accionamiento y válvula de derivación,,WaterDevice,Válvula del sistema,Zona de aislamiento,,,,,
Containment,WaterAssembly,Válvula horizontal,Tuerca de accionamiento y válvula de derivación,,WaterDevice,Válvula del sistema,Suministro,,,,,
Containment,WaterAssembly,Válvula horizontal,Tuerca de accionamiento y válvula de derivación,,WaterDevice,Válvula del sistema,Sistema,,,,,
Containment,WaterAssembly,Boca de incendios,Boca de incendios,,WaterDevice,Boca de incendios,Boca de incendios,,,,,
Containment,WaterAssembly,Boca de incendios,Boca de incendios,,WaterDevice,Válvula de servicio,Boca de incendios,,,,,
Containment,WaterAssembly,Boca de incendios,Boca de incendios,,WaterJunction,Nudo,T,,,,,
Containment,WaterAssembly,Boca de incendios,Boca de incendios,,WaterLine,Acometida,Servicio de boca de incendios,,,,,
Containment,WaterAssembly,Estación de contador,Estación de contador,,WaterDevice,Filtro,Filtro,,,,,
Containment,WaterAssembly,Estación de contador,Estación de contador,,WaterDevice,Válvula de flujo,Antirretorno,,,,,
Containment,WaterAssembly,Estación de contador,Estación de contador,,WaterDevice,Supervisión,Medidor de detección,,,,,
Containment,WaterAssembly,Estación de contador,Estación de contador,,WaterDevice,Contador de servicio,Comercial,,,,,
Containment,WaterAssembly,Estación de contador,Estación de contador,,WaterDevice,Contador de servicio,Incendio,,,,,
Containment,WaterAssembly,Estación de contador,Estación de contador,,WaterDevice,Contador de servicio,Industrial,,,,,
Containment,WaterAssembly,Estación de contador,Estación de contador,,WaterDevice,Contador de servicio,Residencial,,,,,
Containment,WaterAssembly,Estación de contador,Estación de contador,,WaterDevice,Válvula de servicio,Acometida,,,,,
Containment,WaterAssembly,Estación de contador,Estación de contador,,WaterJunction,Nudo,Codo,,,,,
Containment,WaterAssembly,Estación de contador,Estación de contador,,WaterJunction,Nudo,Reductor,,,,,
Containment,WaterAssembly,Estación de contador,Estación de contador,,WaterJunction,Nudo,T con reducción,,,,,
Containment,WaterAssembly,Estación de contador,Estación de contador,,WaterJunction,Nudo,T,,,,,
Containment,WaterAssembly,Estación de contador,Estación de contador,,WaterLine,Acometida,Servicio de aire y vacío,,,,,
Containment,WaterAssembly,Estación de contador,Estación de contador,,WaterLine,Acometida,Servicio de descarga,,,,,
Containment,WaterAssembly,Estación de contador,Estación de contador,,WaterLine,Acometida,Servicio comercial,,,,,
Containment,WaterAssembly,Estación de contador,Estación de contador,,WaterLine,Acometida,Servicio de bomberos,,,,,
Containment,WaterAssembly,Estación de contador,Estación de contador,,WaterLine,Acometida,Servicio de boca de incendios,,,,,
Containment,WaterAssembly,Estación de contador,Estación de contador,,WaterLine,Acometida,Servicio industrial,,,,,
Containment,WaterAssembly,Estación de contador,Estación de contador,,WaterLine,Acometida,Servicio de irrigación,,,,,
Containment,WaterAssembly,Estación de contador,Estación de contador,,WaterLine,Acometida,Servicio residencial,,,,,
Containment,WaterAssembly,Estación de contador,Estación de contador,,WaterLine,Acometida,Servicio de muestreo,,,,,
Containment,WaterAssembly,Estación de reducción de presión,Estación de reducción de presión,,WaterDevice,Filtro,Filtro,,,,,
Containment,WaterAssembly,Estación de reducción de presión,Estación de reducción de presión,,WaterDevice,Válvula de flujo,Antirretorno,,,,,
Containment,WaterAssembly,Estación de reducción de presión,Estación de reducción de presión,,WaterDevice,Supervisión,Sensor de presión,,,,,
Containment,WaterAssembly,Estación de reducción de presión,Estación de reducción de presión,,WaterDevice,Válvula de presión,Reducción de presión,,,,,
Containment,WaterAssembly,Estación de reducción de presión,Estación de reducción de presión,,WaterDevice,Válvula de presión,Escape de presion_Obsoleto,,,,,
Containment,WaterAssembly,Estación de reducción de presión,Estación de reducción de presión,,WaterDevice,Válvula de presión,Mantenimiento de presión,,,,,
Containment,WaterAssembly,Estación de reducción de presión,Estación de reducción de presión,,WaterDevice,Válvula del sistema,Derivación,,,,,
Containment,WaterAssembly,Estación de reducción de presión,Estación de reducción de presión,,WaterDevice,Válvula del sistema,Sistema,,,,,
Containment,WaterAssembly,Estación de reducción de presión,Estación de reducción de presión,,WaterJunction,Nudo,Tope de tubería,,,,,
Containment,WaterAssembly,Estación de reducción de presión,Estación de reducción de presión,,WaterJunction,Nudo,Acoplamiento,,,,,
Containment,WaterAssembly,Estación de reducción de presión,Estación de reducción de presión,,WaterJunction,Nudo,Cruz,,,,,
Containment,WaterAssembly,Estación de reducción de presión,Estación de reducción de presión,,WaterJunction,Nudo,Codo,,,,,
Containment,WaterAssembly,Estación de reducción de presión,Estación de reducción de presión,,WaterJunction,Nudo,Tapa de extremo,,,,,
Containment,WaterAssembly,Estación de reducción de presión,Estación de reducción de presión,,WaterJunction,Nudo,Junta de expansión,,,,,
Containment,WaterAssembly,Estación de reducción de presión,Estación de reducción de presión,,WaterJunction,Nudo,Brida,,,,,
Containment,WaterAssembly,Estación de reducción de presión,Estación de reducción de presión,,WaterJunction,Nudo,Tapón,,,,,
Containment,WaterAssembly,Estación de reducción de presión,Estación de reducción de presión,,WaterJunction,Nudo,Reductor,,,,,
Containment,WaterAssembly,Estación de reducción de presión,Estación de reducción de presión,,WaterJunction,Nudo,Cruz con reducción,,,,,
Containment,WaterAssembly,Estación de reducción de presión,Estación de reducción de presión,,WaterJunction,Nudo,T con reducción,,,,,
Containment,WaterAssembly,Estación de reducción de presión,Estación de reducción de presión,,WaterJunction,Nudo,Abrazadera,,,,,
Containment,WaterAssembly,Estación de reducción de presión,Estación de reducción de presión,,WaterJunction,Nudo,Tornillo,,,,,
Containment,WaterAssembly,Estación de reducción de presión,Estación de reducción de presión,,WaterJunction,Nudo,Manguito,,,,,
Containment,WaterAssembly,Estación de reducción de presión,Estación de reducción de presión,,WaterJunction,Nudo,Toma,,,,,
Containment,WaterAssembly,Estación de reducción de presión,Estación de reducción de presión,,WaterJunction,Nudo,Abrazadera para grifo,,,,,
Containment,WaterAssembly,Estación de reducción de presión,Estación de reducción de presión,,WaterJunction,Nudo,T,,,,,
Containment,WaterAssembly,Estación de reducción de presión,Estación de reducción de presión,,WaterJunction,Nudo,Transición,,,,,
Containment,WaterAssembly,Estación de reducción de presión,Estación de reducción de presión,,WaterJunction,Nudo,Soldadura,,,,,
Containment,WaterAssembly,Estación de reducción de presión,Estación de reducción de presión,,WaterJunction,Nudo,Y,,,,,
Containment,WaterAssembly,Estación de reducción de presión,Estación de reducción de presión,,WaterLine,Tubería general de agua,Tubería de distribución,,,,,
Containment,WaterAssembly,Estación de reducción de presión,Estación de reducción de presión,,WaterLine,Tubería general de agua,Transporte,,,,,
Containment,WaterDevice,Groundbed,Cama anódica,,WaterDevice,Ánodo,Galvánico,,,,,
Containment,WaterDevice,Groundbed,Cama anódica,,WaterDevice,Ánodo,ICCP,,,,,
Containment,WaterDevice,Válvula de servicio,Boca de incendios,,WaterDevice,Controlador,Post Indicator Valve,,,,,
Containment,WaterDevice,Válvula de servicio,Acometida,,WaterDevice,Controlador,Post Indicator Valve,,,,,
Containment,WaterDevice,Estación,Estación de bombeo,,WaterDevice,Bomba,Refuerzo,,,,,
Containment,WaterDevice,Estación,Estación de bombeo,,WaterDevice,Bomba,Químico,,,,,
Containment,WaterDevice,Estación,Estación de bombeo,,WaterDevice,Bomba,Principal,,,,,
Containment,WaterDevice,Estación,Estación de bombeo,,WaterDevice,Bomba,Se desconoce,,,,,
Junction Edge Connectivity,WaterDevice,Ánodo,Galvánico,,WaterLine,Línea de conexión equipotencial,Abrazadera,,,,,
Junction Edge Connectivity,WaterDevice,Ánodo,Galvánico,,WaterLine,Línea de conexión equipotencial,Cable,,,,,
Junction Edge Connectivity,WaterDevice,Ánodo,ICCP,,WaterLine,Línea de conexión equipotencial,Abrazadera,,,,,
Junction Edge Connectivity,WaterDevice,Ánodo,ICCP,,WaterLine,Línea de conexión equipotencial,Cable,,,,,
Junction Edge Connectivity,WaterDevice,Ánodo,ICCP,,WaterLine,Cable del rectificador,Cable del rectificador,,,,,
Junction Edge Connectivity,WaterDevice,Filtro,Filtro,,WaterLine,Acometida,Servicio de aire y vacío,,,,,
Junction Edge Connectivity,WaterDevice,Filtro,Filtro,,WaterLine,Acometida,Servicio de descarga,,,,,
Junction Edge Connectivity,WaterDevice,Filtro,Filtro,,WaterLine,Acometida,Servicio comercial,,,,,
Junction Edge Connectivity,WaterDevice,Filtro,Filtro,,WaterLine,Acometida,Servicio de bomberos,,,,,
Junction Edge Connectivity,WaterDevice,Filtro,Filtro,,WaterLine,Acometida,Servicio de boca de incendios,,,,,
Junction Edge Connectivity,WaterDevice,Filtro,Filtro,,WaterLine,Acometida,Servicio industrial,,,,,
Junction Edge Connectivity,WaterDevice,Filtro,Filtro,,WaterLine,Acometida,Servicio de irrigación,,,,,
Junction Edge Connectivity,WaterDevice,Filtro,Filtro,,WaterLine,Acometida,Servicio residencial,,,,,
Junction Edge Connectivity,WaterDevice,Filtro,Filtro,,WaterLine,Acometida,Servicio de muestreo,,,,,
Junction Edge Connectivity,WaterDevice,Boca de incendios,Boca de incendios,,WaterLine,Acometida,Servicio de boca de incendios,,,,,
Junction Edge Connectivity,WaterDevice,Válvula de flujo,Capa de aire,Puerto 1,WaterLine,Tubería general de agua,Tubería de distribución,,,,,
Junction Edge Connectivity,WaterDevice,Válvula de flujo,Capa de aire,Puerto 1,WaterLine,Tubería general de agua,Transporte,,,,,
Junction Edge Connectivity,WaterDevice,Válvula de flujo,Capa de aire,Puerto 2,WaterLine,Tubería general de agua,Tubería de distribución,,,,,
Junction Edge Connectivity,WaterDevice,Válvula de flujo,Capa de aire,Puerto 2,WaterLine,Tubería general de agua,Transporte,,,,,
Junction Edge Connectivity,WaterDevice,Válvula de flujo,Altitud,Puerto 1,WaterLine,Tubería general de agua,Tubería de distribución,,,,,
Junction Edge Connectivity,WaterDevice,Válvula de flujo,Altitud,Puerto 1,WaterLine,Tubería general de agua,Transporte,,,,,
Junction Edge Connectivity,WaterDevice,Válvula de flujo,Altitud,Puerto 2,WaterLine,Tubería general de agua,Tubería de distribución,,,,,
Junction Edge Connectivity,WaterDevice,Válvula de flujo,Altitud,Puerto 2,WaterLine,Tubería general de agua,Transporte,,,,,
Junction Edge Connectivity,WaterDevice,Válvula de flujo,Antirretorno,Puerto de entrada,WaterLine,Acometida,Servicio de aire y vacío,,,,,
Junction Edge Connectivity,WaterDevice,Válvula de flujo,Antirretorno,Puerto de entrada,WaterLine,Acometida,Servicio de descarga,,,,,
Junction Edge Connectivity,WaterDevice,Válvula de flujo,Antirretorno,Puerto de entrada,WaterLine,Acometida,Servicio comercial,,,,,
Junction Edge Connectivity,WaterDevice,Válvula de flujo,Antirretorno,Puerto de entrada,WaterLine,Acometida,Servicio de bomberos,,,,,
Junction Edge Connectivity,WaterDevice,Válvula de flujo,Antirretorno,Puerto de entrada,WaterLine,Acometida,Servicio de boca de incendios,,,,,
Junction Edge Connectivity,WaterDevice,Válvula de flujo,Antirretorno,Puerto de entrada,WaterLine,Acometida,Servicio industrial,,,,,
Junction Edge Connectivity,WaterDevice,Válvula de flujo,Antirretorno,Puerto de entrada,WaterLine,Acometida,Servicio de irrigación,,,,,
Junction Edge Connectivity,WaterDevice,Válvula de flujo,Antirretorno,Puerto de entrada,WaterLine,Acometida,Servicio residencial,,,,,
Junction Edge Connectivity,WaterDevice,Válvula de flujo,Antirretorno,Puerto de entrada,WaterLine,Acometida,Servicio de muestreo,,,,,
Junction Edge Connectivity,WaterDevice,Válvula de flujo,Antirretorno,Puerto de entrada,WaterLine,Tubería general de agua,Tubería de distribución,,,,,
Junction Edge Connectivity,WaterDevice,Válvula de flujo,Antirretorno,Puerto de entrada,WaterLine,Tubería general de agua,Transporte,,,,,
Junction Edge Connectivity,WaterDevice,Válvula de flujo,Antirretorno,Puerto de salida,WaterLine,Acometida,Servicio de aire y vacío,,,,,
Junction Edge Connectivity,WaterDevice,Válvula de flujo,Antirretorno,Puerto de salida,WaterLine,Acometida,Servicio de descarga,,,,,
Junction Edge Connectivity,WaterDevice,Válvula de flujo,Antirretorno,Puerto de salida,WaterLine,Acometida,Servicio comercial,,,,,
Junction Edge Connectivity,WaterDevice,Válvula de flujo,Antirretorno,Puerto de salida,WaterLine,Acometida,Servicio de bomberos,,,,,
Junction Edge Connectivity,WaterDevice,Válvula de flujo,Antirretorno,Puerto de salida,WaterLine,Acometida,Servicio de boca de incendios,,,,,
Junction Edge Connectivity,WaterDevice,Válvula de flujo,Antirretorno,Puerto de salida,WaterLine,Acometida,Servicio industrial,,,,,
Junction Edge Connectivity,WaterDevice,Válvula de flujo,Antirretorno,Puerto de salida,WaterLine,Acometida,Servicio de irrigación,,,,,
Junction Edge Connectivity,WaterDevice,Válvula de flujo,Antirretorno,Puerto de salida,WaterLine,Acometida,Servicio residencial,,,,,
Junction Edge Connectivity,WaterDevice,Válvula de flujo,Antirretorno,Puerto de salida,WaterLine,Acometida,Servicio de muestreo,,,,,
Junction Edge Connectivity,WaterDevice,Válvula de flujo,Antirretorno,Puerto de salida,WaterLine,Tubería general de agua,Tubería de distribución,,,,,
Junction Edge Connectivity,WaterDevice,Válvula de flujo,Antirretorno,Puerto de salida,WaterLine,Tubería general de agua,Transporte,,,,,
Junction Edge Connectivity,WaterDevice,Groundbed,Cama anódica,Puerto 1,WaterLine,Línea de conexión equipotencial,Cable,,,,,
Junction Edge Connectivity,WaterDevice,Groundbed,Cama anódica,Puerto 1,WaterLine,Cable del rectificador,Cable del rectificador,,,,,
Junction Edge Connectivity,WaterDevice,Groundbed,Cama anódica,Puerto 2,WaterLine,Línea de conexión equipotencial,Cable,,,,,
Junction Edge Connectivity,WaterDevice,Groundbed,Cama anódica,Puerto 2,WaterLine,Cable del rectificador,Cable del rectificador,,,,,
Junction Edge Connectivity,WaterDevice,Salida,Desagüe,,WaterLine,Acometida,Servicio de descarga,,,,,
Junction Edge Connectivity,WaterDevice,Válvula de presión,Purga de aire,,WaterLine,Tubería general de agua,Tubería de distribución,,,,,
Junction Edge Connectivity,WaterDevice,Válvula de presión,Purga de aire,,WaterLine,Tubería general de agua,Transporte,,,,,
Junction Edge Connectivity,WaterDevice,Válvula de presión,Aire y vacío,,WaterLine,Acometida,Servicio de aire y vacío,,,,,
Junction Edge Connectivity,WaterDevice,Válvula de presión,Aire y vacío,,WaterLine,Tubería general de agua,Tubería de distribución,,,,,
Junction Edge Connectivity,WaterDevice,Válvula de presión,Aire y vacío,,WaterLine,Tubería general de agua,Transporte,,,,,
Junction Edge Connectivity,WaterDevice,Válvula de presión,Combinada de aire_Obsoleto,,WaterLine,Tubería general de agua,Tubería de distribución,,,,,
Junction Edge Connectivity,WaterDevice,Válvula de presión,Combinada de aire_Obsoleto,,WaterLine,Tubería general de agua,Transporte,,,,,
Junction Edge Connectivity,WaterDevice,Válvula de presión,Limitadora de presión,,WaterLine,Tubería general de agua,Tubería de distribución,,,,,
Junction Edge Connectivity,WaterDevice,Válvula de presión,Limitadora de presión,,WaterLine,Tubería general de agua,Transporte,,,,,
Junction Edge Connectivity,WaterDevice,Válvula de presión,Reducción de presión,Alta presión de entrada,WaterLine,Tubería general de agua,Tubería de distribución,,,,,
Junction Edge Connectivity,WaterDevice,Válvula de presión,Reducción de presión,Alta presión de entrada,WaterLine,Tubería general de agua,Transporte,,,,,
Junction Edge Connectivity,WaterDevice,Válvula de presión,Reducción de presión,Baja presión de salida,WaterLine,Tubería general de agua,Tubería de distribución,,,,,
Junction Edge Connectivity,WaterDevice,Válvula de presión,Reducción de presión,Baja presión de salida,WaterLine,Tubería general de agua,Transporte,,,,,
Junction Edge Connectivity,WaterDevice,Válvula de presión,Mantenimiento de presión,,WaterLine,Tubería general de agua,Tubería de distribución,,,,,
Junction Edge Connectivity,WaterDevice,Válvula de presión,Mantenimiento de presión,,WaterLine,Tubería general de agua,Transporte,,,,,
Junction Edge Connectivity,WaterDevice,Bomba,Refuerzo,Alta presión de salida,WaterLine,Tubería general de agua,Tubería de distribución,,,,,
Junction Edge Connectivity,WaterDevice,Bomba,Refuerzo,Alta presión de salida,WaterLine,Tubería general de agua,Transporte,,,,,
Junction Edge Connectivity,WaterDevice,Bomba,Refuerzo,Baja presión de entrada,WaterLine,Tubería general de agua,Tubería de distribución,,,,,
Junction Edge Connectivity,WaterDevice,Bomba,Refuerzo,Baja presión de entrada,WaterLine,Tubería general de agua,Transporte,,,,,
Junction Edge Connectivity,WaterDevice,Bomba,Principal,Alta presión de salida,WaterLine,Tubería general de agua,Tubería de distribución,,,,,
Junction Edge Connectivity,WaterDevice,Bomba,Principal,Alta presión de salida,WaterLine,Tubería general de agua,Transporte,,,,,
Junction Edge Connectivity,WaterDevice,Bomba,Principal,Baja presión de entrada,WaterLine,Tubería general de agua,Tubería de distribución,,,,,
Junction Edge Connectivity,WaterDevice,Bomba,Principal,Baja presión de entrada,WaterLine,Tubería general de agua,Transporte,,,,,
Junction Edge Connectivity,WaterDevice,Rectificador,Rectificador,,WaterLine,Línea de conexión equipotencial,Abrazadera,,,,,
Junction Edge Connectivity,WaterDevice,Rectificador,Rectificador,,WaterLine,Línea de conexión equipotencial,Cable,,,,,
Junction Edge Connectivity,WaterDevice,Rectificador,Rectificador,,WaterLine,Cable del rectificador,Cable del rectificador,,,,,
Junction Edge Connectivity,WaterDevice,Conexión de servicio,Comercial,,WaterLine,Acometida,Servicio comercial,,,,,
Junction Edge Connectivity,WaterDevice,Conexión de servicio,Hidrante,,WaterLine,Acometida,Servicio de bomberos,,,,,
Junction Edge Connectivity,WaterDevice,Conexión de servicio,Industrial,,WaterLine,Acometida,Servicio industrial,,,,,
Junction Edge Connectivity,WaterDevice,Conexión de servicio,Riego,,WaterLine,Acometida,Servicio de irrigación,,,,,
Junction Edge Connectivity,WaterDevice,Conexión de servicio,Residencial,,WaterLine,Acometida,Servicio residencial,,,,,
Junction Edge Connectivity,WaterDevice,Contador de servicio,Comercial,,WaterLine,Acometida,Servicio de aire y vacío,,,,,
Junction Edge Connectivity,WaterDevice,Contador de servicio,Comercial,,WaterLine,Acometida,Servicio de descarga,,,,,
Junction Edge Connectivity,WaterDevice,Contador de servicio,Comercial,,WaterLine,Acometida,Servicio comercial,,,,,
Junction Edge Connectivity,WaterDevice,Contador de servicio,Comercial,,WaterLine,Acometida,Servicio de bomberos,,,,,
Junction Edge Connectivity,WaterDevice,Contador de servicio,Comercial,,WaterLine,Acometida,Servicio de boca de incendios,,,,,
Junction Edge Connectivity,WaterDevice,Contador de servicio,Comercial,,WaterLine,Acometida,Servicio industrial,,,,,
Junction Edge Connectivity,WaterDevice,Contador de servicio,Comercial,,WaterLine,Acometida,Servicio de irrigación,,,,,
Junction Edge Connectivity,WaterDevice,Contador de servicio,Comercial,,WaterLine,Acometida,Servicio residencial,,,,,
Junction Edge Connectivity,WaterDevice,Contador de servicio,Comercial,,WaterLine,Acometida,Servicio de muestreo,,,,,
Junction Edge Connectivity,WaterDevice,Contador de servicio,Incendio,,WaterLine,Acometida,Servicio de bomberos,,,,,
Junction Edge Connectivity,WaterDevice,Contador de servicio,Industrial,,WaterLine,Acometida,Servicio de aire y vacío,,,,,
Junction Edge Connectivity,WaterDevice,Contador de servicio,Industrial,,WaterLine,Acometida,Servicio de descarga,,,,,
Junction Edge Connectivity,WaterDevice,Contador de servicio,Industrial,,WaterLine,Acometida,Servicio comercial,,,,,
Junction Edge Connectivity,WaterDevice,Contador de servicio,Industrial,,WaterLine,Acometida,Servicio de bomberos,,,,,
Junction Edge Connectivity,WaterDevice,Contador de servicio,Industrial,,WaterLine,Acometida,Servicio de boca de incendios,,,,,
Junction Edge Connectivity,WaterDevice,Contador de servicio,Industrial,,WaterLine,Acometida,Servicio industrial,,,,,
Junction Edge Connectivity,WaterDevice,Contador de servicio,Industrial,,WaterLine,Acometida,Servicio de irrigación,,,,,
Junction Edge Connectivity,WaterDevice,Contador de servicio,Industrial,,WaterLine,Acometida,Servicio residencial,,,,,
Junction Edge Connectivity,WaterDevice,Contador de servicio,Industrial,,WaterLine,Acometida,Servicio de muestreo,,,,,
Junction Edge Connectivity,WaterDevice,Contador de servicio,Riego,,WaterLine,Acometida,Servicio de irrigación,,,,,
Junction Edge Connectivity,WaterDevice,Contador de servicio,Residencial,,WaterLine,Acometida,Servicio de aire y vacío,,,,,
Junction Edge Connectivity,WaterDevice,Contador de servicio,Residencial,,WaterLine,Acometida,Servicio de descarga,,,,,
Junction Edge Connectivity,WaterDevice,Contador de servicio,Residencial,,WaterLine,Acometida,Servicio comercial,,,,,
Junction Edge Connectivity,WaterDevice,Contador de servicio,Residencial,,WaterLine,Acometida,Servicio de bomberos,,,,,
Junction Edge Connectivity,WaterDevice,Contador de servicio,Residencial,,WaterLine,Acometida,Servicio de boca de incendios,,,,,
Junction Edge Connectivity,WaterDevice,Contador de servicio,Residencial,,WaterLine,Acometida,Servicio industrial,,,,,
Junction Edge Connectivity,WaterDevice,Contador de servicio,Residencial,,WaterLine,Acometida,Servicio de irrigación,,,,,
Junction Edge Connectivity,WaterDevice,Contador de servicio,Residencial,,WaterLine,Acometida,Servicio residencial,,,,,
Junction Edge Connectivity,WaterDevice,Contador de servicio,Residencial,,WaterLine,Acometida,Servicio de muestreo,,,,,
Junction Edge Connectivity,WaterDevice,Válvula de servicio,Descarga,,WaterLine,Acometida,Servicio de descarga,,,,,
Junction Edge Connectivity,WaterDevice,Válvula de servicio,Boca de incendios,,WaterLine,Acometida,Servicio de boca de incendios,,,,,
Junction Edge Connectivity,WaterDevice,Válvula de servicio,Boca de incendios,,WaterLine,Tubería general de agua,Tubería de distribución,,,,,
Junction Edge Connectivity,WaterDevice,Válvula de servicio,Acometida,,WaterLine,Acometida,Servicio de aire y vacío,,,,,
Junction Edge Connectivity,WaterDevice,Válvula de servicio,Acometida,,WaterLine,Acometida,Servicio de descarga,,,,,
Junction Edge Connectivity,WaterDevice,Válvula de servicio,Acometida,,WaterLine,Acometida,Servicio comercial,,,,,
Junction Edge Connectivity,WaterDevice,Válvula de servicio,Acometida,,WaterLine,Acometida,Servicio de bomberos,,,,,
Junction Edge Connectivity,WaterDevice,Válvula de servicio,Acometida,,WaterLine,Acometida,Servicio de boca de incendios,,,,,
Junction Edge Connectivity,WaterDevice,Válvula de servicio,Acometida,,WaterLine,Acometida,Servicio industrial,,,,,
Junction Edge Connectivity,WaterDevice,Válvula de servicio,Acometida,,WaterLine,Acometida,Servicio de irrigación,,,,,
Junction Edge Connectivity,WaterDevice,Válvula de servicio,Acometida,,WaterLine,Acometida,Servicio residencial,,,,,
Junction Edge Connectivity,WaterDevice,Válvula de servicio,Acometida,,WaterLine,Acometida,Servicio de muestreo,,,,,
Junction Edge Connectivity,WaterDevice,Válvula de servicio,Acometida,,WaterLine,Acometida,Se desconoce,,,,,
Junction Edge Connectivity,WaterDevice,Válvula de servicio,Acometida,,WaterLine,Tubería general de agua,Tubería de distribución,,,,,
Junction Edge Connectivity,WaterDevice,Válvula de servicio,Acometida,,WaterLine,Tubería general de agua,Transporte,,,,,
Junction Edge Connectivity,WaterDevice,Estación,Estación de bombeo,Alta presión de salida,WaterLine,Tubería general de agua,Tubería de distribución,,,,,
Junction Edge Connectivity,WaterDevice,Estación,Estación de bombeo,Alta presión de salida,WaterLine,Tubería general de agua,Producción,,,,,
Junction Edge Connectivity,WaterDevice,Estación,Estación de bombeo,Alta presión de salida,WaterLine,Tubería general de agua,Transporte,,,,,
Junction Edge Connectivity,WaterDevice,Estación,Estación de bombeo,Baja presión de entrada,WaterLine,Tubería general de agua,Tubería de distribución,,,,,
Junction Edge Connectivity,WaterDevice,Estación,Estación de bombeo,Baja presión de entrada,WaterLine,Tubería general de agua,Producción,,,,,
Junction Edge Connectivity,WaterDevice,Estación,Estación de bombeo,Baja presión de entrada,WaterLine,Tubería general de agua,Transporte,,,,,
Junction Edge Connectivity,WaterDevice,Estación,Estación de muestra,,WaterLine,Acometida,Servicio de muestreo,,,,,
Junction Edge Connectivity,WaterDevice,Almacenamiento,Tanque hidroneumático,,WaterLine,Tubería general de agua,Tubería de distribución,,,,,
Junction Edge Connectivity,WaterDevice,Almacenamiento,Tanque hidroneumático,,WaterLine,Tubería general de agua,Transporte,,,,,
Junction Edge Connectivity,WaterDevice,Almacenamiento,Tubo vertical,Puerto 1,WaterLine,Tubería general de agua,Transporte,,,,,
Junction Edge Connectivity,WaterDevice,Almacenamiento,Tubo vertical,Puerto 2,WaterLine,Tubería general de agua,Transporte,,,,,
Junction Edge Connectivity,WaterDevice,Almacenamiento,Tanque de almacenamiento,Puerto 1,WaterLine,Tubería general de agua,Transporte,,,,,
Junction Edge Connectivity,WaterDevice,Almacenamiento,Tanque de almacenamiento,Puerto 2,WaterLine,Tubería general de agua,Transporte,,,,,
Junction Edge Connectivity,WaterDevice,Almacenamiento,Tanque de sobrecarga,,WaterLine,Tubería general de agua,Tubería de distribución,,,,,
Junction Edge Connectivity,WaterDevice,Almacenamiento,Tanque de sobrecarga,,WaterLine,Tubería general de agua,Transporte,,,,,
Junction Edge Connectivity,WaterDevice,Almacenamiento,Torre,Puerto 1,WaterLine,Tubería general de agua,Transporte,,,,,
Junction Edge Connectivity,WaterDevice,Almacenamiento,Torre,Puerto 2,WaterLine,Tubería general de agua,Transporte,,,,,
Junction Edge Connectivity,WaterDevice,Suministro,Interconexión,,WaterLine,Tubería general de agua,Tubería de distribución,,,,,
Junction Edge Connectivity,WaterDevice,Suministro,Interconexión,,WaterLine,Tubería general de agua,Transporte,,,,,
Junction Edge Connectivity,WaterDevice,Suministro,Planta potabilizadora,Puerto 2,WaterLine,Tubería general de agua,Transporte,,,,,
Junction Edge Connectivity,WaterDevice,Suministro,Pozo,Puerto 2,WaterLine,Tubería general de agua,Transporte,,,,,
Junction Edge Connectivity,WaterDevice,Contador del sistema,Volumen,Puerto 1,WaterLine,Acometida,Servicio de aire y vacío,,,,,
Junction Edge Connectivity,WaterDevice,Contador del sistema,Volumen,Puerto 1,WaterLine,Acometida,Servicio de descarga,,,,,
Junction Edge Connectivity,WaterDevice,Contador del sistema,Volumen,Puerto 1,WaterLine,Acometida,Servicio comercial,,,,,
Junction Edge Connectivity,WaterDevice,Contador del sistema,Volumen,Puerto 1,WaterLine,Acometida,Servicio de bomberos,,,,,
Junction Edge Connectivity,WaterDevice,Contador del sistema,Volumen,Puerto 1,WaterLine,Acometida,Servicio de boca de incendios,,,,,
Junction Edge Connectivity,WaterDevice,Contador del sistema,Volumen,Puerto 1,WaterLine,Acometida,Servicio industrial,,,,,
Junction Edge Connectivity,WaterDevice,Contador del sistema,Volumen,Puerto 1,WaterLine,Acometida,Servicio de irrigación,,,,,
Junction Edge Connectivity,WaterDevice,Contador del sistema,Volumen,Puerto 1,WaterLine,Acometida,Servicio residencial,,,,,
Junction Edge Connectivity,WaterDevice,Contador del sistema,Volumen,Puerto 1,WaterLine,Acometida,Servicio de muestreo,,,,,
Junction Edge Connectivity,WaterDevice,Contador del sistema,Volumen,Puerto 1,WaterLine,Tubería general de agua,Transporte,,,,,
Junction Edge Connectivity,WaterDevice,Contador del sistema,Volumen,Puerto 2,WaterLine,Acometida,Servicio de aire y vacío,,,,,
Junction Edge Connectivity,WaterDevice,Contador del sistema,Volumen,Puerto 2,WaterLine,Acometida,Servicio de descarga,,,,,
Junction Edge Connectivity,WaterDevice,Contador del sistema,Volumen,Puerto 2,WaterLine,Acometida,Servicio comercial,,,,,
Junction Edge Connectivity,WaterDevice,Contador del sistema,Volumen,Puerto 2,WaterLine,Acometida,Servicio de bomberos,,,,,
Junction Edge Connectivity,WaterDevice,Contador del sistema,Volumen,Puerto 2,WaterLine,Acometida,Servicio de boca de incendios,,,,,
Junction Edge Connectivity,WaterDevice,Contador del sistema,Volumen,Puerto 2,WaterLine,Acometida,Servicio industrial,,,,,
Junction Edge Connectivity,WaterDevice,Contador del sistema,Volumen,Puerto 2,WaterLine,Acometida,Servicio de irrigación,,,,,
Junction Edge Connectivity,WaterDevice,Contador del sistema,Volumen,Puerto 2,WaterLine,Acometida,Servicio residencial,,,,,
Junction Edge Connectivity,WaterDevice,Contador del sistema,Volumen,Puerto 2,WaterLine,Acometida,Servicio de muestreo,,,,,
Junction Edge Connectivity,WaterDevice,Contador del sistema,Volumen,Puerto 2,WaterLine,Tubería general de agua,Transporte,,,,,
Junction Edge Connectivity,WaterDevice,Contador del sistema,Caudalímetro,Puerto 1,WaterLine,Acometida,Servicio de aire y vacío,,,,,
Junction Edge Connectivity,WaterDevice,Contador del sistema,Caudalímetro,Puerto 1,WaterLine,Acometida,Servicio de descarga,,,,,
Junction Edge Connectivity,WaterDevice,Contador del sistema,Caudalímetro,Puerto 1,WaterLine,Acometida,Servicio comercial,,,,,
Junction Edge Connectivity,WaterDevice,Contador del sistema,Caudalímetro,Puerto 1,WaterLine,Acometida,Servicio de bomberos,,,,,
Junction Edge Connectivity,WaterDevice,Contador del sistema,Caudalímetro,Puerto 1,WaterLine,Acometida,Servicio de boca de incendios,,,,,
Junction Edge Connectivity,WaterDevice,Contador del sistema,Caudalímetro,Puerto 1,WaterLine,Acometida,Servicio industrial,,,,,
Junction Edge Connectivity,WaterDevice,Contador del sistema,Caudalímetro,Puerto 1,WaterLine,Acometida,Servicio de irrigación,,,,,
Junction Edge Connectivity,WaterDevice,Contador del sistema,Caudalímetro,Puerto 1,WaterLine,Acometida,Servicio residencial,,,,,
Junction Edge Connectivity,WaterDevice,Contador del sistema,Caudalímetro,Puerto 1,WaterLine,Acometida,Servicio de muestreo,,,,,
Junction Edge Connectivity,WaterDevice,Contador del sistema,Caudalímetro,Puerto 1,WaterLine,Tubería general de agua,Tubería de distribución,,,,,
Junction Edge Connectivity,WaterDevice,Contador del sistema,Caudalímetro,Puerto 1,WaterLine,Tubería general de agua,Transporte,,,,,
Junction Edge Connectivity,WaterDevice,Contador del sistema,Caudalímetro,Puerto 2,WaterLine,Acometida,Servicio de aire y vacío,,,,,
Junction Edge Connectivity,WaterDevice,Contador del sistema,Caudalímetro,Puerto 2,WaterLine,Acometida,Servicio de descarga,,,,,
Junction Edge Connectivity,WaterDevice,Contador del sistema,Caudalímetro,Puerto 2,WaterLine,Acometida,Servicio comercial,,,,,
Junction Edge Connectivity,WaterDevice,Contador del sistema,Caudalímetro,Puerto 2,WaterLine,Acometida,Servicio de bomberos,,,,,
Junction Edge Connectivity,WaterDevice,Contador del sistema,Caudalímetro,Puerto 2,WaterLine,Acometida,Servicio de boca de incendios,,,,,
Junction Edge Connectivity,WaterDevice,Contador del sistema,Caudalímetro,Puerto 2,WaterLine,Acometida,Servicio industrial,,,,,
Junction Edge Connectivity,WaterDevice,Contador del sistema,Caudalímetro,Puerto 2,WaterLine,Acometida,Servicio de irrigación,,,,,
Junction Edge Connectivity,WaterDevice,Contador del sistema,Caudalímetro,Puerto 2,WaterLine,Acometida,Servicio residencial,,,,,
Junction Edge Connectivity,WaterDevice,Contador del sistema,Caudalímetro,Puerto 2,WaterLine,Acometida,Servicio de muestreo,,,,,
Junction Edge Connectivity,WaterDevice,Contador del sistema,Caudalímetro,Puerto 2,WaterLine,Tubería general de agua,Tubería de distribución,,,,,
Junction Edge Connectivity,WaterDevice,Contador del sistema,Caudalímetro,Puerto 2,WaterLine,Tubería general de agua,Transporte,,,,,
Junction Edge Connectivity,WaterDevice,Contador del sistema,Conexión de emergencia,,WaterLine,Acometida,Servicio de aire y vacío,,,,,
Junction Edge Connectivity,WaterDevice,Contador del sistema,Conexión de emergencia,,WaterLine,Acometida,Servicio de descarga,,,,,
Junction Edge Connectivity,WaterDevice,Contador del sistema,Conexión de emergencia,,WaterLine,Acometida,Servicio comercial,,,,,
Junction Edge Connectivity,WaterDevice,Contador del sistema,Conexión de emergencia,,WaterLine,Acometida,Servicio de bomberos,,,,,
Junction Edge Connectivity,WaterDevice,Contador del sistema,Conexión de emergencia,,WaterLine,Acometida,Servicio de boca de incendios,,,,,
Junction Edge Connectivity,WaterDevice,Contador del sistema,Conexión de emergencia,,WaterLine,Acometida,Servicio industrial,,,,,
Junction Edge Connectivity,WaterDevice,Contador del sistema,Conexión de emergencia,,WaterLine,Acometida,Servicio de irrigación,,,,,
Junction Edge Connectivity,WaterDevice,Contador del sistema,Conexión de emergencia,,WaterLine,Acometida,Servicio residencial,,,,,
Junction Edge Connectivity,WaterDevice,Contador del sistema,Conexión de emergencia,,WaterLine,Acometida,Servicio de muestreo,,,,,
Junction Edge Connectivity,WaterDevice,Contador del sistema,Estación de bombeo,,WaterLine,Acometida,Servicio de aire y vacío,,,,,
Junction Edge Connectivity,WaterDevice,Contador del sistema,Estación de bombeo,,WaterLine,Acometida,Servicio de descarga,,,,,
Junction Edge Connectivity,WaterDevice,Contador del sistema,Estación de bombeo,,WaterLine,Acometida,Servicio comercial,,,,,
Junction Edge Connectivity,WaterDevice,Contador del sistema,Estación de bombeo,,WaterLine,Acometida,Servicio de bomberos,,,,,
Junction Edge Connectivity,WaterDevice,Contador del sistema,Estación de bombeo,,WaterLine,Acometida,Servicio de boca de incendios,,,,,
Junction Edge Connectivity,WaterDevice,Contador del sistema,Estación de bombeo,,WaterLine,Acometida,Servicio industrial,,,,,
Junction Edge Connectivity,WaterDevice,Contador del sistema,Estación de bombeo,,WaterLine,Acometida,Servicio de irrigación,,,,,
Junction Edge Connectivity,WaterDevice,Contador del sistema,Estación de bombeo,,WaterLine,Acometida,Servicio residencial,,,,,
Junction Edge Connectivity,WaterDevice,Contador del sistema,Estación de bombeo,,WaterLine,Acometida,Servicio de muestreo,,,,,
Junction Edge Connectivity,WaterDevice,Válvula del sistema,Derivación,,WaterLine,Cable de prueba,Aguamarina,,,,,
Junction Edge Connectivity,WaterDevice,Válvula del sistema,Derivación,,WaterLine,Cable de prueba,Azul,,,,,
Junction Edge Connectivity,WaterDevice,Válvula del sistema,Derivación,,WaterLine,Cable de prueba,Bosque,,,,,
Junction Edge Connectivity,WaterDevice,Válvula del sistema,Derivación,,WaterLine,Cable de prueba,Verde,,,,,
Junction Edge Connectivity,WaterDevice,Válvula del sistema,Derivación,,WaterLine,Cable de prueba,Lavanda,,,,,
Junction Edge Connectivity,WaterDevice,Válvula del sistema,Derivación,,WaterLine,Cable de prueba,Orange,,,,,
Junction Edge Connectivity,WaterDevice,Válvula del sistema,Derivación,,WaterLine,Cable de prueba,Rosa,,,,,
Junction Edge Connectivity,WaterDevice,Válvula del sistema,Derivación,,WaterLine,Cable de prueba,Morado,,,,,
Junction Edge Connectivity,WaterDevice,Válvula del sistema,Derivación,,WaterLine,Cable de prueba,Rojo,,,,,
Junction Edge Connectivity,WaterDevice,Válvula del sistema,Derivación,,WaterLine,Cable de prueba,Se desconoce,,,,,
Junction Edge Connectivity,WaterDevice,Válvula del sistema,Derivación,,WaterLine,Cable de prueba,Amarillo,,,,,
Junction Edge Connectivity,WaterDevice,Válvula del sistema,Derivación,,WaterLine,Tubería general de agua,Tubería de distribución,,,,,
Junction Edge Connectivity,WaterDevice,Válvula del sistema,Derivación,,WaterLine,Tubería general de agua,Transporte,,,,,
Junction Edge Connectivity,WaterDevice,Válvula del sistema,Interconexión,,WaterLine,Cable de prueba,Aguamarina,,,,,
Junction Edge Connectivity,WaterDevice,Válvula del sistema,Interconexión,,WaterLine,Cable de prueba,Azul,,,,,
Junction Edge Connectivity,WaterDevice,Válvula del sistema,Interconexión,,WaterLine,Cable de prueba,Bosque,,,,,
Junction Edge Connectivity,WaterDevice,Válvula del sistema,Interconexión,,WaterLine,Cable de prueba,Verde,,,,,
Junction Edge Connectivity,WaterDevice,Válvula del sistema,Interconexión,,WaterLine,Cable de prueba,Lavanda,,,,,
Junction Edge Connectivity,WaterDevice,Válvula del sistema,Interconexión,,WaterLine,Cable de prueba,Orange,,,,,
Junction Edge Connectivity,WaterDevice,Válvula del sistema,Interconexión,,WaterLine,Cable de prueba,Rosa,,,,,
Junction Edge Connectivity,WaterDevice,Válvula del sistema,Interconexión,,WaterLine,Cable de prueba,Morado,,,,,
Junction Edge Connectivity,WaterDevice,Válvula del sistema,Interconexión,,WaterLine,Cable de prueba,Rojo,,,,,
Junction Edge Connectivity,WaterDevice,Válvula del sistema,Interconexión,,WaterLine,Cable de prueba,Se desconoce,,,,,
Junction Edge Connectivity,WaterDevice,Válvula del sistema,Interconexión,,WaterLine,Cable de prueba,Amarillo,,,,,
Junction Edge Connectivity,WaterDevice,Válvula del sistema,Zona de aislamiento,Puerto 1,WaterLine,Cable de prueba,Aguamarina,,,,,
Junction Edge Connectivity,WaterDevice,Válvula del sistema,Zona de aislamiento,Puerto 1,WaterLine,Cable de prueba,Azul,,,,,
Junction Edge Connectivity,WaterDevice,Válvula del sistema,Zona de aislamiento,Puerto 1,WaterLine,Cable de prueba,Bosque,,,,,
Junction Edge Connectivity,WaterDevice,Válvula del sistema,Zona de aislamiento,Puerto 1,WaterLine,Cable de prueba,Verde,,,,,
Junction Edge Connectivity,WaterDevice,Válvula del sistema,Zona de aislamiento,Puerto 1,WaterLine,Cable de prueba,Lavanda,,,,,
Junction Edge Connectivity,WaterDevice,Válvula del sistema,Zona de aislamiento,Puerto 1,WaterLine,Cable de prueba,Orange,,,,,
Junction Edge Connectivity,WaterDevice,Válvula del sistema,Zona de aislamiento,Puerto 1,WaterLine,Cable de prueba,Rosa,,,,,
Junction Edge Connectivity,WaterDevice,Válvula del sistema,Zona de aislamiento,Puerto 1,WaterLine,Cable de prueba,Morado,,,,,
Junction Edge Connectivity,WaterDevice,Válvula del sistema,Zona de aislamiento,Puerto 1,WaterLine,Cable de prueba,Rojo,,,,,
Junction Edge Connectivity,WaterDevice,Válvula del sistema,Zona de aislamiento,Puerto 1,WaterLine,Cable de prueba,Se desconoce,,,,,
Junction Edge Connectivity,WaterDevice,Válvula del sistema,Zona de aislamiento,Puerto 1,WaterLine,Cable de prueba,Amarillo,,,,,
Junction Edge Connectivity,WaterDevice,Válvula del sistema,Zona de aislamiento,Puerto 1,WaterLine,Tubería general de agua,Tubería de distribución,,,,,
Junction Edge Connectivity,WaterDevice,Válvula del sistema,Zona de aislamiento,Puerto 1,WaterLine,Tubería general de agua,Transporte,,,,,
Junction Edge Connectivity,WaterDevice,Válvula del sistema,Zona de aislamiento,Puerto 2,WaterLine,Cable de prueba,Aguamarina,,,,,
Junction Edge Connectivity,WaterDevice,Válvula del sistema,Zona de aislamiento,Puerto 2,WaterLine,Cable de prueba,Azul,,,,,
Junction Edge Connectivity,WaterDevice,Válvula del sistema,Zona de aislamiento,Puerto 2,WaterLine,Cable de prueba,Bosque,,,,,
Junction Edge Connectivity,WaterDevice,Válvula del sistema,Zona de aislamiento,Puerto 2,WaterLine,Cable de prueba,Verde,,,,,
Junction Edge Connectivity,WaterDevice,Válvula del sistema,Zona de aislamiento,Puerto 2,WaterLine,Cable de prueba,Lavanda,,,,,
Junction Edge Connectivity,WaterDevice,Válvula del sistema,Zona de aislamiento,Puerto 2,WaterLine,Cable de prueba,Orange,,,,,
Junction Edge Connectivity,WaterDevice,Válvula del sistema,Zona de aislamiento,Puerto 2,WaterLine,Cable de prueba,Rosa,,,,,
Junction Edge Connectivity,WaterDevice,Válvula del sistema,Zona de aislamiento,Puerto 2,WaterLine,Cable de prueba,Morado,,,,,
Junction Edge Connectivity,WaterDevice,Válvula del sistema,Zona de aislamiento,Puerto 2,WaterLine,Cable de prueba,Rojo,,,,,
Junction Edge Connectivity,WaterDevice,Válvula del sistema,Zona de aislamiento,Puerto 2,WaterLine,Cable de prueba,Se desconoce,,,,,
Junction Edge Connectivity,WaterDevice,Válvula del sistema,Zona de aislamiento,Puerto 2,WaterLine,Cable de prueba,Amarillo,,,,,
Junction Edge Connectivity,WaterDevice,Válvula del sistema,Zona de aislamiento,Puerto 2,WaterLine,Tubería general de agua,Tubería de distribución,,,,,
Junction Edge Connectivity,WaterDevice,Válvula del sistema,Zona de aislamiento,Puerto 2,WaterLine,Tubería general de agua,Transporte,,,,,
Junction Edge Connectivity,WaterDevice,Válvula del sistema,Zona de presión,,WaterLine,Cable de prueba,Aguamarina,,,,,
Junction Edge Connectivity,WaterDevice,Válvula del sistema,Zona de presión,,WaterLine,Cable de prueba,Azul,,,,,
Junction Edge Connectivity,WaterDevice,Válvula del sistema,Zona de presión,,WaterLine,Cable de prueba,Bosque,,,,,
Junction Edge Connectivity,WaterDevice,Válvula del sistema,Zona de presión,,WaterLine,Cable de prueba,Verde,,,,,
Junction Edge Connectivity,WaterDevice,Válvula del sistema,Zona de presión,,WaterLine,Cable de prueba,Lavanda,,,,,
Junction Edge Connectivity,WaterDevice,Válvula del sistema,Zona de presión,,WaterLine,Cable de prueba,Orange,,,,,
Junction Edge Connectivity,WaterDevice,Válvula del sistema,Zona de presión,,WaterLine,Cable de prueba,Rosa,,,,,
Junction Edge Connectivity,WaterDevice,Válvula del sistema,Zona de presión,,WaterLine,Cable de prueba,Morado,,,,,
Junction Edge Connectivity,WaterDevice,Válvula del sistema,Zona de presión,,WaterLine,Cable de prueba,Rojo,,,,,
Junction Edge Connectivity,WaterDevice,Válvula del sistema,Zona de presión,,WaterLine,Cable de prueba,Se desconoce,,,,,
Junction Edge Connectivity,WaterDevice,Válvula del sistema,Zona de presión,,WaterLine,Cable de prueba,Amarillo,,,,,
Junction Edge Connectivity,WaterDevice,Válvula del sistema,Zona de presión,,WaterLine,Tubería general de agua,Tubería de distribución,,,,,
Junction Edge Connectivity,WaterDevice,Válvula del sistema,Zona de presión,,WaterLine,Tubería general de agua,Transporte,,,,,
Junction Edge Connectivity,WaterDevice,Válvula del sistema,Suministro,,WaterLine,Cable de prueba,Aguamarina,,,,,
Junction Edge Connectivity,WaterDevice,Válvula del sistema,Suministro,,WaterLine,Cable de prueba,Azul,,,,,
Junction Edge Connectivity,WaterDevice,Válvula del sistema,Suministro,,WaterLine,Cable de prueba,Bosque,,,,,
Junction Edge Connectivity,WaterDevice,Válvula del sistema,Suministro,,WaterLine,Cable de prueba,Verde,,,,,
Junction Edge Connectivity,WaterDevice,Válvula del sistema,Suministro,,WaterLine,Cable de prueba,Lavanda,,,,,
Junction Edge Connectivity,WaterDevice,Válvula del sistema,Suministro,,WaterLine,Cable de prueba,Orange,,,,,
Junction Edge Connectivity,WaterDevice,Válvula del sistema,Suministro,,WaterLine,Cable de prueba,Rosa,,,,,
Junction Edge Connectivity,WaterDevice,Válvula del sistema,Suministro,,WaterLine,Cable de prueba,Morado,,,,,
Junction Edge Connectivity,WaterDevice,Válvula del sistema,Suministro,,WaterLine,Cable de prueba,Rojo,,,,,
Junction Edge Connectivity,WaterDevice,Válvula del sistema,Suministro,,WaterLine,Cable de prueba,Se desconoce,,,,,
Junction Edge Connectivity,WaterDevice,Válvula del sistema,Suministro,,WaterLine,Cable de prueba,Amarillo,,,,,
Junction Edge Connectivity,WaterDevice,Válvula del sistema,Suministro,,WaterLine,Tubería general de agua,Tubería de distribución,,,,,
Junction Edge Connectivity,WaterDevice,Válvula del sistema,Suministro,,WaterLine,Tubería general de agua,Transporte,,,,,
Junction Edge Connectivity,WaterDevice,Válvula del sistema,Sistema,,WaterLine,Acometida,Servicio de descarga,,,,,
Junction Edge Connectivity,WaterDevice,Válvula del sistema,Sistema,,WaterLine,Cable de prueba,Aguamarina,,,,,
Junction Edge Connectivity,WaterDevice,Válvula del sistema,Sistema,,WaterLine,Cable de prueba,Azul,,,,,
Junction Edge Connectivity,WaterDevice,Válvula del sistema,Sistema,,WaterLine,Cable de prueba,Bosque,,,,,
Junction Edge Connectivity,WaterDevice,Válvula del sistema,Sistema,,WaterLine,Cable de prueba,Verde,,,,,
Junction Edge Connectivity,WaterDevice,Válvula del sistema,Sistema,,WaterLine,Cable de prueba,Lavanda,,,,,
Junction Edge Connectivity,WaterDevice,Válvula del sistema,Sistema,,WaterLine,Cable de prueba,Orange,,,,,
Junction Edge Connectivity,WaterDevice,Válvula del sistema,Sistema,,WaterLine,Cable de prueba,Rosa,,,,,
Junction Edge Connectivity,WaterDevice,Válvula del sistema,Sistema,,WaterLine,Cable de prueba,Morado,,,,,
Junction Edge Connectivity,WaterDevice,Válvula del sistema,Sistema,,WaterLine,Cable de prueba,Rojo,,,,,
Junction Edge Connectivity,WaterDevice,Válvula del sistema,Sistema,,WaterLine,Cable de prueba,Se desconoce,,,,,
Junction Edge Connectivity,WaterDevice,Válvula del sistema,Sistema,,WaterLine,Cable de prueba,Amarillo,,,,,
Junction Edge Connectivity,WaterDevice,Válvula del sistema,Sistema,,WaterLine,Tubería general de agua,Tubería de distribución,,,,,
Junction Edge Connectivity,WaterDevice,Válvula del sistema,Sistema,,WaterLine,Tubería general de agua,Transporte,,,,,
Junction Edge Connectivity,WaterDevice,Válvula del sistema,Se desconoce,,WaterLine,Cable de prueba,Aguamarina,,,,,
Junction Edge Connectivity,WaterDevice,Válvula del sistema,Se desconoce,,WaterLine,Cable de prueba,Azul,,,,,
Junction Edge Connectivity,WaterDevice,Válvula del sistema,Se desconoce,,WaterLine,Cable de prueba,Bosque,,,,,
Junction Edge Connectivity,WaterDevice,Válvula del sistema,Se desconoce,,WaterLine,Cable de prueba,Verde,,,,,
Junction Edge Connectivity,WaterDevice,Válvula del sistema,Se desconoce,,WaterLine,Cable de prueba,Lavanda,,,,,
Junction Edge Connectivity,WaterDevice,Válvula del sistema,Se desconoce,,WaterLine,Cable de prueba,Orange,,,,,
Junction Edge Connectivity,WaterDevice,Válvula del sistema,Se desconoce,,WaterLine,Cable de prueba,Rosa,,,,,
Junction Edge Connectivity,WaterDevice,Válvula del sistema,Se desconoce,,WaterLine,Cable de prueba,Morado,,,,,
Junction Edge Connectivity,WaterDevice,Válvula del sistema,Se desconoce,,WaterLine,Cable de prueba,Rojo,,,,,
Junction Edge Connectivity,WaterDevice,Válvula del sistema,Se desconoce,,WaterLine,Cable de prueba,Se desconoce,,,,,
Junction Edge Connectivity,WaterDevice,Válvula del sistema,Se desconoce,,WaterLine,Cable de prueba,Amarillo,,,,,
Junction Edge Connectivity,WaterDevice,Punto de prueba,Punto de prueba_Obsoleto,Terminal ocho,WaterLine,Cable de prueba,Aguamarina,,,,,
Junction Edge Connectivity,WaterDevice,Punto de prueba,Punto de prueba_Obsoleto,Terminal ocho,WaterLine,Cable de prueba,Azul,,,,,
Junction Edge Connectivity,WaterDevice,Punto de prueba,Punto de prueba_Obsoleto,Terminal ocho,WaterLine,Cable de prueba,Bosque,,,,,
Junction Edge Connectivity,WaterDevice,Punto de prueba,Punto de prueba_Obsoleto,Terminal ocho,WaterLine,Cable de prueba,Verde,,,,,
Junction Edge Connectivity,WaterDevice,Punto de prueba,Punto de prueba_Obsoleto,Terminal ocho,WaterLine,Cable de prueba,Lavanda,,,,,
Junction Edge Connectivity,WaterDevice,Punto de prueba,Punto de prueba_Obsoleto,Terminal ocho,WaterLine,Cable de prueba,Orange,,,,,
Junction Edge Connectivity,WaterDevice,Punto de prueba,Punto de prueba_Obsoleto,Terminal ocho,WaterLine,Cable de prueba,Rosa,,,,,
Junction Edge Connectivity,WaterDevice,Punto de prueba,Punto de prueba_Obsoleto,Terminal ocho,WaterLine,Cable de prueba,Morado,,,,,
Junction Edge Connectivity,WaterDevice,Punto de prueba,Punto de prueba_Obsoleto,Terminal ocho,WaterLine,Cable de prueba,Rojo,,,,,
Junction Edge Connectivity,WaterDevice,Punto de prueba,Punto de prueba_Obsoleto,Terminal ocho,WaterLine,Cable de prueba,Amarillo,,,,,
Junction Edge Connectivity,WaterDevice,Punto de prueba,Punto de prueba_Obsoleto,Terminal cinco,WaterLine,Cable de prueba,Aguamarina,,,,,
Junction Edge Connectivity,WaterDevice,Punto de prueba,Punto de prueba_Obsoleto,Terminal cinco,WaterLine,Cable de prueba,Azul,,,,,
Junction Edge Connectivity,WaterDevice,Punto de prueba,Punto de prueba_Obsoleto,Terminal cinco,WaterLine,Cable de prueba,Bosque,,,,,
Junction Edge Connectivity,WaterDevice,Punto de prueba,Punto de prueba_Obsoleto,Terminal cinco,WaterLine,Cable de prueba,Verde,,,,,
Junction Edge Connectivity,WaterDevice,Punto de prueba,Punto de prueba_Obsoleto,Terminal cinco,WaterLine,Cable de prueba,Lavanda,,,,,
Junction Edge Connectivity,WaterDevice,Punto de prueba,Punto de prueba_Obsoleto,Terminal cinco,WaterLine,Cable de prueba,Orange,,,,,
Junction Edge Connectivity,WaterDevice,Punto de prueba,Punto de prueba_Obsoleto,Terminal cinco,WaterLine,Cable de prueba,Rosa,,,,,
Junction Edge Connectivity,WaterDevice,Punto de prueba,Punto de prueba_Obsoleto,Terminal cinco,WaterLine,Cable de prueba,Morado,,,,,
Junction Edge Connectivity,WaterDevice,Punto de prueba,Punto de prueba_Obsoleto,Terminal cinco,WaterLine,Cable de prueba,Rojo,,,,,
Junction Edge Connectivity,WaterDevice,Punto de prueba,Punto de prueba_Obsoleto,Terminal cinco,WaterLine,Cable de prueba,Amarillo,,,,,
Junction Edge Connectivity,WaterDevice,Punto de prueba,Punto de prueba_Obsoleto,Terminal cuatro,WaterLine,Cable de prueba,Aguamarina,,,,,
Junction Edge Connectivity,WaterDevice,Punto de prueba,Punto de prueba_Obsoleto,Terminal cuatro,WaterLine,Cable de prueba,Azul,,,,,
Junction Edge Connectivity,WaterDevice,Punto de prueba,Punto de prueba_Obsoleto,Terminal cuatro,WaterLine,Cable de prueba,Bosque,,,,,
Junction Edge Connectivity,WaterDevice,Punto de prueba,Punto de prueba_Obsoleto,Terminal cuatro,WaterLine,Cable de prueba,Verde,,,,,
Junction Edge Connectivity,WaterDevice,Punto de prueba,Punto de prueba_Obsoleto,Terminal cuatro,WaterLine,Cable de prueba,Lavanda,,,,,
Junction Edge Connectivity,WaterDevice,Punto de prueba,Punto de prueba_Obsoleto,Terminal cuatro,WaterLine,Cable de prueba,Orange,,,,,
Junction Edge Connectivity,WaterDevice,Punto de prueba,Punto de prueba_Obsoleto,Terminal cuatro,WaterLine,Cable de prueba,Rosa,,,,,
Junction Edge Connectivity,WaterDevice,Punto de prueba,Punto de prueba_Obsoleto,Terminal cuatro,WaterLine,Cable de prueba,Morado,,,,,
Junction Edge Connectivity,WaterDevice,Punto de prueba,Punto de prueba_Obsoleto,Terminal cuatro,WaterLine,Cable de prueba,Rojo,,,,,
Junction Edge Connectivity,WaterDevice,Punto de prueba,Punto de prueba_Obsoleto,Terminal cuatro,WaterLine,Cable de prueba,Amarillo,,,,,
Junction Edge Connectivity,WaterDevice,Punto de prueba,Punto de prueba_Obsoleto,Terminal uno,WaterLine,Cable de prueba,Aguamarina,,,,,
Junction Edge Connectivity,WaterDevice,Punto de prueba,Punto de prueba_Obsoleto,Terminal uno,WaterLine,Cable de prueba,Azul,,,,,
Junction Edge Connectivity,WaterDevice,Punto de prueba,Punto de prueba_Obsoleto,Terminal uno,WaterLine,Cable de prueba,Bosque,,,,,
Junction Edge Connectivity,WaterDevice,Punto de prueba,Punto de prueba_Obsoleto,Terminal uno,WaterLine,Cable de prueba,Verde,,,,,
Junction Edge Connectivity,WaterDevice,Punto de prueba,Punto de prueba_Obsoleto,Terminal uno,WaterLine,Cable de prueba,Lavanda,,,,,
Junction Edge Connectivity,WaterDevice,Punto de prueba,Punto de prueba_Obsoleto,Terminal uno,WaterLine,Cable de prueba,Orange,,,,,
Junction Edge Connectivity,WaterDevice,Punto de prueba,Punto de prueba_Obsoleto,Terminal uno,WaterLine,Cable de prueba,Rosa,,,,,
Junction Edge Connectivity,WaterDevice,Punto de prueba,Punto de prueba_Obsoleto,Terminal uno,WaterLine,Cable de prueba,Morado,,,,,
Junction Edge Connectivity,WaterDevice,Punto de prueba,Punto de prueba_Obsoleto,Terminal uno,WaterLine,Cable de prueba,Rojo,,,,,
Junction Edge Connectivity,WaterDevice,Punto de prueba,Punto de prueba_Obsoleto,Terminal uno,WaterLine,Cable de prueba,Amarillo,,,,,
Junction Edge Connectivity,WaterDevice,Punto de prueba,Punto de prueba_Obsoleto,Terminal siete,WaterLine,Cable de prueba,Aguamarina,,,,,
Junction Edge Connectivity,WaterDevice,Punto de prueba,Punto de prueba_Obsoleto,Terminal siete,WaterLine,Cable de prueba,Azul,,,,,
Junction Edge Connectivity,WaterDevice,Punto de prueba,Punto de prueba_Obsoleto,Terminal siete,WaterLine,Cable de prueba,Bosque,,,,,
Junction Edge Connectivity,WaterDevice,Punto de prueba,Punto de prueba_Obsoleto,Terminal siete,WaterLine,Cable de prueba,Verde,,,,,
Junction Edge Connectivity,WaterDevice,Punto de prueba,Punto de prueba_Obsoleto,Terminal siete,WaterLine,Cable de prueba,Lavanda,,,,,
Junction Edge Connectivity,WaterDevice,Punto de prueba,Punto de prueba_Obsoleto,Terminal siete,WaterLine,Cable de prueba,Orange,,,,,
Junction Edge Connectivity,WaterDevice,Punto de prueba,Punto de prueba_Obsoleto,Terminal siete,WaterLine,Cable de prueba,Rosa,,,,,
Junction Edge Connectivity,WaterDevice,Punto de prueba,Punto de prueba_Obsoleto,Terminal siete,WaterLine,Cable de prueba,Morado,,,,,
Junction Edge Connectivity,WaterDevice,Punto de prueba,Punto de prueba_Obsoleto,Terminal siete,WaterLine,Cable de prueba,Rojo,,,,,
Junction Edge Connectivity,WaterDevice,Punto de prueba,Punto de prueba_Obsoleto,Terminal siete,WaterLine,Cable de prueba,Amarillo,,,,,
Junction Edge Connectivity,WaterDevice,Punto de prueba,Punto de prueba_Obsoleto,Terminal seis,WaterLine,Cable de prueba,Aguamarina,,,,,
Junction Edge Connectivity,WaterDevice,Punto de prueba,Punto de prueba_Obsoleto,Terminal seis,WaterLine,Cable de prueba,Azul,,,,,
Junction Edge Connectivity,WaterDevice,Punto de prueba,Punto de prueba_Obsoleto,Terminal seis,WaterLine,Cable de prueba,Bosque,,,,,
Junction Edge Connectivity,WaterDevice,Punto de prueba,Punto de prueba_Obsoleto,Terminal seis,WaterLine,Cable de prueba,Verde,,,,,
Junction Edge Connectivity,WaterDevice,Punto de prueba,Punto de prueba_Obsoleto,Terminal seis,WaterLine,Cable de prueba,Lavanda,,,,,
Junction Edge Connectivity,WaterDevice,Punto de prueba,Punto de prueba_Obsoleto,Terminal seis,WaterLine,Cable de prueba,Orange,,,,,
Junction Edge Connectivity,WaterDevice,Punto de prueba,Punto de prueba_Obsoleto,Terminal seis,WaterLine,Cable de prueba,Rosa,,,,,
Junction Edge Connectivity,WaterDevice,Punto de prueba,Punto de prueba_Obsoleto,Terminal seis,WaterLine,Cable de prueba,Morado,,,,,
Junction Edge Connectivity,WaterDevice,Punto de prueba,Punto de prueba_Obsoleto,Terminal seis,WaterLine,Cable de prueba,Rojo,,,,,
Junction Edge Connectivity,WaterDevice,Punto de prueba,Punto de prueba_Obsoleto,Terminal seis,WaterLine,Cable de prueba,Amarillo,,,,,
Junction Edge Connectivity,WaterDevice,Punto de prueba,Punto de prueba_Obsoleto,Terminal tres,WaterLine,Cable de prueba,Aguamarina,,,,,
Junction Edge Connectivity,WaterDevice,Punto de prueba,Punto de prueba_Obsoleto,Terminal tres,WaterLine,Cable de prueba,Azul,,,,,
Junction Edge Connectivity,WaterDevice,Punto de prueba,Punto de prueba_Obsoleto,Terminal tres,WaterLine,Cable de prueba,Bosque,,,,,
Junction Edge Connectivity,WaterDevice,Punto de prueba,Punto de prueba_Obsoleto,Terminal tres,WaterLine,Cable de prueba,Verde,,,,,
Junction Edge Connectivity,WaterDevice,Punto de prueba,Punto de prueba_Obsoleto,Terminal tres,WaterLine,Cable de prueba,Lavanda,,,,,
Junction Edge Connectivity,WaterDevice,Punto de prueba,Punto de prueba_Obsoleto,Terminal tres,WaterLine,Cable de prueba,Orange,,,,,
Junction Edge Connectivity,WaterDevice,Punto de prueba,Punto de prueba_Obsoleto,Terminal tres,WaterLine,Cable de prueba,Rosa,,,,,
Junction Edge Connectivity,WaterDevice,Punto de prueba,Punto de prueba_Obsoleto,Terminal tres,WaterLine,Cable de prueba,Morado,,,,,
Junction Edge Connectivity,WaterDevice,Punto de prueba,Punto de prueba_Obsoleto,Terminal tres,WaterLine,Cable de prueba,Rojo,,,,,
Junction Edge Connectivity,WaterDevice,Punto de prueba,Punto de prueba_Obsoleto,Terminal tres,WaterLine,Cable de prueba,Amarillo,,,,,
Junction Edge Connectivity,WaterDevice,Punto de prueba,Punto de prueba_Obsoleto,Terminal dos,WaterLine,Cable de prueba,Aguamarina,,,,,
Junction Edge Connectivity,WaterDevice,Punto de prueba,Punto de prueba_Obsoleto,Terminal dos,WaterLine,Cable de prueba,Azul,,,,,
Junction Edge Connectivity,WaterDevice,Punto de prueba,Punto de prueba_Obsoleto,Terminal dos,WaterLine,Cable de prueba,Bosque,,,,,
Junction Edge Connectivity,WaterDevice,Punto de prueba,Punto de prueba_Obsoleto,Terminal dos,WaterLine,Cable de prueba,Verde,,,,,
Junction Edge Connectivity,WaterDevice,Punto de prueba,Punto de prueba_Obsoleto,Terminal dos,WaterLine,Cable de prueba,Lavanda,,,,,
Junction Edge Connectivity,WaterDevice,Punto de prueba,Punto de prueba_Obsoleto,Terminal dos,WaterLine,Cable de prueba,Orange,,,,,
Junction Edge Connectivity,WaterDevice,Punto de prueba,Punto de prueba_Obsoleto,Terminal dos,WaterLine,Cable de prueba,Rosa,,,,,
Junction Edge Connectivity,WaterDevice,Punto de prueba,Punto de prueba_Obsoleto,Terminal dos,WaterLine,Cable de prueba,Morado,,,,,
Junction Edge Connectivity,WaterDevice,Punto de prueba,Punto de prueba_Obsoleto,Terminal dos,WaterLine,Cable de prueba,Rojo,,,,,
Junction Edge Connectivity,WaterDevice,Punto de prueba,Punto de prueba_Obsoleto,Terminal dos,WaterLine,Cable de prueba,Amarillo,,,,,
Junction Edge Connectivity,WaterJunction,Nudo,Tope de tubería,,WaterLine,Acometida,Servicio de aire y vacío,,,,,
Junction Edge Connectivity,WaterJunction,Nudo,Tope de tubería,,WaterLine,Acometida,Servicio de descarga,,,,,
Junction Edge Connectivity,WaterJunction,Nudo,Tope de tubería,,WaterLine,Acometida,Servicio comercial,,,,,
Junction Edge Connectivity,WaterJunction,Nudo,Tope de tubería,,WaterLine,Acometida,Servicio de bomberos,,,,,
Junction Edge Connectivity,WaterJunction,Nudo,Tope de tubería,,WaterLine,Acometida,Servicio de boca de incendios,,,,,
Junction Edge Connectivity,WaterJunction,Nudo,Tope de tubería,,WaterLine,Acometida,Servicio industrial,,,,,
Junction Edge Connectivity,WaterJunction,Nudo,Tope de tubería,,WaterLine,Acometida,Servicio de irrigación,,,,,
Junction Edge Connectivity,WaterJunction,Nudo,Tope de tubería,,WaterLine,Acometida,Servicio residencial,,,,,
Junction Edge Connectivity,WaterJunction,Nudo,Tope de tubería,,WaterLine,Acometida,Servicio de muestreo,,,,,
Junction Edge Connectivity,WaterJunction,Nudo,Tope de tubería,,WaterLine,Tubería general de agua,Tubería de distribución,,,,,
Junction Edge Connectivity,WaterJunction,Nudo,Tope de tubería,,WaterLine,Tubería general de agua,Transporte,,,,,
Junction Edge Connectivity,WaterJunction,Nudo,Acoplamiento,,WaterLine,Acometida,Servicio de aire y vacío,,,,,
Junction Edge Connectivity,WaterJunction,Nudo,Acoplamiento,,WaterLine,Acometida,Servicio de descarga,,,,,
Junction Edge Connectivity,WaterJunction,Nudo,Acoplamiento,,WaterLine,Acometida,Servicio comercial,,,,,
Junction Edge Connectivity,WaterJunction,Nudo,Acoplamiento,,WaterLine,Acometida,Servicio de bomberos,,,,,
Junction Edge Connectivity,WaterJunction,Nudo,Acoplamiento,,WaterLine,Acometida,Servicio de boca de incendios,,,,,
Junction Edge Connectivity,WaterJunction,Nudo,Acoplamiento,,WaterLine,Acometida,Servicio industrial,,,,,
Junction Edge Connectivity,WaterJunction,Nudo,Acoplamiento,,WaterLine,Acometida,Servicio de irrigación,,,,,
Junction Edge Connectivity,WaterJunction,Nudo,Acoplamiento,,WaterLine,Acometida,Servicio residencial,,,,,
Junction Edge Connectivity,WaterJunction,Nudo,Acoplamiento,,WaterLine,Acometida,Servicio de muestreo,,,,,
Junction Edge Connectivity,WaterJunction,Nudo,Acoplamiento,,WaterLine,Tubería general de agua,Tubería de distribución,,,,,
Junction Edge Connectivity,WaterJunction,Nudo,Acoplamiento,,WaterLine,Tubería general de agua,Transporte,,,,,
Junction Edge Connectivity,WaterJunction,Nudo,Cruz,,WaterLine,Acometida,Servicio de aire y vacío,,,,,
Junction Edge Connectivity,WaterJunction,Nudo,Cruz,,WaterLine,Acometida,Servicio de descarga,,,,,
Junction Edge Connectivity,WaterJunction,Nudo,Cruz,,WaterLine,Acometida,Servicio comercial,,,,,
Junction Edge Connectivity,WaterJunction,Nudo,Cruz,,WaterLine,Acometida,Servicio de bomberos,,,,,
Junction Edge Connectivity,WaterJunction,Nudo,Cruz,,WaterLine,Acometida,Servicio de boca de incendios,,,,,
Junction Edge Connectivity,WaterJunction,Nudo,Cruz,,WaterLine,Acometida,Servicio industrial,,,,,
Junction Edge Connectivity,WaterJunction,Nudo,Cruz,,WaterLine,Acometida,Servicio de irrigación,,,,,
Junction Edge Connectivity,WaterJunction,Nudo,Cruz,,WaterLine,Acometida,Servicio residencial,,,,,
Junction Edge Connectivity,WaterJunction,Nudo,Cruz,,WaterLine,Acometida,Servicio de muestreo,,,,,
Junction Edge Connectivity,WaterJunction,Nudo,Cruz,,WaterLine,Tubería general de agua,Tubería de distribución,,,,,
Junction Edge Connectivity,WaterJunction,Nudo,Cruz,,WaterLine,Tubería general de agua,Transporte,,,,,
Junction Edge Connectivity,WaterJunction,Nudo,Codo,,WaterLine,Acometida,Servicio de aire y vacío,,,,,
Junction Edge Connectivity,WaterJunction,Nudo,Codo,,WaterLine,Acometida,Servicio de descarga,,,,,
Junction Edge Connectivity,WaterJunction,Nudo,Codo,,WaterLine,Acometida,Servicio comercial,,,,,
Junction Edge Connectivity,WaterJunction,Nudo,Codo,,WaterLine,Acometida,Servicio de bomberos,,,,,
Junction Edge Connectivity,WaterJunction,Nudo,Codo,,WaterLine,Acometida,Servicio de boca de incendios,,,,,
Junction Edge Connectivity,WaterJunction,Nudo,Codo,,WaterLine,Acometida,Servicio industrial,,,,,
Junction Edge Connectivity,WaterJunction,Nudo,Codo,,WaterLine,Acometida,Servicio de irrigación,,,,,
Junction Edge Connectivity,WaterJunction,Nudo,Codo,,WaterLine,Acometida,Servicio residencial,,,,,
Junction Edge Connectivity,WaterJunction,Nudo,Codo,,WaterLine,Acometida,Servicio de muestreo,,,,,
Junction Edge Connectivity,WaterJunction,Nudo,Codo,,WaterLine,Tubería general de agua,Tubería de distribución,,,,,
Junction Edge Connectivity,WaterJunction,Nudo,Codo,,WaterLine,Tubería general de agua,Transporte,,,,,
Junction Edge Connectivity,WaterJunction,Nudo,Tapa de extremo,,WaterLine,Acometida,Servicio de aire y vacío,,,,,
Junction Edge Connectivity,WaterJunction,Nudo,Tapa de extremo,,WaterLine,Acometida,Servicio de descarga,,,,,
Junction Edge Connectivity,WaterJunction,Nudo,Tapa de extremo,,WaterLine,Acometida,Servicio comercial,,,,,
Junction Edge Connectivity,WaterJunction,Nudo,Tapa de extremo,,WaterLine,Acometida,Servicio de bomberos,,,,,
Junction Edge Connectivity,WaterJunction,Nudo,Tapa de extremo,,WaterLine,Acometida,Servicio de boca de incendios,,,,,
Junction Edge Connectivity,WaterJunction,Nudo,Tapa de extremo,,WaterLine,Acometida,Servicio industrial,,,,,
Junction Edge Connectivity,WaterJunction,Nudo,Tapa de extremo,,WaterLine,Acometida,Servicio de irrigación,,,,,
Junction Edge Connectivity,WaterJunction,Nudo,Tapa de extremo,,WaterLine,Acometida,Servicio residencial,,,,,
Junction Edge Connectivity,WaterJunction,Nudo,Tapa de extremo,,WaterLine,Acometida,Servicio de muestreo,,,,,
Junction Edge Connectivity,WaterJunction,Nudo,Tapa de extremo,,WaterLine,Tubería general de agua,Tubería de distribución,,,,,
Junction Edge Connectivity,WaterJunction,Nudo,Tapa de extremo,,WaterLine,Tubería general de agua,Transporte,,,,,
Junction Edge Connectivity,WaterJunction,Nudo,Junta de expansión,,WaterLine,Acometida,Servicio de aire y vacío,,,,,
Junction Edge Connectivity,WaterJunction,Nudo,Junta de expansión,,WaterLine,Acometida,Servicio de descarga,,,,,
Junction Edge Connectivity,WaterJunction,Nudo,Junta de expansión,,WaterLine,Acometida,Servicio comercial,,,,,
Junction Edge Connectivity,WaterJunction,Nudo,Junta de expansión,,WaterLine,Acometida,Servicio de bomberos,,,,,
Junction Edge Connectivity,WaterJunction,Nudo,Junta de expansión,,WaterLine,Acometida,Servicio de boca de incendios,,,,,
Junction Edge Connectivity,WaterJunction,Nudo,Junta de expansión,,WaterLine,Acometida,Servicio industrial,,,,,
Junction Edge Connectivity,WaterJunction,Nudo,Junta de expansión,,WaterLine,Acometida,Servicio de irrigación,,,,,
Junction Edge Connectivity,WaterJunction,Nudo,Junta de expansión,,WaterLine,Acometida,Servicio residencial,,,,,
Junction Edge Connectivity,WaterJunction,Nudo,Junta de expansión,,WaterLine,Acometida,Servicio de muestreo,,,,,
Junction Edge Connectivity,WaterJunction,Nudo,Junta de expansión,,WaterLine,Tubería general de agua,Tubería de distribución,,,,,
Junction Edge Connectivity,WaterJunction,Nudo,Junta de expansión,,WaterLine,Tubería general de agua,Transporte,,,,,
Junction Edge Connectivity,WaterJunction,Nudo,Brida,,WaterLine,Acometida,Servicio de aire y vacío,,,,,
Junction Edge Connectivity,WaterJunction,Nudo,Brida,,WaterLine,Acometida,Servicio de descarga,,,,,
Junction Edge Connectivity,WaterJunction,Nudo,Brida,,WaterLine,Acometida,Servicio comercial,,,,,
Junction Edge Connectivity,WaterJunction,Nudo,Brida,,WaterLine,Acometida,Servicio de bomberos,,,,,
Junction Edge Connectivity,WaterJunction,Nudo,Brida,,WaterLine,Acometida,Servicio de boca de incendios,,,,,
Junction Edge Connectivity,WaterJunction,Nudo,Brida,,WaterLine,Acometida,Servicio industrial,,,,,
Junction Edge Connectivity,WaterJunction,Nudo,Brida,,WaterLine,Acometida,Servicio de irrigación,,,,,
Junction Edge Connectivity,WaterJunction,Nudo,Brida,,WaterLine,Acometida,Servicio residencial,,,,,
Junction Edge Connectivity,WaterJunction,Nudo,Brida,,WaterLine,Acometida,Servicio de muestreo,,,,,
Junction Edge Connectivity,WaterJunction,Nudo,Brida,,WaterLine,Tubería general de agua,Tubería de distribución,,,,,
Junction Edge Connectivity,WaterJunction,Nudo,Brida,,WaterLine,Tubería general de agua,Transporte,,,,,
Junction Edge Connectivity,WaterJunction,Nudo,Tapón,,WaterLine,Acometida,Servicio de aire y vacío,,,,,
Junction Edge Connectivity,WaterJunction,Nudo,Tapón,,WaterLine,Acometida,Servicio de descarga,,,,,
Junction Edge Connectivity,WaterJunction,Nudo,Tapón,,WaterLine,Acometida,Servicio comercial,,,,,
Junction Edge Connectivity,WaterJunction,Nudo,Tapón,,WaterLine,Acometida,Servicio de bomberos,,,,,
Junction Edge Connectivity,WaterJunction,Nudo,Tapón,,WaterLine,Acometida,Servicio de boca de incendios,,,,,
Junction Edge Connectivity,WaterJunction,Nudo,Tapón,,WaterLine,Acometida,Servicio industrial,,,,,
Junction Edge Connectivity,WaterJunction,Nudo,Tapón,,WaterLine,Acometida,Servicio de irrigación,,,,,
Junction Edge Connectivity,WaterJunction,Nudo,Tapón,,WaterLine,Acometida,Servicio residencial,,,,,
Junction Edge Connectivity,WaterJunction,Nudo,Tapón,,WaterLine,Acometida,Servicio de muestreo,,,,,
Junction Edge Connectivity,WaterJunction,Nudo,Tapón,,WaterLine,Tubería general de agua,Tubería de distribución,,,,,
Junction Edge Connectivity,WaterJunction,Nudo,Tapón,,WaterLine,Tubería general de agua,Producción,,,,,
Junction Edge Connectivity,WaterJunction,Nudo,Tapón,,WaterLine,Tubería general de agua,Transporte,,,,,
Junction Edge Connectivity,WaterJunction,Nudo,Reductor,,WaterLine,Acometida,Servicio de aire y vacío,,,,,
Junction Edge Connectivity,WaterJunction,Nudo,Reductor,,WaterLine,Acometida,Servicio de descarga,,,,,
Junction Edge Connectivity,WaterJunction,Nudo,Reductor,,WaterLine,Acometida,Servicio comercial,,,,,
Junction Edge Connectivity,WaterJunction,Nudo,Reductor,,WaterLine,Acometida,Servicio de bomberos,,,,,
Junction Edge Connectivity,WaterJunction,Nudo,Reductor,,WaterLine,Acometida,Servicio de boca de incendios,,,,,
Junction Edge Connectivity,WaterJunction,Nudo,Reductor,,WaterLine,Acometida,Servicio industrial,,,,,
Junction Edge Connectivity,WaterJunction,Nudo,Reductor,,WaterLine,Acometida,Servicio de irrigación,,,,,
Junction Edge Connectivity,WaterJunction,Nudo,Reductor,,WaterLine,Acometida,Servicio residencial,,,,,
Junction Edge Connectivity,WaterJunction,Nudo,Reductor,,WaterLine,Acometida,Servicio de muestreo,,,,,
Junction Edge Connectivity,WaterJunction,Nudo,Reductor,,WaterLine,Tubería general de agua,Tubería de distribución,,,,,
Junction Edge Connectivity,WaterJunction,Nudo,Reductor,,WaterLine,Tubería general de agua,Transporte,,,,,
Junction Edge Connectivity,WaterJunction,Nudo,Cruz con reducción,,WaterLine,Acometida,Servicio de aire y vacío,,,,,
Junction Edge Connectivity,WaterJunction,Nudo,Cruz con reducción,,WaterLine,Acometida,Servicio de descarga,,,,,
Junction Edge Connectivity,WaterJunction,Nudo,Cruz con reducción,,WaterLine,Acometida,Servicio comercial,,,,,
Junction Edge Connectivity,WaterJunction,Nudo,Cruz con reducción,,WaterLine,Acometida,Servicio de bomberos,,,,,
Junction Edge Connectivity,WaterJunction,Nudo,Cruz con reducción,,WaterLine,Acometida,Servicio de boca de incendios,,,,,
Junction Edge Connectivity,WaterJunction,Nudo,Cruz con reducción,,WaterLine,Acometida,Servicio industrial,,,,,
Junction Edge Connectivity,WaterJunction,Nudo,Cruz con reducción,,WaterLine,Acometida,Servicio de irrigación,,,,,
Junction Edge Connectivity,WaterJunction,Nudo,Cruz con reducción,,WaterLine,Acometida,Servicio residencial,,,,,
Junction Edge Connectivity,WaterJunction,Nudo,Cruz con reducción,,WaterLine,Acometida,Servicio de muestreo,,,,,
Junction Edge Connectivity,WaterJunction,Nudo,Cruz con reducción,,WaterLine,Tubería general de agua,Tubería de distribución,,,,,
Junction Edge Connectivity,WaterJunction,Nudo,Cruz con reducción,,WaterLine,Tubería general de agua,Transporte,,,,,
Junction Edge Connectivity,WaterJunction,Nudo,T con reducción,,WaterLine,Acometida,Servicio de aire y vacío,,,,,
Junction Edge Connectivity,WaterJunction,Nudo,T con reducción,,WaterLine,Acometida,Servicio de descarga,,,,,
Junction Edge Connectivity,WaterJunction,Nudo,T con reducción,,WaterLine,Acometida,Servicio comercial,,,,,
Junction Edge Connectivity,WaterJunction,Nudo,T con reducción,,WaterLine,Acometida,Servicio de bomberos,,,,,
Junction Edge Connectivity,WaterJunction,Nudo,T con reducción,,WaterLine,Acometida,Servicio de boca de incendios,,,,,
Junction Edge Connectivity,WaterJunction,Nudo,T con reducción,,WaterLine,Acometida,Servicio industrial,,,,,
Junction Edge Connectivity,WaterJunction,Nudo,T con reducción,,WaterLine,Acometida,Servicio de irrigación,,,,,
Junction Edge Connectivity,WaterJunction,Nudo,T con reducción,,WaterLine,Acometida,Servicio residencial,,,,,
Junction Edge Connectivity,WaterJunction,Nudo,T con reducción,,WaterLine,Acometida,Servicio de muestreo,,,,,
Junction Edge Connectivity,WaterJunction,Nudo,T con reducción,,WaterLine,Tubería general de agua,Tubería de distribución,,,,,
Junction Edge Connectivity,WaterJunction,Nudo,T con reducción,,WaterLine,Tubería general de agua,Transporte,,,,,
Junction Edge Connectivity,WaterJunction,Nudo,Abrazadera,,WaterLine,Acometida,Servicio de aire y vacío,,,,,
Junction Edge Connectivity,WaterJunction,Nudo,Abrazadera,,WaterLine,Acometida,Servicio de descarga,,,,,
Junction Edge Connectivity,WaterJunction,Nudo,Abrazadera,,WaterLine,Acometida,Servicio comercial,,,,,
Junction Edge Connectivity,WaterJunction,Nudo,Abrazadera,,WaterLine,Acometida,Servicio de bomberos,,,,,
Junction Edge Connectivity,WaterJunction,Nudo,Abrazadera,,WaterLine,Acometida,Servicio de boca de incendios,,,,,
Junction Edge Connectivity,WaterJunction,Nudo,Abrazadera,,WaterLine,Acometida,Servicio industrial,,,,,
Junction Edge Connectivity,WaterJunction,Nudo,Abrazadera,,WaterLine,Acometida,Servicio de irrigación,,,,,
Junction Edge Connectivity,WaterJunction,Nudo,Abrazadera,,WaterLine,Acometida,Servicio residencial,,,,,
Junction Edge Connectivity,WaterJunction,Nudo,Abrazadera,,WaterLine,Acometida,Servicio de muestreo,,,,,
Junction Edge Connectivity,WaterJunction,Nudo,Abrazadera,,WaterLine,Tubería general de agua,Tubería de distribución,,,,,
Junction Edge Connectivity,WaterJunction,Nudo,Abrazadera,,WaterLine,Tubería general de agua,Transporte,,,,,
Junction Edge Connectivity,WaterJunction,Nudo,Tornillo,,WaterLine,Acometida,Servicio de aire y vacío,,,,,
Junction Edge Connectivity,WaterJunction,Nudo,Tornillo,,WaterLine,Acometida,Servicio de descarga,,,,,
Junction Edge Connectivity,WaterJunction,Nudo,Tornillo,,WaterLine,Acometida,Servicio comercial,,,,,
Junction Edge Connectivity,WaterJunction,Nudo,Tornillo,,WaterLine,Acometida,Servicio de bomberos,,,,,
Junction Edge Connectivity,WaterJunction,Nudo,Tornillo,,WaterLine,Acometida,Servicio de boca de incendios,,,,,
Junction Edge Connectivity,WaterJunction,Nudo,Tornillo,,WaterLine,Acometida,Servicio industrial,,,,,
Junction Edge Connectivity,WaterJunction,Nudo,Tornillo,,WaterLine,Acometida,Servicio de irrigación,,,,,
Junction Edge Connectivity,WaterJunction,Nudo,Tornillo,,WaterLine,Acometida,Servicio residencial,,,,,
Junction Edge Connectivity,WaterJunction,Nudo,Tornillo,,WaterLine,Acometida,Servicio de muestreo,,,,,
Junction Edge Connectivity,WaterJunction,Nudo,Tornillo,,WaterLine,Tubería general de agua,Tubería de distribución,,,,,
Junction Edge Connectivity,WaterJunction,Nudo,Tornillo,,WaterLine,Tubería general de agua,Transporte,,,,,
Junction Edge Connectivity,WaterJunction,Nudo,Manguito,,WaterLine,Acometida,Servicio de aire y vacío,,,,,
Junction Edge Connectivity,WaterJunction,Nudo,Manguito,,WaterLine,Acometida,Servicio de descarga,,,,,
Junction Edge Connectivity,WaterJunction,Nudo,Manguito,,WaterLine,Acometida,Servicio comercial,,,,,
Junction Edge Connectivity,WaterJunction,Nudo,Manguito,,WaterLine,Acometida,Servicio de bomberos,,,,,
Junction Edge Connectivity,WaterJunction,Nudo,Manguito,,WaterLine,Acometida,Servicio de boca de incendios,,,,,
Junction Edge Connectivity,WaterJunction,Nudo,Manguito,,WaterLine,Acometida,Servicio industrial,,,,,
Junction Edge Connectivity,WaterJunction,Nudo,Manguito,,WaterLine,Acometida,Servicio de irrigación,,,,,
Junction Edge Connectivity,WaterJunction,Nudo,Manguito,,WaterLine,Acometida,Servicio residencial,,,,,
Junction Edge Connectivity,WaterJunction,Nudo,Manguito,,WaterLine,Acometida,Servicio de muestreo,,,,,
Junction Edge Connectivity,WaterJunction,Nudo,Manguito,,WaterLine,Tubería general de agua,Tubería de distribución,,,,,
Junction Edge Connectivity,WaterJunction,Nudo,Manguito,,WaterLine,Tubería general de agua,Transporte,,,,,
Junction Edge Connectivity,WaterJunction,Nudo,Toma,,WaterLine,Acometida,Servicio de aire y vacío,,,,,
Junction Edge Connectivity,WaterJunction,Nudo,Toma,,WaterLine,Acometida,Servicio de descarga,,,,,
Junction Edge Connectivity,WaterJunction,Nudo,Toma,,WaterLine,Acometida,Servicio comercial,,,,,
Junction Edge Connectivity,WaterJunction,Nudo,Toma,,WaterLine,Acometida,Servicio de bomberos,,,,,
Junction Edge Connectivity,WaterJunction,Nudo,Toma,,WaterLine,Acometida,Servicio de boca de incendios,,,,,
Junction Edge Connectivity,WaterJunction,Nudo,Toma,,WaterLine,Acometida,Servicio industrial,,,,,
Junction Edge Connectivity,WaterJunction,Nudo,Toma,,WaterLine,Acometida,Servicio de irrigación,,,,,
Junction Edge Connectivity,WaterJunction,Nudo,Toma,,WaterLine,Acometida,Servicio residencial,,,,,
Junction Edge Connectivity,WaterJunction,Nudo,Toma,,WaterLine,Acometida,Servicio de muestreo,,,,,
Junction Edge Connectivity,WaterJunction,Nudo,Toma,,WaterLine,Tubería general de agua,Tubería de distribución,,,,,
Junction Edge Connectivity,WaterJunction,Nudo,Toma,,WaterLine,Tubería general de agua,Transporte,,,,,
Junction Edge Connectivity,WaterJunction,Nudo,Abrazadera para grifo,,WaterLine,Acometida,Servicio de aire y vacío,,,,,
Junction Edge Connectivity,WaterJunction,Nudo,Abrazadera para grifo,,WaterLine,Acometida,Servicio de descarga,,,,,
Junction Edge Connectivity,WaterJunction,Nudo,Abrazadera para grifo,,WaterLine,Acometida,Servicio comercial,,,,,
Junction Edge Connectivity,WaterJunction,Nudo,Abrazadera para grifo,,WaterLine,Acometida,Servicio de bomberos,,,,,
Junction Edge Connectivity,WaterJunction,Nudo,Abrazadera para grifo,,WaterLine,Acometida,Servicio de boca de incendios,,,,,
Junction Edge Connectivity,WaterJunction,Nudo,Abrazadera para grifo,,WaterLine,Acometida,Servicio industrial,,,,,
Junction Edge Connectivity,WaterJunction,Nudo,Abrazadera para grifo,,WaterLine,Acometida,Servicio de irrigación,,,,,
Junction Edge Connectivity,WaterJunction,Nudo,Abrazadera para grifo,,WaterLine,Acometida,Servicio residencial,,,,,
Junction Edge Connectivity,WaterJunction,Nudo,Abrazadera para grifo,,WaterLine,Acometida,Servicio de muestreo,,,,,
Junction Edge Connectivity,WaterJunction,Nudo,Abrazadera para grifo,,WaterLine,Tubería general de agua,Tubería de distribución,,,,,
Junction Edge Connectivity,WaterJunction,Nudo,Abrazadera para grifo,,WaterLine,Tubería general de agua,Transporte,,,,,
Junction Edge Connectivity,WaterJunction,Nudo,Tapping Sleeve,,WaterLine,Acometida,Servicio de aire y vacío,,,,,
Junction Edge Connectivity,WaterJunction,Nudo,Tapping Sleeve,,WaterLine,Acometida,Servicio de descarga,,,,,
Junction Edge Connectivity,WaterJunction,Nudo,Tapping Sleeve,,WaterLine,Acometida,Servicio comercial,,,,,
Junction Edge Connectivity,WaterJunction,Nudo,Tapping Sleeve,,WaterLine,Acometida,Servicio de bomberos,,,,,
Junction Edge Connectivity,WaterJunction,Nudo,Tapping Sleeve,,WaterLine,Acometida,Servicio de boca de incendios,,,,,
Junction Edge Connectivity,WaterJunction,Nudo,Tapping Sleeve,,WaterLine,Acometida,Servicio industrial,,,,,
Junction Edge Connectivity,WaterJunction,Nudo,Tapping Sleeve,,WaterLine,Acometida,Servicio de irrigación,,,,,
Junction Edge Connectivity,WaterJunction,Nudo,Tapping Sleeve,,WaterLine,Acometida,Servicio residencial,,,,,
Junction Edge Connectivity,WaterJunction,Nudo,Tapping Sleeve,,WaterLine,Acometida,Servicio de muestreo,,,,,
Junction Edge Connectivity,WaterJunction,Nudo,Tapping Sleeve,,WaterLine,Acometida,Se desconoce,,,,,
Junction Edge Connectivity,WaterJunction,Nudo,Tapping Sleeve,,WaterLine,Tubería general de agua,Tubería de distribución,,,,,
Junction Edge Connectivity,WaterJunction,Nudo,Tapping Sleeve,,WaterLine,Tubería general de agua,Transporte,,,,,
Junction Edge Connectivity,WaterJunction,Nudo,T,,WaterLine,Acometida,Servicio de aire y vacío,,,,,
Junction Edge Connectivity,WaterJunction,Nudo,T,,WaterLine,Acometida,Servicio de descarga,,,,,
Junction Edge Connectivity,WaterJunction,Nudo,T,,WaterLine,Acometida,Servicio comercial,,,,,
Junction Edge Connectivity,WaterJunction,Nudo,T,,WaterLine,Acometida,Servicio de bomberos,,,,,
Junction Edge Connectivity,WaterJunction,Nudo,T,,WaterLine,Acometida,Servicio de boca de incendios,,,,,
Junction Edge Connectivity,WaterJunction,Nudo,T,,WaterLine,Acometida,Servicio industrial,,,,,
Junction Edge Connectivity,WaterJunction,Nudo,T,,WaterLine,Acometida,Servicio de irrigación,,,,,
Junction Edge Connectivity,WaterJunction,Nudo,T,,WaterLine,Acometida,Servicio residencial,,,,,
Junction Edge Connectivity,WaterJunction,Nudo,T,,WaterLine,Acometida,Servicio de muestreo,,,,,
Junction Edge Connectivity,WaterJunction,Nudo,T,,WaterLine,Tubería general de agua,Tubería de distribución,,,,,
Junction Edge Connectivity,WaterJunction,Nudo,T,,WaterLine,Tubería general de agua,Transporte,,,,,
Junction Edge Connectivity,WaterJunction,Nudo,Transición,,WaterLine,Acometida,Servicio de aire y vacío,,,,,
Junction Edge Connectivity,WaterJunction,Nudo,Transición,,WaterLine,Acometida,Servicio de descarga,,,,,
Junction Edge Connectivity,WaterJunction,Nudo,Transición,,WaterLine,Acometida,Servicio comercial,,,,,
Junction Edge Connectivity,WaterJunction,Nudo,Transición,,WaterLine,Acometida,Servicio de bomberos,,,,,
Junction Edge Connectivity,WaterJunction,Nudo,Transición,,WaterLine,Acometida,Servicio de boca de incendios,,,,,
Junction Edge Connectivity,WaterJunction,Nudo,Transición,,WaterLine,Acometida,Servicio industrial,,,,,
Junction Edge Connectivity,WaterJunction,Nudo,Transición,,WaterLine,Acometida,Servicio de irrigación,,,,,
Junction Edge Connectivity,WaterJunction,Nudo,Transición,,WaterLine,Acometida,Servicio residencial,,,,,
Junction Edge Connectivity,WaterJunction,Nudo,Transición,,WaterLine,Acometida,Servicio de muestreo,,,,,
Junction Edge Connectivity,WaterJunction,Nudo,Transición,,WaterLine,Tubería general de agua,Tubería de distribución,,,,,
Junction Edge Connectivity,WaterJunction,Nudo,Transición,,WaterLine,Tubería general de agua,Transporte,,,,,
Junction Edge Connectivity,WaterJunction,Nudo,Soldadura,,WaterLine,Acometida,Servicio de aire y vacío,,,,,
Junction Edge Connectivity,WaterJunction,Nudo,Soldadura,,WaterLine,Acometida,Servicio de descarga,,,,,
Junction Edge Connectivity,WaterJunction,Nudo,Soldadura,,WaterLine,Acometida,Servicio comercial,,,,,
Junction Edge Connectivity,WaterJunction,Nudo,Soldadura,,WaterLine,Acometida,Servicio de bomberos,,,,,
Junction Edge Connectivity,WaterJunction,Nudo,Soldadura,,WaterLine,Acometida,Servicio de boca de incendios,,,,,
Junction Edge Connectivity,WaterJunction,Nudo,Soldadura,,WaterLine,Acometida,Servicio industrial,,,,,
Junction Edge Connectivity,WaterJunction,Nudo,Soldadura,,WaterLine,Acometida,Servicio de irrigación,,,,,
Junction Edge Connectivity,WaterJunction,Nudo,Soldadura,,WaterLine,Acometida,Servicio residencial,,,,,
Junction Edge Connectivity,WaterJunction,Nudo,Soldadura,,WaterLine,Acometida,Servicio de muestreo,,,,,
Junction Edge Connectivity,WaterJunction,Nudo,Soldadura,,WaterLine,Tubería general de agua,Tubería de distribución,,,,,
Junction Edge Connectivity,WaterJunction,Nudo,Soldadura,,WaterLine,Tubería general de agua,Transporte,,,,,
Junction Edge Connectivity,WaterJunction,Nudo,Y,,WaterLine,Acometida,Servicio de aire y vacío,,,,,
Junction Edge Connectivity,WaterJunction,Nudo,Y,,WaterLine,Acometida,Servicio de descarga,,,,,
Junction Edge Connectivity,WaterJunction,Nudo,Y,,WaterLine,Acometida,Servicio comercial,,,,,
Junction Edge Connectivity,WaterJunction,Nudo,Y,,WaterLine,Acometida,Servicio de bomberos,,,,,
Junction Edge Connectivity,WaterJunction,Nudo,Y,,WaterLine,Acometida,Servicio de boca de incendios,,,,,
Junction Edge Connectivity,WaterJunction,Nudo,Y,,WaterLine,Acometida,Servicio industrial,,,,,
Junction Edge Connectivity,WaterJunction,Nudo,Y,,WaterLine,Acometida,Servicio de irrigación,,,,,
Junction Edge Connectivity,WaterJunction,Nudo,Y,,WaterLine,Acometida,Servicio residencial,,,,,
Junction Edge Connectivity,WaterJunction,Nudo,Y,,WaterLine,Acometida,Servicio de muestreo,,,,,
Junction Edge Connectivity,WaterJunction,Nudo,Y,,WaterLine,Tubería general de agua,Tubería de distribución,,,,,
Junction Edge Connectivity,WaterJunction,Nudo,Y,,WaterLine,Tubería general de agua,Transporte,,,,,
Junction Edge Connectivity,WaterJunction,Cruce de aislamiento,Inserto de brida,,WaterLine,Tubería general de agua,Tubería de distribución,,,,,
Junction Edge Connectivity,WaterJunction,Cruce de aislamiento,Inserto de brida,,WaterLine,Tubería general de agua,Transporte,,,,,
Junction Edge Connectivity,WaterJunction,Cruce de cable,Cruce de unión,,WaterLine,Línea de conexión equipotencial,Abrazadera,,,,,
Junction Edge Connectivity,WaterJunction,Cruce de cable,Cruce de unión,,WaterLine,Línea de conexión equipotencial,Cable,,,,,
Junction Edge Connectivity,WaterJunction,Cruce de cable,Cruce de unión,,WaterLine,Cable del rectificador,Cable del rectificador,,,,,
Junction Edge Connectivity,WaterJunction,Cruce de cable,Cruce de unión,,WaterLine,Tubería general de agua,Tubería de distribución,,,,,
Junction Edge Connectivity,WaterJunction,Cruce de cable,Cruce de unión,,WaterLine,Tubería general de agua,Transporte,,,,,
Junction Edge Connectivity,WaterJunction,Cruce de cable,Cable de prueba,,WaterLine,Cable de prueba,Aguamarina,,,,,
Junction Edge Connectivity,WaterJunction,Cruce de cable,Cable de prueba,,WaterLine,Cable de prueba,Azul,,,,,
Junction Edge Connectivity,WaterJunction,Cruce de cable,Cable de prueba,,WaterLine,Cable de prueba,Bosque,,,,,
Junction Edge Connectivity,WaterJunction,Cruce de cable,Cable de prueba,,WaterLine,Cable de prueba,Verde,,,,,
Junction Edge Connectivity,WaterJunction,Cruce de cable,Cable de prueba,,WaterLine,Cable de prueba,Lavanda,,,,,
Junction Edge Connectivity,WaterJunction,Cruce de cable,Cable de prueba,,WaterLine,Cable de prueba,Orange,,,,,
Junction Edge Connectivity,WaterJunction,Cruce de cable,Cable de prueba,,WaterLine,Cable de prueba,Rosa,,,,,
Junction Edge Connectivity,WaterJunction,Cruce de cable,Cable de prueba,,WaterLine,Cable de prueba,Morado,,,,,
Junction Edge Connectivity,WaterJunction,Cruce de cable,Cable de prueba,,WaterLine,Cable de prueba,Rojo,,,,,
Junction Edge Connectivity,WaterJunction,Cruce de cable,Cable de prueba,,WaterLine,Cable de prueba,Amarillo,,,,,
Junction Edge Connectivity,WaterJunction,Cruce de cable,Cable de prueba,,WaterLine,Tubería general de agua,Tubería de distribución,,,,,
Junction Edge Connectivity,WaterJunction,Cruce de cable,Cable de prueba,,WaterLine,Tubería general de agua,Transporte,,,,,
Junction Junction Connectivity,WaterDevice,Ánodo,Galvánico,,WaterDevice,Groundbed,Cama anódica,Puerto 1,,,,
Junction Junction Connectivity,WaterDevice,Ánodo,Galvánico,,WaterDevice,Groundbed,Cama anódica,Puerto 2,,,,
Junction Junction Connectivity,WaterDevice,Ánodo,Galvánico,,WaterDevice,Rectificador,Rectificador,,,,,
Junction Junction Connectivity,WaterDevice,Ánodo,Galvánico,,WaterJunction,Cruce de cable,Cruce de unión,,,,,
Junction Junction Connectivity,WaterDevice,Ánodo,ICCP,,WaterDevice,Groundbed,Cama anódica,Puerto 1,,,,
Junction Junction Connectivity,WaterDevice,Ánodo,ICCP,,WaterDevice,Groundbed,Cama anódica,Puerto 2,,,,
Junction Junction Connectivity,WaterDevice,Ánodo,ICCP,,WaterDevice,Rectificador,Rectificador,,,,,
Junction Junction Connectivity,WaterDevice,Ánodo,ICCP,,WaterJunction,Cruce de cable,Cruce de unión,,,,,
Junction Junction Connectivity,WaterDevice,Boca de incendios,Boca de incendios,,WaterJunction,Nudo,T,,,,,
Junction Junction Connectivity,WaterDevice,Válvula de flujo,Capa de aire,Puerto 1,WaterDevice,Contador de servicio,Comercial,,,,,
Junction Junction Connectivity,WaterDevice,Válvula de flujo,Capa de aire,Puerto 1,WaterDevice,Contador de servicio,Industrial,,,,,
Junction Junction Connectivity,WaterDevice,Válvula de flujo,Capa de aire,Puerto 1,WaterDevice,Contador de servicio,Residencial,,,,,
Junction Junction Connectivity,WaterDevice,Válvula de flujo,Capa de aire,Puerto 1,WaterDevice,Válvula de servicio,Acometida,,,,,
Junction Junction Connectivity,WaterDevice,Válvula de flujo,Capa de aire,Puerto 1,WaterDevice,Contador del sistema,Volumen,Puerto 1,,,,
Junction Junction Connectivity,WaterDevice,Válvula de flujo,Capa de aire,Puerto 1,WaterDevice,Contador del sistema,Volumen,Puerto 2,,,,
Junction Junction Connectivity,WaterDevice,Válvula de flujo,Capa de aire,Puerto 1,WaterDevice,Contador del sistema,Caudalímetro,Puerto 1,,,,
Junction Junction Connectivity,WaterDevice,Válvula de flujo,Capa de aire,Puerto 1,WaterDevice,Contador del sistema,Caudalímetro,Puerto 2,,,,
Junction Junction Connectivity,WaterDevice,Válvula de flujo,Capa de aire,Puerto 1,WaterDevice,Contador del sistema,Conexión de emergencia,,,,,
Junction Junction Connectivity,WaterDevice,Válvula de flujo,Capa de aire,Puerto 1,WaterDevice,Contador del sistema,Estación de bombeo,,,,,
Junction Junction Connectivity,WaterDevice,Válvula de flujo,Capa de aire,Puerto 2,WaterDevice,Contador de servicio,Comercial,,,,,
Junction Junction Connectivity,WaterDevice,Válvula de flujo,Capa de aire,Puerto 2,WaterDevice,Contador de servicio,Industrial,,,,,
Junction Junction Connectivity,WaterDevice,Válvula de flujo,Capa de aire,Puerto 2,WaterDevice,Contador de servicio,Residencial,,,,,
Junction Junction Connectivity,WaterDevice,Válvula de flujo,Capa de aire,Puerto 2,WaterDevice,Válvula de servicio,Acometida,,,,,
Junction Junction Connectivity,WaterDevice,Válvula de flujo,Capa de aire,Puerto 2,WaterDevice,Contador del sistema,Volumen,Puerto 1,,,,
Junction Junction Connectivity,WaterDevice,Válvula de flujo,Capa de aire,Puerto 2,WaterDevice,Contador del sistema,Volumen,Puerto 2,,,,
Junction Junction Connectivity,WaterDevice,Válvula de flujo,Capa de aire,Puerto 2,WaterDevice,Contador del sistema,Caudalímetro,Puerto 1,,,,
Junction Junction Connectivity,WaterDevice,Válvula de flujo,Capa de aire,Puerto 2,WaterDevice,Contador del sistema,Caudalímetro,Puerto 2,,,,
Junction Junction Connectivity,WaterDevice,Válvula de flujo,Capa de aire,Puerto 2,WaterDevice,Contador del sistema,Conexión de emergencia,,,,,
Junction Junction Connectivity,WaterDevice,Válvula de flujo,Capa de aire,Puerto 2,WaterDevice,Contador del sistema,Estación de bombeo,,,,,
Junction Junction Connectivity,WaterDevice,Válvula de flujo,Altitud,Puerto 1,WaterDevice,Contador de servicio,Comercial,,,,,
Junction Junction Connectivity,WaterDevice,Válvula de flujo,Altitud,Puerto 1,WaterDevice,Contador de servicio,Industrial,,,,,
Junction Junction Connectivity,WaterDevice,Válvula de flujo,Altitud,Puerto 1,WaterDevice,Contador de servicio,Residencial,,,,,
Junction Junction Connectivity,WaterDevice,Válvula de flujo,Altitud,Puerto 1,WaterDevice,Válvula de servicio,Acometida,,,,,
Junction Junction Connectivity,WaterDevice,Válvula de flujo,Altitud,Puerto 1,WaterDevice,Contador del sistema,Volumen,Puerto 1,,,,
Junction Junction Connectivity,WaterDevice,Válvula de flujo,Altitud,Puerto 1,WaterDevice,Contador del sistema,Volumen,Puerto 2,,,,
Junction Junction Connectivity,WaterDevice,Válvula de flujo,Altitud,Puerto 1,WaterDevice,Contador del sistema,Caudalímetro,Puerto 1,,,,
Junction Junction Connectivity,WaterDevice,Válvula de flujo,Altitud,Puerto 1,WaterDevice,Contador del sistema,Caudalímetro,Puerto 2,,,,
Junction Junction Connectivity,WaterDevice,Válvula de flujo,Altitud,Puerto 1,WaterDevice,Contador del sistema,Conexión de emergencia,,,,,
Junction Junction Connectivity,WaterDevice,Válvula de flujo,Altitud,Puerto 1,WaterDevice,Contador del sistema,Estación de bombeo,,,,,
Junction Junction Connectivity,WaterDevice,Válvula de flujo,Altitud,Puerto 2,WaterDevice,Contador de servicio,Comercial,,,,,
Junction Junction Connectivity,WaterDevice,Válvula de flujo,Altitud,Puerto 2,WaterDevice,Contador de servicio,Industrial,,,,,
Junction Junction Connectivity,WaterDevice,Válvula de flujo,Altitud,Puerto 2,WaterDevice,Contador de servicio,Residencial,,,,,
Junction Junction Connectivity,WaterDevice,Válvula de flujo,Altitud,Puerto 2,WaterDevice,Válvula de servicio,Acometida,,,,,
Junction Junction Connectivity,WaterDevice,Válvula de flujo,Altitud,Puerto 2,WaterDevice,Contador del sistema,Volumen,Puerto 1,,,,
Junction Junction Connectivity,WaterDevice,Válvula de flujo,Altitud,Puerto 2,WaterDevice,Contador del sistema,Volumen,Puerto 2,,,,
Junction Junction Connectivity,WaterDevice,Válvula de flujo,Altitud,Puerto 2,WaterDevice,Contador del sistema,Caudalímetro,Puerto 1,,,,
Junction Junction Connectivity,WaterDevice,Válvula de flujo,Altitud,Puerto 2,WaterDevice,Contador del sistema,Caudalímetro,Puerto 2,,,,
Junction Junction Connectivity,WaterDevice,Válvula de flujo,Altitud,Puerto 2,WaterDevice,Contador del sistema,Conexión de emergencia,,,,,
Junction Junction Connectivity,WaterDevice,Válvula de flujo,Altitud,Puerto 2,WaterDevice,Contador del sistema,Estación de bombeo,,,,,
Junction Junction Connectivity,WaterDevice,Válvula de flujo,Antirretorno,Puerto de entrada,WaterDevice,Válvula de flujo,Antirretorno,Puerto de entrada,,,,
Junction Junction Connectivity,WaterDevice,Válvula de flujo,Antirretorno,Puerto de entrada,WaterDevice,Válvula de flujo,Antirretorno,Puerto de salida,,,,
Junction Junction Connectivity,WaterDevice,Válvula de flujo,Antirretorno,Puerto de entrada,WaterDevice,Contador de servicio,Comercial,,,,,
Junction Junction Connectivity,WaterDevice,Válvula de flujo,Antirretorno,Puerto de entrada,WaterDevice,Contador de servicio,Incendio,,,,,
Junction Junction Connectivity,WaterDevice,Válvula de flujo,Antirretorno,Puerto de entrada,WaterDevice,Contador de servicio,Industrial,,,,,
Junction Junction Connectivity,WaterDevice,Válvula de flujo,Antirretorno,Puerto de entrada,WaterDevice,Contador de servicio,Residencial,,,,,
Junction Junction Connectivity,WaterDevice,Válvula de flujo,Antirretorno,Puerto de entrada,WaterDevice,Válvula de servicio,Acometida,,,,,
Junction Junction Connectivity,WaterDevice,Válvula de flujo,Antirretorno,Puerto de entrada,WaterDevice,Contador del sistema,Volumen,Puerto 1,,,,
Junction Junction Connectivity,WaterDevice,Válvula de flujo,Antirretorno,Puerto de entrada,WaterDevice,Contador del sistema,Volumen,Puerto 2,,,,
Junction Junction Connectivity,WaterDevice,Válvula de flujo,Antirretorno,Puerto de entrada,WaterDevice,Contador del sistema,Caudalímetro,Puerto 1,,,,
Junction Junction Connectivity,WaterDevice,Válvula de flujo,Antirretorno,Puerto de entrada,WaterDevice,Contador del sistema,Caudalímetro,Puerto 2,,,,
Junction Junction Connectivity,WaterDevice,Válvula de flujo,Antirretorno,Puerto de entrada,WaterDevice,Contador del sistema,Conexión de emergencia,,,,,
Junction Junction Connectivity,WaterDevice,Válvula de flujo,Antirretorno,Puerto de entrada,WaterDevice,Contador del sistema,Estación de bombeo,,,,,
Junction Junction Connectivity,WaterDevice,Válvula de flujo,Antirretorno,Puerto de entrada,WaterDevice,Válvula del sistema,Sistema,,,,,
Junction Junction Connectivity,WaterDevice,Válvula de flujo,Antirretorno,Puerto de salida,WaterDevice,Válvula de flujo,Antirretorno,Puerto de salida,,,,
Junction Junction Connectivity,WaterDevice,Válvula de flujo,Antirretorno,Puerto de salida,WaterDevice,Contador de servicio,Comercial,,,,,
Junction Junction Connectivity,WaterDevice,Válvula de flujo,Antirretorno,Puerto de salida,WaterDevice,Contador de servicio,Incendio,,,,,
Junction Junction Connectivity,WaterDevice,Válvula de flujo,Antirretorno,Puerto de salida,WaterDevice,Contador de servicio,Industrial,,,,,
Junction Junction Connectivity,WaterDevice,Válvula de flujo,Antirretorno,Puerto de salida,WaterDevice,Contador de servicio,Residencial,,,,,
Junction Junction Connectivity,WaterDevice,Válvula de flujo,Antirretorno,Puerto de salida,WaterDevice,Válvula de servicio,Acometida,,,,,
Junction Junction Connectivity,WaterDevice,Válvula de flujo,Antirretorno,Puerto de salida,WaterDevice,Contador del sistema,Volumen,Puerto 1,,,,
Junction Junction Connectivity,WaterDevice,Válvula de flujo,Antirretorno,Puerto de salida,WaterDevice,Contador del sistema,Volumen,Puerto 2,,,,
Junction Junction Connectivity,WaterDevice,Válvula de flujo,Antirretorno,Puerto de salida,WaterDevice,Contador del sistema,Caudalímetro,Puerto 1,,,,
Junction Junction Connectivity,WaterDevice,Válvula de flujo,Antirretorno,Puerto de salida,WaterDevice,Contador del sistema,Caudalímetro,Puerto 2,,,,
Junction Junction Connectivity,WaterDevice,Válvula de flujo,Antirretorno,Puerto de salida,WaterDevice,Contador del sistema,Conexión de emergencia,,,,,
Junction Junction Connectivity,WaterDevice,Válvula de flujo,Antirretorno,Puerto de salida,WaterDevice,Contador del sistema,Estación de bombeo,,,,,
Junction Junction Connectivity,WaterDevice,Válvula de flujo,Antirretorno,Puerto de salida,WaterDevice,Válvula del sistema,Sistema,,,,,
Junction Junction Connectivity,WaterDevice,Supervisión,Medidor de detección,,WaterDevice,Contador del sistema,Volumen,Puerto 1,,,,
Junction Junction Connectivity,WaterDevice,Supervisión,Medidor de detección,,WaterDevice,Contador del sistema,Volumen,Puerto 2,,,,
Junction Junction Connectivity,WaterDevice,Supervisión,Medidor de detección,,WaterDevice,Contador del sistema,Caudalímetro,Puerto 1,,,,
Junction Junction Connectivity,WaterDevice,Supervisión,Medidor de detección,,WaterDevice,Contador del sistema,Caudalímetro,Puerto 2,,,,
Junction Junction Connectivity,WaterDevice,Supervisión,Medidor de detección,,WaterDevice,Contador del sistema,Conexión de emergencia,,,,,
Junction Junction Connectivity,WaterDevice,Supervisión,Medidor de detección,,WaterDevice,Contador del sistema,Estación de bombeo,,,,,
Junction Junction Connectivity,WaterDevice,Supervisión,Medidor de detección,,WaterDevice,Contador del sistema,Se desconoce,,,,,
Junction Junction Connectivity,WaterDevice,Válvula de presión,Purga de aire,,WaterDevice,Contador de servicio,Comercial,,,,,
Junction Junction Connectivity,WaterDevice,Válvula de presión,Purga de aire,,WaterDevice,Contador de servicio,Industrial,,,,,
Junction Junction Connectivity,WaterDevice,Válvula de presión,Purga de aire,,WaterDevice,Contador de servicio,Residencial,,,,,
Junction Junction Connectivity,WaterDevice,Válvula de presión,Purga de aire,,WaterDevice,Válvula de servicio,Acometida,,,,,
Junction Junction Connectivity,WaterDevice,Válvula de presión,Purga de aire,,WaterDevice,Contador del sistema,Volumen,Puerto 1,,,,
Junction Junction Connectivity,WaterDevice,Válvula de presión,Purga de aire,,WaterDevice,Contador del sistema,Volumen,Puerto 2,,,,
Junction Junction Connectivity,WaterDevice,Válvula de presión,Purga de aire,,WaterDevice,Contador del sistema,Caudalímetro,Puerto 1,,,,
Junction Junction Connectivity,WaterDevice,Válvula de presión,Purga de aire,,WaterDevice,Contador del sistema,Caudalímetro,Puerto 2,,,,
Junction Junction Connectivity,WaterDevice,Válvula de presión,Purga de aire,,WaterDevice,Contador del sistema,Conexión de emergencia,,,,,
Junction Junction Connectivity,WaterDevice,Válvula de presión,Purga de aire,,WaterDevice,Contador del sistema,Estación de bombeo,,,,,
Junction Junction Connectivity,WaterDevice,Válvula de presión,Purga de aire,,WaterJunction,Nudo,T,,,,,
Junction Junction Connectivity,WaterDevice,Válvula de presión,Aire y vacío,,WaterDevice,Contador de servicio,Comercial,,,,,
Junction Junction Connectivity,WaterDevice,Válvula de presión,Aire y vacío,,WaterDevice,Contador de servicio,Industrial,,,,,
Junction Junction Connectivity,WaterDevice,Válvula de presión,Aire y vacío,,WaterDevice,Contador de servicio,Residencial,,,,,
Junction Junction Connectivity,WaterDevice,Válvula de presión,Aire y vacío,,WaterDevice,Válvula de servicio,Acometida,,,,,
Junction Junction Connectivity,WaterDevice,Válvula de presión,Aire y vacío,,WaterDevice,Contador del sistema,Volumen,Puerto 1,,,,
Junction Junction Connectivity,WaterDevice,Válvula de presión,Aire y vacío,,WaterDevice,Contador del sistema,Volumen,Puerto 2,,,,
Junction Junction Connectivity,WaterDevice,Válvula de presión,Aire y vacío,,WaterDevice,Contador del sistema,Caudalímetro,Puerto 1,,,,
Junction Junction Connectivity,WaterDevice,Válvula de presión,Aire y vacío,,WaterDevice,Contador del sistema,Caudalímetro,Puerto 2,,,,
Junction Junction Connectivity,WaterDevice,Válvula de presión,Aire y vacío,,WaterDevice,Contador del sistema,Conexión de emergencia,,,,,
Junction Junction Connectivity,WaterDevice,Válvula de presión,Aire y vacío,,WaterDevice,Contador del sistema,Estación de bombeo,,,,,
Junction Junction Connectivity,WaterDevice,Válvula de presión,Aire y vacío,,WaterJunction,Nudo,T,,,,,
Junction Junction Connectivity,WaterDevice,Válvula de presión,Combinada de aire_Obsoleto,,WaterDevice,Contador de servicio,Comercial,,,,,
Junction Junction Connectivity,WaterDevice,Válvula de presión,Combinada de aire_Obsoleto,,WaterDevice,Contador de servicio,Industrial,,,,,
Junction Junction Connectivity,WaterDevice,Válvula de presión,Combinada de aire_Obsoleto,,WaterDevice,Contador de servicio,Residencial,,,,,
Junction Junction Connectivity,WaterDevice,Válvula de presión,Combinada de aire_Obsoleto,,WaterDevice,Válvula de servicio,Acometida,,,,,
Junction Junction Connectivity,WaterDevice,Válvula de presión,Combinada de aire_Obsoleto,,WaterDevice,Contador del sistema,Volumen,Puerto 1,,,,
Junction Junction Connectivity,WaterDevice,Válvula de presión,Combinada de aire_Obsoleto,,WaterDevice,Contador del sistema,Volumen,Puerto 2,,,,
Junction Junction Connectivity,WaterDevice,Válvula de presión,Combinada de aire_Obsoleto,,WaterDevice,Contador del sistema,Caudalímetro,Puerto 1,,,,
Junction Junction Connectivity,WaterDevice,Válvula de presión,Combinada de aire_Obsoleto,,WaterDevice,Contador del sistema,Caudalímetro,Puerto 2,,,,
Junction Junction Connectivity,WaterDevice,Válvula de presión,Combinada de aire_Obsoleto,,WaterDevice,Contador del sistema,Conexión de emergencia,,,,,
Junction Junction Connectivity,WaterDevice,Válvula de presión,Combinada de aire_Obsoleto,,WaterDevice,Contador del sistema,Estación de bombeo,,,,,
Junction Junction Connectivity,WaterDevice,Válvula de presión,Combinada de aire_Obsoleto,,WaterJunction,Nudo,T,,,,,
Junction Junction Connectivity,WaterDevice,Válvula de presión,Limitadora de presión,,WaterDevice,Contador de servicio,Comercial,,,,,
Junction Junction Connectivity,WaterDevice,Válvula de presión,Limitadora de presión,,WaterDevice,Contador de servicio,Industrial,,,,,
Junction Junction Connectivity,WaterDevice,Válvula de presión,Limitadora de presión,,WaterDevice,Contador de servicio,Residencial,,,,,
Junction Junction Connectivity,WaterDevice,Válvula de presión,Limitadora de presión,,WaterDevice,Válvula de servicio,Acometida,,,,,
Junction Junction Connectivity,WaterDevice,Válvula de presión,Limitadora de presión,,WaterDevice,Contador del sistema,Volumen,Puerto 1,,,,
Junction Junction Connectivity,WaterDevice,Válvula de presión,Limitadora de presión,,WaterDevice,Contador del sistema,Volumen,Puerto 2,,,,
Junction Junction Connectivity,WaterDevice,Válvula de presión,Limitadora de presión,,WaterDevice,Contador del sistema,Caudalímetro,Puerto 1,,,,
Junction Junction Connectivity,WaterDevice,Válvula de presión,Limitadora de presión,,WaterDevice,Contador del sistema,Caudalímetro,Puerto 2,,,,
Junction Junction Connectivity,WaterDevice,Válvula de presión,Limitadora de presión,,WaterDevice,Contador del sistema,Conexión de emergencia,,,,,
Junction Junction Connectivity,WaterDevice,Válvula de presión,Limitadora de presión,,WaterDevice,Contador del sistema,Estación de bombeo,,,,,
Junction Junction Connectivity,WaterDevice,Válvula de presión,Reducción de presión,Alta presión de entrada,WaterDevice,Contador de servicio,Comercial,,,,,
Junction Junction Connectivity,WaterDevice,Válvula de presión,Reducción de presión,Alta presión de entrada,WaterDevice,Contador de servicio,Industrial,,,,,
Junction Junction Connectivity,WaterDevice,Válvula de presión,Reducción de presión,Alta presión de entrada,WaterDevice,Contador de servicio,Residencial,,,,,
Junction Junction Connectivity,WaterDevice,Válvula de presión,Reducción de presión,Alta presión de entrada,WaterDevice,Válvula de servicio,Acometida,,,,,
Junction Junction Connectivity,WaterDevice,Válvula de presión,Reducción de presión,Alta presión de entrada,WaterDevice,Contador del sistema,Volumen,Puerto 1,,,,
Junction Junction Connectivity,WaterDevice,Válvula de presión,Reducción de presión,Alta presión de entrada,WaterDevice,Contador del sistema,Volumen,Puerto 2,,,,
Junction Junction Connectivity,WaterDevice,Válvula de presión,Reducción de presión,Alta presión de entrada,WaterDevice,Contador del sistema,Caudalímetro,Puerto 1,,,,
Junction Junction Connectivity,WaterDevice,Válvula de presión,Reducción de presión,Alta presión de entrada,WaterDevice,Contador del sistema,Caudalímetro,Puerto 2,,,,
Junction Junction Connectivity,WaterDevice,Válvula de presión,Reducción de presión,Alta presión de entrada,WaterDevice,Contador del sistema,Conexión de emergencia,,,,,
Junction Junction Connectivity,WaterDevice,Válvula de presión,Reducción de presión,Alta presión de entrada,WaterDevice,Contador del sistema,Estación de bombeo,,,,,
Junction Junction Connectivity,WaterDevice,Válvula de presión,Reducción de presión,Baja presión de salida,WaterDevice,Contador de servicio,Comercial,,,,,
Junction Junction Connectivity,WaterDevice,Válvula de presión,Reducción de presión,Baja presión de salida,WaterDevice,Contador de servicio,Industrial,,,,,
Junction Junction Connectivity,WaterDevice,Válvula de presión,Reducción de presión,Baja presión de salida,WaterDevice,Contador de servicio,Residencial,,,,,
Junction Junction Connectivity,WaterDevice,Válvula de presión,Reducción de presión,Baja presión de salida,WaterDevice,Válvula de servicio,Acometida,,,,,
Junction Junction Connectivity,WaterDevice,Válvula de presión,Reducción de presión,Baja presión de salida,WaterDevice,Contador del sistema,Volumen,Puerto 1,,,,
Junction Junction Connectivity,WaterDevice,Válvula de presión,Reducción de presión,Baja presión de salida,WaterDevice,Contador del sistema,Volumen,Puerto 2,,,,
Junction Junction Connectivity,WaterDevice,Válvula de presión,Reducción de presión,Baja presión de salida,WaterDevice,Contador del sistema,Caudalímetro,Puerto 1,,,,
Junction Junction Connectivity,WaterDevice,Válvula de presión,Reducción de presión,Baja presión de salida,WaterDevice,Contador del sistema,Caudalímetro,Puerto 2,,,,
Junction Junction Connectivity,WaterDevice,Válvula de presión,Reducción de presión,Baja presión de salida,WaterDevice,Contador del sistema,Conexión de emergencia,,,,,
Junction Junction Connectivity,WaterDevice,Válvula de presión,Reducción de presión,Baja presión de salida,WaterDevice,Contador del sistema,Estación de bombeo,,,,,
Junction Junction Connectivity,WaterDevice,Válvula de presión,Escape de presion_Obsoleto,,WaterDevice,Contador de servicio,Comercial,,,,,
Junction Junction Connectivity,WaterDevice,Válvula de presión,Escape de presion_Obsoleto,,WaterDevice,Contador de servicio,Industrial,,,,,
Junction Junction Connectivity,WaterDevice,Válvula de presión,Escape de presion_Obsoleto,,WaterDevice,Contador de servicio,Residencial,,,,,
Junction Junction Connectivity,WaterDevice,Válvula de presión,Escape de presion_Obsoleto,,WaterDevice,Válvula de servicio,Acometida,,,,,
Junction Junction Connectivity,WaterDevice,Válvula de presión,Escape de presion_Obsoleto,,WaterDevice,Contador del sistema,Volumen,Puerto 1,,,,
Junction Junction Connectivity,WaterDevice,Válvula de presión,Escape de presion_Obsoleto,,WaterDevice,Contador del sistema,Volumen,Puerto 2,,,,
Junction Junction Connectivity,WaterDevice,Válvula de presión,Escape de presion_Obsoleto,,WaterDevice,Contador del sistema,Caudalímetro,Puerto 1,,,,
Junction Junction Connectivity,WaterDevice,Válvula de presión,Escape de presion_Obsoleto,,WaterDevice,Contador del sistema,Caudalímetro,Puerto 2,,,,
Junction Junction Connectivity,WaterDevice,Válvula de presión,Escape de presion_Obsoleto,,WaterDevice,Contador del sistema,Conexión de emergencia,,,,,
Junction Junction Connectivity,WaterDevice,Válvula de presión,Escape de presion_Obsoleto,,WaterDevice,Contador del sistema,Estación de bombeo,,,,,
Junction Junction Connectivity,WaterDevice,Válvula de presión,Mantenimiento de presión,,WaterDevice,Contador de servicio,Comercial,,,,,
Junction Junction Connectivity,WaterDevice,Válvula de presión,Mantenimiento de presión,,WaterDevice,Contador de servicio,Industrial,,,,,
Junction Junction Connectivity,WaterDevice,Válvula de presión,Mantenimiento de presión,,WaterDevice,Contador de servicio,Residencial,,,,,
Junction Junction Connectivity,WaterDevice,Válvula de presión,Mantenimiento de presión,,WaterDevice,Válvula de servicio,Acometida,,,,,
Junction Junction Connectivity,WaterDevice,Válvula de presión,Mantenimiento de presión,,WaterDevice,Contador del sistema,Volumen,Puerto 1,,,,
Junction Junction Connectivity,WaterDevice,Válvula de presión,Mantenimiento de presión,,WaterDevice,Contador del sistema,Volumen,Puerto 2,,,,
Junction Junction Connectivity,WaterDevice,Válvula de presión,Mantenimiento de presión,,WaterDevice,Contador del sistema,Caudalímetro,Puerto 1,,,,
Junction Junction Connectivity,WaterDevice,Válvula de presión,Mantenimiento de presión,,WaterDevice,Contador del sistema,Caudalímetro,Puerto 2,,,,
Junction Junction Connectivity,WaterDevice,Válvula de presión,Mantenimiento de presión,,WaterDevice,Contador del sistema,Conexión de emergencia,,,,,
Junction Junction Connectivity,WaterDevice,Válvula de presión,Mantenimiento de presión,,WaterDevice,Contador del sistema,Estación de bombeo,,,,,
Junction Junction Connectivity,WaterDevice,Rectificador,Rectificador,,WaterDevice,Groundbed,Cama anódica,Puerto 1,,,,
Junction Junction Connectivity,WaterDevice,Rectificador,Rectificador,,WaterDevice,Groundbed,Cama anódica,Puerto 2,,,,
Junction Junction Connectivity,WaterDevice,Rectificador,Rectificador,,WaterJunction,Cruce de cable,Cruce de unión,,,,,
Junction Junction Connectivity,WaterDevice,Contador de servicio,Comercial,,WaterDevice,Filtro,Filtro,,,,,
Junction Junction Connectivity,WaterDevice,Contador de servicio,Comercial,,WaterDevice,Supervisión,Medidor de detección,,,,,
Junction Junction Connectivity,WaterDevice,Contador de servicio,Comercial,,WaterDevice,Conexión de servicio,Comercial,,,,,
Junction Junction Connectivity,WaterDevice,Contador de servicio,Comercial,,WaterDevice,Contador de servicio,Comercial,,,,,
Junction Junction Connectivity,WaterDevice,Contador de servicio,Comercial,,WaterJunction,Nudo,Tope de tubería,,,,,
Junction Junction Connectivity,WaterDevice,Contador de servicio,Comercial,,WaterJunction,Nudo,Toma,,,,,
Junction Junction Connectivity,WaterDevice,Contador de servicio,Comercial,,WaterJunction,Nudo,T,,,,,
Junction Junction Connectivity,WaterDevice,Contador de servicio,Incendio,,WaterDevice,Filtro,Filtro,,,,,
Junction Junction Connectivity,WaterDevice,Contador de servicio,Incendio,,WaterDevice,Supervisión,Medidor de detección,,,,,
Junction Junction Connectivity,WaterDevice,Contador de servicio,Incendio,,WaterDevice,Contador de servicio,Incendio,,,,,
Junction Junction Connectivity,WaterDevice,Contador de servicio,Incendio,,WaterJunction,Nudo,Tope de tubería,,,,,
Junction Junction Connectivity,WaterDevice,Contador de servicio,Incendio,,WaterJunction,Nudo,Toma,,,,,
Junction Junction Connectivity,WaterDevice,Contador de servicio,Incendio,,WaterJunction,Nudo,T,,,,,
Junction Junction Connectivity,WaterDevice,Contador de servicio,Industrial,,WaterDevice,Filtro,Filtro,,,,,
Junction Junction Connectivity,WaterDevice,Contador de servicio,Industrial,,WaterDevice,Supervisión,Medidor de detección,,,,,
Junction Junction Connectivity,WaterDevice,Contador de servicio,Industrial,,WaterDevice,Conexión de servicio,Industrial,,,,,
Junction Junction Connectivity,WaterDevice,Contador de servicio,Industrial,,WaterDevice,Contador de servicio,Industrial,,,,,
Junction Junction Connectivity,WaterDevice,Contador de servicio,Industrial,,WaterJunction,Nudo,Tope de tubería,,,,,
Junction Junction Connectivity,WaterDevice,Contador de servicio,Industrial,,WaterJunction,Nudo,Toma,,,,,
Junction Junction Connectivity,WaterDevice,Contador de servicio,Industrial,,WaterJunction,Nudo,T,,,,,
Junction Junction Connectivity,WaterDevice,Contador de servicio,Riego,,WaterDevice,Supervisión,Medidor de detección,,,,,
Junction Junction Connectivity,WaterDevice,Contador de servicio,Riego,,WaterDevice,Contador de servicio,Riego,,,,,
Junction Junction Connectivity,WaterDevice,Contador de servicio,Riego,,WaterJunction,Nudo,Tope de tubería,,,,,
Junction Junction Connectivity,WaterDevice,Contador de servicio,Riego,,WaterJunction,Nudo,Toma,,,,,
Junction Junction Connectivity,WaterDevice,Contador de servicio,Riego,,WaterJunction,Nudo,T,,,,,
Junction Junction Connectivity,WaterDevice,Contador de servicio,Residencial,,WaterDevice,Filtro,Filtro,,,,,
Junction Junction Connectivity,WaterDevice,Contador de servicio,Residencial,,WaterDevice,Supervisión,Medidor de detección,,,,,
Junction Junction Connectivity,WaterDevice,Contador de servicio,Residencial,,WaterDevice,Conexión de servicio,Residencial,,,,,
Junction Junction Connectivity,WaterDevice,Contador de servicio,Residencial,,WaterDevice,Contador de servicio,Incendio,,,,,
Junction Junction Connectivity,WaterDevice,Contador de servicio,Residencial,,WaterDevice,Contador de servicio,Residencial,,,,,
Junction Junction Connectivity,WaterDevice,Contador de servicio,Residencial,,WaterJunction,Nudo,Tope de tubería,,,,,
Junction Junction Connectivity,WaterDevice,Contador de servicio,Residencial,,WaterJunction,Nudo,Toma,,,,,
Junction Junction Connectivity,WaterDevice,Contador de servicio,Residencial,,WaterJunction,Nudo,T,,,,,
Junction Junction Connectivity,WaterDevice,Contador de servicio,Se desconoce,,WaterDevice,Supervisión,Medidor de detección,,,,,
Junction Junction Connectivity,WaterDevice,Válvula de servicio,Descarga,,WaterDevice,Filtro,Filtro,,,,,
Junction Junction Connectivity,WaterDevice,Válvula de servicio,Boca de incendios,,WaterDevice,Filtro,Filtro,,,,,
Junction Junction Connectivity,WaterDevice,Válvula de servicio,Purgar,,WaterDevice,Filtro,Filtro,,,,,
Junction Junction Connectivity,WaterDevice,Válvula de servicio,Muestreo,,WaterDevice,Filtro,Filtro,,,,,
Junction Junction Connectivity,WaterDevice,Válvula de servicio,Acometida,,WaterDevice,Filtro,Filtro,,,,,
Junction Junction Connectivity,WaterDevice,Válvula de servicio,Acometida,,WaterDevice,Conexión de servicio,Comercial,,,,,
Junction Junction Connectivity,WaterDevice,Válvula de servicio,Acometida,,WaterDevice,Conexión de servicio,Hidrante,,,,,
Junction Junction Connectivity,WaterDevice,Válvula de servicio,Acometida,,WaterDevice,Conexión de servicio,Industrial,,,,,
Junction Junction Connectivity,WaterDevice,Válvula de servicio,Acometida,,WaterDevice,Conexión de servicio,Riego,,,,,
Junction Junction Connectivity,WaterDevice,Válvula de servicio,Acometida,,WaterDevice,Conexión de servicio,Residencial,,,,,
Junction Junction Connectivity,WaterDevice,Válvula de servicio,Acometida,,WaterDevice,Contador de servicio,Comercial,,,,,
Junction Junction Connectivity,WaterDevice,Válvula de servicio,Acometida,,WaterDevice,Contador de servicio,Incendio,,,,,
Junction Junction Connectivity,WaterDevice,Válvula de servicio,Acometida,,WaterDevice,Contador de servicio,Industrial,,,,,
Junction Junction Connectivity,WaterDevice,Válvula de servicio,Acometida,,WaterDevice,Contador de servicio,Residencial,,,,,
Junction Junction Connectivity,WaterDevice,Válvula de servicio,Acometida,,WaterDevice,Válvula de servicio,Acometida,,,,,
Junction Junction Connectivity,WaterDevice,Válvula de servicio,Acometida,,WaterJunction,Nudo,Tope de tubería,,,,,
Junction Junction Connectivity,WaterDevice,Válvula de servicio,Acometida,,WaterJunction,Nudo,Toma,,,,,
Junction Junction Connectivity,WaterDevice,Válvula de servicio,Acometida,,WaterJunction,Nudo,T,,,,,
Junction Junction Connectivity,WaterDevice,Estación,Estación de muestra,,WaterDevice,Conexión de servicio,Comercial,,,,,
Junction Junction Connectivity,WaterDevice,Estación,Estación de muestra,,WaterDevice,Conexión de servicio,Industrial,,,,,
Junction Junction Connectivity,WaterDevice,Estación,Estación de muestra,,WaterDevice,Conexión de servicio,Residencial,,,,,
Junction Junction Connectivity,WaterDevice,Contador del sistema,Volumen,Puerto 1,WaterDevice,Filtro,Filtro,,,,,
Junction Junction Connectivity,WaterDevice,Contador del sistema,Volumen,Puerto 2,WaterDevice,Filtro,Filtro,,,,,
Junction Junction Connectivity,WaterDevice,Contador del sistema,Caudalímetro,Puerto 1,WaterDevice,Filtro,Filtro,,,,,
Junction Junction Connectivity,WaterDevice,Contador del sistema,Caudalímetro,Puerto 2,WaterDevice,Filtro,Filtro,,,,,
Junction Junction Connectivity,WaterDevice,Contador del sistema,Conexión de emergencia,,WaterDevice,Filtro,Filtro,,,,,
Junction Junction Connectivity,WaterDevice,Contador del sistema,Estación de bombeo,,WaterDevice,Filtro,Filtro,,,,,
Junction Junction Connectivity,WaterDevice,Contador del sistema,Estación de bombeo,,WaterDevice,Contador del sistema,Estación de bombeo,,,,,
Junction Junction Connectivity,WaterDevice,Válvula del sistema,Derivación,,WaterDevice,Filtro,Filtro,,,,,
Junction Junction Connectivity,WaterDevice,Válvula del sistema,Zona de aislamiento,Puerto 1,WaterDevice,Controlador,Válvula de derivación,,,,,
Junction Junction Connectivity,WaterDevice,Válvula del sistema,Zona de aislamiento,Puerto 1,WaterDevice,Controlador,Tuerca de accionamiento,,,,,
Junction Junction Connectivity,WaterDevice,Válvula del sistema,Zona de aislamiento,Puerto 1,WaterDevice,Filtro,Filtro,,,,,
Junction Junction Connectivity,WaterDevice,Válvula del sistema,Zona de aislamiento,Puerto 2,WaterDevice,Controlador,Válvula de derivación,,,,,
Junction Junction Connectivity,WaterDevice,Válvula del sistema,Zona de aislamiento,Puerto 2,WaterDevice,Controlador,Tuerca de accionamiento,,,,,
Junction Junction Connectivity,WaterDevice,Válvula del sistema,Zona de aislamiento,Puerto 2,WaterDevice,Filtro,Filtro,,,,,
Junction Junction Connectivity,WaterDevice,Válvula del sistema,Zona de presión,,WaterDevice,Controlador,Válvula de derivación,,,,,
Junction Junction Connectivity,WaterDevice,Válvula del sistema,Zona de presión,,WaterDevice,Controlador,Tuerca de accionamiento,,,,,
Junction Junction Connectivity,WaterDevice,Válvula del sistema,Zona de presión,,WaterDevice,Filtro,Filtro,,,,,
Junction Junction Connectivity,WaterDevice,Válvula del sistema,Suministro,,WaterDevice,Controlador,Válvula de derivación,,,,,
Junction Junction Connectivity,WaterDevice,Válvula del sistema,Suministro,,WaterDevice,Controlador,Tuerca de accionamiento,,,,,
Junction Junction Connectivity,WaterDevice,Válvula del sistema,Suministro,,WaterDevice,Filtro,Filtro,,,,,
Junction Junction Connectivity,WaterDevice,Válvula del sistema,Sistema,,WaterDevice,Controlador,Válvula de derivación,,,,,
Junction Junction Connectivity,WaterDevice,Válvula del sistema,Sistema,,WaterDevice,Controlador,Tuerca de accionamiento,,,,,
Junction Junction Connectivity,WaterDevice,Válvula del sistema,Sistema,,WaterDevice,Filtro,Filtro,,,,,
Junction Junction Connectivity,WaterDevice,Válvula del sistema,Sistema,,WaterDevice,Contador de servicio,Comercial,,,,,
Junction Junction Connectivity,WaterDevice,Válvula del sistema,Sistema,,WaterDevice,Contador de servicio,Industrial,,,,,
Junction Junction Connectivity,WaterDevice,Válvula del sistema,Sistema,,WaterDevice,Contador de servicio,Residencial,,,,,
Junction Junction Connectivity,WaterDevice,Válvula del sistema,Sistema,,WaterDevice,Contador del sistema,Volumen,Puerto 1,,,,
Junction Junction Connectivity,WaterDevice,Válvula del sistema,Sistema,,WaterDevice,Contador del sistema,Volumen,Puerto 2,,,,
Junction Junction Connectivity,WaterDevice,Válvula del sistema,Sistema,,WaterDevice,Contador del sistema,Caudalímetro,Puerto 1,,,,
Junction Junction Connectivity,WaterDevice,Válvula del sistema,Sistema,,WaterDevice,Contador del sistema,Caudalímetro,Puerto 2,,,,
Junction Junction Connectivity,WaterDevice,Válvula del sistema,Sistema,,WaterDevice,Contador del sistema,Conexión de emergencia,,,,,
Junction Junction Connectivity,WaterDevice,Válvula del sistema,Sistema,,WaterDevice,Contador del sistema,Estación de bombeo,,,,,
Junction Junction Connectivity,WaterDevice,Punto de prueba,Punto de prueba_Obsoleto,Terminal ocho,WaterJunction,Cruce de cable,Cruce de unión,,,,,
Junction Junction Connectivity,WaterDevice,Punto de prueba,Punto de prueba_Obsoleto,Terminal cinco,WaterJunction,Cruce de cable,Cruce de unión,,,,,
Junction Junction Connectivity,WaterDevice,Punto de prueba,Punto de prueba_Obsoleto,Terminal cinco,WaterJunction,Cruce de cable,Cable de prueba,,,,,
Junction Junction Connectivity,WaterDevice,Punto de prueba,Punto de prueba_Obsoleto,Terminal cuatro,WaterJunction,Cruce de cable,Cruce de unión,,,,,
Junction Junction Connectivity,WaterDevice,Punto de prueba,Punto de prueba_Obsoleto,Terminal cuatro,WaterJunction,Cruce de cable,Cable de prueba,,,,,
Junction Junction Connectivity,WaterDevice,Punto de prueba,Punto de prueba_Obsoleto,Terminal uno,WaterJunction,Cruce de cable,Cruce de unión,,,,,
Junction Junction Connectivity,WaterDevice,Punto de prueba,Punto de prueba_Obsoleto,Terminal uno,WaterJunction,Cruce de cable,Cable de prueba,,,,,
Junction Junction Connectivity,WaterDevice,Punto de prueba,Punto de prueba_Obsoleto,Terminal siete,WaterJunction,Cruce de cable,Cruce de unión,,,,,
Junction Junction Connectivity,WaterDevice,Punto de prueba,Punto de prueba_Obsoleto,Terminal siete,WaterJunction,Cruce de cable,Cable de prueba,,,,,
Junction Junction Connectivity,WaterDevice,Punto de prueba,Punto de prueba_Obsoleto,Terminal seis,WaterJunction,Cruce de cable,Cruce de unión,,,,,
Junction Junction Connectivity,WaterDevice,Punto de prueba,Punto de prueba_Obsoleto,Terminal seis,WaterJunction,Cruce de cable,Cable de prueba,,,,,
Junction Junction Connectivity,WaterDevice,Punto de prueba,Punto de prueba_Obsoleto,Terminal tres,WaterJunction,Cruce de cable,Cruce de unión,,,,,
Junction Junction Connectivity,WaterDevice,Punto de prueba,Punto de prueba_Obsoleto,Terminal tres,WaterJunction,Cruce de cable,Cable de prueba,,,,,
Junction Junction Connectivity,WaterDevice,Punto de prueba,Punto de prueba_Obsoleto,Terminal dos,WaterJunction,Cruce de cable,Cruce de unión,,,,,
Junction Junction Connectivity,WaterDevice,Punto de prueba,Punto de prueba_Obsoleto,Terminal dos,WaterJunction,Cruce de cable,Cable de prueba,,,,,
Junction Junction Connectivity,WaterJunction,Nudo,Tope de tubería,,WaterJunction,Nudo,Abrazadera para grifo,,,,,
Junction Junction Connectivity,WaterJunction,Nudo,Tope de tubería,,WaterJunction,Cruce de aislamiento,Inserto de brida,,,,,
Junction Junction Connectivity,WaterJunction,Nudo,Acoplamiento,,WaterJunction,Cruce de aislamiento,Inserto de brida,,,,,
Junction Junction Connectivity,WaterJunction,Nudo,Cruz,,WaterJunction,Nudo,Tapón,,,,,
Junction Junction Connectivity,WaterJunction,Nudo,Cruz,,WaterJunction,Cruce de aislamiento,Inserto de brida,,,,,
Junction Junction Connectivity,WaterJunction,Nudo,Codo,,WaterJunction,Cruce de aislamiento,Inserto de brida,,,,,
Junction Junction Connectivity,WaterJunction,Nudo,Tapa de extremo,,WaterJunction,Cruce de aislamiento,Inserto de brida,,,,,
Junction Junction Connectivity,WaterJunction,Nudo,Junta de expansión,,WaterJunction,Cruce de aislamiento,Inserto de brida,,,,,
Junction Junction Connectivity,WaterJunction,Nudo,Brida,,WaterJunction,Cruce de aislamiento,Inserto de brida,,,,,
Junction Junction Connectivity,WaterJunction,Nudo,Tapón,,WaterJunction,Nudo,Cruz con reducción,,,,,
Junction Junction Connectivity,WaterJunction,Nudo,Tapón,,WaterJunction,Nudo,T con reducción,,,,,
Junction Junction Connectivity,WaterJunction,Nudo,Tapón,,WaterJunction,Nudo,T,,,,,
Junction Junction Connectivity,WaterJunction,Nudo,Tapón,,WaterJunction,Cruce de aislamiento,Inserto de brida,,,,,
Junction Junction Connectivity,WaterJunction,Nudo,Reductor,,WaterJunction,Cruce de aislamiento,Inserto de brida,,,,,
Junction Junction Connectivity,WaterJunction,Nudo,Cruz con reducción,,WaterJunction,Cruce de aislamiento,Inserto de brida,,,,,
Junction Junction Connectivity,WaterJunction,Nudo,T con reducción,,WaterJunction,Cruce de aislamiento,Inserto de brida,,,,,
Junction Junction Connectivity,WaterJunction,Nudo,Abrazadera,,WaterJunction,Cruce de aislamiento,Inserto de brida,,,,,
Junction Junction Connectivity,WaterJunction,Nudo,Tornillo,,WaterJunction,Cruce de aislamiento,Inserto de brida,,,,,
Junction Junction Connectivity,WaterJunction,Nudo,Manguito,,WaterJunction,Cruce de aislamiento,Inserto de brida,,,,,
Junction Junction Connectivity,WaterJunction,Nudo,Toma,,WaterJunction,Cruce de aislamiento,Inserto de brida,,,,,
Junction Junction Connectivity,WaterJunction,Nudo,Abrazadera para grifo,,WaterJunction,Cruce de aislamiento,Inserto de brida,,,,,
Junction Junction Connectivity,WaterJunction,Nudo,T,,WaterJunction,Cruce de aislamiento,Inserto de brida,,,,,
Junction Junction Connectivity,WaterJunction,Nudo,Transición,,WaterJunction,Cruce de aislamiento,Inserto de brida,,,,,
Junction Junction Connectivity,WaterJunction,Nudo,Soldadura,,WaterJunction,Cruce de aislamiento,Inserto de brida,,,,,
Junction Junction Connectivity,WaterJunction,Nudo,Y,,WaterJunction,Cruce de aislamiento,Inserto de brida,,,,,
Junction Edge Connectivity,WaterDevice,Almacenamiento,Aljibe_Obsoleto,,WaterLine,Tubería general de agua,Se desconoce,,,,,
Junction Edge Connectivity,WaterDevice,Estación,Estación de bombeo,Baja presión de entrada,WaterLine,Tubería general de agua,Se desconoce,,,,,
Junction Edge Connectivity,WaterDevice,Estación,Estación de bombeo,Alta presión de salida,WaterLine,Tubería general de agua,Se desconoce,,,,,
Junction Edge Connectivity,WaterDevice,Válvula de presión,Calderin_Obsoleto,,WaterLine,Tubería general de agua,Se desconoce,,,,,
Junction Edge Connectivity,WaterDevice,Contador del sistema,Caudalímetro,Puerto 1,WaterLine,Tubería general de agua,Se desconoce,,,,,
Junction Edge Connectivity,WaterDevice,Contador del sistema,Caudalímetro,Puerto 2,WaterLine,Tubería general de agua,Se desconoce,,,,,
Junction Edge Connectivity,WaterDevice,Almacenamiento,Tanque de almacenamiento,Puerto 1,WaterLine,Tubería general de agua,Se desconoce,,,,,
Junction Edge Connectivity,WaterDevice,Almacenamiento,Tanque de almacenamiento,Puerto 2,WaterLine,Tubería general de agua,Se desconoce,,,,,
Junction Edge Connectivity,WaterDevice,Válvula del sistema,Derivación,,WaterLine,Tubería general de agua,Se desconoce,,,,,
Junction Edge Connectivity,WaterDevice,Salida,Desagüe,,WaterLine,Tubería general de agua,Se desconoce,,,,,
Junction Edge Connectivity,WaterDevice,Suministro,Entrada,Puerto de entrada,WaterLine,Tubería general de agua,Se desconoce,,,,,
Junction Edge Connectivity,WaterDevice,Suministro,Entrada,Puerto de salida,WaterLine,Tubería general de agua,Se desconoce,,,,,
Junction Edge Connectivity,WaterDevice,Filtro,Cazapiedras,,WaterLine,Tubería general de agua,Se desconoce,,,,,
Junction Edge Connectivity,WaterDevice,Filtro,Cesta_Obsoleto,,WaterLine,Tubería general de agua,Se desconoce,,,,,
Junction Edge Connectivity,WaterDevice,Filtro,En L_Obsoleto,,WaterLine,Tubería general de agua,Se desconoce,,,,,
Junction Edge Connectivity,WaterDevice,Filtro,En Y,,WaterLine,Tubería general de agua,Se desconoce,,,,,
Junction Edge Connectivity,WaterDevice,Filtro,Oblicuo_Obsoleto,,WaterLine,Tubería general de agua,Se desconoce,,,,,
Junction Edge Connectivity,WaterDevice,Filtro,Vertical_Obsoleto,,WaterLine,Tubería general de agua,Se desconoce,,,,,
Junction Edge Connectivity,WaterDevice,Conexión de servicio,Fuente,,WaterLine,Tubería general de agua,Se desconoce,,,,,
Junction Edge Connectivity,WaterDevice,Conexión de servicio,Aspersor_Obsoleto,,WaterLine,Tubería general de agua,Se desconoce,,,,,
Junction Edge Connectivity,WaterDevice,Conexión de servicio,Boca de riego_Obsoleto,,WaterLine,Tubería general de agua,Se desconoce,,,,,
Junction Edge Connectivity,WaterDevice,Conexión de servicio,Toma de riego_Obsoleto,,WaterLine,Tubería general de agua,Se desconoce,,,,,
Junction Edge Connectivity,WaterDevice,Conexión de servicio,Hidrante_Obsoleto,,WaterLine,Tubería general de agua,Se desconoce,,,,,
Junction Edge Connectivity,WaterDevice,Válvula de flujo,Antirretorno_Obsoleto,,WaterLine,Tubería general de agua,Se desconoce,,,,,
Junction Edge Connectivity,WaterDevice,Válvula del sistema,Suministro,,WaterLine,Tubería general de agua,Se desconoce,,,,,
Junction Edge Connectivity,WaterDevice,Válvula de presión,Reducción de presión,Alta presión de entrada,WaterLine,Tubería general de agua,Se desconoce,,,,,
Junction Edge Connectivity,WaterDevice,Válvula de presión,Reducción de presión,Baja presión de salida,WaterLine,Tubería general de agua,Se desconoce,,,,,
Junction Edge Connectivity,WaterDevice,Válvula de presión,Purga de aire,,WaterLine,Tubería general de agua,Se desconoce,,,,,
Junction Edge Connectivity,WaterDevice,Válvula del sistema,Sistema,,WaterLine,Tubería general de agua,Se desconoce,,,,,
Junction Edge Connectivity,WaterDevice,Válvula del sistema,Zona de presión,,WaterLine,Tubería general de agua,Se desconoce,,,,,
Junction Edge Connectivity,WaterJunction,Nudo,Toma,,WaterLine,Tubería general de agua,Se desconoce,,,,,
Junction Edge Connectivity,WaterJunction,Nudo,Transición,,WaterLine,Tubería general de agua,Se desconoce,,,,,
Junction Edge Connectivity,WaterJunction,Nudo,T,,WaterLine,Tubería general de agua,Se desconoce,,,,,
Junction Edge Connectivity,WaterJunction,Nudo,Cruz,,WaterLine,Tubería general de agua,Se desconoce,,,,,
Junction Edge Connectivity,WaterDevice,Controlador,Arqueta de rotura,,WaterLine,Tubería general de agua,Se desconoce,,,,,
Junction Edge Connectivity,WaterDevice,Contador de servicio,Residencial,,WaterLine,Tubería general de agua,Se desconoce,,,,,
Junction Edge Connectivity,WaterDevice,Suministro,Planta potabilizadora,Puerto 1,WaterLine,Tubería general de agua,Se desconoce,,,,,
Junction Edge Connectivity,WaterDevice,Suministro,Planta potabilizadora,Puerto 2,WaterLine,Tubería general de agua,Se desconoce,,,,,
Junction Edge Connectivity,WaterDevice,Almacenamiento,Aljibe_Obsoleto,,WaterLine,Tubería general de agua,Aducción,,,,,
Junction Edge Connectivity,WaterDevice,Estación,Estación de bombeo,Baja presión de entrada,WaterLine,Tubería general de agua,Aducción,,,,,
Junction Edge Connectivity,WaterDevice,Estación,Estación de bombeo,Alta presión de salida,WaterLine,Tubería general de agua,Aducción,,,,,
Junction Edge Connectivity,WaterDevice,Válvula de presión,Calderin_Obsoleto,,WaterLine,Tubería general de agua,Aducción,,,,,
Junction Edge Connectivity,WaterDevice,Contador del sistema,Caudalímetro,Puerto 1,WaterLine,Tubería general de agua,Aducción,,,,,
Junction Edge Connectivity,WaterDevice,Contador del sistema,Caudalímetro,Puerto 2,WaterLine,Tubería general de agua,Aducción,,,,,
Junction Edge Connectivity,WaterDevice,Almacenamiento,Tanque de almacenamiento,Puerto 1,WaterLine,Tubería general de agua,Aducción,,,,,
Junction Edge Connectivity,WaterDevice,Almacenamiento,Tanque de almacenamiento,Puerto 2,WaterLine,Tubería general de agua,Aducción,,,,,
Junction Edge Connectivity,WaterDevice,Válvula del sistema,Derivación,,WaterLine,Tubería general de agua,Aducción,,,,,
Junction Edge Connectivity,WaterDevice,Salida,Desagüe,,WaterLine,Tubería general de agua,Aducción,,,,,
Junction Edge Connectivity,WaterDevice,Suministro,Entrada,Puerto de entrada,WaterLine,Tubería general de agua,Aducción,,,,,
Junction Edge Connectivity,WaterDevice,Suministro,Entrada,Puerto de salida,WaterLine,Tubería general de agua,Aducción,,,,,
Junction Edge Connectivity,WaterDevice,Filtro,Cazapiedras,,WaterLine,Tubería general de agua,Aducción,,,,,
Junction Edge Connectivity,WaterDevice,Filtro,Cesta_Obsoleto,,WaterLine,Tubería general de agua,Aducción,,,,,
Junction Edge Connectivity,WaterDevice,Filtro,En L_Obsoleto,,WaterLine,Tubería general de agua,Aducción,,,,,
Junction Edge Connectivity,WaterDevice,Filtro,En Y,,WaterLine,Tubería general de agua,Aducción,,,,,
Junction Edge Connectivity,WaterDevice,Filtro,Oblicuo_Obsoleto,,WaterLine,Tubería general de agua,Aducción,,,,,
Junction Edge Connectivity,WaterDevice,Filtro,Vertical_Obsoleto,,WaterLine,Tubería general de agua,Aducción,,,,,
Junction Edge Connectivity,WaterDevice,Conexión de servicio,Fuente,,WaterLine,Tubería general de agua,Aducción,,,,,
Junction Edge Connectivity,WaterDevice,Conexión de servicio,Aspersor_Obsoleto,,WaterLine,Tubería general de agua,Aducción,,,,,
Junction Edge Connectivity,WaterDevice,Conexión de servicio,Boca de riego_Obsoleto,,WaterLine,Tubería general de agua,Aducción,,,,,
Junction Edge Connectivity,WaterDevice,Conexión de servicio,Toma de riego_Obsoleto,,WaterLine,Tubería general de agua,Aducción,,,,,
Junction Edge Connectivity,WaterDevice,Conexión de servicio,Hidrante_Obsoleto,,WaterLine,Tubería general de agua,Aducción,,,,,
Junction Edge Connectivity,WaterDevice,Válvula de flujo,Antirretorno_Obsoleto,,WaterLine,Tubería general de agua,Aducción,,,,,
Junction Edge Connectivity,WaterDevice,Válvula del sistema,Suministro,,WaterLine,Tubería general de agua,Aducción,,,,,
Junction Edge Connectivity,WaterDevice,Válvula de presión,Reducción de presión,Alta presión de entrada,WaterLine,Tubería general de agua,Aducción,,,,,
Junction Edge Connectivity,WaterDevice,Válvula de presión,Reducción de presión,Baja presión de salida,WaterLine,Tubería general de agua,Aducción,,,,,
Junction Edge Connectivity,WaterDevice,Válvula de presión,Purga de aire,,WaterLine,Tubería general de agua,Aducción,,,,,
Junction Edge Connectivity,WaterDevice,Válvula del sistema,Sistema,,WaterLine,Tubería general de agua,Aducción,,,,,
Junction Edge Connectivity,WaterDevice,Válvula del sistema,Zona de presión,,WaterLine,Tubería general de agua,Aducción,,,,,
Junction Edge Connectivity,WaterJunction,Nudo,Toma,,WaterLine,Tubería general de agua,Aducción,,,,,
Junction Edge Connectivity,WaterJunction,Nudo,Transición,,WaterLine,Tubería general de agua,Aducción,,,,,
Junction Edge Connectivity,WaterJunction,Nudo,T,,WaterLine,Tubería general de agua,Aducción,,,,,
Junction Edge Connectivity,WaterJunction,Nudo,Cruz,,WaterLine,Tubería general de agua,Aducción,,,,,
Junction Edge Connectivity,WaterDevice,Controlador,Arqueta de rotura,,WaterLine,Tubería general de agua,Aducción,,,,,
Junction Edge Connectivity,WaterDevice,Contador de servicio,Residencial,,WaterLine,Tubería general de agua,Aducción,,,,,
Junction Edge Connectivity,WaterDevice,Suministro,Planta potabilizadora,Puerto 1,WaterLine,Tubería general de agua,Aducción,,,,,
Junction Edge Connectivity,WaterDevice,Suministro,Planta potabilizadora,Puerto 2,WaterLine,Tubería general de agua,Aducción,,,,,
Junction Edge Connectivity,WaterDevice,Almacenamiento,Aljibe_Obsoleto,,WaterLine,Tubería general de agua,Distribución,,,,,
Junction Edge Connectivity,WaterDevice,Estación,Estación de bombeo,Baja presión de entrada,WaterLine,Tubería general de agua,Distribución,,,,,
Junction Edge Connectivity,WaterDevice,Estación,Estación de bombeo,Alta presión de salida,WaterLine,Tubería general de agua,Distribución,,,,,
Junction Edge Connectivity,WaterDevice,Válvula de presión,Calderin_Obsoleto,,WaterLine,Tubería general de agua,Distribución,,,,,
Junction Edge Connectivity,WaterDevice,Contador del sistema,Caudalímetro,Puerto 1,WaterLine,Tubería general de agua,Distribución,,,,,
Junction Edge Connectivity,WaterDevice,Contador del sistema,Caudalímetro,Puerto 2,WaterLine,Tubería general de agua,Distribución,,,,,
Junction Edge Connectivity,WaterDevice,Almacenamiento,Tanque de almacenamiento,Puerto 1,WaterLine,Tubería general de agua,Distribución,,,,,
Junction Edge Connectivity,WaterDevice,Almacenamiento,Tanque de almacenamiento,Puerto 2,WaterLine,Tubería general de agua,Distribución,,,,,
Junction Edge Connectivity,WaterDevice,Válvula del sistema,Derivación,,WaterLine,Tubería general de agua,Distribución,,,,,
Junction Edge Connectivity,WaterDevice,Salida,Desagüe,,WaterLine,Tubería general de agua,Distribución,,,,,
Junction Edge Connectivity,WaterDevice,Suministro,Entrada,Puerto de entrada,WaterLine,Tubería general de agua,Distribución,,,,,
Junction Edge Connectivity,WaterDevice,Suministro,Entrada,Puerto de salida,WaterLine,Tubería general de agua,Distribución,,,,,
Junction Edge Connectivity,WaterDevice,Filtro,Cazapiedras,,WaterLine,Tubería general de agua,Distribución,,,,,
Junction Edge Connectivity,WaterDevice,Filtro,Cesta_Obsoleto,,WaterLine,Tubería general de agua,Distribución,,,,,
Junction Edge Connectivity,WaterDevice,Filtro,En L_Obsoleto,,WaterLine,Tubería general de agua,Distribución,,,,,
Junction Edge Connectivity,WaterDevice,Filtro,En Y,,WaterLine,Tubería general de agua,Distribución,,,,,
Junction Edge Connectivity,WaterDevice,Filtro,Oblicuo_Obsoleto,,WaterLine,Tubería general de agua,Distribución,,,,,
Junction Edge Connectivity,WaterDevice,Filtro,Vertical_Obsoleto,,WaterLine,Tubería general de agua,Distribución,,,,,
Junction Edge Connectivity,WaterDevice,Conexión de servicio,Fuente,,WaterLine,Tubería general de agua,Distribución,,,,,
Junction Edge Connectivity,WaterDevice,Conexión de servicio,Aspersor_Obsoleto,,WaterLine,Tubería general de agua,Distribución,,,,,
Junction Edge Connectivity,WaterDevice,Conexión de servicio,Boca de riego_Obsoleto,,WaterLine,Tubería general de agua,Distribución,,,,,
Junction Edge Connectivity,WaterDevice,Conexión de servicio,Toma de riego_Obsoleto,,WaterLine,Tubería general de agua,Distribución,,,,,
Junction Edge Connectivity,WaterDevice,Conexión de servicio,Hidrante_Obsoleto,,WaterLine,Tubería general de agua,Distribución,,,,,
Junction Edge Connectivity,WaterDevice,Válvula de flujo,Antirretorno_Obsoleto,,WaterLine,Tubería general de agua,Distribución,,,,,
Junction Edge Connectivity,WaterDevice,Válvula del sistema,Suministro,,WaterLine,Tubería general de agua,Distribución,,,,,
Junction Edge Connectivity,WaterDevice,Válvula de presión,Reducción de presión,Alta presión de entrada,WaterLine,Tubería general de agua,Distribución,,,,,
Junction Edge Connectivity,WaterDevice,Válvula de presión,Reducción de presión,Baja presión de salida,WaterLine,Tubería general de agua,Distribución,,,,,
Junction Edge Connectivity,WaterDevice,Válvula de presión,Purga de aire,,WaterLine,Tubería general de agua,Distribución,,,,,
Junction Edge Connectivity,WaterDevice,Válvula del sistema,Sistema,,WaterLine,Tubería general de agua,Distribución,,,,,
Junction Edge Connectivity,WaterDevice,Válvula del sistema,Zona de presión,,WaterLine,Tubería general de agua,Distribución,,,,,
Junction Edge Connectivity,WaterJunction,Nudo,Toma,,WaterLine,Tubería general de agua,Distribución,,,,,
Junction Edge Connectivity,WaterJunction,Nudo,Transición,,WaterLine,Tubería general de agua,Distribución,,,,,
Junction Edge Connectivity,WaterJunction,Nudo,T,,WaterLine,Tubería general de agua,Distribución,,,,,
Junction Edge Connectivity,WaterJunction,Nudo,Cruz,,WaterLine,Tubería general de agua,Distribución,,,,,
Junction Edge Connectivity,WaterDevice,Controlador,Arqueta de rotura,,WaterLine,Tubería general de agua,Distribución,,,,,
Junction Edge Connectivity,WaterDevice,Contador de servicio,Residencial,,WaterLine,Tubería general de agua,Distribución,,,,,
Junction Edge Connectivity,WaterDevice,Suministro,Planta potabilizadora,Puerto 1,WaterLine,Tubería general de agua,Distribución,,,,,
Junction Edge Connectivity,WaterDevice,Suministro,Planta potabilizadora,Puerto 2,WaterLine,Tubería general de agua,Distribución,,,,,
Junction Edge Connectivity,WaterDevice,Almacenamiento,Aljibe_Obsoleto,,WaterLine,Tubería general de agua,Tubería de distribución,,,,,
Junction Edge Connectivity,WaterDevice,Válvula de presión,Calderin_Obsoleto,,WaterLine,Tubería general de agua,Tubería de distribución,,,,,
Junction Edge Connectivity,WaterDevice,Almacenamiento,Tanque de almacenamiento,Puerto 1,WaterLine,Tubería general de agua,Tubería de distribución,,,,,
Junction Edge Connectivity,WaterDevice,Almacenamiento,Tanque de almacenamiento,Puerto 2,WaterLine,Tubería general de agua,Tubería de distribución,,,,,
Junction Edge Connectivity,WaterDevice,Salida,Desagüe,,WaterLine,Tubería general de agua,Tubería de distribución,,,,,
Junction Edge Connectivity,WaterDevice,Suministro,Entrada,Puerto de entrada,WaterLine,Tubería general de agua,Tubería de distribución,,,,,
Junction Edge Connectivity,WaterDevice,Suministro,Entrada,Puerto de salida,WaterLine,Tubería general de agua,Tubería de distribución,,,,,
Junction Edge Connectivity,WaterDevice,Filtro,Cazapiedras,,WaterLine,Tubería general de agua,Tubería de distribución,,,,,
Junction Edge Connectivity,WaterDevice,Filtro,Cesta_Obsoleto,,WaterLine,Tubería general de agua,Tubería de distribución,,,,,
Junction Edge Connectivity,WaterDevice,Filtro,En L_Obsoleto,,WaterLine,Tubería general de agua,Tubería de distribución,,,,,
Junction Edge Connectivity,WaterDevice,Filtro,En Y,,WaterLine,Tubería general de agua,Tubería de distribución,,,,,
Junction Edge Connectivity,WaterDevice,Filtro,Oblicuo_Obsoleto,,WaterLine,Tubería general de agua,Tubería de distribución,,,,,
Junction Edge Connectivity,WaterDevice,Filtro,Vertical_Obsoleto,,WaterLine,Tubería general de agua,Tubería de distribución,,,,,
Junction Edge Connectivity,WaterDevice,Conexión de servicio,Fuente,,WaterLine,Tubería general de agua,Tubería de distribución,,,,,
Junction Edge Connectivity,WaterDevice,Conexión de servicio,Aspersor_Obsoleto,,WaterLine,Tubería general de agua,Tubería de distribución,,,,,
Junction Edge Connectivity,WaterDevice,Conexión de servicio,Boca de riego_Obsoleto,,WaterLine,Tubería general de agua,Tubería de distribución,,,,,
Junction Edge Connectivity,WaterDevice,Conexión de servicio,Toma de riego_Obsoleto,,WaterLine,Tubería general de agua,Tubería de distribución,,,,,
Junction Edge Connectivity,WaterDevice,Conexión de servicio,Hidrante_Obsoleto,,WaterLine,Tubería general de agua,Tubería de distribución,,,,,
Junction Edge Connectivity,WaterDevice,Válvula de flujo,Antirretorno_Obsoleto,,WaterLine,Tubería general de agua,Tubería de distribución,,,,,
Junction Edge Connectivity,WaterDevice,Controlador,Arqueta de rotura,,WaterLine,Tubería general de agua,Tubería de distribución,,,,,
Junction Edge Connectivity,WaterDevice,Contador de servicio,Residencial,,WaterLine,Tubería general de agua,Tubería de distribución,,,,,
Junction Edge Connectivity,WaterDevice,Suministro,Planta potabilizadora,Puerto 1,WaterLine,Tubería general de agua,Tubería de distribución,,,,,
Junction Edge Connectivity,WaterDevice,Suministro,Planta potabilizadora,Puerto 2,WaterLine,Tubería general de agua,Tubería de distribución,,,,,
Junction Edge Connectivity,WaterDevice,Almacenamiento,Aljibe_Obsoleto,,WaterLine,Tubería general de agua,Distribución secundaria,,,,,
Junction Edge Connectivity,WaterDevice,Estación,Estación de bombeo,Baja presión de entrada,WaterLine,Tubería general de agua,Distribución secundaria,,,,,
Junction Edge Connectivity,WaterDevice,Estación,Estación de bombeo,Alta presión de salida,WaterLine,Tubería general de agua,Distribución secundaria,,,,,
Junction Edge Connectivity,WaterDevice,Válvula de presión,Calderin_Obsoleto,,WaterLine,Tubería general de agua,Distribución secundaria,,,,,
Junction Edge Connectivity,WaterDevice,Contador del sistema,Caudalímetro,Puerto 1,WaterLine,Tubería general de agua,Distribución secundaria,,,,,
Junction Edge Connectivity,WaterDevice,Contador del sistema,Caudalímetro,Puerto 2,WaterLine,Tubería general de agua,Distribución secundaria,,,,,
Junction Edge Connectivity,WaterDevice,Almacenamiento,Tanque de almacenamiento,Puerto 1,WaterLine,Tubería general de agua,Distribución secundaria,,,,,
Junction Edge Connectivity,WaterDevice,Almacenamiento,Tanque de almacenamiento,Puerto 2,WaterLine,Tubería general de agua,Distribución secundaria,,,,,
Junction Edge Connectivity,WaterDevice,Válvula del sistema,Derivación,,WaterLine,Tubería general de agua,Distribución secundaria,,,,,
Junction Edge Connectivity,WaterDevice,Salida,Desagüe,,WaterLine,Tubería general de agua,Distribución secundaria,,,,,
Junction Edge Connectivity,WaterDevice,Suministro,Entrada,Puerto de entrada,WaterLine,Tubería general de agua,Distribución secundaria,,,,,
Junction Edge Connectivity,WaterDevice,Suministro,Entrada,Puerto de salida,WaterLine,Tubería general de agua,Distribución secundaria,,,,,
Junction Edge Connectivity,WaterDevice,Filtro,Cazapiedras,,WaterLine,Tubería general de agua,Distribución secundaria,,,,,
Junction Edge Connectivity,WaterDevice,Filtro,Cesta_Obsoleto,,WaterLine,Tubería general de agua,Distribución secundaria,,,,,
Junction Edge Connectivity,WaterDevice,Filtro,En L_Obsoleto,,WaterLine,Tubería general de agua,Distribución secundaria,,,,,
Junction Edge Connectivity,WaterDevice,Filtro,En Y,,WaterLine,Tubería general de agua,Distribución secundaria,,,,,
Junction Edge Connectivity,WaterDevice,Filtro,Oblicuo_Obsoleto,,WaterLine,Tubería general de agua,Distribución secundaria,,,,,
Junction Edge Connectivity,WaterDevice,Filtro,Vertical_Obsoleto,,WaterLine,Tubería general de agua,Distribución secundaria,,,,,
Junction Edge Connectivity,WaterDevice,Conexión de servicio,Fuente,,WaterLine,Tubería general de agua,Distribución secundaria,,,,,
Junction Edge Connectivity,WaterDevice,Conexión de servicio,Aspersor_Obsoleto,,WaterLine,Tubería general de agua,Distribución secundaria,,,,,
Junction Edge Connectivity,WaterDevice,Conexión de servicio,Boca de riego_Obsoleto,,WaterLine,Tubería general de agua,Distribución secundaria,,,,,
Junction Edge Connectivity,WaterDevice,Conexión de servicio,Toma de riego_Obsoleto,,WaterLine,Tubería general de agua,Distribución secundaria,,,,,
Junction Edge Connectivity,WaterDevice,Conexión de servicio,Hidrante_Obsoleto,,WaterLine,Tubería general de agua,Distribución secundaria,,,,,
Junction Edge Connectivity,WaterDevice,Válvula de flujo,Antirretorno_Obsoleto,,WaterLine,Tubería general de agua,Distribución secundaria,,,,,
Junction Edge Connectivity,WaterDevice,Válvula del sistema,Suministro,,WaterLine,Tubería general de agua,Distribución secundaria,,,,,
Junction Edge Connectivity,WaterDevice,Válvula de presión,Reducción de presión,Alta presión de entrada,WaterLine,Tubería general de agua,Distribución secundaria,,,,,
Junction Edge Connectivity,WaterDevice,Válvula de presión,Reducción de presión,Baja presión de salida,WaterLine,Tubería general de agua,Distribución secundaria,,,,,
Junction Edge Connectivity,WaterDevice,Válvula de presión,Purga de aire,,WaterLine,Tubería general de agua,Distribución secundaria,,,,,
Junction Edge Connectivity,WaterDevice,Válvula del sistema,Sistema,,WaterLine,Tubería general de agua,Distribución secundaria,,,,,
Junction Edge Connectivity,WaterDevice,Válvula del sistema,Zona de presión,,WaterLine,Tubería general de agua,Distribución secundaria,,,,,
Junction Edge Connectivity,WaterJunction,Nudo,Toma,,WaterLine,Tubería general de agua,Distribución secundaria,,,,,
Junction Edge Connectivity,WaterJunction,Nudo,Transición,,WaterLine,Tubería general de agua,Distribución secundaria,,,,,
Junction Edge Connectivity,WaterJunction,Nudo,T,,WaterLine,Tubería general de agua,Distribución secundaria,,,,,
Junction Edge Connectivity,WaterJunction,Nudo,Cruz,,WaterLine,Tubería general de agua,Distribución secundaria,,,,,
Junction Edge Connectivity,WaterDevice,Controlador,Arqueta de rotura,,WaterLine,Tubería general de agua,Distribución secundaria,,,,,
Junction Edge Connectivity,WaterDevice,Contador de servicio,Residencial,,WaterLine,Tubería general de agua,Distribución secundaria,,,,,
Junction Edge Connectivity,WaterDevice,Suministro,Planta potabilizadora,Puerto 1,WaterLine,Tubería general de agua,Distribución secundaria,,,,,
Junction Edge Connectivity,WaterDevice,Suministro,Planta potabilizadora,Puerto 2,WaterLine,Tubería general de agua,Distribución secundaria,,,,,
Junction Edge Connectivity,WaterDevice,Almacenamiento,Aljibe_Obsoleto,,WaterLine,Tubería general de agua,Impulsión,,,,,
Junction Edge Connectivity,WaterDevice,Estación,Estación de bombeo,Baja presión de entrada,WaterLine,Tubería general de agua,Impulsión,,,,,
Junction Edge Connectivity,WaterDevice,Estación,Estación de bombeo,Alta presión de salida,WaterLine,Tubería general de agua,Impulsión,,,,,
Junction Edge Connectivity,WaterDevice,Válvula de presión,Calderin_Obsoleto,,WaterLine,Tubería general de agua,Impulsión,,,,,
Junction Edge Connectivity,WaterDevice,Contador del sistema,Caudalímetro,Puerto 1,WaterLine,Tubería general de agua,Impulsión,,,,,
Junction Edge Connectivity,WaterDevice,Contador del sistema,Caudalímetro,Puerto 2,WaterLine,Tubería general de agua,Impulsión,,,,,
Junction Edge Connectivity,WaterDevice,Almacenamiento,Tanque de almacenamiento,Puerto 1,WaterLine,Tubería general de agua,Impulsión,,,,,
Junction Edge Connectivity,WaterDevice,Almacenamiento,Tanque de almacenamiento,Puerto 2,WaterLine,Tubería general de agua,Impulsión,,,,,
Junction Edge Connectivity,WaterDevice,Válvula del sistema,Derivación,,WaterLine,Tubería general de agua,Impulsión,,,,,
Junction Edge Connectivity,WaterDevice,Salida,Desagüe,,WaterLine,Tubería general de agua,Impulsión,,,,,
Junction Edge Connectivity,WaterDevice,Suministro,Entrada,Puerto de entrada,WaterLine,Tubería general de agua,Impulsión,,,,,
Junction Edge Connectivity,WaterDevice,Suministro,Entrada,Puerto de salida,WaterLine,Tubería general de agua,Impulsión,,,,,
Junction Edge Connectivity,WaterDevice,Filtro,Cazapiedras,,WaterLine,Tubería general de agua,Impulsión,,,,,
Junction Edge Connectivity,WaterDevice,Filtro,Cesta_Obsoleto,,WaterLine,Tubería general de agua,Impulsión,,,,,
Junction Edge Connectivity,WaterDevice,Filtro,En L_Obsoleto,,WaterLine,Tubería general de agua,Impulsión,,,,,
Junction Edge Connectivity,WaterDevice,Filtro,En Y,,WaterLine,Tubería general de agua,Impulsión,,,,,
Junction Edge Connectivity,WaterDevice,Filtro,Oblicuo_Obsoleto,,WaterLine,Tubería general de agua,Impulsión,,,,,
Junction Edge Connectivity,WaterDevice,Filtro,Vertical_Obsoleto,,WaterLine,Tubería general de agua,Impulsión,,,,,
Junction Edge Connectivity,WaterDevice,Conexión de servicio,Fuente,,WaterLine,Tubería general de agua,Impulsión,,,,,
Junction Edge Connectivity,WaterDevice,Conexión de servicio,Aspersor_Obsoleto,,WaterLine,Tubería general de agua,Impulsión,,,,,
Junction Edge Connectivity,WaterDevice,Conexión de servicio,Boca de riego_Obsoleto,,WaterLine,Tubería general de agua,Impulsión,,,,,
Junction Edge Connectivity,WaterDevice,Conexión de servicio,Toma de riego_Obsoleto,,WaterLine,Tubería general de agua,Impulsión,,,,,
Junction Edge Connectivity,WaterDevice,Conexión de servicio,Hidrante_Obsoleto,,WaterLine,Tubería general de agua,Impulsión,,,,,
Junction Edge Connectivity,WaterDevice,Válvula de flujo,Antirretorno_Obsoleto,,WaterLine,Tubería general de agua,Impulsión,,,,,
Junction Edge Connectivity,WaterDevice,Válvula del sistema,Suministro,,WaterLine,Tubería general de agua,Impulsión,,,,,
Junction Edge Connectivity,WaterDevice,Válvula de presión,Reducción de presión,Alta presión de entrada,WaterLine,Tubería general de agua,Impulsión,,,,,
Junction Edge Connectivity,WaterDevice,Válvula de presión,Reducción de presión,Baja presión de salida,WaterLine,Tubería general de agua,Impulsión,,,,,
Junction Edge Connectivity,WaterDevice,Válvula de presión,Purga de aire,,WaterLine,Tubería general de agua,Impulsión,,,,,
Junction Edge Connectivity,WaterDevice,Válvula del sistema,Sistema,,WaterLine,Tubería general de agua,Impulsión,,,,,
Junction Edge Connectivity,WaterDevice,Válvula del sistema,Zona de presión,,WaterLine,Tubería general de agua,Impulsión,,,,,
Junction Edge Connectivity,WaterJunction,Nudo,Toma,,WaterLine,Tubería general de agua,Impulsión,,,,,
Junction Edge Connectivity,WaterJunction,Nudo,Transición,,WaterLine,Tubería general de agua,Impulsión,,,,,
Junction Edge Connectivity,WaterJunction,Nudo,T,,WaterLine,Tubería general de agua,Impulsión,,,,,
Junction Edge Connectivity,WaterJunction,Nudo,Cruz,,WaterLine,Tubería general de agua,Impulsión,,,,,
Junction Edge Connectivity,WaterDevice,Controlador,Arqueta de rotura,,WaterLine,Tubería general de agua,Impulsión,,,,,
Junction Edge Connectivity,WaterDevice,Contador de servicio,Residencial,,WaterLine,Tubería general de agua,Impulsión,,,,,
Junction Edge Connectivity,WaterDevice,Suministro,Planta potabilizadora,Puerto 1,WaterLine,Tubería general de agua,Impulsión,,,,,
Junction Edge Connectivity,WaterDevice,Suministro,Planta potabilizadora,Puerto 2,WaterLine,Tubería general de agua,Impulsión,,,,,
Junction Edge Connectivity,WaterDevice,Almacenamiento,Aljibe_Obsoleto,,WaterLine,Tubería general de agua,Privada,,,,,
Junction Edge Connectivity,WaterDevice,Estación,Estación de bombeo,Baja presión de entrada,WaterLine,Tubería general de agua,Privada,,,,,
Junction Edge Connectivity,WaterDevice,Estación,Estación de bombeo,Alta presión de salida,WaterLine,Tubería general de agua,Privada,,,,,
Junction Edge Connectivity,WaterDevice,Válvula de presión,Calderin_Obsoleto,,WaterLine,Tubería general de agua,Privada,,,,,
Junction Edge Connectivity,WaterDevice,Contador del sistema,Caudalímetro,Puerto 1,WaterLine,Tubería general de agua,Privada,,,,,
Junction Edge Connectivity,WaterDevice,Contador del sistema,Caudalímetro,Puerto 2,WaterLine,Tubería general de agua,Privada,,,,,
Junction Edge Connectivity,WaterDevice,Almacenamiento,Tanque de almacenamiento,Puerto 1,WaterLine,Tubería general de agua,Privada,,,,,
Junction Edge Connectivity,WaterDevice,Almacenamiento,Tanque de almacenamiento,Puerto 2,WaterLine,Tubería general de agua,Privada,,,,,
Junction Edge Connectivity,WaterDevice,Válvula del sistema,Derivación,,WaterLine,Tubería general de agua,Privada,,,,,
Junction Edge Connectivity,WaterDevice,Salida,Desagüe,,WaterLine,Tubería general de agua,Privada,,,,,
Junction Edge Connectivity,WaterDevice,Suministro,Entrada,Puerto de entrada,WaterLine,Tubería general de agua,Privada,,,,,
Junction Edge Connectivity,WaterDevice,Suministro,Entrada,Puerto de salida,WaterLine,Tubería general de agua,Privada,,,,,
Junction Edge Connectivity,WaterDevice,Filtro,Cazapiedras,,WaterLine,Tubería general de agua,Privada,,,,,
Junction Edge Connectivity,WaterDevice,Filtro,Cesta_Obsoleto,,WaterLine,Tubería general de agua,Privada,,,,,
Junction Edge Connectivity,WaterDevice,Filtro,En L_Obsoleto,,WaterLine,Tubería general de agua,Privada,,,,,
Junction Edge Connectivity,WaterDevice,Filtro,En Y,,WaterLine,Tubería general de agua,Privada,,,,,
Junction Edge Connectivity,WaterDevice,Filtro,Oblicuo_Obsoleto,,WaterLine,Tubería general de agua,Privada,,,,,
Junction Edge Connectivity,WaterDevice,Filtro,Vertical_Obsoleto,,WaterLine,Tubería general de agua,Privada,,,,,
Junction Edge Connectivity,WaterDevice,Conexión de servicio,Fuente,,WaterLine,Tubería general de agua,Privada,,,,,
Junction Edge Connectivity,WaterDevice,Conexión de servicio,Aspersor_Obsoleto,,WaterLine,Tubería general de agua,Privada,,,,,
Junction Edge Connectivity,WaterDevice,Conexión de servicio,Boca de riego_Obsoleto,,WaterLine,Tubería general de agua,Privada,,,,,
Junction Edge Connectivity,WaterDevice,Conexión de servicio,Toma de riego_Obsoleto,,WaterLine,Tubería general de agua,Privada,,,,,
Junction Edge Connectivity,WaterDevice,Conexión de servicio,Hidrante_Obsoleto,,WaterLine,Tubería general de agua,Privada,,,,,
Junction Edge Connectivity,WaterDevice,Válvula de flujo,Antirretorno_Obsoleto,,WaterLine,Tubería general de agua,Privada,,,,,
Junction Edge Connectivity,WaterDevice,Válvula del sistema,Suministro,,WaterLine,Tubería general de agua,Privada,,,,,
Junction Edge Connectivity,WaterDevice,Válvula de presión,Reducción de presión,Alta presión de entrada,WaterLine,Tubería general de agua,Privada,,,,,
Junction Edge Connectivity,WaterDevice,Válvula de presión,Reducción de presión,Baja presión de salida,WaterLine,Tubería general de agua,Privada,,,,,
Junction Edge Connectivity,WaterDevice,Válvula de presión,Purga de aire,,WaterLine,Tubería general de agua,Privada,,,,,
Junction Edge Connectivity,WaterDevice,Válvula del sistema,Sistema,,WaterLine,Tubería general de agua,Privada,,,,,
Junction Edge Connectivity,WaterDevice,Válvula del sistema,Zona de presión,,WaterLine,Tubería general de agua,Privada,,,,,
Junction Edge Connectivity,WaterJunction,Nudo,Toma,,WaterLine,Tubería general de agua,Privada,,,,,
Junction Edge Connectivity,WaterJunction,Nudo,Transición,,WaterLine,Tubería general de agua,Privada,,,,,
Junction Edge Connectivity,WaterJunction,Nudo,T,,WaterLine,Tubería general de agua,Privada,,,,,
Junction Edge Connectivity,WaterJunction,Nudo,Cruz,,WaterLine,Tubería general de agua,Privada,,,,,
Junction Edge Connectivity,WaterDevice,Controlador,Arqueta de rotura,,WaterLine,Tubería general de agua,Privada,,,,,
Junction Edge Connectivity,WaterDevice,Contador de servicio,Residencial,,WaterLine,Tubería general de agua,Privada,,,,,
Junction Edge Connectivity,WaterDevice,Suministro,Planta potabilizadora,Puerto 1,WaterLine,Tubería general de agua,Privada,,,,,
Junction Edge Connectivity,WaterDevice,Suministro,Planta potabilizadora,Puerto 2,WaterLine,Tubería general de agua,Privada,,,,,
Junction Edge Connectivity,WaterDevice,Almacenamiento,Aljibe_Obsoleto,,WaterLine,Tubería general de agua,Transporte,,,,,
Junction Edge Connectivity,WaterDevice,Válvula de presión,Calderin_Obsoleto,,WaterLine,Tubería general de agua,Transporte,,,,,
Junction Edge Connectivity,WaterDevice,Salida,Desagüe,,WaterLine,Tubería general de agua,Transporte,,,,,
Junction Edge Connectivity,WaterDevice,Suministro,Entrada,Puerto de entrada,WaterLine,Tubería general de agua,Transporte,,,,,
Junction Edge Connectivity,WaterDevice,Suministro,Entrada,Puerto de salida,WaterLine,Tubería general de agua,Transporte,,,,,
Junction Edge Connectivity,WaterDevice,Filtro,Cazapiedras,,WaterLine,Tubería general de agua,Transporte,,,,,
Junction Edge Connectivity,WaterDevice,Filtro,Cesta_Obsoleto,,WaterLine,Tubería general de agua,Transporte,,,,,
Junction Edge Connectivity,WaterDevice,Filtro,En L_Obsoleto,,WaterLine,Tubería general de agua,Transporte,,,,,
Junction Edge Connectivity,WaterDevice,Filtro,En Y,,WaterLine,Tubería general de agua,Transporte,,,,,
Junction Edge Connectivity,WaterDevice,Filtro,Oblicuo_Obsoleto,,WaterLine,Tubería general de agua,Transporte,,,,,
Junction Edge Connectivity,WaterDevice,Filtro,Vertical_Obsoleto,,WaterLine,Tubería general de agua,Transporte,,,,,
Junction Edge Connectivity,WaterDevice,Conexión de servicio,Fuente,,WaterLine,Tubería general de agua,Transporte,,,,,
Junction Edge Connectivity,WaterDevice,Conexión de servicio,Aspersor_Obsoleto,,WaterLine,Tubería general de agua,Transporte,,,,,
Junction Edge Connectivity,WaterDevice,Conexión de servicio,Boca de riego_Obsoleto,,WaterLine,Tubería general de agua,Transporte,,,,,
Junction Edge Connectivity,WaterDevice,Conexión de servicio,Toma de riego_Obsoleto,,WaterLine,Tubería general de agua,Transporte,,,,,
Junction Edge Connectivity,WaterDevice,Conexión de servicio,Hidrante_Obsoleto,,WaterLine,Tubería general de agua,Transporte,,,,,
Junction Edge Connectivity,WaterDevice,Válvula de flujo,Antirretorno_Obsoleto,,WaterLine,Tubería general de agua,Transporte,,,,,
Junction Edge Connectivity,WaterDevice,Controlador,Arqueta de rotura,,WaterLine,Tubería general de agua,Transporte,,,,,
Junction Edge Connectivity,WaterDevice,Contador de servicio,Residencial,,WaterLine,Tubería general de agua,Transporte,,,,,
Junction Edge Connectivity,WaterDevice,Suministro,Planta potabilizadora,Puerto 1,WaterLine,Tubería general de agua,Transporte,,,,,
Junction Edge Connectivity,WaterDevice,Almacenamiento,Aljibe_Obsoleto,,WaterLine,Tubería general de agua,Ficticia,,,,,
Junction Edge Connectivity,WaterDevice,Estación,Estación de bombeo,Baja presión de entrada,WaterLine,Tubería general de agua,Ficticia,,,,,
Junction Edge Connectivity,WaterDevice,Estación,Estación de bombeo,Alta presión de salida,WaterLine,Tubería general de agua,Ficticia,,,,,
Junction Edge Connectivity,WaterDevice,Válvula de presión,Calderin_Obsoleto,,WaterLine,Tubería general de agua,Ficticia,,,,,
Junction Edge Connectivity,WaterDevice,Contador del sistema,Caudalímetro,Puerto 1,WaterLine,Tubería general de agua,Ficticia,,,,,
Junction Edge Connectivity,WaterDevice,Contador del sistema,Caudalímetro,Puerto 2,WaterLine,Tubería general de agua,Ficticia,,,,,
Junction Edge Connectivity,WaterDevice,Almacenamiento,Tanque de almacenamiento,Puerto 1,WaterLine,Tubería general de agua,Ficticia,,,,,
Junction Edge Connectivity,WaterDevice,Almacenamiento,Tanque de almacenamiento,Puerto 2,WaterLine,Tubería general de agua,Ficticia,,,,,
Junction Edge Connectivity,WaterDevice,Válvula del sistema,Derivación,,WaterLine,Tubería general de agua,Ficticia,,,,,
Junction Edge Connectivity,WaterDevice,Salida,Desagüe,,WaterLine,Tubería general de agua,Ficticia,,,,,
Junction Edge Connectivity,WaterDevice,Suministro,Entrada,Puerto de entrada,WaterLine,Tubería general de agua,Ficticia,,,,,
Junction Edge Connectivity,WaterDevice,Suministro,Entrada,Puerto de salida,WaterLine,Tubería general de agua,Ficticia,,,,,
Junction Edge Connectivity,WaterDevice,Filtro,Cazapiedras,,WaterLine,Tubería general de agua,Ficticia,,,,,
Junction Edge Connectivity,WaterDevice,Filtro,Cesta_Obsoleto,,WaterLine,Tubería general de agua,Ficticia,,,,,
Junction Edge Connectivity,WaterDevice,Filtro,En L_Obsoleto,,WaterLine,Tubería general de agua,Ficticia,,,,,
Junction Edge Connectivity,WaterDevice,Filtro,En Y,,WaterLine,Tubería general de agua,Ficticia,,,,,
Junction Edge Connectivity,WaterDevice,Filtro,Oblicuo_Obsoleto,,WaterLine,Tubería general de agua,Ficticia,,,,,
Junction Edge Connectivity,WaterDevice,Filtro,Vertical_Obsoleto,,WaterLine,Tubería general de agua,Ficticia,,,,,
Junction Edge Connectivity,WaterDevice,Conexión de servicio,Fuente,,WaterLine,Tubería general de agua,Ficticia,,,,,
Junction Edge Connectivity,WaterDevice,Conexión de servicio,Aspersor_Obsoleto,,WaterLine,Tubería general de agua,Ficticia,,,,,
Junction Edge Connectivity,WaterDevice,Conexión de servicio,Boca de riego_Obsoleto,,WaterLine,Tubería general de agua,Ficticia,,,,,
Junction Edge Connectivity,WaterDevice,Conexión de servicio,Toma de riego_Obsoleto,,WaterLine,Tubería general de agua,Ficticia,,,,,
Junction Edge Connectivity,WaterDevice,Conexión de servicio,Hidrante_Obsoleto,,WaterLine,Tubería general de agua,Ficticia,,,,,
Junction Edge Connectivity,WaterDevice,Válvula de flujo,Antirretorno_Obsoleto,,WaterLine,Tubería general de agua,Ficticia,,,,,
Junction Edge Connectivity,WaterDevice,Válvula del sistema,Suministro,,WaterLine,Tubería general de agua,Ficticia,,,,,
Junction Edge Connectivity,WaterDevice,Válvula de presión,Reducción de presión,Alta presión de entrada,WaterLine,Tubería general de agua,Ficticia,,,,,
Junction Edge Connectivity,WaterDevice,Válvula de presión,Reducción de presión,Baja presión de salida,WaterLine,Tubería general de agua,Ficticia,,,,,
Junction Edge Connectivity,WaterDevice,Válvula de presión,Purga de aire,,WaterLine,Tubería general de agua,Ficticia,,,,,
Junction Edge Connectivity,WaterDevice,Válvula del sistema,Sistema,,WaterLine,Tubería general de agua,Ficticia,,,,,
Junction Edge Connectivity,WaterDevice,Válvula del sistema,Zona de presión,,WaterLine,Tubería general de agua,Ficticia,,,,,
Junction Edge Connectivity,WaterJunction,Nudo,Toma,,WaterLine,Tubería general de agua,Ficticia,,,,,
Junction Edge Connectivity,WaterJunction,Nudo,Transición,,WaterLine,Tubería general de agua,Ficticia,,,,,
Junction Edge Connectivity,WaterJunction,Nudo,T,,WaterLine,Tubería general de agua,Ficticia,,,,,
Junction Edge Connectivity,WaterJunction,Nudo,Cruz,,WaterLine,Tubería general de agua,Ficticia,,,,,
Junction Edge Connectivity,WaterDevice,Controlador,Arqueta de rotura,,WaterLine,Tubería general de agua,Ficticia,,,,,
Junction Edge Connectivity,WaterDevice,Contador de servicio,Residencial,,WaterLine,Tubería general de agua,Ficticia,,,,,
Junction Edge Connectivity,WaterDevice,Suministro,Planta potabilizadora,Puerto 1,WaterLine,Tubería general de agua,Ficticia,,,,,
Junction Edge Connectivity,WaterDevice,Suministro,Planta potabilizadora,Puerto 2,WaterLine,Tubería general de agua,Ficticia,,,,,
Junction Edge Connectivity,WaterDevice,Almacenamiento,Aljibe_Obsoleto,,WaterLine,Tubería general de agua,Riego,,,,,
Junction Edge Connectivity,WaterDevice,Estación,Estación de bombeo,Baja presión de entrada,WaterLine,Tubería general de agua,Riego,,,,,
Junction Edge Connectivity,WaterDevice,Estación,Estación de bombeo,Alta presión de salida,WaterLine,Tubería general de agua,Riego,,,,,
Junction Edge Connectivity,WaterDevice,Válvula de presión,Calderin_Obsoleto,,WaterLine,Tubería general de agua,Riego,,,,,
Junction Edge Connectivity,WaterDevice,Contador del sistema,Caudalímetro,Puerto 1,WaterLine,Tubería general de agua,Riego,,,,,
Junction Edge Connectivity,WaterDevice,Contador del sistema,Caudalímetro,Puerto 2,WaterLine,Tubería general de agua,Riego,,,,,
Junction Edge Connectivity,WaterDevice,Almacenamiento,Tanque de almacenamiento,Puerto 1,WaterLine,Tubería general de agua,Riego,,,,,
Junction Edge Connectivity,WaterDevice,Almacenamiento,Tanque de almacenamiento,Puerto 2,WaterLine,Tubería general de agua,Riego,,,,,
Junction Edge Connectivity,WaterDevice,Válvula del sistema,Derivación,,WaterLine,Tubería general de agua,Riego,,,,,
Junction Edge Connectivity,WaterDevice,Salida,Desagüe,,WaterLine,Tubería general de agua,Riego,,,,,
Junction Edge Connectivity,WaterDevice,Suministro,Entrada,Puerto de entrada,WaterLine,Tubería general de agua,Riego,,,,,
Junction Edge Connectivity,WaterDevice,Suministro,Entrada,Puerto de salida,WaterLine,Tubería general de agua,Riego,,,,,
Junction Edge Connectivity,WaterDevice,Filtro,Cazapiedras,,WaterLine,Tubería general de agua,Riego,,,,,
Junction Edge Connectivity,WaterDevice,Filtro,Cesta_Obsoleto,,WaterLine,Tubería general de agua,Riego,,,,,
Junction Edge Connectivity,WaterDevice,Filtro,En L_Obsoleto,,WaterLine,Tubería general de agua,Riego,,,,,
Junction Edge Connectivity,WaterDevice,Filtro,En Y,,WaterLine,Tubería general de agua,Riego,,,,,
Junction Edge Connectivity,WaterDevice,Filtro,Oblicuo_Obsoleto,,WaterLine,Tubería general de agua,Riego,,,,,
Junction Edge Connectivity,WaterDevice,Filtro,Vertical_Obsoleto,,WaterLine,Tubería general de agua,Riego,,,,,
Junction Edge Connectivity,WaterDevice,Conexión de servicio,Fuente,,WaterLine,Tubería general de agua,Riego,,,,,
Junction Edge Connectivity,WaterDevice,Conexión de servicio,Aspersor_Obsoleto,,WaterLine,Tubería general de agua,Riego,,,,,
Junction Edge Connectivity,WaterDevice,Conexión de servicio,Boca de riego_Obsoleto,,WaterLine,Tubería general de agua,Riego,,,,,
Junction Edge Connectivity,WaterDevice,Conexión de servicio,Toma de riego_Obsoleto,,WaterLine,Tubería general de agua,Riego,,,,,
Junction Edge Connectivity,WaterDevice,Conexión de servicio,Hidrante_Obsoleto,,WaterLine,Tubería general de agua,Riego,,,,,
Junction Edge Connectivity,WaterDevice,Válvula de flujo,Antirretorno_Obsoleto,,WaterLine,Tubería general de agua,Riego,,,,,
Junction Edge Connectivity,WaterDevice,Válvula del sistema,Suministro,,WaterLine,Tubería general de agua,Riego,,,,,
Junction Edge Connectivity,WaterDevice,Válvula de presión,Reducción de presión,Alta presión de entrada,WaterLine,Tubería general de agua,Riego,,,,,
Junction Edge Connectivity,WaterDevice,Válvula de presión,Reducción de presión,Baja presión de salida,WaterLine,Tubería general de agua,Riego,,,,,
Junction Edge Connectivity,WaterDevice,Válvula de presión,Purga de aire,,WaterLine,Tubería general de agua,Riego,,,,,
Junction Edge Connectivity,WaterDevice,Válvula del sistema,Sistema,,WaterLine,Tubería general de agua,Riego,,,,,
Junction Edge Connectivity,WaterDevice,Válvula del sistema,Zona de presión,,WaterLine,Tubería general de agua,Riego,,,,,
Junction Edge Connectivity,WaterJunction,Nudo,Toma,,WaterLine,Tubería general de agua,Riego,,,,,
Junction Edge Connectivity,WaterJunction,Nudo,Transición,,WaterLine,Tubería general de agua,Riego,,,,,
Junction Edge Connectivity,WaterJunction,Nudo,T,,WaterLine,Tubería general de agua,Riego,,,,,
Junction Edge Connectivity,WaterJunction,Nudo,Cruz,,WaterLine,Tubería general de agua,Riego,,,,,
Junction Edge Connectivity,WaterDevice,Controlador,Arqueta de rotura,,WaterLine,Tubería general de agua,Riego,,,,,
Junction Edge Connectivity,WaterDevice,Contador de servicio,Residencial,,WaterLine,Tubería general de agua,Riego,,,,,
Junction Edge Connectivity,WaterDevice,Suministro,Planta potabilizadora,Puerto 1,WaterLine,Tubería general de agua,Riego,,,,,
Junction Edge Connectivity,WaterDevice,Suministro,Planta potabilizadora,Puerto 2,WaterLine,Tubería general de agua,Riego,,,,,
Junction Edge Connectivity,WaterDevice,Almacenamiento,Aljibe_Obsoleto,,WaterLine,Acometida,Se desconoce,,,,,
Junction Edge Connectivity,WaterDevice,Estación,Estación de bombeo,Baja presión de entrada,WaterLine,Acometida,Se desconoce,,,,,
Junction Edge Connectivity,WaterDevice,Estación,Estación de bombeo,Alta presión de salida,WaterLine,Acometida,Se desconoce,,,,,
Junction Edge Connectivity,WaterDevice,Válvula de presión,Calderin_Obsoleto,,WaterLine,Acometida,Se desconoce,,,,,
Junction Edge Connectivity,WaterDevice,Contador del sistema,Caudalímetro,Puerto 1,WaterLine,Acometida,Se desconoce,,,,,
Junction Edge Connectivity,WaterDevice,Contador del sistema,Caudalímetro,Puerto 2,WaterLine,Acometida,Se desconoce,,,,,
Junction Edge Connectivity,WaterDevice,Almacenamiento,Tanque de almacenamiento,Puerto 1,WaterLine,Acometida,Se desconoce,,,,,
Junction Edge Connectivity,WaterDevice,Almacenamiento,Tanque de almacenamiento,Puerto 2,WaterLine,Acometida,Se desconoce,,,,,
Junction Edge Connectivity,WaterDevice,Válvula del sistema,Derivación,,WaterLine,Acometida,Se desconoce,,,,,
Junction Edge Connectivity,WaterDevice,Salida,Desagüe,,WaterLine,Acometida,Se desconoce,,,,,
Junction Edge Connectivity,WaterDevice,Suministro,Entrada,Puerto de entrada,WaterLine,Acometida,Se desconoce,,,,,
Junction Edge Connectivity,WaterDevice,Suministro,Entrada,Puerto de salida,WaterLine,Acometida,Se desconoce,,,,,
Junction Edge Connectivity,WaterDevice,Filtro,Cazapiedras,,WaterLine,Acometida,Se desconoce,,,,,
Junction Edge Connectivity,WaterDevice,Filtro,Cesta_Obsoleto,,WaterLine,Acometida,Se desconoce,,,,,
Junction Edge Connectivity,WaterDevice,Filtro,En L_Obsoleto,,WaterLine,Acometida,Se desconoce,,,,,
Junction Edge Connectivity,WaterDevice,Filtro,En Y,,WaterLine,Acometida,Se desconoce,,,,,
Junction Edge Connectivity,WaterDevice,Filtro,Oblicuo_Obsoleto,,WaterLine,Acometida,Se desconoce,,,,,
Junction Edge Connectivity,WaterDevice,Filtro,Vertical_Obsoleto,,WaterLine,Acometida,Se desconoce,,,,,
Junction Edge Connectivity,WaterDevice,Conexión de servicio,Fuente,,WaterLine,Acometida,Se desconoce,,,,,
Junction Edge Connectivity,WaterDevice,Conexión de servicio,Aspersor_Obsoleto,,WaterLine,Acometida,Se desconoce,,,,,
Junction Edge Connectivity,WaterDevice,Conexión de servicio,Boca de riego_Obsoleto,,WaterLine,Acometida,Se desconoce,,,,,
Junction Edge Connectivity,WaterDevice,Conexión de servicio,Toma de riego_Obsoleto,,WaterLine,Acometida,Se desconoce,,,,,
Junction Edge Connectivity,WaterDevice,Conexión de servicio,Hidrante_Obsoleto,,WaterLine,Acometida,Se desconoce,,,,,
Junction Edge Connectivity,WaterDevice,Válvula de flujo,Antirretorno_Obsoleto,,WaterLine,Acometida,Se desconoce,,,,,
Junction Edge Connectivity,WaterDevice,Válvula del sistema,Suministro,,WaterLine,Acometida,Se desconoce,,,,,
Junction Edge Connectivity,WaterDevice,Válvula de presión,Reducción de presión,Alta presión de entrada,WaterLine,Acometida,Se desconoce,,,,,
Junction Edge Connectivity,WaterDevice,Válvula de presión,Reducción de presión,Baja presión de salida,WaterLine,Acometida,Se desconoce,,,,,
Junction Edge Connectivity,WaterDevice,Válvula de presión,Purga de aire,,WaterLine,Acometida,Se desconoce,,,,,
Junction Edge Connectivity,WaterDevice,Válvula del sistema,Sistema,,WaterLine,Acometida,Se desconoce,,,,,
Junction Edge Connectivity,WaterDevice,Válvula del sistema,Zona de presión,,WaterLine,Acometida,Se desconoce,,,,,
Junction Edge Connectivity,WaterJunction,Nudo,Toma,,WaterLine,Acometida,Se desconoce,,,,,
Junction Edge Connectivity,WaterJunction,Nudo,Transición,,WaterLine,Acometida,Se desconoce,,,,,
Junction Edge Connectivity,WaterJunction,Nudo,T,,WaterLine,Acometida,Se desconoce,,,,,
Junction Edge Connectivity,WaterJunction,Nudo,Cruz,,WaterLine,Acometida,Se desconoce,,,,,
Junction Edge Connectivity,WaterDevice,Controlador,Arqueta de rotura,,WaterLine,Acometida,Se desconoce,,,,,
Junction Edge Connectivity,WaterDevice,Contador de servicio,Residencial,,WaterLine,Acometida,Se desconoce,,,,,
Junction Edge Connectivity,WaterDevice,Suministro,Planta potabilizadora,Puerto 1,WaterLine,Acometida,Se desconoce,,,,,
Junction Edge Connectivity,WaterDevice,Suministro,Planta potabilizadora,Puerto 2,WaterLine,Acometida,Se desconoce,,,,,
Junction Edge Connectivity,WaterDevice,Almacenamiento,Aljibe_Obsoleto,,WaterLine,Acometida,Servicio comercial,,,,,
Junction Edge Connectivity,WaterDevice,Estación,Estación de bombeo,Baja presión de entrada,WaterLine,Acometida,Servicio comercial,,,,,
Junction Edge Connectivity,WaterDevice,Estación,Estación de bombeo,Alta presión de salida,WaterLine,Acometida,Servicio comercial,,,,,
Junction Edge Connectivity,WaterDevice,Válvula de presión,Calderin_Obsoleto,,WaterLine,Acometida,Servicio comercial,,,,,
Junction Edge Connectivity,WaterDevice,Almacenamiento,Tanque de almacenamiento,Puerto 1,WaterLine,Acometida,Servicio comercial,,,,,
Junction Edge Connectivity,WaterDevice,Almacenamiento,Tanque de almacenamiento,Puerto 2,WaterLine,Acometida,Servicio comercial,,,,,
Junction Edge Connectivity,WaterDevice,Válvula del sistema,Derivación,,WaterLine,Acometida,Servicio comercial,,,,,
Junction Edge Connectivity,WaterDevice,Salida,Desagüe,,WaterLine,Acometida,Servicio comercial,,,,,
Junction Edge Connectivity,WaterDevice,Suministro,Entrada,Puerto de entrada,WaterLine,Acometida,Servicio comercial,,,,,
Junction Edge Connectivity,WaterDevice,Suministro,Entrada,Puerto de salida,WaterLine,Acometida,Servicio comercial,,,,,
Junction Edge Connectivity,WaterDevice,Filtro,Cazapiedras,,WaterLine,Acometida,Servicio comercial,,,,,
Junction Edge Connectivity,WaterDevice,Filtro,Cesta_Obsoleto,,WaterLine,Acometida,Servicio comercial,,,,,
Junction Edge Connectivity,WaterDevice,Filtro,En L_Obsoleto,,WaterLine,Acometida,Servicio comercial,,,,,
Junction Edge Connectivity,WaterDevice,Filtro,En Y,,WaterLine,Acometida,Servicio comercial,,,,,
Junction Edge Connectivity,WaterDevice,Filtro,Oblicuo_Obsoleto,,WaterLine,Acometida,Servicio comercial,,,,,
Junction Edge Connectivity,WaterDevice,Filtro,Vertical_Obsoleto,,WaterLine,Acometida,Servicio comercial,,,,,
Junction Edge Connectivity,WaterDevice,Conexión de servicio,Fuente,,WaterLine,Acometida,Servicio comercial,,,,,
Junction Edge Connectivity,WaterDevice,Conexión de servicio,Aspersor_Obsoleto,,WaterLine,Acometida,Servicio comercial,,,,,
Junction Edge Connectivity,WaterDevice,Conexión de servicio,Boca de riego_Obsoleto,,WaterLine,Acometida,Servicio comercial,,,,,
Junction Edge Connectivity,WaterDevice,Conexión de servicio,Toma de riego_Obsoleto,,WaterLine,Acometida,Servicio comercial,,,,,
Junction Edge Connectivity,WaterDevice,Conexión de servicio,Hidrante_Obsoleto,,WaterLine,Acometida,Servicio comercial,,,,,
Junction Edge Connectivity,WaterDevice,Válvula de flujo,Antirretorno_Obsoleto,,WaterLine,Acometida,Servicio comercial,,,,,
Junction Edge Connectivity,WaterDevice,Válvula del sistema,Suministro,,WaterLine,Acometida,Servicio comercial,,,,,
Junction Edge Connectivity,WaterDevice,Válvula de presión,Reducción de presión,Alta presión de entrada,WaterLine,Acometida,Servicio comercial,,,,,
Junction Edge Connectivity,WaterDevice,Válvula de presión,Reducción de presión,Baja presión de salida,WaterLine,Acometida,Servicio comercial,,,,,
Junction Edge Connectivity,WaterDevice,Válvula de presión,Purga de aire,,WaterLine,Acometida,Servicio comercial,,,,,
Junction Edge Connectivity,WaterDevice,Válvula del sistema,Sistema,,WaterLine,Acometida,Servicio comercial,,,,,
Junction Edge Connectivity,WaterDevice,Válvula del sistema,Zona de presión,,WaterLine,Acometida,Servicio comercial,,,,,
Junction Edge Connectivity,WaterDevice,Controlador,Arqueta de rotura,,WaterLine,Acometida,Servicio comercial,,,,,
Junction Edge Connectivity,WaterDevice,Suministro,Planta potabilizadora,Puerto 1,WaterLine,Acometida,Servicio comercial,,,,,
Junction Edge Connectivity,WaterDevice,Suministro,Planta potabilizadora,Puerto 2,WaterLine,Acometida,Servicio comercial,,,,,
Junction Edge Connectivity,WaterDevice,Almacenamiento,Aljibe_Obsoleto,,WaterLine,Acometida,Servicio residencial,,,,,
Junction Edge Connectivity,WaterDevice,Estación,Estación de bombeo,Baja presión de entrada,WaterLine,Acometida,Servicio residencial,,,,,
Junction Edge Connectivity,WaterDevice,Estación,Estación de bombeo,Alta presión de salida,WaterLine,Acometida,Servicio residencial,,,,,
Junction Edge Connectivity,WaterDevice,Válvula de presión,Calderin_Obsoleto,,WaterLine,Acometida,Servicio residencial,,,,,
Junction Edge Connectivity,WaterDevice,Almacenamiento,Tanque de almacenamiento,Puerto 1,WaterLine,Acometida,Servicio residencial,,,,,
Junction Edge Connectivity,WaterDevice,Almacenamiento,Tanque de almacenamiento,Puerto 2,WaterLine,Acometida,Servicio residencial,,,,,
Junction Edge Connectivity,WaterDevice,Válvula del sistema,Derivación,,WaterLine,Acometida,Servicio residencial,,,,,
Junction Edge Connectivity,WaterDevice,Salida,Desagüe,,WaterLine,Acometida,Servicio residencial,,,,,
Junction Edge Connectivity,WaterDevice,Suministro,Entrada,Puerto de entrada,WaterLine,Acometida,Servicio residencial,,,,,
Junction Edge Connectivity,WaterDevice,Suministro,Entrada,Puerto de salida,WaterLine,Acometida,Servicio residencial,,,,,
Junction Edge Connectivity,WaterDevice,Filtro,Cazapiedras,,WaterLine,Acometida,Servicio residencial,,,,,
Junction Edge Connectivity,WaterDevice,Filtro,Cesta_Obsoleto,,WaterLine,Acometida,Servicio residencial,,,,,
Junction Edge Connectivity,WaterDevice,Filtro,En L_Obsoleto,,WaterLine,Acometida,Servicio residencial,,,,,
Junction Edge Connectivity,WaterDevice,Filtro,En Y,,WaterLine,Acometida,Servicio residencial,,,,,
Junction Edge Connectivity,WaterDevice,Filtro,Oblicuo_Obsoleto,,WaterLine,Acometida,Servicio residencial,,,,,
Junction Edge Connectivity,WaterDevice,Filtro,Vertical_Obsoleto,,WaterLine,Acometida,Servicio residencial,,,,,
Junction Edge Connectivity,WaterDevice,Conexión de servicio,Fuente,,WaterLine,Acometida,Servicio residencial,,,,,
Junction Edge Connectivity,WaterDevice,Conexión de servicio,Aspersor_Obsoleto,,WaterLine,Acometida,Servicio residencial,,,,,
Junction Edge Connectivity,WaterDevice,Conexión de servicio,Boca de riego_Obsoleto,,WaterLine,Acometida,Servicio residencial,,,,,
Junction Edge Connectivity,WaterDevice,Conexión de servicio,Toma de riego_Obsoleto,,WaterLine,Acometida,Servicio residencial,,,,,
Junction Edge Connectivity,WaterDevice,Conexión de servicio,Hidrante_Obsoleto,,WaterLine,Acometida,Servicio residencial,,,,,
Junction Edge Connectivity,WaterDevice,Válvula de flujo,Antirretorno_Obsoleto,,WaterLine,Acometida,Servicio residencial,,,,,
Junction Edge Connectivity,WaterDevice,Válvula del sistema,Suministro,,WaterLine,Acometida,Servicio residencial,,,,,
Junction Edge Connectivity,WaterDevice,Válvula de presión,Reducción de presión,Alta presión de entrada,WaterLine,Acometida,Servicio residencial,,,,,
Junction Edge Connectivity,WaterDevice,Válvula de presión,Reducción de presión,Baja presión de salida,WaterLine,Acometida,Servicio residencial,,,,,
Junction Edge Connectivity,WaterDevice,Válvula de presión,Purga de aire,,WaterLine,Acometida,Servicio residencial,,,,,
Junction Edge Connectivity,WaterDevice,Válvula del sistema,Sistema,,WaterLine,Acometida,Servicio residencial,,,,,
Junction Edge Connectivity,WaterDevice,Válvula del sistema,Zona de presión,,WaterLine,Acometida,Servicio residencial,,,,,
Junction Edge Connectivity,WaterDevice,Controlador,Arqueta de rotura,,WaterLine,Acometida,Servicio residencial,,,,,
Junction Edge Connectivity,WaterDevice,Suministro,Planta potabilizadora,Puerto 1,WaterLine,Acometida,Servicio residencial,,,,,
Junction Edge Connectivity,WaterDevice,Suministro,Planta potabilizadora,Puerto 2,WaterLine,Acometida,Servicio residencial,,,,,
Junction Edge Connectivity,WaterDevice,Almacenamiento,Aljibe_Obsoleto,,WaterLine,Acometida,Especial,,,,,
Junction Edge Connectivity,WaterDevice,Estación,Estación de bombeo,Baja presión de entrada,WaterLine,Acometida,Especial,,,,,
Junction Edge Connectivity,WaterDevice,Estación,Estación de bombeo,Alta presión de salida,WaterLine,Acometida,Especial,,,,,
Junction Edge Connectivity,WaterDevice,Válvula de presión,Calderin_Obsoleto,,WaterLine,Acometida,Especial,,,,,
Junction Edge Connectivity,WaterDevice,Contador del sistema,Caudalímetro,Puerto 1,WaterLine,Acometida,Especial,,,,,
Junction Edge Connectivity,WaterDevice,Contador del sistema,Caudalímetro,Puerto 2,WaterLine,Acometida,Especial,,,,,
Junction Edge Connectivity,WaterDevice,Almacenamiento,Tanque de almacenamiento,Puerto 1,WaterLine,Acometida,Especial,,,,,
Junction Edge Connectivity,WaterDevice,Almacenamiento,Tanque de almacenamiento,Puerto 2,WaterLine,Acometida,Especial,,,,,
Junction Edge Connectivity,WaterDevice,Válvula del sistema,Derivación,,WaterLine,Acometida,Especial,,,,,
Junction Edge Connectivity,WaterDevice,Salida,Desagüe,,WaterLine,Acometida,Especial,,,,,
Junction Edge Connectivity,WaterDevice,Suministro,Entrada,Puerto de entrada,WaterLine,Acometida,Especial,,,,,
Junction Edge Connectivity,WaterDevice,Suministro,Entrada,Puerto de salida,WaterLine,Acometida,Especial,,,,,
Junction Edge Connectivity,WaterDevice,Filtro,Cazapiedras,,WaterLine,Acometida,Especial,,,,,
Junction Edge Connectivity,WaterDevice,Filtro,Cesta_Obsoleto,,WaterLine,Acometida,Especial,,,,,
Junction Edge Connectivity,WaterDevice,Filtro,En L_Obsoleto,,WaterLine,Acometida,Especial,,,,,
Junction Edge Connectivity,WaterDevice,Filtro,En Y,,WaterLine,Acometida,Especial,,,,,
Junction Edge Connectivity,WaterDevice,Filtro,Oblicuo_Obsoleto,,WaterLine,Acometida,Especial,,,,,
Junction Edge Connectivity,WaterDevice,Filtro,Vertical_Obsoleto,,WaterLine,Acometida,Especial,,,,,
Junction Edge Connectivity,WaterDevice,Conexión de servicio,Fuente,,WaterLine,Acometida,Especial,,,,,
Junction Edge Connectivity,WaterDevice,Conexión de servicio,Aspersor_Obsoleto,,WaterLine,Acometida,Especial,,,,,
Junction Edge Connectivity,WaterDevice,Conexión de servicio,Boca de riego_Obsoleto,,WaterLine,Acometida,Especial,,,,,
Junction Edge Connectivity,WaterDevice,Conexión de servicio,Toma de riego_Obsoleto,,WaterLine,Acometida,Especial,,,,,
Junction Edge Connectivity,WaterDevice,Conexión de servicio,Hidrante_Obsoleto,,WaterLine,Acometida,Especial,,,,,
Junction Edge Connectivity,WaterDevice,Válvula de flujo,Antirretorno_Obsoleto,,WaterLine,Acometida,Especial,,,,,
Junction Edge Connectivity,WaterDevice,Válvula del sistema,Suministro,,WaterLine,Acometida,Especial,,,,,
Junction Edge Connectivity,WaterDevice,Válvula de presión,Reducción de presión,Alta presión de entrada,WaterLine,Acometida,Especial,,,,,
Junction Edge Connectivity,WaterDevice,Válvula de presión,Reducción de presión,Baja presión de salida,WaterLine,Acometida,Especial,,,,,
Junction Edge Connectivity,WaterDevice,Válvula de presión,Purga de aire,,WaterLine,Acometida,Especial,,,,,
Junction Edge Connectivity,WaterDevice,Válvula del sistema,Sistema,,WaterLine,Acometida,Especial,,,,,
Junction Edge Connectivity,WaterDevice,Válvula del sistema,Zona de presión,,WaterLine,Acometida,Especial,,,,,
Junction Edge Connectivity,WaterJunction,Nudo,Toma,,WaterLine,Acometida,Especial,,,,,
Junction Edge Connectivity,WaterJunction,Nudo,Transición,,WaterLine,Acometida,Especial,,,,,
Junction Edge Connectivity,WaterJunction,Nudo,T,,WaterLine,Acometida,Especial,,,,,
Junction Edge Connectivity,WaterJunction,Nudo,Cruz,,WaterLine,Acometida,Especial,,,,,
Junction Edge Connectivity,WaterDevice,Controlador,Arqueta de rotura,,WaterLine,Acometida,Especial,,,,,
Junction Edge Connectivity,WaterDevice,Contador de servicio,Residencial,,WaterLine,Acometida,Especial,,,,,
Junction Edge Connectivity,WaterDevice,Suministro,Planta potabilizadora,Puerto 1,WaterLine,Acometida,Especial,,,,,
Junction Edge Connectivity,WaterDevice,Suministro,Planta potabilizadora,Puerto 2,WaterLine,Acometida,Especial,,,,,
Junction Edge Connectivity,WaterDevice,Almacenamiento,Aljibe_Obsoleto,,WaterLine,Acometida,Fuente,,,,,
Junction Edge Connectivity,WaterDevice,Estación,Estación de bombeo,Baja presión de entrada,WaterLine,Acometida,Fuente,,,,,
Junction Edge Connectivity,WaterDevice,Estación,Estación de bombeo,Alta presión de salida,WaterLine,Acometida,Fuente,,,,,
Junction Edge Connectivity,WaterDevice,Válvula de presión,Calderin_Obsoleto,,WaterLine,Acometida,Fuente,,,,,
Junction Edge Connectivity,WaterDevice,Contador del sistema,Caudalímetro,Puerto 1,WaterLine,Acometida,Fuente,,,,,
Junction Edge Connectivity,WaterDevice,Contador del sistema,Caudalímetro,Puerto 2,WaterLine,Acometida,Fuente,,,,,
Junction Edge Connectivity,WaterDevice,Almacenamiento,Tanque de almacenamiento,Puerto 1,WaterLine,Acometida,Fuente,,,,,
Junction Edge Connectivity,WaterDevice,Almacenamiento,Tanque de almacenamiento,Puerto 2,WaterLine,Acometida,Fuente,,,,,
Junction Edge Connectivity,WaterDevice,Válvula del sistema,Derivación,,WaterLine,Acometida,Fuente,,,,,
Junction Edge Connectivity,WaterDevice,Salida,Desagüe,,WaterLine,Acometida,Fuente,,,,,
Junction Edge Connectivity,WaterDevice,Suministro,Entrada,Puerto de entrada,WaterLine,Acometida,Fuente,,,,,
Junction Edge Connectivity,WaterDevice,Suministro,Entrada,Puerto de salida,WaterLine,Acometida,Fuente,,,,,
Junction Edge Connectivity,WaterDevice,Filtro,Cazapiedras,,WaterLine,Acometida,Fuente,,,,,
Junction Edge Connectivity,WaterDevice,Filtro,Cesta_Obsoleto,,WaterLine,Acometida,Fuente,,,,,
Junction Edge Connectivity,WaterDevice,Filtro,En L_Obsoleto,,WaterLine,Acometida,Fuente,,,,,
Junction Edge Connectivity,WaterDevice,Filtro,En Y,,WaterLine,Acometida,Fuente,,,,,
Junction Edge Connectivity,WaterDevice,Filtro,Oblicuo_Obsoleto,,WaterLine,Acometida,Fuente,,,,,
Junction Edge Connectivity,WaterDevice,Filtro,Vertical_Obsoleto,,WaterLine,Acometida,Fuente,,,,,
Junction Edge Connectivity,WaterDevice,Conexión de servicio,Fuente,,WaterLine,Acometida,Fuente,,,,,
Junction Edge Connectivity,WaterDevice,Conexión de servicio,Aspersor_Obsoleto,,WaterLine,Acometida,Fuente,,,,,
Junction Edge Connectivity,WaterDevice,Conexión de servicio,Boca de riego_Obsoleto,,WaterLine,Acometida,Fuente,,,,,
Junction Edge Connectivity,WaterDevice,Conexión de servicio,Toma de riego_Obsoleto,,WaterLine,Acometida,Fuente,,,,,
Junction Edge Connectivity,WaterDevice,Conexión de servicio,Hidrante_Obsoleto,,WaterLine,Acometida,Fuente,,,,,
Junction Edge Connectivity,WaterDevice,Válvula de flujo,Antirretorno_Obsoleto,,WaterLine,Acometida,Fuente,,,,,
Junction Edge Connectivity,WaterDevice,Válvula del sistema,Suministro,,WaterLine,Acometida,Fuente,,,,,
Junction Edge Connectivity,WaterDevice,Válvula de presión,Reducción de presión,Alta presión de entrada,WaterLine,Acometida,Fuente,,,,,
Junction Edge Connectivity,WaterDevice,Válvula de presión,Reducción de presión,Baja presión de salida,WaterLine,Acometida,Fuente,,,,,
Junction Edge Connectivity,WaterDevice,Válvula de presión,Purga de aire,,WaterLine,Acometida,Fuente,,,,,
Junction Edge Connectivity,WaterDevice,Válvula del sistema,Sistema,,WaterLine,Acometida,Fuente,,,,,
Junction Edge Connectivity,WaterDevice,Válvula del sistema,Zona de presión,,WaterLine,Acometida,Fuente,,,,,
Junction Edge Connectivity,WaterJunction,Nudo,Toma,,WaterLine,Acometida,Fuente,,,,,
Junction Edge Connectivity,WaterJunction,Nudo,Transición,,WaterLine,Acometida,Fuente,,,,,
Junction Edge Connectivity,WaterJunction,Nudo,T,,WaterLine,Acometida,Fuente,,,,,
Junction Edge Connectivity,WaterJunction,Nudo,Cruz,,WaterLine,Acometida,Fuente,,,,,
Junction Edge Connectivity,WaterDevice,Controlador,Arqueta de rotura,,WaterLine,Acometida,Fuente,,,,,
Junction Edge Connectivity,WaterDevice,Contador de servicio,Residencial,,WaterLine,Acometida,Fuente,,,,,
Junction Edge Connectivity,WaterDevice,Suministro,Planta potabilizadora,Puerto 1,WaterLine,Acometida,Fuente,,,,,
Junction Edge Connectivity,WaterDevice,Suministro,Planta potabilizadora,Puerto 2,WaterLine,Acometida,Fuente,,,,,
Junction Edge Connectivity,WaterDevice,Almacenamiento,Aljibe_Obsoleto,,WaterLine,Acometida,General,,,,,
Junction Edge Connectivity,WaterDevice,Estación,Estación de bombeo,Baja presión de entrada,WaterLine,Acometida,General,,,,,
Junction Edge Connectivity,WaterDevice,Estación,Estación de bombeo,Alta presión de salida,WaterLine,Acometida,General,,,,,
Junction Edge Connectivity,WaterDevice,Válvula de presión,Calderin_Obsoleto,,WaterLine,Acometida,General,,,,,
Junction Edge Connectivity,WaterDevice,Contador del sistema,Caudalímetro,Puerto 1,WaterLine,Acometida,General,,,,,
Junction Edge Connectivity,WaterDevice,Contador del sistema,Caudalímetro,Puerto 2,WaterLine,Acometida,General,,,,,
Junction Edge Connectivity,WaterDevice,Almacenamiento,Tanque de almacenamiento,Puerto 1,WaterLine,Acometida,General,,,,,
Junction Edge Connectivity,WaterDevice,Almacenamiento,Tanque de almacenamiento,Puerto 2,WaterLine,Acometida,General,,,,,
Junction Edge Connectivity,WaterDevice,Válvula del sistema,Derivación,,WaterLine,Acometida,General,,,,,
Junction Edge Connectivity,WaterDevice,Salida,Desagüe,,WaterLine,Acometida,General,,,,,
Junction Edge Connectivity,WaterDevice,Suministro,Entrada,Puerto de entrada,WaterLine,Acometida,General,,,,,
Junction Edge Connectivity,WaterDevice,Suministro,Entrada,Puerto de salida,WaterLine,Acometida,General,,,,,
Junction Edge Connectivity,WaterDevice,Filtro,Cazapiedras,,WaterLine,Acometida,General,,,,,
Junction Edge Connectivity,WaterDevice,Filtro,Cesta_Obsoleto,,WaterLine,Acometida,General,,,,,
Junction Edge Connectivity,WaterDevice,Filtro,En L_Obsoleto,,WaterLine,Acometida,General,,,,,
Junction Edge Connectivity,WaterDevice,Filtro,En Y,,WaterLine,Acometida,General,,,,,
Junction Edge Connectivity,WaterDevice,Filtro,Oblicuo_Obsoleto,,WaterLine,Acometida,General,,,,,
Junction Edge Connectivity,WaterDevice,Filtro,Vertical_Obsoleto,,WaterLine,Acometida,General,,,,,
Junction Edge Connectivity,WaterDevice,Conexión de servicio,Fuente,,WaterLine,Acometida,General,,,,,
Junction Edge Connectivity,WaterDevice,Conexión de servicio,Aspersor_Obsoleto,,WaterLine,Acometida,General,,,,,
Junction Edge Connectivity,WaterDevice,Conexión de servicio,Boca de riego_Obsoleto,,WaterLine,Acometida,General,,,,,
Junction Edge Connectivity,WaterDevice,Conexión de servicio,Toma de riego_Obsoleto,,WaterLine,Acometida,General,,,,,
Junction Edge Connectivity,WaterDevice,Conexión de servicio,Hidrante_Obsoleto,,WaterLine,Acometida,General,,,,,
Junction Edge Connectivity,WaterDevice,Válvula de flujo,Antirretorno_Obsoleto,,WaterLine,Acometida,General,,,,,
Junction Edge Connectivity,WaterDevice,Válvula del sistema,Suministro,,WaterLine,Acometida,General,,,,,
Junction Edge Connectivity,WaterDevice,Válvula de presión,Reducción de presión,Alta presión de entrada,WaterLine,Acometida,General,,,,,
Junction Edge Connectivity,WaterDevice,Válvula de presión,Reducción de presión,Baja presión de salida,WaterLine,Acometida,General,,,,,
Junction Edge Connectivity,WaterDevice,Válvula de presión,Purga de aire,,WaterLine,Acometida,General,,,,,
Junction Edge Connectivity,WaterDevice,Válvula del sistema,Sistema,,WaterLine,Acometida,General,,,,,
Junction Edge Connectivity,WaterDevice,Válvula del sistema,Zona de presión,,WaterLine,Acometida,General,,,,,
Junction Edge Connectivity,WaterJunction,Nudo,Toma,,WaterLine,Acometida,General,,,,,
Junction Edge Connectivity,WaterJunction,Nudo,Transición,,WaterLine,Acometida,General,,,,,
Junction Edge Connectivity,WaterJunction,Nudo,T,,WaterLine,Acometida,General,,,,,
Junction Edge Connectivity,WaterJunction,Nudo,Cruz,,WaterLine,Acometida,General,,,,,
Junction Edge Connectivity,WaterDevice,Controlador,Arqueta de rotura,,WaterLine,Acometida,General,,,,,
Junction Edge Connectivity,WaterDevice,Contador de servicio,Residencial,,WaterLine,Acometida,General,,,,,
Junction Edge Connectivity,WaterDevice,Suministro,Planta potabilizadora,Puerto 1,WaterLine,Acometida,General,,,,,
Junction Edge Connectivity,WaterDevice,Suministro,Planta potabilizadora,Puerto 2,WaterLine,Acometida,General,,,,,
Junction Edge Connectivity,WaterDevice,Almacenamiento,Aljibe_Obsoleto,,WaterLine,Acometida,Servicio de boca de incendios,,,,,
Junction Edge Connectivity,WaterDevice,Estación,Estación de bombeo,Baja presión de entrada,WaterLine,Acometida,Servicio de boca de incendios,,,,,
Junction Edge Connectivity,WaterDevice,Estación,Estación de bombeo,Alta presión de salida,WaterLine,Acometida,Servicio de boca de incendios,,,,,
Junction Edge Connectivity,WaterDevice,Válvula de presión,Calderin_Obsoleto,,WaterLine,Acometida,Servicio de boca de incendios,,,,,
Junction Edge Connectivity,WaterDevice,Almacenamiento,Tanque de almacenamiento,Puerto 1,WaterLine,Acometida,Servicio de boca de incendios,,,,,
Junction Edge Connectivity,WaterDevice,Almacenamiento,Tanque de almacenamiento,Puerto 2,WaterLine,Acometida,Servicio de boca de incendios,,,,,
Junction Edge Connectivity,WaterDevice,Válvula del sistema,Derivación,,WaterLine,Acometida,Servicio de boca de incendios,,,,,
Junction Edge Connectivity,WaterDevice,Salida,Desagüe,,WaterLine,Acometida,Servicio de boca de incendios,,,,,
Junction Edge Connectivity,WaterDevice,Suministro,Entrada,Puerto de entrada,WaterLine,Acometida,Servicio de boca de incendios,,,,,
Junction Edge Connectivity,WaterDevice,Suministro,Entrada,Puerto de salida,WaterLine,Acometida,Servicio de boca de incendios,,,,,
Junction Edge Connectivity,WaterDevice,Filtro,Cazapiedras,,WaterLine,Acometida,Servicio de boca de incendios,,,,,
Junction Edge Connectivity,WaterDevice,Filtro,Cesta_Obsoleto,,WaterLine,Acometida,Servicio de boca de incendios,,,,,
Junction Edge Connectivity,WaterDevice,Filtro,En L_Obsoleto,,WaterLine,Acometida,Servicio de boca de incendios,,,,,
Junction Edge Connectivity,WaterDevice,Filtro,En Y,,WaterLine,Acometida,Servicio de boca de incendios,,,,,
Junction Edge Connectivity,WaterDevice,Filtro,Oblicuo_Obsoleto,,WaterLine,Acometida,Servicio de boca de incendios,,,,,
Junction Edge Connectivity,WaterDevice,Filtro,Vertical_Obsoleto,,WaterLine,Acometida,Servicio de boca de incendios,,,,,
Junction Edge Connectivity,WaterDevice,Conexión de servicio,Fuente,,WaterLine,Acometida,Servicio de boca de incendios,,,,,
Junction Edge Connectivity,WaterDevice,Conexión de servicio,Aspersor_Obsoleto,,WaterLine,Acometida,Servicio de boca de incendios,,,,,
Junction Edge Connectivity,WaterDevice,Conexión de servicio,Boca de riego_Obsoleto,,WaterLine,Acometida,Servicio de boca de incendios,,,,,
Junction Edge Connectivity,WaterDevice,Conexión de servicio,Toma de riego_Obsoleto,,WaterLine,Acometida,Servicio de boca de incendios,,,,,
Junction Edge Connectivity,WaterDevice,Conexión de servicio,Hidrante_Obsoleto,,WaterLine,Acometida,Servicio de boca de incendios,,,,,
Junction Edge Connectivity,WaterDevice,Válvula de flujo,Antirretorno_Obsoleto,,WaterLine,Acometida,Servicio de boca de incendios,,,,,
Junction Edge Connectivity,WaterDevice,Válvula del sistema,Suministro,,WaterLine,Acometida,Servicio de boca de incendios,,,,,
Junction Edge Connectivity,WaterDevice,Válvula de presión,Reducción de presión,Alta presión de entrada,WaterLine,Acometida,Servicio de boca de incendios,,,,,
Junction Edge Connectivity,WaterDevice,Válvula de presión,Reducción de presión,Baja presión de salida,WaterLine,Acometida,Servicio de boca de incendios,,,,,
Junction Edge Connectivity,WaterDevice,Válvula de presión,Purga de aire,,WaterLine,Acometida,Servicio de boca de incendios,,,,,
Junction Edge Connectivity,WaterDevice,Válvula del sistema,Sistema,,WaterLine,Acometida,Servicio de boca de incendios,,,,,
Junction Edge Connectivity,WaterDevice,Válvula del sistema,Zona de presión,,WaterLine,Acometida,Servicio de boca de incendios,,,,,
Junction Edge Connectivity,WaterDevice,Controlador,Arqueta de rotura,,WaterLine,Acometida,Servicio de boca de incendios,,,,,
Junction Edge Connectivity,WaterDevice,Suministro,Planta potabilizadora,Puerto 1,WaterLine,Acometida,Servicio de boca de incendios,,,,,
Junction Edge Connectivity,WaterDevice,Suministro,Planta potabilizadora,Puerto 2,WaterLine,Acometida,Servicio de boca de incendios,,,,,
Junction Edge Connectivity,WaterDevice,Almacenamiento,Aljibe_Obsoleto,,WaterLine,Acometida,Servicio de bomberos,,,,,
Junction Edge Connectivity,WaterDevice,Estación,Estación de bombeo,Baja presión de entrada,WaterLine,Acometida,Servicio de bomberos,,,,,
Junction Edge Connectivity,WaterDevice,Estación,Estación de bombeo,Alta presión de salida,WaterLine,Acometida,Servicio de bomberos,,,,,
Junction Edge Connectivity,WaterDevice,Válvula de presión,Calderin_Obsoleto,,WaterLine,Acometida,Servicio de bomberos,,,,,
Junction Edge Connectivity,WaterDevice,Almacenamiento,Tanque de almacenamiento,Puerto 1,WaterLine,Acometida,Servicio de bomberos,,,,,
Junction Edge Connectivity,WaterDevice,Almacenamiento,Tanque de almacenamiento,Puerto 2,WaterLine,Acometida,Servicio de bomberos,,,,,
Junction Edge Connectivity,WaterDevice,Válvula del sistema,Derivación,,WaterLine,Acometida,Servicio de bomberos,,,,,
Junction Edge Connectivity,WaterDevice,Salida,Desagüe,,WaterLine,Acometida,Servicio de bomberos,,,,,
Junction Edge Connectivity,WaterDevice,Suministro,Entrada,Puerto de entrada,WaterLine,Acometida,Servicio de bomberos,,,,,
Junction Edge Connectivity,WaterDevice,Suministro,Entrada,Puerto de salida,WaterLine,Acometida,Servicio de bomberos,,,,,
Junction Edge Connectivity,WaterDevice,Filtro,Cazapiedras,,WaterLine,Acometida,Servicio de bomberos,,,,,
Junction Edge Connectivity,WaterDevice,Filtro,Cesta_Obsoleto,,WaterLine,Acometida,Servicio de bomberos,,,,,
Junction Edge Connectivity,WaterDevice,Filtro,En L_Obsoleto,,WaterLine,Acometida,Servicio de bomberos,,,,,
Junction Edge Connectivity,WaterDevice,Filtro,En Y,,WaterLine,Acometida,Servicio de bomberos,,,,,
Junction Edge Connectivity,WaterDevice,Filtro,Oblicuo_Obsoleto,,WaterLine,Acometida,Servicio de bomberos,,,,,
Junction Edge Connectivity,WaterDevice,Filtro,Vertical_Obsoleto,,WaterLine,Acometida,Servicio de bomberos,,,,,
Junction Edge Connectivity,WaterDevice,Conexión de servicio,Fuente,,WaterLine,Acometida,Servicio de bomberos,,,,,
Junction Edge Connectivity,WaterDevice,Conexión de servicio,Aspersor_Obsoleto,,WaterLine,Acometida,Servicio de bomberos,,,,,
Junction Edge Connectivity,WaterDevice,Conexión de servicio,Boca de riego_Obsoleto,,WaterLine,Acometida,Servicio de bomberos,,,,,
Junction Edge Connectivity,WaterDevice,Conexión de servicio,Toma de riego_Obsoleto,,WaterLine,Acometida,Servicio de bomberos,,,,,
Junction Edge Connectivity,WaterDevice,Conexión de servicio,Hidrante_Obsoleto,,WaterLine,Acometida,Servicio de bomberos,,,,,
Junction Edge Connectivity,WaterDevice,Válvula de flujo,Antirretorno_Obsoleto,,WaterLine,Acometida,Servicio de bomberos,,,,,
Junction Edge Connectivity,WaterDevice,Válvula del sistema,Suministro,,WaterLine,Acometida,Servicio de bomberos,,,,,
Junction Edge Connectivity,WaterDevice,Válvula de presión,Reducción de presión,Alta presión de entrada,WaterLine,Acometida,Servicio de bomberos,,,,,
Junction Edge Connectivity,WaterDevice,Válvula de presión,Reducción de presión,Baja presión de salida,WaterLine,Acometida,Servicio de bomberos,,,,,
Junction Edge Connectivity,WaterDevice,Válvula de presión,Purga de aire,,WaterLine,Acometida,Servicio de bomberos,,,,,
Junction Edge Connectivity,WaterDevice,Válvula del sistema,Sistema,,WaterLine,Acometida,Servicio de bomberos,,,,,
Junction Edge Connectivity,WaterDevice,Válvula del sistema,Zona de presión,,WaterLine,Acometida,Servicio de bomberos,,,,,
Junction Edge Connectivity,WaterDevice,Controlador,Arqueta de rotura,,WaterLine,Acometida,Servicio de bomberos,,,,,
Junction Edge Connectivity,WaterDevice,Suministro,Planta potabilizadora,Puerto 1,WaterLine,Acometida,Servicio de bomberos,,,,,
Junction Edge Connectivity,WaterDevice,Suministro,Planta potabilizadora,Puerto 2,WaterLine,Acometida,Servicio de bomberos,,,,,
Junction Edge Connectivity,WaterDevice,Almacenamiento,Aljibe_Obsoleto,,WaterLine,Acometida,Servicio industrial,,,,,
Junction Edge Connectivity,WaterDevice,Estación,Estación de bombeo,Baja presión de entrada,WaterLine,Acometida,Servicio industrial,,,,,
Junction Edge Connectivity,WaterDevice,Estación,Estación de bombeo,Alta presión de salida,WaterLine,Acometida,Servicio industrial,,,,,
Junction Edge Connectivity,WaterDevice,Válvula de presión,Calderin_Obsoleto,,WaterLine,Acometida,Servicio industrial,,,,,
Junction Edge Connectivity,WaterDevice,Almacenamiento,Tanque de almacenamiento,Puerto 1,WaterLine,Acometida,Servicio industrial,,,,,
Junction Edge Connectivity,WaterDevice,Almacenamiento,Tanque de almacenamiento,Puerto 2,WaterLine,Acometida,Servicio industrial,,,,,
Junction Edge Connectivity,WaterDevice,Válvula del sistema,Derivación,,WaterLine,Acometida,Servicio industrial,,,,,
Junction Edge Connectivity,WaterDevice,Salida,Desagüe,,WaterLine,Acometida,Servicio industrial,,,,,
Junction Edge Connectivity,WaterDevice,Suministro,Entrada,Puerto de entrada,WaterLine,Acometida,Servicio industrial,,,,,
Junction Edge Connectivity,WaterDevice,Suministro,Entrada,Puerto de salida,WaterLine,Acometida,Servicio industrial,,,,,
Junction Edge Connectivity,WaterDevice,Filtro,Cazapiedras,,WaterLine,Acometida,Servicio industrial,,,,,
Junction Edge Connectivity,WaterDevice,Filtro,Cesta_Obsoleto,,WaterLine,Acometida,Servicio industrial,,,,,
Junction Edge Connectivity,WaterDevice,Filtro,En L_Obsoleto,,WaterLine,Acometida,Servicio industrial,,,,,
Junction Edge Connectivity,WaterDevice,Filtro,En Y,,WaterLine,Acometida,Servicio industrial,,,,,
Junction Edge Connectivity,WaterDevice,Filtro,Oblicuo_Obsoleto,,WaterLine,Acometida,Servicio industrial,,,,,
Junction Edge Connectivity,WaterDevice,Filtro,Vertical_Obsoleto,,WaterLine,Acometida,Servicio industrial,,,,,
Junction Edge Connectivity,WaterDevice,Conexión de servicio,Fuente,,WaterLine,Acometida,Servicio industrial,,,,,
Junction Edge Connectivity,WaterDevice,Conexión de servicio,Aspersor_Obsoleto,,WaterLine,Acometida,Servicio industrial,,,,,
Junction Edge Connectivity,WaterDevice,Conexión de servicio,Boca de riego_Obsoleto,,WaterLine,Acometida,Servicio industrial,,,,,
Junction Edge Connectivity,WaterDevice,Conexión de servicio,Toma de riego_Obsoleto,,WaterLine,Acometida,Servicio industrial,,,,,
Junction Edge Connectivity,WaterDevice,Conexión de servicio,Hidrante_Obsoleto,,WaterLine,Acometida,Servicio industrial,,,,,
Junction Edge Connectivity,WaterDevice,Válvula de flujo,Antirretorno_Obsoleto,,WaterLine,Acometida,Servicio industrial,,,,,
Junction Edge Connectivity,WaterDevice,Válvula del sistema,Suministro,,WaterLine,Acometida,Servicio industrial,,,,,
Junction Edge Connectivity,WaterDevice,Válvula de presión,Reducción de presión,Alta presión de entrada,WaterLine,Acometida,Servicio industrial,,,,,
Junction Edge Connectivity,WaterDevice,Válvula de presión,Reducción de presión,Baja presión de salida,WaterLine,Acometida,Servicio industrial,,,,,
Junction Edge Connectivity,WaterDevice,Válvula de presión,Purga de aire,,WaterLine,Acometida,Servicio industrial,,,,,
Junction Edge Connectivity,WaterDevice,Válvula del sistema,Sistema,,WaterLine,Acometida,Servicio industrial,,,,,
Junction Edge Connectivity,WaterDevice,Válvula del sistema,Zona de presión,,WaterLine,Acometida,Servicio industrial,,,,,
Junction Edge Connectivity,WaterDevice,Controlador,Arqueta de rotura,,WaterLine,Acometida,Servicio industrial,,,,,
Junction Edge Connectivity,WaterDevice,Suministro,Planta potabilizadora,Puerto 1,WaterLine,Acometida,Servicio industrial,,,,,
Junction Edge Connectivity,WaterDevice,Suministro,Planta potabilizadora,Puerto 2,WaterLine,Acometida,Servicio industrial,,,,,
Junction Edge Connectivity,WaterDevice,Almacenamiento,Aljibe_Obsoleto,,WaterLine,Acometida,Municipal Aguas-Alcantarillado,,,,,
Junction Edge Connectivity,WaterDevice,Estación,Estación de bombeo,Baja presión de entrada,WaterLine,Acometida,Municipal Aguas-Alcantarillado,,,,,
Junction Edge Connectivity,WaterDevice,Estación,Estación de bombeo,Alta presión de salida,WaterLine,Acometida,Municipal Aguas-Alcantarillado,,,,,
Junction Edge Connectivity,WaterDevice,Válvula de presión,Calderin_Obsoleto,,WaterLine,Acometida,Municipal Aguas-Alcantarillado,,,,,
Junction Edge Connectivity,WaterDevice,Contador del sistema,Caudalímetro,Puerto 1,WaterLine,Acometida,Municipal Aguas-Alcantarillado,,,,,
Junction Edge Connectivity,WaterDevice,Contador del sistema,Caudalímetro,Puerto 2,WaterLine,Acometida,Municipal Aguas-Alcantarillado,,,,,
Junction Edge Connectivity,WaterDevice,Almacenamiento,Tanque de almacenamiento,Puerto 1,WaterLine,Acometida,Municipal Aguas-Alcantarillado,,,,,
Junction Edge Connectivity,WaterDevice,Almacenamiento,Tanque de almacenamiento,Puerto 2,WaterLine,Acometida,Municipal Aguas-Alcantarillado,,,,,
Junction Edge Connectivity,WaterDevice,Válvula del sistema,Derivación,,WaterLine,Acometida,Municipal Aguas-Alcantarillado,,,,,
Junction Edge Connectivity,WaterDevice,Salida,Desagüe,,WaterLine,Acometida,Municipal Aguas-Alcantarillado,,,,,
Junction Edge Connectivity,WaterDevice,Suministro,Entrada,Puerto de entrada,WaterLine,Acometida,Municipal Aguas-Alcantarillado,,,,,
Junction Edge Connectivity,WaterDevice,Suministro,Entrada,Puerto de salida,WaterLine,Acometida,Municipal Aguas-Alcantarillado,,,,,
Junction Edge Connectivity,WaterDevice,Filtro,Cazapiedras,,WaterLine,Acometida,Municipal Aguas-Alcantarillado,,,,,
Junction Edge Connectivity,WaterDevice,Filtro,Cesta_Obsoleto,,WaterLine,Acometida,Municipal Aguas-Alcantarillado,,,,,
Junction Edge Connectivity,WaterDevice,Filtro,En L_Obsoleto,,WaterLine,Acometida,Municipal Aguas-Alcantarillado,,,,,
Junction Edge Connectivity,WaterDevice,Filtro,En Y,,WaterLine,Acometida,Municipal Aguas-Alcantarillado,,,,,
Junction Edge Connectivity,WaterDevice,Filtro,Oblicuo_Obsoleto,,WaterLine,Acometida,Municipal Aguas-Alcantarillado,,,,,
Junction Edge Connectivity,WaterDevice,Filtro,Vertical_Obsoleto,,WaterLine,Acometida,Municipal Aguas-Alcantarillado,,,,,
Junction Edge Connectivity,WaterDevice,Conexión de servicio,Fuente,,WaterLine,Acometida,Municipal Aguas-Alcantarillado,,,,,
Junction Edge Connectivity,WaterDevice,Conexión de servicio,Aspersor_Obsoleto,,WaterLine,Acometida,Municipal Aguas-Alcantarillado,,,,,
Junction Edge Connectivity,WaterDevice,Conexión de servicio,Boca de riego_Obsoleto,,WaterLine,Acometida,Municipal Aguas-Alcantarillado,,,,,
Junction Edge Connectivity,WaterDevice,Conexión de servicio,Toma de riego_Obsoleto,,WaterLine,Acometida,Municipal Aguas-Alcantarillado,,,,,
Junction Edge Connectivity,WaterDevice,Conexión de servicio,Hidrante_Obsoleto,,WaterLine,Acometida,Municipal Aguas-Alcantarillado,,,,,
Junction Edge Connectivity,WaterDevice,Válvula de flujo,Antirretorno_Obsoleto,,WaterLine,Acometida,Municipal Aguas-Alcantarillado,,,,,
Junction Edge Connectivity,WaterDevice,Válvula del sistema,Suministro,,WaterLine,Acometida,Municipal Aguas-Alcantarillado,,,,,
Junction Edge Connectivity,WaterDevice,Válvula de presión,Reducción de presión,Alta presión de entrada,WaterLine,Acometida,Municipal Aguas-Alcantarillado,,,,,
Junction Edge Connectivity,WaterDevice,Válvula de presión,Reducción de presión,Baja presión de salida,WaterLine,Acometida,Municipal Aguas-Alcantarillado,,,,,
Junction Edge Connectivity,WaterDevice,Válvula de presión,Purga de aire,,WaterLine,Acometida,Municipal Aguas-Alcantarillado,,,,,
Junction Edge Connectivity,WaterDevice,Válvula del sistema,Sistema,,WaterLine,Acometida,Municipal Aguas-Alcantarillado,,,,,
Junction Edge Connectivity,WaterDevice,Válvula del sistema,Zona de presión,,WaterLine,Acometida,Municipal Aguas-Alcantarillado,,,,,
Junction Edge Connectivity,WaterJunction,Nudo,Toma,,WaterLine,Acometida,Municipal Aguas-Alcantarillado,,,,,
Junction Edge Connectivity,WaterJunction,Nudo,Transición,,WaterLine,Acometida,Municipal Aguas-Alcantarillado,,,,,
Junction Edge Connectivity,WaterJunction,Nudo,T,,WaterLine,Acometida,Municipal Aguas-Alcantarillado,,,,,
Junction Edge Connectivity,WaterJunction,Nudo,Cruz,,WaterLine,Acometida,Municipal Aguas-Alcantarillado,,,,,
Junction Edge Connectivity,WaterDevice,Controlador,Arqueta de rotura,,WaterLine,Acometida,Municipal Aguas-Alcantarillado,,,,,
Junction Edge Connectivity,WaterDevice,Contador de servicio,Residencial,,WaterLine,Acometida,Municipal Aguas-Alcantarillado,,,,,
Junction Edge Connectivity,WaterDevice,Suministro,Planta potabilizadora,Puerto 1,WaterLine,Acometida,Municipal Aguas-Alcantarillado,,,,,
Junction Edge Connectivity,WaterDevice,Suministro,Planta potabilizadora,Puerto 2,WaterLine,Acometida,Municipal Aguas-Alcantarillado,,,,,
Junction Edge Connectivity,WaterDevice,Almacenamiento,Aljibe_Obsoleto,,WaterLine,Acometida,Municipal dependencias,,,,,
Junction Edge Connectivity,WaterDevice,Estación,Estación de bombeo,Baja presión de entrada,WaterLine,Acometida,Municipal dependencias,,,,,
Junction Edge Connectivity,WaterDevice,Estación,Estación de bombeo,Alta presión de salida,WaterLine,Acometida,Municipal dependencias,,,,,
Junction Edge Connectivity,WaterDevice,Válvula de presión,Calderin_Obsoleto,,WaterLine,Acometida,Municipal dependencias,,,,,
Junction Edge Connectivity,WaterDevice,Contador del sistema,Caudalímetro,Puerto 1,WaterLine,Acometida,Municipal dependencias,,,,,
Junction Edge Connectivity,WaterDevice,Contador del sistema,Caudalímetro,Puerto 2,WaterLine,Acometida,Municipal dependencias,,,,,
Junction Edge Connectivity,WaterDevice,Almacenamiento,Tanque de almacenamiento,Puerto 1,WaterLine,Acometida,Municipal dependencias,,,,,
Junction Edge Connectivity,WaterDevice,Almacenamiento,Tanque de almacenamiento,Puerto 2,WaterLine,Acometida,Municipal dependencias,,,,,
Junction Edge Connectivity,WaterDevice,Válvula del sistema,Derivación,,WaterLine,Acometida,Municipal dependencias,,,,,
Junction Edge Connectivity,WaterDevice,Salida,Desagüe,,WaterLine,Acometida,Municipal dependencias,,,,,
Junction Edge Connectivity,WaterDevice,Suministro,Entrada,Puerto de entrada,WaterLine,Acometida,Municipal dependencias,,,,,
Junction Edge Connectivity,WaterDevice,Suministro,Entrada,Puerto de salida,WaterLine,Acometida,Municipal dependencias,,,,,
Junction Edge Connectivity,WaterDevice,Filtro,Cazapiedras,,WaterLine,Acometida,Municipal dependencias,,,,,
Junction Edge Connectivity,WaterDevice,Filtro,Cesta_Obsoleto,,WaterLine,Acometida,Municipal dependencias,,,,,
Junction Edge Connectivity,WaterDevice,Filtro,En L_Obsoleto,,WaterLine,Acometida,Municipal dependencias,,,,,
Junction Edge Connectivity,WaterDevice,Filtro,En Y,,WaterLine,Acometida,Municipal dependencias,,,,,
Junction Edge Connectivity,WaterDevice,Filtro,Oblicuo_Obsoleto,,WaterLine,Acometida,Municipal dependencias,,,,,
Junction Edge Connectivity,WaterDevice,Filtro,Vertical_Obsoleto,,WaterLine,Acometida,Municipal dependencias,,,,,
Junction Edge Connectivity,WaterDevice,Conexión de servicio,Fuente,,WaterLine,Acometida,Municipal dependencias,,,,,
Junction Edge Connectivity,WaterDevice,Conexión de servicio,Aspersor_Obsoleto,,WaterLine,Acometida,Municipal dependencias,,,,,
Junction Edge Connectivity,WaterDevice,Conexión de servicio,Boca de riego_Obsoleto,,WaterLine,Acometida,Municipal dependencias,,,,,
Junction Edge Connectivity,WaterDevice,Conexión de servicio,Toma de riego_Obsoleto,,WaterLine,Acometida,Municipal dependencias,,,,,
Junction Edge Connectivity,WaterDevice,Conexión de servicio,Hidrante_Obsoleto,,WaterLine,Acometida,Municipal dependencias,,,,,
Junction Edge Connectivity,WaterDevice,Válvula de flujo,Antirretorno_Obsoleto,,WaterLine,Acometida,Municipal dependencias,,,,,
Junction Edge Connectivity,WaterDevice,Válvula del sistema,Suministro,,WaterLine,Acometida,Municipal dependencias,,,,,
Junction Edge Connectivity,WaterDevice,Válvula de presión,Reducción de presión,Alta presión de entrada,WaterLine,Acometida,Municipal dependencias,,,,,
Junction Edge Connectivity,WaterDevice,Válvula de presión,Reducción de presión,Baja presión de salida,WaterLine,Acometida,Municipal dependencias,,,,,
Junction Edge Connectivity,WaterDevice,Válvula de presión,Purga de aire,,WaterLine,Acometida,Municipal dependencias,,,,,
Junction Edge Connectivity,WaterDevice,Válvula del sistema,Sistema,,WaterLine,Acometida,Municipal dependencias,,,,,
Junction Edge Connectivity,WaterDevice,Válvula del sistema,Zona de presión,,WaterLine,Acometida,Municipal dependencias,,,,,
Junction Edge Connectivity,WaterJunction,Nudo,Toma,,WaterLine,Acometida,Municipal dependencias,,,,,
Junction Edge Connectivity,WaterJunction,Nudo,Transición,,WaterLine,Acometida,Municipal dependencias,,,,,
Junction Edge Connectivity,WaterJunction,Nudo,T,,WaterLine,Acometida,Municipal dependencias,,,,,
Junction Edge Connectivity,WaterJunction,Nudo,Cruz,,WaterLine,Acometida,Municipal dependencias,,,,,
Junction Edge Connectivity,WaterDevice,Controlador,Arqueta de rotura,,WaterLine,Acometida,Municipal dependencias,,,,,
Junction Edge Connectivity,WaterDevice,Contador de servicio,Residencial,,WaterLine,Acometida,Municipal dependencias,,,,,
Junction Edge Connectivity,WaterDevice,Suministro,Planta potabilizadora,Puerto 1,WaterLine,Acometida,Municipal dependencias,,,,,
Junction Edge Connectivity,WaterDevice,Suministro,Planta potabilizadora,Puerto 2,WaterLine,Acometida,Municipal dependencias,,,,,
Junction Edge Connectivity,WaterDevice,Almacenamiento,Aljibe_Obsoleto,,WaterLine,Acometida,Servicio de irrigación,,,,,
Junction Edge Connectivity,WaterDevice,Estación,Estación de bombeo,Baja presión de entrada,WaterLine,Acometida,Servicio de irrigación,,,,,
Junction Edge Connectivity,WaterDevice,Estación,Estación de bombeo,Alta presión de salida,WaterLine,Acometida,Servicio de irrigación,,,,,
Junction Edge Connectivity,WaterDevice,Válvula de presión,Calderin_Obsoleto,,WaterLine,Acometida,Servicio de irrigación,,,,,
Junction Edge Connectivity,WaterDevice,Almacenamiento,Tanque de almacenamiento,Puerto 1,WaterLine,Acometida,Servicio de irrigación,,,,,
Junction Edge Connectivity,WaterDevice,Almacenamiento,Tanque de almacenamiento,Puerto 2,WaterLine,Acometida,Servicio de irrigación,,,,,
Junction Edge Connectivity,WaterDevice,Válvula del sistema,Derivación,,WaterLine,Acometida,Servicio de irrigación,,,,,
Junction Edge Connectivity,WaterDevice,Salida,Desagüe,,WaterLine,Acometida,Servicio de irrigación,,,,,
Junction Edge Connectivity,WaterDevice,Suministro,Entrada,Puerto de entrada,WaterLine,Acometida,Servicio de irrigación,,,,,
Junction Edge Connectivity,WaterDevice,Suministro,Entrada,Puerto de salida,WaterLine,Acometida,Servicio de irrigación,,,,,
Junction Edge Connectivity,WaterDevice,Filtro,Cazapiedras,,WaterLine,Acometida,Servicio de irrigación,,,,,
Junction Edge Connectivity,WaterDevice,Filtro,Cesta_Obsoleto,,WaterLine,Acometida,Servicio de irrigación,,,,,
Junction Edge Connectivity,WaterDevice,Filtro,En L_Obsoleto,,WaterLine,Acometida,Servicio de irrigación,,,,,
Junction Edge Connectivity,WaterDevice,Filtro,En Y,,WaterLine,Acometida,Servicio de irrigación,,,,,
Junction Edge Connectivity,WaterDevice,Filtro,Oblicuo_Obsoleto,,WaterLine,Acometida,Servicio de irrigación,,,,,
Junction Edge Connectivity,WaterDevice,Filtro,Vertical_Obsoleto,,WaterLine,Acometida,Servicio de irrigación,,,,,
Junction Edge Connectivity,WaterDevice,Conexión de servicio,Fuente,,WaterLine,Acometida,Servicio de irrigación,,,,,
Junction Edge Connectivity,WaterDevice,Conexión de servicio,Aspersor_Obsoleto,,WaterLine,Acometida,Servicio de irrigación,,,,,
Junction Edge Connectivity,WaterDevice,Conexión de servicio,Boca de riego_Obsoleto,,WaterLine,Acometida,Servicio de irrigación,,,,,
Junction Edge Connectivity,WaterDevice,Conexión de servicio,Toma de riego_Obsoleto,,WaterLine,Acometida,Servicio de irrigación,,,,,
Junction Edge Connectivity,WaterDevice,Conexión de servicio,Hidrante_Obsoleto,,WaterLine,Acometida,Servicio de irrigación,,,,,
Junction Edge Connectivity,WaterDevice,Válvula de flujo,Antirretorno_Obsoleto,,WaterLine,Acometida,Servicio de irrigación,,,,,
Junction Edge Connectivity,WaterDevice,Válvula del sistema,Suministro,,WaterLine,Acometida,Servicio de irrigación,,,,,
Junction Edge Connectivity,WaterDevice,Válvula de presión,Reducción de presión,Alta presión de entrada,WaterLine,Acometida,Servicio de irrigación,,,,,
Junction Edge Connectivity,WaterDevice,Válvula de presión,Reducción de presión,Baja presión de salida,WaterLine,Acometida,Servicio de irrigación,,,,,
Junction Edge Connectivity,WaterDevice,Válvula de presión,Purga de aire,,WaterLine,Acometida,Servicio de irrigación,,,,,
Junction Edge Connectivity,WaterDevice,Válvula del sistema,Sistema,,WaterLine,Acometida,Servicio de irrigación,,,,,
Junction Edge Connectivity,WaterDevice,Válvula del sistema,Zona de presión,,WaterLine,Acometida,Servicio de irrigación,,,,,
Junction Edge Connectivity,WaterDevice,Controlador,Arqueta de rotura,,WaterLine,Acometida,Servicio de irrigación,,,,,
Junction Edge Connectivity,WaterDevice,Suministro,Planta potabilizadora,Puerto 1,WaterLine,Acometida,Servicio de irrigación,,,,,
Junction Edge Connectivity,WaterDevice,Suministro,Planta potabilizadora,Puerto 2,WaterLine,Acometida,Servicio de irrigación,,,,,
Junction Edge Connectivity,WaterDevice,Almacenamiento,Aljibe_Obsoleto,,WaterLine,Acometida,Virtual,,,,,
Junction Edge Connectivity,WaterDevice,Estación,Estación de bombeo,Baja presión de entrada,WaterLine,Acometida,Virtual,,,,,
Junction Edge Connectivity,WaterDevice,Estación,Estación de bombeo,Alta presión de salida,WaterLine,Acometida,Virtual,,,,,
Junction Edge Connectivity,WaterDevice,Válvula de presión,Calderin_Obsoleto,,WaterLine,Acometida,Virtual,,,,,
Junction Edge Connectivity,WaterDevice,Contador del sistema,Caudalímetro,Puerto 1,WaterLine,Acometida,Virtual,,,,,
Junction Edge Connectivity,WaterDevice,Contador del sistema,Caudalímetro,Puerto 2,WaterLine,Acometida,Virtual,,,,,
Junction Edge Connectivity,WaterDevice,Almacenamiento,Tanque de almacenamiento,Puerto 1,WaterLine,Acometida,Virtual,,,,,
Junction Edge Connectivity,WaterDevice,Almacenamiento,Tanque de almacenamiento,Puerto 2,WaterLine,Acometida,Virtual,,,,,
Junction Edge Connectivity,WaterDevice,Válvula del sistema,Derivación,,WaterLine,Acometida,Virtual,,,,,
Junction Edge Connectivity,WaterDevice,Salida,Desagüe,,WaterLine,Acometida,Virtual,,,,,
Junction Edge Connectivity,WaterDevice,Suministro,Entrada,Puerto de entrada,WaterLine,Acometida,Virtual,,,,,
Junction Edge Connectivity,WaterDevice,Suministro,Entrada,Puerto de salida,WaterLine,Acometida,Virtual,,,,,
Junction Edge Connectivity,WaterDevice,Filtro,Cazapiedras,,WaterLine,Acometida,Virtual,,,,,
Junction Edge Connectivity,WaterDevice,Filtro,Cesta_Obsoleto,,WaterLine,Acometida,Virtual,,,,,
Junction Edge Connectivity,WaterDevice,Filtro,En L_Obsoleto,,WaterLine,Acometida,Virtual,,,,,
Junction Edge Connectivity,WaterDevice,Filtro,En Y,,WaterLine,Acometida,Virtual,,,,,
Junction Edge Connectivity,WaterDevice,Filtro,Oblicuo_Obsoleto,,WaterLine,Acometida,Virtual,,,,,
Junction Edge Connectivity,WaterDevice,Filtro,Vertical_Obsoleto,,WaterLine,Acometida,Virtual,,,,,
Junction Edge Connectivity,WaterDevice,Conexión de servicio,Fuente,,WaterLine,Acometida,Virtual,,,,,
Junction Edge Connectivity,WaterDevice,Conexión de servicio,Aspersor_Obsoleto,,WaterLine,Acometida,Virtual,,,,,
Junction Edge Connectivity,WaterDevice,Conexión de servicio,Boca de riego_Obsoleto,,WaterLine,Acometida,Virtual,,,,,
Junction Edge Connectivity,WaterDevice,Conexión de servicio,Toma de riego_Obsoleto,,WaterLine,Acometida,Virtual,,,,,
Junction Edge Connectivity,WaterDevice,Conexión de servicio,Hidrante_Obsoleto,,WaterLine,Acometida,Virtual,,,,,
Junction Edge Connectivity,WaterDevice,Válvula de flujo,Antirretorno_Obsoleto,,WaterLine,Acometida,Virtual,,,,,
Junction Edge Connectivity,WaterDevice,Válvula del sistema,Suministro,,WaterLine,Acometida,Virtual,,,,,
Junction Edge Connectivity,WaterDevice,Válvula de presión,Reducción de presión,Alta presión de entrada,WaterLine,Acometida,Virtual,,,,,
Junction Edge Connectivity,WaterDevice,Válvula de presión,Reducción de presión,Baja presión de salida,WaterLine,Acometida,Virtual,,,,,
Junction Edge Connectivity,WaterDevice,Válvula de presión,Purga de aire,,WaterLine,Acometida,Virtual,,,,,
Junction Edge Connectivity,WaterDevice,Válvula del sistema,Sistema,,WaterLine,Acometida,Virtual,,,,,
Junction Edge Connectivity,WaterDevice,Válvula del sistema,Zona de presión,,WaterLine,Acometida,Virtual,,,,,
Junction Edge Connectivity,WaterJunction,Nudo,Toma,,WaterLine,Acometida,Virtual,,,,,
Junction Edge Connectivity,WaterJunction,Nudo,Transición,,WaterLine,Acometida,Virtual,,,,,
Junction Edge Connectivity,WaterJunction,Nudo,T,,WaterLine,Acometida,Virtual,,,,,
Junction Edge Connectivity,WaterJunction,Nudo,Cruz,,WaterLine,Acometida,Virtual,,,,,
Junction Edge Connectivity,WaterDevice,Controlador,Arqueta de rotura,,WaterLine,Acometida,Virtual,,,,,
Junction Edge Connectivity,WaterDevice,Contador de servicio,Residencial,,WaterLine,Acometida,Virtual,,,,,
Junction Edge Connectivity,WaterDevice,Suministro,Planta potabilizadora,Puerto 1,WaterLine,Acometida,Virtual,,,,,
Junction Edge Connectivity,WaterDevice,Suministro,Planta potabilizadora,Puerto 2,WaterLine,Acometida,Virtual,,,,,
Junction Edge Connectivity,WaterDevice,Conexión de servicio,Residencial,,WaterLine,Acometida,Se desconoce,,,,,
Junction Edge Connectivity,WaterJunction,Nudo,Tope de tubería,,WaterLine,Tubería general de agua,Riego,,,,,
Junction Edge Connectivity,WaterJunction,Nudo,Tope de tubería,,WaterLine,Tubería general de agua,Ficticia,,,,,
Junction Edge Connectivity,WaterJunction,Nudo,Tope de tubería,,WaterLine,Tubería general de agua,Privada,,,,,
Junction Edge Connectivity,WaterJunction,Nudo,Tope de tubería,,WaterLine,Tubería general de agua,Impulsión,,,,,
Junction Edge Connectivity,WaterJunction,Nudo,Tope de tubería,,WaterLine,Tubería general de agua,Distribución secundaria,,,,,
Junction Edge Connectivity,WaterJunction,Nudo,Tope de tubería,,WaterLine,Tubería general de agua,Distribución,,,,,
Junction Edge Connectivity,WaterJunction,Nudo,Tope de tubería,,WaterLine,Tubería general de agua,Aducción,,,,,
Junction Edge Connectivity,WaterJunction,Nudo,Tope de tubería,,WaterLine,Tubería general de agua,Desbordamiento,,,,,
Junction Edge Connectivity,WaterJunction,Nudo,Tope de tubería,,WaterLine,Tubería general de agua,Drenaje,,,,,
Junction Edge Connectivity,WaterJunction,Nudo,Tope de tubería,,WaterLine,Tubería general de agua,Producción,,,,,
Junction Edge Connectivity,WaterJunction,Nudo,Tope de tubería,,WaterLine,Tubería general de agua,Se desconoce,,,,,
Junction Edge Connectivity,WaterDevice,Conexión de servicio,Residencial,,WaterLine,Acometida,Virtual,,,,,
Junction Edge Connectivity,WaterDevice,Conexión de servicio,Residencial,,WaterLine,Acometida,Municipal dependencias,,,,,
Junction Edge Connectivity,WaterDevice,Conexión de servicio,Residencial,,WaterLine,Acometida,General,,,,,
Junction Edge Connectivity,WaterDevice,Conexión de servicio,Residencial,,WaterLine,Acometida,Fuente,,,,,
Junction Edge Connectivity,WaterDevice,Conexión de servicio,Residencial,,WaterLine,Acometida,Especial,,,,,
Junction Edge Connectivity,WaterDevice,Conexión de servicio,Residencial,,WaterLine,Acometida,Servicio de aire y vacío,,,,,
Junction Edge Connectivity,WaterDevice,Conexión de servicio,Residencial,,WaterLine,Acometida,Servicio de descarga,,,,,
Junction Edge Connectivity,WaterDevice,Conexión de servicio,Residencial,,WaterLine,Acometida,Servicio de muestreo,,,,,
Junction Edge Connectivity,WaterDevice,Conexión de servicio,Residencial,,WaterLine,Acometida,Servicio de irrigación,,,,,
Junction Edge Connectivity,WaterDevice,Conexión de servicio,Residencial,,WaterLine,Acometida,Servicio de boca de incendios,,,,,
Junction Edge Connectivity,WaterDevice,Conexión de servicio,Residencial,,WaterLine,Acometida,Servicio de bomberos,,,,,
Junction Edge Connectivity,WaterDevice,Conexión de servicio,Residencial,,WaterLine,Acometida,Servicio industrial,,,,,
Junction Edge Connectivity,WaterDevice,Conexión de servicio,Residencial,,WaterLine,Acometida,Servicio comercial,,,,,
Junction Edge Connectivity,WaterDevice,Conexión de servicio,Residencial,,WaterLine,Acometida,Municipal Aguas-Alcantarillado,,,,,
Junction Edge Connectivity,WaterJunction,Nudo,Tapping Sleeve,,WaterLine,Tubería general de agua,Riego,,,,,
Junction Edge Connectivity,WaterJunction,Nudo,Tapping Sleeve,,WaterLine,Tubería general de agua,Ficticia,,,,,
Junction Edge Connectivity,WaterJunction,Nudo,Tapping Sleeve,,WaterLine,Tubería general de agua,Privada,,,,,
Junction Edge Connectivity,WaterJunction,Nudo,Tapping Sleeve,,WaterLine,Tubería general de agua,Impulsión,,,,,
Junction Edge Connectivity,WaterJunction,Nudo,Tapping Sleeve,,WaterLine,Tubería general de agua,Distribución secundaria,,,,,
Junction Edge Connectivity,WaterJunction,Nudo,Tapping Sleeve,,WaterLine,Tubería general de agua,Distribución,,,,,
Junction Edge Connectivity,WaterJunction,Nudo,Tapping Sleeve,,WaterLine,Tubería general de agua,Aducción,,,,,
Junction Edge Connectivity,WaterJunction,Nudo,Tapping Sleeve,,WaterLine,Tubería general de agua,Desbordamiento,,,,,
Junction Edge Connectivity,WaterJunction,Nudo,Tapping Sleeve,,WaterLine,Tubería general de agua,Drenaje,,,,,
Junction Edge Connectivity,WaterJunction,Nudo,Tapping Sleeve,,WaterLine,Tubería general de agua,Producción,,,,,
Junction Edge Connectivity,WaterJunction,Nudo,Tapping Sleeve,,WaterLine,Tubería general de agua,Se desconoce,,,,,
Junction Edge Connectivity,WaterJunction,Nudo,Mordaza,,WaterLine,Tubería general de agua,Riego,,,,,
Junction Edge Connectivity,WaterJunction,Nudo,Mordaza,,WaterLine,Tubería general de agua,Ficticia,,,,,
Junction Edge Connectivity,WaterJunction,Nudo,Mordaza,,WaterLine,Tubería general de agua,Privada,,,,,
Junction Edge Connectivity,WaterJunction,Nudo,Mordaza,,WaterLine,Tubería general de agua,Impulsión,,,,,
Junction Edge Connectivity,WaterJunction,Nudo,Mordaza,,WaterLine,Tubería general de agua,Distribución secundaria,,,,,
Junction Edge Connectivity,WaterJunction,Nudo,Mordaza,,WaterLine,Tubería general de agua,Distribución,,,,,
Junction Edge Connectivity,WaterJunction,Nudo,Mordaza,,WaterLine,Tubería general de agua,Aducción,,,,,
Junction Edge Connectivity,WaterJunction,Nudo,Mordaza,,WaterLine,Tubería general de agua,Desbordamiento,,,,,
Junction Edge Connectivity,WaterJunction,Nudo,Mordaza,,WaterLine,Tubería general de agua,Drenaje,,,,,
Junction Edge Connectivity,WaterJunction,Nudo,Mordaza,,WaterLine,Tubería general de agua,Producción,,,,,
Junction Edge Connectivity,WaterJunction,Nudo,Mordaza,,WaterLine,Tubería general de agua,Tubería de distribución,,,,,
Junction Edge Connectivity,WaterJunction,Nudo,Mordaza,,WaterLine,Tubería general de agua,Transporte,,,,,
Junction Edge Connectivity,WaterJunction,Nudo,Mordaza,,WaterLine,Tubería general de agua,Se desconoce,,,,,
Junction Edge Connectivity,WaterJunction,Nudo,Y,,WaterLine,Tubería general de agua,Riego,,,,,
Junction Edge Connectivity,WaterJunction,Nudo,Y,,WaterLine,Tubería general de agua,Ficticia,,,,,
Junction Edge Connectivity,WaterJunction,Nudo,Y,,WaterLine,Tubería general de agua,Privada,,,,,
Junction Edge Connectivity,WaterJunction,Nudo,Y,,WaterLine,Tubería general de agua,Impulsión,,,,,
Junction Edge Connectivity,WaterJunction,Nudo,Y,,WaterLine,Tubería general de agua,Distribución secundaria,,,,,
Junction Edge Connectivity,WaterJunction,Nudo,Y,,WaterLine,Tubería general de agua,Distribución,,,,,
Junction Edge Connectivity,WaterJunction,Nudo,Y,,WaterLine,Tubería general de agua,Aducción,,,,,
Junction Edge Connectivity,WaterJunction,Nudo,Y,,WaterLine,Tubería general de agua,Desbordamiento,,,,,
Junction Edge Connectivity,WaterJunction,Nudo,Y,,WaterLine,Tubería general de agua,Drenaje,,,,,
Junction Edge Connectivity,WaterJunction,Nudo,Y,,WaterLine,Tubería general de agua,Producción,,,,,
Junction Edge Connectivity,WaterJunction,Nudo,Y,,WaterLine,Tubería general de agua,Se desconoce,,,,,
Junction Edge Connectivity,WaterJunction,Nudo,Soldadura,,WaterLine,Tubería general de agua,Riego,,,,,
Junction Edge Connectivity,WaterJunction,Nudo,Soldadura,,WaterLine,Tubería general de agua,Ficticia,,,,,
Junction Edge Connectivity,WaterJunction,Nudo,Soldadura,,WaterLine,Tubería general de agua,Privada,,,,,
Junction Edge Connectivity,WaterJunction,Nudo,Soldadura,,WaterLine,Tubería general de agua,Impulsión,,,,,
Junction Edge Connectivity,WaterJunction,Nudo,Soldadura,,WaterLine,Tubería general de agua,Distribución secundaria,,,,,
Junction Edge Connectivity,WaterJunction,Nudo,Soldadura,,WaterLine,Tubería general de agua,Distribución,,,,,
Junction Edge Connectivity,WaterJunction,Nudo,Soldadura,,WaterLine,Tubería general de agua,Aducción,,,,,
Junction Edge Connectivity,WaterJunction,Nudo,Soldadura,,WaterLine,Tubería general de agua,Desbordamiento,,,,,
Junction Edge Connectivity,WaterJunction,Nudo,Soldadura,,WaterLine,Tubería general de agua,Drenaje,,,,,
Junction Edge Connectivity,WaterJunction,Nudo,Soldadura,,WaterLine,Tubería general de agua,Producción,,,,,
Junction Edge Connectivity,WaterJunction,Nudo,Soldadura,,WaterLine,Tubería general de agua,Se desconoce,,,,,
Junction Edge Connectivity,WaterJunction,Nudo,Transición,,WaterLine,Tubería general de agua,Desbordamiento,,,,,
Junction Edge Connectivity,WaterJunction,Nudo,Transición,,WaterLine,Tubería general de agua,Drenaje,,,,,
Junction Edge Connectivity,WaterJunction,Nudo,Transición,,WaterLine,Tubería general de agua,Producción,,,,,
Junction Edge Connectivity,WaterJunction,Nudo,T,,WaterLine,Tubería general de agua,Desbordamiento,,,,,
Junction Edge Connectivity,WaterJunction,Nudo,T,,WaterLine,Tubería general de agua,Drenaje,,,,,
Junction Edge Connectivity,WaterJunction,Nudo,T,,WaterLine,Tubería general de agua,Producción,,,,,
Junction Edge Connectivity,WaterJunction,Nudo,Abrazadera para grifo,,WaterLine,Tubería general de agua,Riego,,,,,
Junction Edge Connectivity,WaterJunction,Nudo,Abrazadera para grifo,,WaterLine,Tubería general de agua,Ficticia,,,,,
Junction Edge Connectivity,WaterJunction,Nudo,Abrazadera para grifo,,WaterLine,Tubería general de agua,Privada,,,,,
Junction Edge Connectivity,WaterJunction,Nudo,Abrazadera para grifo,,WaterLine,Tubería general de agua,Impulsión,,,,,
Junction Edge Connectivity,WaterJunction,Nudo,Abrazadera para grifo,,WaterLine,Tubería general de agua,Distribución secundaria,,,,,
Junction Edge Connectivity,WaterJunction,Nudo,Abrazadera para grifo,,WaterLine,Tubería general de agua,Distribución,,,,,
Junction Edge Connectivity,WaterJunction,Nudo,Abrazadera para grifo,,WaterLine,Tubería general de agua,Aducción,,,,,
Junction Edge Connectivity,WaterJunction,Nudo,Abrazadera para grifo,,WaterLine,Tubería general de agua,Desbordamiento,,,,,
Junction Edge Connectivity,WaterJunction,Nudo,Abrazadera para grifo,,WaterLine,Tubería general de agua,Drenaje,,,,,
Junction Edge Connectivity,WaterJunction,Nudo,Abrazadera para grifo,,WaterLine,Tubería general de agua,Producción,,,,,
Junction Edge Connectivity,WaterJunction,Nudo,Abrazadera para grifo,,WaterLine,Tubería general de agua,Se desconoce,,,,,
Junction Edge Connectivity,WaterJunction,Nudo,Toma,,WaterLine,Tubería general de agua,Desbordamiento,,,,,
Junction Edge Connectivity,WaterJunction,Nudo,Toma,,WaterLine,Tubería general de agua,Drenaje,,,,,
Junction Edge Connectivity,WaterJunction,Nudo,Toma,,WaterLine,Tubería general de agua,Producción,,,,,
Junction Edge Connectivity,WaterJunction,Nudo,Manguito,,WaterLine,Tubería general de agua,Riego,,,,,
Junction Edge Connectivity,WaterJunction,Nudo,Manguito,,WaterLine,Tubería general de agua,Ficticia,,,,,
Junction Edge Connectivity,WaterJunction,Nudo,Manguito,,WaterLine,Tubería general de agua,Privada,,,,,
Junction Edge Connectivity,WaterJunction,Nudo,Manguito,,WaterLine,Tubería general de agua,Impulsión,,,,,
Junction Edge Connectivity,WaterJunction,Nudo,Manguito,,WaterLine,Tubería general de agua,Distribución secundaria,,,,,
Junction Edge Connectivity,WaterJunction,Nudo,Manguito,,WaterLine,Tubería general de agua,Distribución,,,,,
Junction Edge Connectivity,WaterJunction,Nudo,Manguito,,WaterLine,Tubería general de agua,Aducción,,,,,
Junction Edge Connectivity,WaterJunction,Nudo,Manguito,,WaterLine,Tubería general de agua,Desbordamiento,,,,,
Junction Edge Connectivity,WaterJunction,Nudo,Manguito,,WaterLine,Tubería general de agua,Drenaje,,,,,
Junction Edge Connectivity,WaterJunction,Nudo,Manguito,,WaterLine,Tubería general de agua,Producción,,,,,
Junction Edge Connectivity,WaterJunction,Nudo,Manguito,,WaterLine,Tubería general de agua,Se desconoce,,,,,
Junction Edge Connectivity,WaterJunction,Nudo,Abrazadera,,WaterLine,Tubería general de agua,Riego,,,,,
Junction Edge Connectivity,WaterJunction,Nudo,Abrazadera,,WaterLine,Tubería general de agua,Ficticia,,,,,
Junction Edge Connectivity,WaterJunction,Nudo,Abrazadera,,WaterLine,Tubería general de agua,Privada,,,,,
Junction Edge Connectivity,WaterJunction,Nudo,Abrazadera,,WaterLine,Tubería general de agua,Impulsión,,,,,
Junction Edge Connectivity,WaterJunction,Nudo,Abrazadera,,WaterLine,Tubería general de agua,Distribución secundaria,,,,,
Junction Edge Connectivity,WaterJunction,Nudo,Abrazadera,,WaterLine,Tubería general de agua,Distribución,,,,,
Junction Edge Connectivity,WaterJunction,Nudo,Abrazadera,,WaterLine,Tubería general de agua,Aducción,,,,,
Junction Edge Connectivity,WaterJunction,Nudo,Abrazadera,,WaterLine,Tubería general de agua,Desbordamiento,,,,,
Junction Edge Connectivity,WaterJunction,Nudo,Abrazadera,,WaterLine,Tubería general de agua,Drenaje,,,,,
Junction Edge Connectivity,WaterJunction,Nudo,Abrazadera,,WaterLine,Tubería general de agua,Producción,,,,,
Junction Edge Connectivity,WaterJunction,Nudo,Abrazadera,,WaterLine,Tubería general de agua,Se desconoce,,,,,
Junction Edge Connectivity,WaterJunction,Nudo,T con reducción,,WaterLine,Tubería general de agua,Riego,,,,,
Junction Edge Connectivity,WaterJunction,Nudo,T con reducción,,WaterLine,Tubería general de agua,Ficticia,,,,,
Junction Edge Connectivity,WaterJunction,Nudo,T con reducción,,WaterLine,Tubería general de agua,Privada,,,,,
Junction Edge Connectivity,WaterJunction,Nudo,T con reducción,,WaterLine,Tubería general de agua,Impulsión,,,,,
Junction Edge Connectivity,WaterJunction,Nudo,T con reducción,,WaterLine,Tubería general de agua,Distribución secundaria,,,,,
Junction Edge Connectivity,WaterJunction,Nudo,T con reducción,,WaterLine,Tubería general de agua,Distribución,,,,,
Junction Edge Connectivity,WaterJunction,Nudo,T con reducción,,WaterLine,Tubería general de agua,Aducción,,,,,
Junction Edge Connectivity,WaterJunction,Nudo,T con reducción,,WaterLine,Tubería general de agua,Desbordamiento,,,,,
Junction Edge Connectivity,WaterJunction,Nudo,T con reducción,,WaterLine,Tubería general de agua,Drenaje,,,,,
Junction Edge Connectivity,WaterJunction,Nudo,T con reducción,,WaterLine,Tubería general de agua,Producción,,,,,
Junction Edge Connectivity,WaterJunction,Nudo,T con reducción,,WaterLine,Tubería general de agua,Se desconoce,,,,,
Junction Edge Connectivity,WaterJunction,Nudo,Cruz con reducción,,WaterLine,Tubería general de agua,Riego,,,,,
Junction Edge Connectivity,WaterJunction,Nudo,Cruz con reducción,,WaterLine,Tubería general de agua,Ficticia,,,,,
Junction Edge Connectivity,WaterJunction,Nudo,Cruz con reducción,,WaterLine,Tubería general de agua,Privada,,,,,
Junction Edge Connectivity,WaterJunction,Nudo,Cruz con reducción,,WaterLine,Tubería general de agua,Impulsión,,,,,
Junction Edge Connectivity,WaterJunction,Nudo,Cruz con reducción,,WaterLine,Tubería general de agua,Distribución secundaria,,,,,
Junction Edge Connectivity,WaterJunction,Nudo,Cruz con reducción,,WaterLine,Tubería general de agua,Distribución,,,,,
Junction Edge Connectivity,WaterJunction,Nudo,Cruz con reducción,,WaterLine,Tubería general de agua,Aducción,,,,,
Junction Edge Connectivity,WaterJunction,Nudo,Cruz con reducción,,WaterLine,Tubería general de agua,Desbordamiento,,,,,
Junction Edge Connectivity,WaterJunction,Nudo,Cruz con reducción,,WaterLine,Tubería general de agua,Drenaje,,,,,
Junction Edge Connectivity,WaterJunction,Nudo,Cruz con reducción,,WaterLine,Tubería general de agua,Producción,,,,,
Junction Edge Connectivity,WaterJunction,Nudo,Cruz con reducción,,WaterLine,Tubería general de agua,Se desconoce,,,,,
Junction Edge Connectivity,WaterJunction,Nudo,Reductor,,WaterLine,Tubería general de agua,Riego,,,,,
Junction Edge Connectivity,WaterJunction,Nudo,Reductor,,WaterLine,Tubería general de agua,Ficticia,,,,,
Junction Edge Connectivity,WaterJunction,Nudo,Reductor,,WaterLine,Tubería general de agua,Privada,,,,,
Junction Edge Connectivity,WaterJunction,Nudo,Reductor,,WaterLine,Tubería general de agua,Impulsión,,,,,
Junction Edge Connectivity,WaterJunction,Nudo,Reductor,,WaterLine,Tubería general de agua,Distribución secundaria,,,,,
Junction Edge Connectivity,WaterJunction,Nudo,Reductor,,WaterLine,Tubería general de agua,Distribución,,,,,
Junction Edge Connectivity,WaterJunction,Nudo,Reductor,,WaterLine,Tubería general de agua,Aducción,,,,,
Junction Edge Connectivity,WaterJunction,Nudo,Reductor,,WaterLine,Tubería general de agua,Desbordamiento,,,,,
Junction Edge Connectivity,WaterJunction,Nudo,Reductor,,WaterLine,Tubería general de agua,Drenaje,,,,,
Junction Edge Connectivity,WaterJunction,Nudo,Reductor,,WaterLine,Tubería general de agua,Producción,,,,,
Junction Edge Connectivity,WaterJunction,Nudo,Reductor,,WaterLine,Tubería general de agua,Se desconoce,,,,,
Junction Edge Connectivity,WaterJunction,Nudo,Tapón,,WaterLine,Tubería general de agua,Riego,,,,,
Junction Edge Connectivity,WaterJunction,Nudo,Tapón,,WaterLine,Tubería general de agua,Ficticia,,,,,
Junction Edge Connectivity,WaterJunction,Nudo,Tapón,,WaterLine,Tubería general de agua,Privada,,,,,
Junction Edge Connectivity,WaterJunction,Nudo,Tapón,,WaterLine,Tubería general de agua,Impulsión,,,,,
Junction Edge Connectivity,WaterJunction,Nudo,Tapón,,WaterLine,Tubería general de agua,Distribución secundaria,,,,,
Junction Edge Connectivity,WaterJunction,Nudo,Tapón,,WaterLine,Tubería general de agua,Distribución,,,,,
Junction Edge Connectivity,WaterJunction,Nudo,Tapón,,WaterLine,Tubería general de agua,Aducción,,,,,
Junction Edge Connectivity,WaterJunction,Nudo,Tapón,,WaterLine,Tubería general de agua,Desbordamiento,,,,,
Junction Edge Connectivity,WaterJunction,Nudo,Tapón,,WaterLine,Tubería general de agua,Drenaje,,,,,
Junction Edge Connectivity,WaterJunction,Nudo,Tapón,,WaterLine,Tubería general de agua,Se desconoce,,,,,
Junction Edge Connectivity,WaterJunction,Nudo,Brida,,WaterLine,Tubería general de agua,Riego,,,,,
Junction Edge Connectivity,WaterJunction,Nudo,Brida,,WaterLine,Tubería general de agua,Ficticia,,,,,
Junction Edge Connectivity,WaterJunction,Nudo,Brida,,WaterLine,Tubería general de agua,Privada,,,,,
Junction Edge Connectivity,WaterJunction,Nudo,Brida,,WaterLine,Tubería general de agua,Impulsión,,,,,
Junction Edge Connectivity,WaterJunction,Nudo,Brida,,WaterLine,Tubería general de agua,Distribución secundaria,,,,,
Junction Edge Connectivity,WaterJunction,Nudo,Brida,,WaterLine,Tubería general de agua,Distribución,,,,,
Junction Edge Connectivity,WaterJunction,Nudo,Brida,,WaterLine,Tubería general de agua,Aducción,,,,,
Junction Edge Connectivity,WaterJunction,Nudo,Brida,,WaterLine,Tubería general de agua,Desbordamiento,,,,,
Junction Edge Connectivity,WaterJunction,Nudo,Brida,,WaterLine,Tubería general de agua,Drenaje,,,,,
Junction Edge Connectivity,WaterJunction,Nudo,Brida,,WaterLine,Tubería general de agua,Producción,,,,,
Junction Edge Connectivity,WaterJunction,Nudo,Brida,,WaterLine,Tubería general de agua,Se desconoce,,,,,
Junction Edge Connectivity,WaterJunction,Nudo,Junta de expansión,,WaterLine,Tubería general de agua,Riego,,,,,
Junction Edge Connectivity,WaterJunction,Nudo,Junta de expansión,,WaterLine,Tubería general de agua,Ficticia,,,,,
Junction Edge Connectivity,WaterJunction,Nudo,Junta de expansión,,WaterLine,Tubería general de agua,Privada,,,,,
Junction Edge Connectivity,WaterJunction,Nudo,Junta de expansión,,WaterLine,Tubería general de agua,Impulsión,,,,,
Junction Edge Connectivity,WaterJunction,Nudo,Junta de expansión,,WaterLine,Tubería general de agua,Distribución secundaria,,,,,
Junction Edge Connectivity,WaterJunction,Nudo,Junta de expansión,,WaterLine,Tubería general de agua,Distribución,,,,,
Junction Edge Connectivity,WaterJunction,Nudo,Junta de expansión,,WaterLine,Tubería general de agua,Aducción,,,,,
Junction Edge Connectivity,WaterJunction,Nudo,Junta de expansión,,WaterLine,Tubería general de agua,Desbordamiento,,,,,
Junction Edge Connectivity,WaterJunction,Nudo,Junta de expansión,,WaterLine,Tubería general de agua,Drenaje,,,,,
Junction Edge Connectivity,WaterJunction,Nudo,Junta de expansión,,WaterLine,Tubería general de agua,Producción,,,,,
Junction Edge Connectivity,WaterJunction,Nudo,Junta de expansión,,WaterLine,Tubería general de agua,Se desconoce,,,,,
Junction Edge Connectivity,WaterJunction,Nudo,Tapa de extremo,,WaterLine,Tubería general de agua,Riego,,,,,
Junction Edge Connectivity,WaterJunction,Nudo,Tapa de extremo,,WaterLine,Tubería general de agua,Ficticia,,,,,
Junction Edge Connectivity,WaterJunction,Nudo,Tapa de extremo,,WaterLine,Tubería general de agua,Privada,,,,,
Junction Edge Connectivity,WaterJunction,Nudo,Tapa de extremo,,WaterLine,Tubería general de agua,Impulsión,,,,,
Junction Edge Connectivity,WaterJunction,Nudo,Tapa de extremo,,WaterLine,Tubería general de agua,Distribución secundaria,,,,,
Junction Edge Connectivity,WaterJunction,Nudo,Tapa de extremo,,WaterLine,Tubería general de agua,Distribución,,,,,
Junction Edge Connectivity,WaterJunction,Nudo,Tapa de extremo,,WaterLine,Tubería general de agua,Aducción,,,,,
Junction Edge Connectivity,WaterJunction,Nudo,Tapa de extremo,,WaterLine,Tubería general de agua,Desbordamiento,,,,,
Junction Edge Connectivity,WaterJunction,Nudo,Tapa de extremo,,WaterLine,Tubería general de agua,Drenaje,,,,,
Junction Edge Connectivity,WaterJunction,Nudo,Tapa de extremo,,WaterLine,Tubería general de agua,Producción,,,,,
Junction Edge Connectivity,WaterJunction,Nudo,Tapa de extremo,,WaterLine,Tubería general de agua,Se desconoce,,,,,
Junction Edge Connectivity,WaterJunction,Nudo,Codo,,WaterLine,Tubería general de agua,Riego,,,,,
Junction Edge Connectivity,WaterJunction,Nudo,Codo,,WaterLine,Tubería general de agua,Ficticia,,,,,
Junction Edge Connectivity,WaterJunction,Nudo,Codo,,WaterLine,Tubería general de agua,Privada,,,,,
Junction Edge Connectivity,WaterJunction,Nudo,Codo,,WaterLine,Tubería general de agua,Impulsión,,,,,
Junction Edge Connectivity,WaterJunction,Nudo,Codo,,WaterLine,Tubería general de agua,Distribución secundaria,,,,,
Junction Edge Connectivity,WaterJunction,Nudo,Codo,,WaterLine,Tubería general de agua,Distribución,,,,,
Junction Edge Connectivity,WaterJunction,Nudo,Codo,,WaterLine,Tubería general de agua,Aducción,,,,,
Junction Edge Connectivity,WaterJunction,Nudo,Codo,,WaterLine,Tubería general de agua,Desbordamiento,,,,,
Junction Edge Connectivity,WaterJunction,Nudo,Codo,,WaterLine,Tubería general de agua,Drenaje,,,,,
Junction Edge Connectivity,WaterJunction,Nudo,Codo,,WaterLine,Tubería general de agua,Producción,,,,,
Junction Edge Connectivity,WaterJunction,Nudo,Codo,,WaterLine,Tubería general de agua,Se desconoce,,,,,
Junction Edge Connectivity,WaterJunction,Nudo,Cruz,,WaterLine,Tubería general de agua,Desbordamiento,,,,,
Junction Edge Connectivity,WaterJunction,Nudo,Cruz,,WaterLine,Tubería general de agua,Drenaje,,,,,
Junction Edge Connectivity,WaterJunction,Nudo,Cruz,,WaterLine,Tubería general de agua,Producción,,,,,
Junction Edge Connectivity,WaterJunction,Nudo,Acoplamiento,,WaterLine,Tubería general de agua,Riego,,,,,
Junction Edge Connectivity,WaterJunction,Nudo,Acoplamiento,,WaterLine,Tubería general de agua,Ficticia,,,,,
Junction Edge Connectivity,WaterJunction,Nudo,Acoplamiento,,WaterLine,Tubería general de agua,Privada,,,,,
Junction Edge Connectivity,WaterJunction,Nudo,Acoplamiento,,WaterLine,Tubería general de agua,Impulsión,,,,,
Junction Edge Connectivity,WaterJunction,Nudo,Acoplamiento,,WaterLine,Tubería general de agua,Distribución secundaria,,,,,
Junction Edge Connectivity,WaterJunction,Nudo,Acoplamiento,,WaterLine,Tubería general de agua,Distribución,,,,,
Junction Edge Connectivity,WaterJunction,Nudo,Acoplamiento,,WaterLine,Tubería general de agua,Aducción,,,,,
Junction Edge Connectivity,WaterJunction,Nudo,Acoplamiento,,WaterLine,Tubería general de agua,Desbordamiento,,,,,
Junction Edge Connectivity,WaterJunction,Nudo,Acoplamiento,,WaterLine,Tubería general de agua,Drenaje,,,,,
Junction Edge Connectivity,WaterJunction,Nudo,Acoplamiento,,WaterLine,Tubería general de agua,Producción,,,,,
Junction Edge Connectivity,WaterJunction,Nudo,Acoplamiento,,WaterLine,Tubería general de agua,Se desconoce,,,,,
Junction Edge Connectivity,WaterJunction,Nudo,Se desconoce,,WaterLine,Tubería general de agua,Riego,,,,,
Junction Edge Connectivity,WaterJunction,Nudo,Se desconoce,,WaterLine,Tubería general de agua,Ficticia,,,,,
Junction Edge Connectivity,WaterJunction,Nudo,Se desconoce,,WaterLine,Tubería general de agua,Privada,,,,,
Junction Edge Connectivity,WaterJunction,Nudo,Se desconoce,,WaterLine,Tubería general de agua,Impulsión,,,,,
Junction Edge Connectivity,WaterJunction,Nudo,Se desconoce,,WaterLine,Tubería general de agua,Distribución secundaria,,,,,
Junction Edge Connectivity,WaterJunction,Nudo,Se desconoce,,WaterLine,Tubería general de agua,Distribución,,,,,
Junction Edge Connectivity,WaterJunction,Nudo,Se desconoce,,WaterLine,Tubería general de agua,Aducción,,,,,
Junction Edge Connectivity,WaterJunction,Nudo,Se desconoce,,WaterLine,Tubería general de agua,Desbordamiento,,,,,
Junction Edge Connectivity,WaterJunction,Nudo,Se desconoce,,WaterLine,Tubería general de agua,Drenaje,,,,,
Junction Edge Connectivity,WaterJunction,Nudo,Se desconoce,,WaterLine,Tubería general de agua,Producción,,,,,
Junction Edge Connectivity,WaterJunction,Nudo,Se desconoce,,WaterLine,Tubería general de agua,Tubería de distribución,,,,,
Junction Edge Connectivity,WaterJunction,Nudo,Se desconoce,,WaterLine,Tubería general de agua,Transporte,,,,,
Junction Edge Connectivity,WaterJunction,Nudo,Se desconoce,,WaterLine,Tubería general de agua,Se desconoce,,,,,
Junction Edge Connectivity,WaterJunction,Nudo,Tornillo,,WaterLine,Tubería general de agua,Riego,,,,,
Junction Edge Connectivity,WaterJunction,Nudo,Tornillo,,WaterLine,Tubería general de agua,Ficticia,,,,,
Junction Edge Connectivity,WaterJunction,Nudo,Tornillo,,WaterLine,Tubería general de agua,Privada,,,,,
Junction Edge Connectivity,WaterJunction,Nudo,Tornillo,,WaterLine,Tubería general de agua,Impulsión,,,,,
Junction Edge Connectivity,WaterJunction,Nudo,Tornillo,,WaterLine,Tubería general de agua,Distribución secundaria,,,,,
Junction Edge Connectivity,WaterJunction,Nudo,Tornillo,,WaterLine,Tubería general de agua,Distribución,,,,,
Junction Edge Connectivity,WaterJunction,Nudo,Tornillo,,WaterLine,Tubería general de agua,Aducción,,,,,
Junction Edge Connectivity,WaterJunction,Nudo,Tornillo,,WaterLine,Tubería general de agua,Desbordamiento,,,,,
Junction Edge Connectivity,WaterJunction,Nudo,Tornillo,,WaterLine,Tubería general de agua,Drenaje,,,,,
Junction Edge Connectivity,WaterJunction,Nudo,Tornillo,,WaterLine,Tubería general de agua,Producción,,,,,
Junction Edge Connectivity,WaterJunction,Nudo,Tornillo,,WaterLine,Tubería general de agua,Se desconoce,,,,,
Junction Edge Connectivity,WaterDevice,Válvula del sistema,Interconexión,,WaterLine,Tubería general de agua,Riego,,,,,
Junction Edge Connectivity,WaterDevice,Válvula del sistema,Interconexión,,WaterLine,Tubería general de agua,Ficticia,,,,,
Junction Edge Connectivity,WaterDevice,Válvula del sistema,Interconexión,,WaterLine,Tubería general de agua,Privada,,,,,
Junction Edge Connectivity,WaterDevice,Válvula del sistema,Interconexión,,WaterLine,Tubería general de agua,Impulsión,,,,,
Junction Edge Connectivity,WaterDevice,Válvula del sistema,Interconexión,,WaterLine,Tubería general de agua,Distribución secundaria,,,,,
Junction Edge Connectivity,WaterDevice,Válvula del sistema,Interconexión,,WaterLine,Tubería general de agua,Distribución,,,,,
Junction Edge Connectivity,WaterDevice,Válvula del sistema,Interconexión,,WaterLine,Tubería general de agua,Aducción,,,,,
Junction Edge Connectivity,WaterDevice,Válvula del sistema,Interconexión,,WaterLine,Tubería general de agua,Desbordamiento,,,,,
Junction Edge Connectivity,WaterDevice,Válvula del sistema,Interconexión,,WaterLine,Tubería general de agua,Drenaje,,,,,
Junction Edge Connectivity,WaterDevice,Válvula del sistema,Interconexión,,WaterLine,Tubería general de agua,Producción,,,,,
Junction Edge Connectivity,WaterDevice,Válvula del sistema,Interconexión,,WaterLine,Tubería general de agua,Tubería de distribución,,,,,
Junction Edge Connectivity,WaterDevice,Válvula del sistema,Interconexión,,WaterLine,Tubería general de agua,Transporte,,,,,
Junction Edge Connectivity,WaterDevice,Válvula del sistema,Interconexión,,WaterLine,Tubería general de agua,Se desconoce,,,,,
Junction Edge Connectivity,WaterDevice,Válvula del sistema,Derivación,,WaterLine,Tubería general de agua,Desbordamiento,,,,,
Junction Edge Connectivity,WaterDevice,Válvula del sistema,Derivación,,WaterLine,Tubería general de agua,Drenaje,,,,,
Junction Edge Connectivity,WaterDevice,Válvula del sistema,Derivación,,WaterLine,Tubería general de agua,Producción,,,,,
Junction Edge Connectivity,WaterDevice,Válvula del sistema,Zona de presión,,WaterLine,Tubería general de agua,Desbordamiento,,,,,
Junction Edge Connectivity,WaterDevice,Válvula del sistema,Zona de presión,,WaterLine,Tubería general de agua,Drenaje,,,,,
Junction Edge Connectivity,WaterDevice,Válvula del sistema,Zona de presión,,WaterLine,Tubería general de agua,Producción,,,,,
Junction Edge Connectivity,WaterDevice,Válvula del sistema,Sistema,,WaterLine,Tubería general de agua,Desbordamiento,,,,,
Junction Edge Connectivity,WaterDevice,Válvula del sistema,Sistema,,WaterLine,Tubería general de agua,Drenaje,,,,,
Junction Edge Connectivity,WaterDevice,Válvula del sistema,Sistema,,WaterLine,Tubería general de agua,Producción,,,,,
Junction Edge Connectivity,WaterDevice,Válvula del sistema,Suministro,,WaterLine,Tubería general de agua,Desbordamiento,,,,,
Junction Edge Connectivity,WaterDevice,Válvula del sistema,Suministro,,WaterLine,Tubería general de agua,Drenaje,,,,,
Junction Edge Connectivity,WaterDevice,Válvula del sistema,Suministro,,WaterLine,Tubería general de agua,Producción,,,,,
Junction Edge Connectivity,WaterDevice,Válvula del sistema,Zona de aislamiento,Puerto 2,WaterLine,Tubería general de agua,Riego,,,,,
Junction Edge Connectivity,WaterDevice,Válvula del sistema,Zona de aislamiento,Puerto 2,WaterLine,Tubería general de agua,Ficticia,,,,,
Junction Edge Connectivity,WaterDevice,Válvula del sistema,Zona de aislamiento,Puerto 2,WaterLine,Tubería general de agua,Privada,,,,,
Junction Edge Connectivity,WaterDevice,Válvula del sistema,Zona de aislamiento,Puerto 2,WaterLine,Tubería general de agua,Impulsión,,,,,
Junction Edge Connectivity,WaterDevice,Válvula del sistema,Zona de aislamiento,Puerto 2,WaterLine,Tubería general de agua,Distribución secundaria,,,,,
Junction Edge Connectivity,WaterDevice,Válvula del sistema,Zona de aislamiento,Puerto 2,WaterLine,Tubería general de agua,Distribución,,,,,
Junction Edge Connectivity,WaterDevice,Válvula del sistema,Zona de aislamiento,Puerto 2,WaterLine,Tubería general de agua,Aducción,,,,,
Junction Edge Connectivity,WaterDevice,Válvula del sistema,Zona de aislamiento,Puerto 2,WaterLine,Tubería general de agua,Desbordamiento,,,,,
Junction Edge Connectivity,WaterDevice,Válvula del sistema,Zona de aislamiento,Puerto 2,WaterLine,Tubería general de agua,Drenaje,,,,,
Junction Edge Connectivity,WaterDevice,Válvula del sistema,Zona de aislamiento,Puerto 2,WaterLine,Tubería general de agua,Producción,,,,,
Junction Edge Connectivity,WaterDevice,Válvula del sistema,Zona de aislamiento,Puerto 2,WaterLine,Tubería general de agua,Se desconoce,,,,,
Junction Edge Connectivity,WaterDevice,Válvula del sistema,Zona de aislamiento,Puerto 1,WaterLine,Tubería general de agua,Riego,,,,,
Junction Edge Connectivity,WaterDevice,Válvula del sistema,Zona de aislamiento,Puerto 1,WaterLine,Tubería general de agua,Ficticia,,,,,
Junction Edge Connectivity,WaterDevice,Válvula del sistema,Zona de aislamiento,Puerto 1,WaterLine,Tubería general de agua,Privada,,,,,
Junction Edge Connectivity,WaterDevice,Válvula del sistema,Zona de aislamiento,Puerto 1,WaterLine,Tubería general de agua,Impulsión,,,,,
Junction Edge Connectivity,WaterDevice,Válvula del sistema,Zona de aislamiento,Puerto 1,WaterLine,Tubería general de agua,Distribución secundaria,,,,,
Junction Edge Connectivity,WaterDevice,Válvula del sistema,Zona de aislamiento,Puerto 1,WaterLine,Tubería general de agua,Distribución,,,,,
Junction Edge Connectivity,WaterDevice,Válvula del sistema,Zona de aislamiento,Puerto 1,WaterLine,Tubería general de agua,Aducción,,,,,
Junction Edge Connectivity,WaterDevice,Válvula del sistema,Zona de aislamiento,Puerto 1,WaterLine,Tubería general de agua,Desbordamiento,,,,,
Junction Edge Connectivity,WaterDevice,Válvula del sistema,Zona de aislamiento,Puerto 1,WaterLine,Tubería general de agua,Drenaje,,,,,
Junction Edge Connectivity,WaterDevice,Válvula del sistema,Zona de aislamiento,Puerto 1,WaterLine,Tubería general de agua,Producción,,,,,
Junction Edge Connectivity,WaterDevice,Válvula del sistema,Zona de aislamiento,Puerto 1,WaterLine,Tubería general de agua,Se desconoce,,,,,
Junction Edge Connectivity,WaterDevice,Válvula del sistema,Se desconoce,,WaterLine,Tubería general de agua,Riego,,,,,
Junction Edge Connectivity,WaterDevice,Válvula del sistema,Se desconoce,,WaterLine,Tubería general de agua,Ficticia,,,,,
Junction Edge Connectivity,WaterDevice,Válvula del sistema,Se desconoce,,WaterLine,Tubería general de agua,Privada,,,,,
Junction Edge Connectivity,WaterDevice,Válvula del sistema,Se desconoce,,WaterLine,Tubería general de agua,Impulsión,,,,,
Junction Edge Connectivity,WaterDevice,Válvula del sistema,Se desconoce,,WaterLine,Tubería general de agua,Distribución secundaria,,,,,
Junction Edge Connectivity,WaterDevice,Válvula del sistema,Se desconoce,,WaterLine,Tubería general de agua,Distribución,,,,,
Junction Edge Connectivity,WaterDevice,Válvula del sistema,Se desconoce,,WaterLine,Tubería general de agua,Aducción,,,,,
Junction Edge Connectivity,WaterDevice,Válvula del sistema,Se desconoce,,WaterLine,Tubería general de agua,Desbordamiento,,,,,
Junction Edge Connectivity,WaterDevice,Válvula del sistema,Se desconoce,,WaterLine,Tubería general de agua,Drenaje,,,,,
Junction Edge Connectivity,WaterDevice,Válvula del sistema,Se desconoce,,WaterLine,Tubería general de agua,Producción,,,,,
Junction Edge Connectivity,WaterDevice,Válvula del sistema,Se desconoce,,WaterLine,Tubería general de agua,Tubería de distribución,,,,,
Junction Edge Connectivity,WaterDevice,Válvula del sistema,Se desconoce,,WaterLine,Tubería general de agua,Transporte,,,,,
Junction Edge Connectivity,WaterDevice,Válvula del sistema,Se desconoce,,WaterLine,Tubería general de agua,Se desconoce,,,,,
Junction Edge Connectivity,WaterDevice,Almacenamiento,Aljibe_Obsoleto,,WaterLine,Tubería general de agua,Desbordamiento,,,,,
Junction Edge Connectivity,WaterDevice,Almacenamiento,Aljibe_Obsoleto,,WaterLine,Tubería general de agua,Drenaje,,,,,
Junction Edge Connectivity,WaterDevice,Almacenamiento,Aljibe_Obsoleto,,WaterLine,Tubería general de agua,Producción,,,,,
Junction Edge Connectivity,WaterDevice,Almacenamiento,Tanque hidroneumático,,WaterLine,Tubería general de agua,Riego,,,,,
Junction Edge Connectivity,WaterDevice,Almacenamiento,Tanque hidroneumático,,WaterLine,Tubería general de agua,Ficticia,,,,,
Junction Edge Connectivity,WaterDevice,Almacenamiento,Tanque hidroneumático,,WaterLine,Tubería general de agua,Privada,,,,,
Junction Edge Connectivity,WaterDevice,Almacenamiento,Tanque hidroneumático,,WaterLine,Tubería general de agua,Impulsión,,,,,
Junction Edge Connectivity,WaterDevice,Almacenamiento,Tanque hidroneumático,,WaterLine,Tubería general de agua,Distribución secundaria,,,,,
Junction Edge Connectivity,WaterDevice,Almacenamiento,Tanque hidroneumático,,WaterLine,Tubería general de agua,Distribución,,,,,
Junction Edge Connectivity,WaterDevice,Almacenamiento,Tanque hidroneumático,,WaterLine,Tubería general de agua,Aducción,,,,,
Junction Edge Connectivity,WaterDevice,Almacenamiento,Tanque hidroneumático,,WaterLine,Tubería general de agua,Desbordamiento,,,,,
Junction Edge Connectivity,WaterDevice,Almacenamiento,Tanque hidroneumático,,WaterLine,Tubería general de agua,Drenaje,,,,,
Junction Edge Connectivity,WaterDevice,Almacenamiento,Tanque hidroneumático,,WaterLine,Tubería general de agua,Producción,,,,,
Junction Edge Connectivity,WaterDevice,Almacenamiento,Tanque hidroneumático,,WaterLine,Tubería general de agua,Se desconoce,,,,,
Junction Edge Connectivity,WaterDevice,Almacenamiento,Tanque de sobrecarga,,WaterLine,Tubería general de agua,Riego,,,,,
Junction Edge Connectivity,WaterDevice,Almacenamiento,Tanque de sobrecarga,,WaterLine,Tubería general de agua,Ficticia,,,,,
Junction Edge Connectivity,WaterDevice,Almacenamiento,Tanque de sobrecarga,,WaterLine,Tubería general de agua,Privada,,,,,
Junction Edge Connectivity,WaterDevice,Almacenamiento,Tanque de sobrecarga,,WaterLine,Tubería general de agua,Impulsión,,,,,
Junction Edge Connectivity,WaterDevice,Almacenamiento,Tanque de sobrecarga,,WaterLine,Tubería general de agua,Distribución secundaria,,,,,
Junction Edge Connectivity,WaterDevice,Almacenamiento,Tanque de sobrecarga,,WaterLine,Tubería general de agua,Distribución,,,,,
Junction Edge Connectivity,WaterDevice,Almacenamiento,Tanque de sobrecarga,,WaterLine,Tubería general de agua,Aducción,,,,,
Junction Edge Connectivity,WaterDevice,Almacenamiento,Tanque de sobrecarga,,WaterLine,Tubería general de agua,Desbordamiento,,,,,
Junction Edge Connectivity,WaterDevice,Almacenamiento,Tanque de sobrecarga,,WaterLine,Tubería general de agua,Drenaje,,,,,
Junction Edge Connectivity,WaterDevice,Almacenamiento,Tanque de sobrecarga,,WaterLine,Tubería general de agua,Producción,,,,,
Junction Edge Connectivity,WaterDevice,Almacenamiento,Tanque de sobrecarga,,WaterLine,Tubería general de agua,Se desconoce,,,,,
Junction Edge Connectivity,WaterDevice,Almacenamiento,Torre,Puerto 2,WaterLine,Tubería general de agua,Riego,,,,,
Junction Edge Connectivity,WaterDevice,Almacenamiento,Torre,Puerto 2,WaterLine,Tubería general de agua,Ficticia,,,,,
Junction Edge Connectivity,WaterDevice,Almacenamiento,Torre,Puerto 2,WaterLine,Tubería general de agua,Privada,,,,,
Junction Edge Connectivity,WaterDevice,Almacenamiento,Torre,Puerto 2,WaterLine,Tubería general de agua,Impulsión,,,,,
Junction Edge Connectivity,WaterDevice,Almacenamiento,Torre,Puerto 2,WaterLine,Tubería general de agua,Distribución secundaria,,,,,
Junction Edge Connectivity,WaterDevice,Almacenamiento,Torre,Puerto 2,WaterLine,Tubería general de agua,Distribución,,,,,
Junction Edge Connectivity,WaterDevice,Almacenamiento,Torre,Puerto 2,WaterLine,Tubería general de agua,Aducción,,,,,
Junction Edge Connectivity,WaterDevice,Almacenamiento,Torre,Puerto 2,WaterLine,Tubería general de agua,Desbordamiento,,,,,
Junction Edge Connectivity,WaterDevice,Almacenamiento,Torre,Puerto 2,WaterLine,Tubería general de agua,Drenaje,,,,,
Junction Edge Connectivity,WaterDevice,Almacenamiento,Torre,Puerto 2,WaterLine,Tubería general de agua,Producción,,,,,
Junction Edge Connectivity,WaterDevice,Almacenamiento,Torre,Puerto 2,WaterLine,Tubería general de agua,Tubería de distribución,,,,,
Junction Edge Connectivity,WaterDevice,Almacenamiento,Torre,Puerto 2,WaterLine,Tubería general de agua,Se desconoce,,,,,
Junction Edge Connectivity,WaterDevice,Almacenamiento,Torre,Puerto 1,WaterLine,Tubería general de agua,Riego,,,,,
Junction Edge Connectivity,WaterDevice,Almacenamiento,Torre,Puerto 1,WaterLine,Tubería general de agua,Ficticia,,,,,
Junction Edge Connectivity,WaterDevice,Almacenamiento,Torre,Puerto 1,WaterLine,Tubería general de agua,Privada,,,,,
Junction Edge Connectivity,WaterDevice,Almacenamiento,Torre,Puerto 1,WaterLine,Tubería general de agua,Impulsión,,,,,
Junction Edge Connectivity,WaterDevice,Almacenamiento,Torre,Puerto 1,WaterLine,Tubería general de agua,Distribución secundaria,,,,,
Junction Edge Connectivity,WaterDevice,Almacenamiento,Torre,Puerto 1,WaterLine,Tubería general de agua,Distribución,,,,,
Junction Edge Connectivity,WaterDevice,Almacenamiento,Torre,Puerto 1,WaterLine,Tubería general de agua,Aducción,,,,,
Junction Edge Connectivity,WaterDevice,Almacenamiento,Torre,Puerto 1,WaterLine,Tubería general de agua,Desbordamiento,,,,,
Junction Edge Connectivity,WaterDevice,Almacenamiento,Torre,Puerto 1,WaterLine,Tubería general de agua,Drenaje,,,,,
Junction Edge Connectivity,WaterDevice,Almacenamiento,Torre,Puerto 1,WaterLine,Tubería general de agua,Producción,,,,,
Junction Edge Connectivity,WaterDevice,Almacenamiento,Torre,Puerto 1,WaterLine,Tubería general de agua,Tubería de distribución,,,,,
Junction Edge Connectivity,WaterDevice,Almacenamiento,Torre,Puerto 1,WaterLine,Tubería general de agua,Se desconoce,,,,,
Junction Edge Connectivity,WaterDevice,Almacenamiento,Tanque de almacenamiento,Puerto 2,WaterLine,Tubería general de agua,Desbordamiento,,,,,
Junction Edge Connectivity,WaterDevice,Almacenamiento,Tanque de almacenamiento,Puerto 2,WaterLine,Tubería general de agua,Drenaje,,,,,
Junction Edge Connectivity,WaterDevice,Almacenamiento,Tanque de almacenamiento,Puerto 2,WaterLine,Tubería general de agua,Producción,,,,,
Junction Edge Connectivity,WaterDevice,Almacenamiento,Tanque de almacenamiento,Puerto 1,WaterLine,Tubería general de agua,Desbordamiento,,,,,
Junction Edge Connectivity,WaterDevice,Almacenamiento,Tanque de almacenamiento,Puerto 1,WaterLine,Tubería general de agua,Drenaje,,,,,
Junction Edge Connectivity,WaterDevice,Almacenamiento,Tanque de almacenamiento,Puerto 1,WaterLine,Tubería general de agua,Producción,,,,,
Junction Edge Connectivity,WaterDevice,Almacenamiento,Tubo vertical,Puerto 2,WaterLine,Tubería general de agua,Riego,,,,,
Junction Edge Connectivity,WaterDevice,Almacenamiento,Tubo vertical,Puerto 2,WaterLine,Tubería general de agua,Ficticia,,,,,
Junction Edge Connectivity,WaterDevice,Almacenamiento,Tubo vertical,Puerto 2,WaterLine,Tubería general de agua,Privada,,,,,
Junction Edge Connectivity,WaterDevice,Almacenamiento,Tubo vertical,Puerto 2,WaterLine,Tubería general de agua,Impulsión,,,,,
Junction Edge Connectivity,WaterDevice,Almacenamiento,Tubo vertical,Puerto 2,WaterLine,Tubería general de agua,Distribución secundaria,,,,,
Junction Edge Connectivity,WaterDevice,Almacenamiento,Tubo vertical,Puerto 2,WaterLine,Tubería general de agua,Distribución,,,,,
Junction Edge Connectivity,WaterDevice,Almacenamiento,Tubo vertical,Puerto 2,WaterLine,Tubería general de agua,Aducción,,,,,
Junction Edge Connectivity,WaterDevice,Almacenamiento,Tubo vertical,Puerto 2,WaterLine,Tubería general de agua,Desbordamiento,,,,,
Junction Edge Connectivity,WaterDevice,Almacenamiento,Tubo vertical,Puerto 2,WaterLine,Tubería general de agua,Drenaje,,,,,
Junction Edge Connectivity,WaterDevice,Almacenamiento,Tubo vertical,Puerto 2,WaterLine,Tubería general de agua,Producción,,,,,
Junction Edge Connectivity,WaterDevice,Almacenamiento,Tubo vertical,Puerto 2,WaterLine,Tubería general de agua,Tubería de distribución,,,,,
Junction Edge Connectivity,WaterDevice,Almacenamiento,Tubo vertical,Puerto 2,WaterLine,Tubería general de agua,Se desconoce,,,,,
Junction Edge Connectivity,WaterDevice,Almacenamiento,Tubo vertical,Puerto 1,WaterLine,Tubería general de agua,Riego,,,,,
Junction Edge Connectivity,WaterDevice,Almacenamiento,Tubo vertical,Puerto 1,WaterLine,Tubería general de agua,Ficticia,,,,,
Junction Edge Connectivity,WaterDevice,Almacenamiento,Tubo vertical,Puerto 1,WaterLine,Tubería general de agua,Privada,,,,,
Junction Edge Connectivity,WaterDevice,Almacenamiento,Tubo vertical,Puerto 1,WaterLine,Tubería general de agua,Impulsión,,,,,
Junction Edge Connectivity,WaterDevice,Almacenamiento,Tubo vertical,Puerto 1,WaterLine,Tubería general de agua,Distribución secundaria,,,,,
Junction Edge Connectivity,WaterDevice,Almacenamiento,Tubo vertical,Puerto 1,WaterLine,Tubería general de agua,Distribución,,,,,
Junction Edge Connectivity,WaterDevice,Almacenamiento,Tubo vertical,Puerto 1,WaterLine,Tubería general de agua,Aducción,,,,,
Junction Edge Connectivity,WaterDevice,Almacenamiento,Tubo vertical,Puerto 1,WaterLine,Tubería general de agua,Desbordamiento,,,,,
Junction Edge Connectivity,WaterDevice,Almacenamiento,Tubo vertical,Puerto 1,WaterLine,Tubería general de agua,Drenaje,,,,,
Junction Edge Connectivity,WaterDevice,Almacenamiento,Tubo vertical,Puerto 1,WaterLine,Tubería general de agua,Producción,,,,,
Junction Edge Connectivity,WaterDevice,Almacenamiento,Tubo vertical,Puerto 1,WaterLine,Tubería general de agua,Tubería de distribución,,,,,
Junction Edge Connectivity,WaterDevice,Almacenamiento,Tubo vertical,Puerto 1,WaterLine,Tubería general de agua,Se desconoce,,,,,
Junction Edge Connectivity,WaterDevice,Almacenamiento,Depósito,,WaterLine,Tubería general de agua,Riego,,,,,
Junction Edge Connectivity,WaterDevice,Almacenamiento,Depósito,,WaterLine,Tubería general de agua,Ficticia,,,,,
Junction Edge Connectivity,WaterDevice,Almacenamiento,Depósito,,WaterLine,Tubería general de agua,Privada,,,,,
Junction Edge Connectivity,WaterDevice,Almacenamiento,Depósito,,WaterLine,Tubería general de agua,Impulsión,,,,,
Junction Edge Connectivity,WaterDevice,Almacenamiento,Depósito,,WaterLine,Tubería general de agua,Distribución secundaria,,,,,
Junction Edge Connectivity,WaterDevice,Almacenamiento,Depósito,,WaterLine,Tubería general de agua,Distribución,,,,,
Junction Edge Connectivity,WaterDevice,Almacenamiento,Depósito,,WaterLine,Tubería general de agua,Aducción,,,,,
Junction Edge Connectivity,WaterDevice,Almacenamiento,Depósito,,WaterLine,Tubería general de agua,Desbordamiento,,,,,
Junction Edge Connectivity,WaterDevice,Almacenamiento,Depósito,,WaterLine,Tubería general de agua,Drenaje,,,,,
Junction Edge Connectivity,WaterDevice,Almacenamiento,Depósito,,WaterLine,Tubería general de agua,Producción,,,,,
Junction Edge Connectivity,WaterDevice,Almacenamiento,Depósito,,WaterLine,Tubería general de agua,Tubería de distribución,,,,,
Junction Edge Connectivity,WaterDevice,Almacenamiento,Depósito,,WaterLine,Tubería general de agua,Transporte,,,,,
Junction Edge Connectivity,WaterDevice,Almacenamiento,Depósito,,WaterLine,Tubería general de agua,Se desconoce,,,,,
Junction Edge Connectivity,WaterDevice,Almacenamiento,Se desconoce,,WaterLine,Tubería general de agua,Riego,,,,,
Junction Edge Connectivity,WaterDevice,Almacenamiento,Se desconoce,,WaterLine,Tubería general de agua,Ficticia,,,,,
Junction Edge Connectivity,WaterDevice,Almacenamiento,Se desconoce,,WaterLine,Tubería general de agua,Privada,,,,,
Junction Edge Connectivity,WaterDevice,Almacenamiento,Se desconoce,,WaterLine,Tubería general de agua,Impulsión,,,,,
Junction Edge Connectivity,WaterDevice,Almacenamiento,Se desconoce,,WaterLine,Tubería general de agua,Distribución secundaria,,,,,
Junction Edge Connectivity,WaterDevice,Almacenamiento,Se desconoce,,WaterLine,Tubería general de agua,Distribución,,,,,
Junction Edge Connectivity,WaterDevice,Almacenamiento,Se desconoce,,WaterLine,Tubería general de agua,Aducción,,,,,
Junction Edge Connectivity,WaterDevice,Almacenamiento,Se desconoce,,WaterLine,Tubería general de agua,Desbordamiento,,,,,
Junction Edge Connectivity,WaterDevice,Almacenamiento,Se desconoce,,WaterLine,Tubería general de agua,Drenaje,,,,,
Junction Edge Connectivity,WaterDevice,Almacenamiento,Se desconoce,,WaterLine,Tubería general de agua,Producción,,,,,
Junction Edge Connectivity,WaterDevice,Almacenamiento,Se desconoce,,WaterLine,Tubería general de agua,Tubería de distribución,,,,,
Junction Edge Connectivity,WaterDevice,Almacenamiento,Se desconoce,,WaterLine,Tubería general de agua,Transporte,,,,,
Junction Edge Connectivity,WaterDevice,Almacenamiento,Se desconoce,,WaterLine,Tubería general de agua,Se desconoce,,,,,
Junction Edge Connectivity,WaterDevice,Controlador,Arqueta de rotura,,WaterLine,Tubería general de agua,Desbordamiento,,,,,
Junction Edge Connectivity,WaterDevice,Controlador,Arqueta de rotura,,WaterLine,Tubería general de agua,Drenaje,,,,,
Junction Edge Connectivity,WaterDevice,Controlador,Arqueta de rotura,,WaterLine,Tubería general de agua,Producción,,,,,
Junction Edge Connectivity,WaterDevice,Controlador,Post Indicator Valve,,WaterLine,Tubería general de agua,Riego,,,,,
Junction Edge Connectivity,WaterDevice,Controlador,Post Indicator Valve,,WaterLine,Tubería general de agua,Ficticia,,,,,
Junction Edge Connectivity,WaterDevice,Controlador,Post Indicator Valve,,WaterLine,Tubería general de agua,Privada,,,,,
Junction Edge Connectivity,WaterDevice,Controlador,Post Indicator Valve,,WaterLine,Tubería general de agua,Impulsión,,,,,
Junction Edge Connectivity,WaterDevice,Controlador,Post Indicator Valve,,WaterLine,Tubería general de agua,Distribución secundaria,,,,,
Junction Edge Connectivity,WaterDevice,Controlador,Post Indicator Valve,,WaterLine,Tubería general de agua,Distribución,,,,,
Junction Edge Connectivity,WaterDevice,Controlador,Post Indicator Valve,,WaterLine,Tubería general de agua,Aducción,,,,,
Junction Edge Connectivity,WaterDevice,Controlador,Post Indicator Valve,,WaterLine,Tubería general de agua,Desbordamiento,,,,,
Junction Edge Connectivity,WaterDevice,Controlador,Post Indicator Valve,,WaterLine,Tubería general de agua,Drenaje,,,,,
Junction Edge Connectivity,WaterDevice,Controlador,Post Indicator Valve,,WaterLine,Tubería general de agua,Producción,,,,,
Junction Edge Connectivity,WaterDevice,Controlador,Post Indicator Valve,,WaterLine,Tubería general de agua,Tubería de distribución,,,,,
Junction Edge Connectivity,WaterDevice,Controlador,Post Indicator Valve,,WaterLine,Tubería general de agua,Transporte,,,,,
Junction Edge Connectivity,WaterDevice,Controlador,Post Indicator Valve,,WaterLine,Tubería general de agua,Se desconoce,,,,,
Junction Edge Connectivity,WaterDevice,Controlador,Tuerca de accionamiento,,WaterLine,Tubería general de agua,Riego,,,,,
Junction Edge Connectivity,WaterDevice,Controlador,Tuerca de accionamiento,,WaterLine,Tubería general de agua,Ficticia,,,,,
Junction Edge Connectivity,WaterDevice,Controlador,Tuerca de accionamiento,,WaterLine,Tubería general de agua,Privada,,,,,
Junction Edge Connectivity,WaterDevice,Controlador,Tuerca de accionamiento,,WaterLine,Tubería general de agua,Impulsión,,,,,
Junction Edge Connectivity,WaterDevice,Controlador,Tuerca de accionamiento,,WaterLine,Tubería general de agua,Distribución secundaria,,,,,
Junction Edge Connectivity,WaterDevice,Controlador,Tuerca de accionamiento,,WaterLine,Tubería general de agua,Distribución,,,,,
Junction Edge Connectivity,WaterDevice,Controlador,Tuerca de accionamiento,,WaterLine,Tubería general de agua,Aducción,,,,,
Junction Edge Connectivity,WaterDevice,Controlador,Tuerca de accionamiento,,WaterLine,Tubería general de agua,Desbordamiento,,,,,
Junction Edge Connectivity,WaterDevice,Controlador,Tuerca de accionamiento,,WaterLine,Tubería general de agua,Drenaje,,,,,
Junction Edge Connectivity,WaterDevice,Controlador,Tuerca de accionamiento,,WaterLine,Tubería general de agua,Producción,,,,,
Junction Edge Connectivity,WaterDevice,Controlador,Tuerca de accionamiento,,WaterLine,Tubería general de agua,Tubería de distribución,,,,,
Junction Edge Connectivity,WaterDevice,Controlador,Tuerca de accionamiento,,WaterLine,Tubería general de agua,Transporte,,,,,
Junction Edge Connectivity,WaterDevice,Controlador,Tuerca de accionamiento,,WaterLine,Tubería general de agua,Se desconoce,,,,,
Junction Edge Connectivity,WaterDevice,Controlador,Válvula de derivación,,WaterLine,Tubería general de agua,Riego,,,,,
Junction Edge Connectivity,WaterDevice,Controlador,Válvula de derivación,,WaterLine,Tubería general de agua,Ficticia,,,,,
Junction Edge Connectivity,WaterDevice,Controlador,Válvula de derivación,,WaterLine,Tubería general de agua,Privada,,,,,
Junction Edge Connectivity,WaterDevice,Controlador,Válvula de derivación,,WaterLine,Tubería general de agua,Impulsión,,,,,
Junction Edge Connectivity,WaterDevice,Controlador,Válvula de derivación,,WaterLine,Tubería general de agua,Distribución secundaria,,,,,
Junction Edge Connectivity,WaterDevice,Controlador,Válvula de derivación,,WaterLine,Tubería general de agua,Distribución,,,,,
Junction Edge Connectivity,WaterDevice,Controlador,Válvula de derivación,,WaterLine,Tubería general de agua,Aducción,,,,,
Junction Edge Connectivity,WaterDevice,Controlador,Válvula de derivación,,WaterLine,Tubería general de agua,Desbordamiento,,,,,
Junction Edge Connectivity,WaterDevice,Controlador,Válvula de derivación,,WaterLine,Tubería general de agua,Drenaje,,,,,
Junction Edge Connectivity,WaterDevice,Controlador,Válvula de derivación,,WaterLine,Tubería general de agua,Producción,,,,,
Junction Edge Connectivity,WaterDevice,Controlador,Válvula de derivación,,WaterLine,Tubería general de agua,Tubería de distribución,,,,,
Junction Edge Connectivity,WaterDevice,Controlador,Válvula de derivación,,WaterLine,Tubería general de agua,Transporte,,,,,
Junction Edge Connectivity,WaterDevice,Controlador,Válvula de derivación,,WaterLine,Tubería general de agua,Se desconoce,,,,,
Junction Edge Connectivity,WaterDevice,Controlador,Se desconoce,,WaterLine,Tubería general de agua,Riego,,,,,
Junction Edge Connectivity,WaterDevice,Controlador,Se desconoce,,WaterLine,Tubería general de agua,Ficticia,,,,,
Junction Edge Connectivity,WaterDevice,Controlador,Se desconoce,,WaterLine,Tubería general de agua,Privada,,,,,
Junction Edge Connectivity,WaterDevice,Controlador,Se desconoce,,WaterLine,Tubería general de agua,Impulsión,,,,,
Junction Edge Connectivity,WaterDevice,Controlador,Se desconoce,,WaterLine,Tubería general de agua,Distribución secundaria,,,,,
Junction Edge Connectivity,WaterDevice,Controlador,Se desconoce,,WaterLine,Tubería general de agua,Distribución,,,,,
Junction Edge Connectivity,WaterDevice,Controlador,Se desconoce,,WaterLine,Tubería general de agua,Aducción,,,,,
Junction Edge Connectivity,WaterDevice,Controlador,Se desconoce,,WaterLine,Tubería general de agua,Desbordamiento,,,,,
Junction Edge Connectivity,WaterDevice,Controlador,Se desconoce,,WaterLine,Tubería general de agua,Drenaje,,,,,
Junction Edge Connectivity,WaterDevice,Controlador,Se desconoce,,WaterLine,Tubería general de agua,Producción,,,,,
Junction Edge Connectivity,WaterDevice,Controlador,Se desconoce,,WaterLine,Tubería general de agua,Tubería de distribución,,,,,
Junction Edge Connectivity,WaterDevice,Controlador,Se desconoce,,WaterLine,Tubería general de agua,Transporte,,,,,
Junction Edge Connectivity,WaterDevice,Controlador,Se desconoce,,WaterLine,Tubería general de agua,Se desconoce,,,,,
Junction Edge Connectivity,WaterDevice,Válvula de servicio,Charnela,,WaterLine,Tubería general de agua,Riego,,,,,
Junction Edge Connectivity,WaterDevice,Válvula de servicio,Charnela,,WaterLine,Tubería general de agua,Ficticia,,,,,
Junction Edge Connectivity,WaterDevice,Válvula de servicio,Charnela,,WaterLine,Tubería general de agua,Privada,,,,,
Junction Edge Connectivity,WaterDevice,Válvula de servicio,Charnela,,WaterLine,Tubería general de agua,Impulsión,,,,,
Junction Edge Connectivity,WaterDevice,Válvula de servicio,Charnela,,WaterLine,Tubería general de agua,Distribución secundaria,,,,,
Junction Edge Connectivity,WaterDevice,Válvula de servicio,Charnela,,WaterLine,Tubería general de agua,Distribución,,,,,
Junction Edge Connectivity,WaterDevice,Válvula de servicio,Charnela,,WaterLine,Tubería general de agua,Aducción,,,,,
Junction Edge Connectivity,WaterDevice,Válvula de servicio,Charnela,,WaterLine,Tubería general de agua,Desbordamiento,,,,,
Junction Edge Connectivity,WaterDevice,Válvula de servicio,Charnela,,WaterLine,Tubería general de agua,Drenaje,,,,,
Junction Edge Connectivity,WaterDevice,Válvula de servicio,Charnela,,WaterLine,Tubería general de agua,Producción,,,,,
Junction Edge Connectivity,WaterDevice,Válvula de servicio,Charnela,,WaterLine,Tubería general de agua,Tubería de distribución,,,,,
Junction Edge Connectivity,WaterDevice,Válvula de servicio,Charnela,,WaterLine,Tubería general de agua,Transporte,,,,,
Junction Edge Connectivity,WaterDevice,Válvula de servicio,Charnela,,WaterLine,Tubería general de agua,Se desconoce,,,,,
Junction Edge Connectivity,WaterDevice,Válvula de servicio,Charnela,,WaterLine,Acometida,Virtual,,,,,
Junction Edge Connectivity,WaterDevice,Válvula de servicio,Charnela,,WaterLine,Acometida,Municipal dependencias,,,,,
Junction Edge Connectivity,WaterDevice,Válvula de servicio,Charnela,,WaterLine,Acometida,General,,,,,
Junction Edge Connectivity,WaterDevice,Válvula de servicio,Charnela,,WaterLine,Acometida,Fuente,,,,,
Junction Edge Connectivity,WaterDevice,Válvula de servicio,Charnela,,WaterLine,Acometida,Especial,,,,,
Junction Edge Connectivity,WaterDevice,Válvula de servicio,Charnela,,WaterLine,Acometida,Servicio de aire y vacío,,,,,
Junction Edge Connectivity,WaterDevice,Válvula de servicio,Charnela,,WaterLine,Acometida,Servicio de descarga,,,,,
Junction Edge Connectivity,WaterDevice,Válvula de servicio,Charnela,,WaterLine,Acometida,Servicio de muestreo,,,,,
Junction Edge Connectivity,WaterDevice,Válvula de servicio,Charnela,,WaterLine,Acometida,Servicio de irrigación,,,,,
Junction Edge Connectivity,WaterDevice,Válvula de servicio,Charnela,,WaterLine,Acometida,Servicio de boca de incendios,,,,,
Junction Edge Connectivity,WaterDevice,Válvula de servicio,Charnela,,WaterLine,Acometida,Servicio de bomberos,,,,,
Junction Edge Connectivity,WaterDevice,Válvula de servicio,Charnela,,WaterLine,Acometida,Servicio industrial,,,,,
Junction Edge Connectivity,WaterDevice,Válvula de servicio,Charnela,,WaterLine,Acometida,Servicio comercial,,,,,
Junction Edge Connectivity,WaterDevice,Válvula de servicio,Charnela,,WaterLine,Acometida,Servicio residencial,,,,,
Junction Edge Connectivity,WaterDevice,Válvula de servicio,Charnela,,WaterLine,Acometida,Se desconoce,,,,,
Junction Edge Connectivity,WaterDevice,Válvula de servicio,Charnela,,WaterLine,Acometida,Municipal Aguas-Alcantarillado,,,,,
Junction Edge Connectivity,WaterDevice,Instalación de inyección,Cloración,,WaterLine,Tubería general de agua,Riego,,,,,
Junction Edge Connectivity,WaterDevice,Instalación de inyección,Cloración,,WaterLine,Tubería general de agua,Ficticia,,,,,
Junction Edge Connectivity,WaterDevice,Instalación de inyección,Cloración,,WaterLine,Tubería general de agua,Privada,,,,,
Junction Edge Connectivity,WaterDevice,Instalación de inyección,Cloración,,WaterLine,Tubería general de agua,Impulsión,,,,,
Junction Edge Connectivity,WaterDevice,Instalación de inyección,Cloración,,WaterLine,Tubería general de agua,Distribución secundaria,,,,,
Junction Edge Connectivity,WaterDevice,Instalación de inyección,Cloración,,WaterLine,Tubería general de agua,Distribución,,,,,
Junction Edge Connectivity,WaterDevice,Instalación de inyección,Cloración,,WaterLine,Tubería general de agua,Aducción,,,,,
Junction Edge Connectivity,WaterDevice,Instalación de inyección,Cloración,,WaterLine,Tubería general de agua,Desbordamiento,,,,,
Junction Edge Connectivity,WaterDevice,Instalación de inyección,Cloración,,WaterLine,Tubería general de agua,Drenaje,,,,,
Junction Edge Connectivity,WaterDevice,Instalación de inyección,Cloración,,WaterLine,Tubería general de agua,Producción,,,,,
Junction Edge Connectivity,WaterDevice,Instalación de inyección,Cloración,,WaterLine,Tubería general de agua,Tubería de distribución,,,,,
Junction Edge Connectivity,WaterDevice,Instalación de inyección,Cloración,,WaterLine,Tubería general de agua,Transporte,,,,,
Junction Edge Connectivity,WaterDevice,Instalación de inyección,Cloración,,WaterLine,Tubería general de agua,Se desconoce,,,,,
